smiles,gas,dsrate,loss,td
CCCCCC(=O)O,N2,10,0,312
CCCCCC(=O)O,N2,10,10,335
CCCCCC(=O)O,N2,10,50,420
CCCCCC(=O)O,air,10,0,308
CCOC(=O)/C=C/C(=O)O,N2,10,10,330
O=Cc1ccc(O)cc1,N2,20,0,476
O=Cc1ccc(O)cc1,air,5,10,215
CC(O)CC=O,N2,20,10,234
CC(O)CC=O,air,5,10,350
CC(O)C=O,N2,10,10,286.1
CC(O)C=O,air,20,10,344
O=Cc1cccc(C(=O)Sc2ccc(-c3ccc(S)cc3)cc2)c1,air,10,1,390
O=Cc1ccc(C(=O)Sc2ccc(-c3ccc(S)cc3)cc2)cc1,air,10,5,450
O=Cc1ccc(C(=O)Sc2ccc(-c3ccc(S)cc3)cc2)cc1,air,10,30,500
O=Cc1cccc(O)c1,N2,20,0,405
O=CCc1ccc(O)cc1,N2,20,0,267
COc1cc(/C=N/c2cccc3c(/N=C/c4ccc(OC(=O)c5cccc(C=O)c5)c(OC)c4)cccc23)ccc1O,air,10,5,240
COc1cc(/C=N/c2cccc3c(/N=C/c4ccc(OC(=O)c5ccc(C=O)cc5)c(OC)c4)cccc23)ccc1O,air,10,5,250
COc1cc(/C=N/c2cccc3c(/N=C/c4ccc(OC(=O)CCCCCCCCC=O)c(OC)c4)cccc23)ccc1O,air,10,5,230
COc1cc(/C=N/c2ccc(/N=C/c3ccc(OC(=O)CCCCC=O)c(OC)c3)cc2)ccc1O,air,10,5,190
COc1cc(/C=N/c2ccc(/N=C/c3ccc(OC(=O)c4cccc(C=O)c4)c(OC)c3)cc2)ccc1O,air,10,5,235
COc1cc(/C=N/c2ccc(/N=C/c3ccc(OC(=O)CCCCCCCCC=O)c(OC)c3)cc2)ccc1O,air,10,5,190
CCCCCOC(=O)c1cccc(CCCc2cccc(C(=O)O)c2)c1,air,5,5,398
CCCCOC(=O)c1ccc2cc(C(=O)O)ccc2c1,N2,50,10,435
COc1cc(/C=N/c2ccc(-c3ccc(/N=C/c4ccc(OC(=O)CCCCCCCCC=O)c(OC)c4)cc3)cc2)ccc1O,air,10,5,320
COc1cc(/C=N/c2ccc(-c3ccc(/N=C/c4ccc(OC(=O)CCCCC=O)c(OC)c4)cc3)cc2)ccc1O,air,10,5,320
CCCCOC(=O)c1ccc([Si](C)(C)c2ccc(C(=O)O)cc2)cc1,N2,8,10,413
CCCCOC(=O)c1ccc([Si](C)(C)c2ccc(C(=O)O)cc2)cc1,N2,8,30,431
CCCCOC(=O)c1ccc(C(C)(C)c2ccc(C(=O)O)cc2)cc1,N2,8,10,403
CCCCOC(=O)c1ccc(C(C)(C)c2ccc(C(=O)O)cc2)cc1,N2,8,30,424
C[Si](C)(c1ccc(C=O)cc1)c1ccc(C(=O)Oc2ccc(O)cc2)cc1,N2,10,10,533
C[Si](C)(c1ccc(C=O)cc1)c1ccc(C(=O)Oc2ccc(O)cc2)cc1,N2,10,30,571
C[Si](C)(c1ccc(C=O)cc1)c1ccc(C(=O)Oc2ccc(O)cc2)cc1,air,5,10,456
C[Si](C)(c1ccc(C=O)cc1)c1ccc(C(=O)Oc2ccc(O)cc2)cc1,air,5,30,511
CC(C)(c1ccc(C=O)cc1)c1ccc(C(=O)Oc2ccc(O)cc2)cc1,N2,5,10,480
CC(C)(c1ccc(C=O)cc1)c1ccc(C(=O)Oc2ccc(O)cc2)cc1,N2,5,30,510
CC(C)(c1ccc(C=O)cc1)c1ccc(C(=O)Oc2ccc(O)cc2)cc1,air,5,10,417
CC(C)(c1ccc(C=O)cc1)c1ccc(C(=O)Oc2ccc(O)cc2)cc1,air,5,30,458
C[Si](C)(c1ccc(C=O)cc1)c1ccc(C(=O)Oc2cccc(O)c2)cc1,N2,5,10,473
C[Si](C)(c1ccc(C=O)cc1)c1ccc(C(=O)Oc2cccc(O)c2)cc1,N2,5,30,504
CC(C)(c1ccc(C=O)cc1)c1ccc(C(=O)Oc2cccc(O)c2)cc1,N2,5,10,444
CC(C)(c1ccc(C=O)cc1)c1ccc(C(=O)Oc2cccc(O)c2)cc1,N2,5,30,478
O=COCCCCOC(=O)c1ccc(NC(=O)c2ccc(N3C(=O)c4ccccc4C3=O)cc2)cc1,N2,10,5,415
O=COCCCCCOC(=O)c1ccc(NC(=O)c2ccc(N3C(=O)c4ccccc4C3=O)cc2)cc1,N2,10,5,410
O=COCCCCCCOC(=O)c1ccc(NC(=O)c2ccc(N3C(=O)c4ccccc4C3=O)cc2)cc1,N2,10,5,413
O=COCCCCCCCOC(=O)c1ccc(NC(=O)c2ccc(N3C(=O)c4ccccc4C3=O)cc2)cc1,N2,10,5,410
O=COCCCCCCCCOC(=O)c1ccc(NC(=O)c2ccc(N3C(=O)c4ccccc4C3=O)cc2)cc1,N2,10,5,412
O=COCCCCCCCCCOC(=O)c1ccc(NC(=O)c2ccc(N3C(=O)c4ccccc4C3=O)cc2)cc1,N2,10,5,405
O=COCCCCCCCCCCOC(=O)c1ccc(NC(=O)c2ccc(N3C(=O)c4ccccc4C3=O)cc2)cc1,N2,10,5,402
O=COCCCCCCCCCCCCOC(=O)c1ccc(NC(=O)c2ccc(N3C(=O)c4ccccc4C3=O)cc2)cc1,N2,10,5,405
O=Cc1ccc(C(=O)Oc2ccc(-c3c(-c4ccccc4)cc(-c4ccc(O)cc4)c(-c4ccccc4)c3-c3ccccc3)cc2)c(-c2ccccc2)c1,N2,10,10,500
O=Cc1ccc(C(=O)Oc2ccc(-c3c(-c4ccccc4)cc(-c4ccc(O)cc4)c(-c4ccccc4)c3-c3ccccc3)cc2)c(-c2ccccc2)c1,air,10,10,458
C#Cc1ccc(C#C[SiH](C#Cc2ccc(C#C)cc2)c2ccccc2)cc1,Ar,10,5,866
C#Cc1ccc(C#C[SiH](C#Cc2ccc(C#C)cc2)c2ccccc2)cc1,air,10,5,574
CCCCNC(=O)CCCCC(N)=O,N2,10,10,431
CCCCCC(N)=O,N2,10,5,338
CCCCCC(N)=O,air,10,5,404
CCCCCC(N)=O,air,10,10,412
CCCCCCCCCCCC(N)=O,N2,10,40,455
CCCCCCCCCCCCNC(=O)CCCCCCCCCCCCCCCCC(N)=O,N2,20,0,340
CCCCCCCCCCNC(=O)CCCCCCCCC(N)=O,N2,20,0,443.74
CCCNC(=O)CCCCC(=O)NCCCNC,air,10,10,335
CCCC(C)(C)CNC(=O)c1cccc(C(N)=O)c1,Ar,1,5,348
CCCC(C)(C)CNC(=O)c1cccc(C(N)=O)c1,air,1,5,302
CC1(C)CC(N)CC(C)(CNC(=O)CCCCC=O)C1,N2,5,0,286
CC1(C)CC(N)CC(C)(CNC(=O)CCCCC=O)C1,N2,5,50,372.5
CCCC(C)(C)CNC(=O)CCCCC(N)=O,Ar,1,5,317
CCCC(C)(C)CNC(=O)CCCCC(N)=O,air,1,5,305
CCCC(C)(C)CNC(=O)CCCCCCCC(N)=O,Ar,1,5,382
CCCC(C)(C)CNC(=O)CCCCCCCC(N)=O,air,1,5,346
CCCC(C)(C)CNC(=O)CCCCCC(N)=O,Ar,1,5,339
CCCC(C)(C)CNC(=O)CCCCCC(N)=O,air,1,5,341
CCCC(C)(C)CNC(=O)c1ccc(C(N)=O)cc1,Ar,1,5,365
CCCC(C)(C)CNC(=O)c1ccc(C(N)=O)cc1,air,1,5,285
CCCC(C)(C)CNC(=O)C(N)=O,Ar,1,5,327
CCCC(C)(C)CNC(=O)C(N)=O,air,1,5,286
Nc1cccc(NC(=O)c2cccc(C=O)c2)c1,N2,20,10,455
Nc1cccc(NC(=O)c2cccc(C=O)c2)c1,Ar,10,10,439
Nc1cccc(NC(=O)c2cccc(C=O)c2)c1,air,20,10,441
Nc1ccc(NC(=O)c2cccc(C=O)c2)cc1,N2,20,10,502
Nc1cccc(NC(=O)c2ccc(C=O)cc2)c1,N2,20,10,493
Nc1ccc(NC(=O)c2ccc(C=O)cc2)cc1,N2,10,5,520
Nc1ccc(NC(=O)c2ccc(C=O)cc2)cc1,air,5,10,532
CCCCCCNC(=O)c1ccc(C(N)=O)cc1,N2,20,5,479
Nc1ccc(Cc2ccc(NC(=O)c3ccc(C=O)cc3)cc2)cc1,N2,20,0,327
Nc1ccc(Cc2ccc(NC(=O)c3ccc(C=O)cc3)cc2)cc1,air,10,5,420
CNC(=O)CCCCC(N)=O,N2,10,5,480
CNC(=O)CCCCCCCCC(N)=O,N2,10,5,530
CCCCCCNC(=O)CCCCCCCCCCCCCCCCC(N)=O,N2,20,0,340
CCCCCCCCNC(=O)CCCCCCCCCCCCCCCCC(N)=O,N2,20,0,340
CCCCCCCCCCNC(=O)CCCCCCCCCCCCCCCCC(N)=O,N2,20,0,340
CCCCCCCCCCCNC(=O)CCCCCCCCC(N)=O,N2,20,0,408
Nc1ccc(CCC=O)cc1,N2,10,1,375
Nc1ccc(NC(=O)c2ccc(P(=O)(c3ccccc3)c3ccc(C=O)cc3)cc2)cc1,air,10,5,425
Nc1ccc(NC(=O)c2ccc(P(=O)(c3ccccc3)c3ccc(C=O)cc3)cc2)cc1,N2,10,5,425
O=Cc1ccc(C(=O)N2CCNCC2)cc1,N2,10,5,435
O=Cc1ccc(C(=O)N2CCNCC2)cc1,N2,10,50,450
O=Cc1ccc(C(=O)N2CCNCC2)cc1,air,10,5,400
O=Cc1cccc(C(=O)N2CCNCC2)c1,N2,10,5,400
O=Cc1cccc(C(=O)N2CCNCC2)c1,N2,10,50,415
O=Cc1cccc(C(=O)N2CCNCC2)c1,air,10,5,400
O=C(O)c1cc(C(=O)Nc2ccc(O)cc2)c(C(=O)O)cc1C(=O)Nc1ccccc1,N2,10,25,277
CCCCCCCCCCNC(=O)CCP(C)(=O)CCC(N)=O,N2,10,1,100
CCCCCCCCCCCCNC(=O)CCP(C)(=O)CCC(N)=O,N2,10,1,200
CCCCCCNC(=O)c1c(Cl)c(Cl)c(C(N)=O)c(Cl)c1Cl,N2,20,5,364
Nc1cccc(/C=C/C(=O)/C=C/c2cccc(NC(=O)CCCCC=O)c2)c1,air,10,10,280
CCCCCCNC(=O)CCCCC(=O)NCC(N)=O,N2,20,0,341
C#CCOc1ccc(Oc2c(F)c(F)c(C(=O)c3ccc(Oc4ccc(C(=O)c5c(F)c(F)c(Oc6ccc(C(c7ccc(Oc8c(F)c(F)c(C(=O)c9ccc(Oc%10ccc(C(=O)c%11c(F)c(F)c(Oc%12ccc(OCC#C)cc%12)c(F)c%11F)cc%10)cc9)c(F)c8F)cc7)(C(F)(F)F)C(F)(F)F)cc6)c(F)c5F)cc4)cc3)c(F)c2F)cc1,N2,20,10,545
C#CCOc1ccc(Oc2c(F)c(F)c(C(=O)c3ccc(Oc4ccc(C(=O)c5c(F)c(F)c(Oc6ccc(C(c7ccc(Oc8c(F)c(F)c(C(=O)c9ccc(Oc%10ccc(C(=O)c%11c(F)c(F)c(Oc%12ccc(OCC#C)cc%12)c(F)c%11F)cc%10)cc9)c(F)c8F)cc7)(C(F)(F)F)C(F)(F)F)cc6)c(F)c5F)cc4)cc3)c(F)c2F)cc1,N2,20,50,750
O=C1c2ccc(C(O)c3ccc4c(c3)C(=O)N(c3ccc(Cc5ccc(N6C(=O)C7C8C=CC(C8)C7C6=O)cc5)cc3)C4=O)cc2C(=O)N1c1ccc(Cc2ccc(N3C(=O)C4C5C=CC(C5)C4C3=O)cc2)cc1,air,10,0,408
CN=P(C)(OCC(F)(F)F)Oc1ccc(N2C(=O)C3C(C2=O)C2(Cl)C(Cl)=C(Cl)C3(Cl)C2(Cl)Cl)cc1,N2,10,0,405
CN=P(C)(OCC(F)(F)F)Oc1ccc(N2C(=O)C3C4C=CC(C4)C3C2=O)cc1,N2,10,0,441
CN=P(C)(OCC(F)(F)F)Oc1ccc(N2C(=O)C3C4C=C(C)C(C4)C3C2=O)cc1,N2,10,0,455
Nc1cccc(P(=O)(c2cccc(N3C(=O)C4C5C=CC(C5)C4C3=O)c2)c2cccc(N3C(=O)C4C5C=CC(C5)C4C3=O)c2)c1,N2,10,0,492
Nc1cccc(P(=O)(c2cccc(N)c2)c2cccc(N3C(=O)C4C5C=CC(C5)C4C3=O)c2)c1,N2,10,0,485
O=C1C2C3C=CC(C3)C2C(=O)N1c1cccc(P(=O)(c2cccc(N3C(=O)C4C5C=CC(C5)C4C3=O)c2)c2cccc(-n3c(=O)c4cc5cc6c(=O)n(-c7cccc(P(=O)(c8cccc(N9C(=O)C%10C%11C=CC(C%11)C%10C9=O)c8)c8cccc(N9C(=O)C%10C%11C=CC(C%11)C%10C9=O)c8)c7)c(=O)c6cc5cc4c3=O)c2)c1,N2,10,0,465
O=C1c2ccc(Oc3ccc4c(c3)C(=O)N(c3cccc(P(=O)(c5cccc(N6C(=O)C7C8C=CC(C8)C7C6=O)c5)c5cccc(N6C(=O)C7C8C=CC(C8)C7C6=O)c5)c3)C4=O)cc2C(=O)N1c1cccc(P(=O)(c2cccc(N3C(=O)C4C5C=CC(C5)C4C3=O)c2)c2cccc(N3C(=O)C4C5C=CC(C5)C4C3=O)c2)c1,N2,10,0,420
Nc1cccc(P(=O)(c2cccc(N3C(=O)C4C5C=CC(C5)C4C3=O)c2)c2cccc(-n3c(=O)c4cc5cc6c(=O)n(-c7cccc(P(=O)(c8cccc(N)c8)c8cccc(N9C(=O)C%10C%11C=CC(C%11)C%10C9=O)c8)c7)c(=O)c6cc5cc4c3=O)c2)c1,N2,10,0,430
Nc1cccc(P(=O)(c2cccc(N3C(=O)c4ccc(Oc5ccc6c(c5)C(=O)N(c5cccc(P(=O)(c7cccc(N)c7)c7cccc(N8C(=O)C9C%10C=CC(C%10)C9C8=O)c7)c5)C6=O)cc4C3=O)c2)c2cccc(N3C(=O)C4C5C=CC(C5)C4C3=O)c2)c1,N2,10,0,454
O=C1C2C3C=CC(C3)C2C(=O)N1c1cccc(P(=O)(c2cccc(N3C(=O)C4C5C=CC(C5)C4C3=O)c2)c2cccc(-n3c(=O)c4cc5c(=O)n(-c6cccc(P(=O)(c7cccc(N8C(=O)C9C%10C=CC(C%10)C9C8=O)c7)c7cccc(N8C(=O)C9C%10C=CC(C%10)C9C8=O)c7)c6)c(=O)c5cc4c3=O)c2)c1,N2,10,0,470
O=C(c1ccc2c(c1)C(=O)N(c1cccc(P(=O)(c3cccc(N4C(=O)C5C6C=CC(C6)C5C4=O)c3)c3cccc(N4C(=O)C5C6C=CC(C6)C5C4=O)c3)c1)C2=O)c1ccc2c(c1)C(=O)N(c1cccc(P(=O)(c3cccc(N4C(=O)C5C6C=CC(C6)C5C4=O)c3)c3cccc(N4C(=O)C5C6C=CC(C6)C5C4=O)c3)c1)C2=O,N2,10,0,425
O=C1c2ccc(C(c3ccc4c(c3)C(=O)N(c3cccc(P(=O)(c5cccc(N6C(=O)C7C8C=CC(C8)C7C6=O)c5)c5cccc(N6C(=O)C7C8C=CC(C8)C7C6=O)c5)c3)C4=O)(C(F)(F)F)C(F)(F)F)cc2C(=O)N1c1cccc(P(=O)(c2cccc(N3C(=O)C4C5C=CC(C5)C4C3=O)c2)c2cccc(N3C(=O)C4C5C=CC(C5)C4C3=O)c2)c1,N2,10,0,445
Nc1cccc(P(=O)(c2cccc(N3C(=O)c4ccc(C(c5ccc6c(c5)C(=O)N(c5cccc(P(=O)(c7cccc(N)c7)c7cccc(N8C(=O)C9C%10C=CC(C%10)C9C8=O)c7)c5)C6=O)(C(F)(F)F)C(F)(F)F)cc4C3=O)c2)c2cccc(N3C(=O)C4C5C=CC(C5)C4C3=O)c2)c1,N2,10,0,445
Nc1cccc(P(=O)(c2cccc(N3C(=O)c4ccc(C(=O)c5ccc6c(c5)C(=O)N(c5cccc(P(=O)(c7cccc(N)c7)c7cccc(N8C(=O)C9C%10C=CC(C%10)C9C8=O)c7)c5)C6=O)cc4C3=O)c2)c2cccc(N3C(=O)C4C5C=CC(C5)C4C3=O)c2)c1,N2,10,0,458
Nc1cccc(P(=O)(c2cccc(N3C(=O)C4C5C=CC(C5)C4C3=O)c2)c2cccc(-n3c(=O)c4cc5c(=O)n(-c6cccc(P(=O)(c7cccc(N)c7)c7cccc(N8C(=O)C9C%10C=CC(C%10)C9C8=O)c7)c6)c(=O)c5cc4c3=O)c2)c1,N2,10,0,432
O=C1C2C3C=CC(C3)C2C(=O)N1c1cccc(P(=O)(c2cccc(N3C(=O)C4C5C=CC(C5)C4C3=O)c2)c2cccc(N3C(=O)C4C5C=CC(C5)C4C3=O)c2)c1,N2,10,0,142
Nc1cccc(P(=O)(c2cccc(N)c2)c2cccc(N3C(=O)c4ccccc4C3=O)c2)c1,N2,10,0,149
Nc1ccc(NC(=O)c2cccc(C(=O)c3ccc(C=O)cc3)c2)cc1,N2,10,5,469
Nc1cccc(C(=O)c2ccc(NC(=O)c3cccc(C(=O)c4ccc(C=O)cc4)c3)cc2)c1,N2,10,5,388
CP(=O)(c1cccc(N)c1)c1cccc(N2C(=O)C3C(C2=O)C2(Cl)C(Cl)=C(Cl)C3(Cl)C2(Cl)Cl)c1,N2,10,0,275
Cc1c(C)c(C(=O)c2ccc(NC(=O)c3ccc(C=O)cc3)cc2)c(C)c(C)c1N,N2,10,10,491
Cc1c(C)c(C(=O)c2ccc(NC(=O)c3ccc(C=O)cc3)cc2)c(C)c(C)c1N,air,10,10,446
Cc1c(C)c(C(=O)c2ccc(NC(=O)c3ccc(C=O)cc3)cc2)c(C)c(C)c1C(=O)c1ccc(N)cc1,N2,10,10,498
Cc1c(C)c(C(=O)c2ccc(NC(=O)c3ccc(C=O)cc3)cc2)c(C)c(C)c1C(=O)c1ccc(N)cc1,air,10,10,451
Nc1cc(NC(=O)c2ccc(C=O)cc2)cc(-c2nc3ccccc3[nH]2)c1,N2,20,10,490
Nc1ccc(NC(=O)c2ccc(NC(=O)c3ccc(P(=O)(c4ccccc4)c4ccc(C=O)cc4)cc3)cc2)cc1,air,10,5,420
Nc1ccc(NC(=O)c2ccc(NC(=O)c3ccc(P(=O)(c4ccccc4)c4ccc(C=O)cc4)cc3)cc2)cc1,N2,10,5,430
CP(=O)(c1cccc(N2C(=O)C3C(C2=O)C2(Cl)C(Cl)=C(Cl)C3(Cl)C2(Cl)Cl)c1)c1cccc(N2C(=O)C3C(C2=O)C2(Cl)C(Cl)=C(Cl)C3(Cl)C2(Cl)Cl)c1,N2,10,0,325
CP(=O)(c1cccc(N2C(=O)C3C(C2=O)C2(Cl)C(Cl)=C(Cl)C3(Cl)C2(Cl)Cl)c1)c1cccc(-n2c(=O)c3cc4c(=O)n(-c5cccc(P(C)(=O)c6cccc(N7C(=O)C8C(C7=O)C7(Cl)C(Cl)=C(Cl)C8(Cl)C7(Cl)Cl)c6)c5)c(=O)c4cc3c2=O)c1,N2,10,0,309
CP(=O)(c1cccc(N2C(=O)c3ccc(C(=O)c4ccc5c(c4)C(=O)N(c4cccc(P(C)(=O)c6cccc(N7C(=O)C8C(C7=O)C7(Cl)C(Cl)=C(Cl)C8(Cl)C7(Cl)Cl)c6)c4)C5=O)cc3C2=O)c1)c1cccc(N2C(=O)C3C(C2=O)C2(Cl)C(Cl)=C(Cl)C3(Cl)C2(Cl)Cl)c1,N2,10,0,313
CP(=O)(c1cccc(N2C(=O)c3ccc(C(c4ccc5c(c4)C(=O)N(c4cccc(P(C)(=O)c6cccc(N7C(=O)C8C(C7=O)C7(Cl)C(Cl)=C(Cl)C8(Cl)C7(Cl)Cl)c6)c4)C5=O)(C(F)(F)F)C(F)(F)F)cc3C2=O)c1)c1cccc(N2C(=O)C3C(C2=O)C2(Cl)C(Cl)=C(Cl)C3(Cl)C2(Cl)Cl)c1,N2,10,0,300
C=C1CC(=O)N(c2ccc(Oc3ccc(N4C(=O)CC(=C)C4=O)cc3)cc2)C1=O,N2,10,0,290
C#CCOc1ccc(C(C)(C)c2ccc(OCC#C)cc2)cc1,N2,10,0,380
O=C1C2C3C=CC(C3)C2C(=O)N1c1ccc(Oc2ccc(N3C(=O)C4C5C=CC(C5)C4C3=O)cc2)cc1,N2,10,0,232
C=C1CC(=O)N(c2ccc(Oc3ccc(Oc4ccc(N5C(=O)CC(=C)C5=O)cc4)cc3)cc2)C1=O,N2,10,0,245
O=C1C2C3C=CC(C3)C2C(=O)N1c1ccc(Oc2ccc(Oc3ccc(N4C(=O)C5C6C=CC(C6)C5C4=O)cc3)cc2)cc1,N2,10,0,282
O=C(c1ccc(Oc2ccc(C(c3ccc(O)cc3)(C(F)(F)F)C(F)(F)F)cc2)cc1)c1ccc(Oc2ccc(C(c3ccc(O)cc3)(C(F)(F)F)C(F)(F)F)cc2)cc1,air,5,5,476
O=C(c1ccc(Oc2ccc(C(c3ccc(O)cc3)(C(F)(F)F)C(F)(F)F)cc2)cc1)c1ccc(Oc2ccc(C(c3ccc(O)cc3)(C(F)(F)F)C(F)(F)F)cc2)cc1,N2,5,5,493
C=C1CC(=O)N(c2ccc(Oc3cccc(Oc4ccc(N5C(=O)CC(=C)C5=O)cc4)c3)cc2)C1=O,N2,10,0,286
O=C1C2C3C=CC(C3)C2C(=O)N1c1ccc(Oc2cccc(Oc3ccc(N4C(=O)C5C6C=CC(C6)C5C4=O)cc3)c2)cc1,N2,10,0,300
C=C1CC(=O)N(c2ccc(Oc3ccc(C(C)(C)c4ccc(Oc5ccc(N6C(=O)CC(=C)C6=O)cc5)cc4)cc3)cc2)C1=O,N2,10,0,464
C#CCOc1ccc(C(=O)c2ccc(OCC#C)cc2)cc1,N2,10,0,370
C#CCOc1ccc(C(=O)c2ccc(OCC#C)cc2)cc1,Ar,10,5,369.8
C#CCOc1ccc(C(=O)c2ccc(OCC#C)cc2)cc1,Ar,10,10,402.1
CC(C)(c1ccc(Oc2ccc(N3C(=O)C4C5C=CC(C5)C4C3=O)cc2)cc1)c1ccc(Oc2ccc(N3C(=O)C4C5C=CC(C5)C4C3=O)cc2)cc1,N2,10,0,300
C#Cc1ccc(C(=C(c2ccccc2)c2ccc(C(=CC(F)(F)C(F)(F)C(F)(F)C(F)(F)/C=C(\c3ccc(C(=C(c4ccccc4)c4ccc(C#C)cc4)c4ccccc4)cc3)c3cc(OC)cc(OC)c3)c3cc(OC)cc(OC)c3)cc2)c2ccccc2)cc1,N2,10,5,283
C#Cc1ccc(C(=C(c2ccccc2)c2ccc(C(=CC(F)(F)C(F)(F)C(F)(F)C(F)(F)/C=C(\c3ccc(Cl)cc3)c3ccc(C(=C(c4ccccc4)c4ccc(C#C)cc4)c4ccccc4)cc3)c3ccc(Cl)cc3)cc2)c2ccccc2)cc1,N2,10,5,347
C#Cc1ccc(C(=C(c2ccccc2)c2ccc(C(=CC(F)(F)C(F)(F)C(F)(F)C(F)(F)/C=C(/c3ccc(C(=C(c4ccccc4)c4ccc(C#C)cc4)c4ccccc4)cc3)c3ccsc3)c3ccsc3)cc2)c2ccccc2)cc1,N2,10,5,347
C#Cc1ccc(C(=C(c2ccccc2)c2ccc(C(=CC(F)(F)C(F)(F)C(F)(F)C(F)(F)/C=C(/c3ccc(C(=C(c4ccccc4)c4ccc(C#C)cc4)c4ccccc4)cc3)c3ccc4ccccc4c3)c3ccc4ccccc4c3)cc2)c2ccccc2)cc1,N2,10,5,354
C#Cc1ccc(C(=C(c2ccccc2)c2ccc(C(=CC(F)(F)C(F)(F)C(F)(F)C(F)(F)/C=C(/c3ccc(C(=O)OCC)cc3)c3ccc(C(=C(c4ccccc4)c4ccc(C#C)cc4)c4ccccc4)cc3)c3ccc(C(=O)OCC)cc3)cc2)c2ccccc2)cc1,N2,10,5,306
C#Cc1ccc(C(=C(c2ccccc2)c2ccc(C(=CC(F)(F)C(F)(F)C(F)(F)C(F)(F)/C=C(/c3ccc(C(=C(c4ccccc4)c4ccc(C#C)cc4)c4ccccc4)cc3)c3ccc(C(F)(F)F)cc3)c3ccc(C(F)(F)F)cc3)cc2)c2ccccc2)cc1,N2,10,5,298
C#Cc1ccc(C(=C(c2ccccc2)c2ccc(C(=CC(F)(F)C(F)(F)C(F)(F)C(F)(F)/C=C(/c3ccc(C(=C(c4ccccc4)c4ccc(C#C)cc4)c4ccccc4)cc3)c3ccc(F)cc3F)c3ccc(F)cc3F)cc2)c2ccccc2)cc1,N2,10,5,338
C#CCOc1ccc(S(=O)(=O)c2ccc(OCC#C)cc2)cc1,N2,10,0,350
C#Cc1ccc(C(=C(c2ccccc2)c2ccc(C(=CC(F)(F)C(F)(F)C(F)(F)C(F)(F)C(F)(F)C(F)(F)/C=C(\c3ccc(C(=C(c4ccccc4)c4ccc(C#C)cc4)c4ccccc4)cc3)c3cc(OC)cc(OC)c3)c3cc(OC)cc(OC)c3)cc2)c2ccccc2)cc1,N2,10,5,315
C#Cc1ccc(C(=C(c2ccccc2)c2ccc(C(=Cc3ccc(/C=C(\c4ccc(C(=C(c5ccccc5)c5ccc(C#C)cc5)c5ccccc5)cc4)c4cc(OC)cc(OC)c4)cc3)c3cc(OC)cc(OC)c3)cc2)c2ccccc2)cc1,N2,10,5,364
C#Cc1ccc2c(c1)C(=O)N(c1ccc(OP3(Oc4ccccc4)=NP(Oc4ccccc4)(Oc4ccc(N5C(=O)c6ccc(C#C)cc6C5=O)cc4)=NP(Oc4ccccc4)(Oc4ccc(N5C(=O)c6ccc(C#C)cc6C5=O)cc4)=N3)cc1)C2=O,N2,10,10,500
O=C1c2ccc(C#Cc3ccccc3)cc2C(=O)N1c1ccc2c(c1)-c1ccccc1-2,N2,10,5,587
O=C1c2ccc(C#Cc3ccccc3)cc2C(=O)N1c1ccc2c(c1)-c1ccccc1-2,N2,10,10,614
O=C1c2ccc(C#Cc3ccccc3)cc2C(=O)N1c1ccc(Oc2ccc(C(c3ccc(Oc4ccc(N5C(=O)c6ccc(C(c7ccccc7)(c7ccc8c(c7)C(=O)N(c7ccc(Oc9ccc(C(c%10ccc(Oc%11ccc(N%12C(=O)c%13ccc(C#Cc%14ccccc%14)cc%13C%12=O)cc%11)cc%10)(C(F)(F)F)C(F)(F)F)cc9)cc7)C8=O)C(F)(F)F)cc6C5=O)cc4)cc3)(C(F)(F)F)C(F)(F)F)cc2)cc1,air,10,0,508
O=C1c2ccc(C#Cc3ccccc3)cc2C(=O)N1c1ccc(Oc2ccc(C(c3ccc(Oc4ccc(N5C(=O)c6ccc(C(c7ccccc7)(c7ccc8c(c7)C(=O)N(c7ccc(Oc9ccc(C(c%10ccc(Oc%11ccc(N%12C(=O)c%13ccc(C#Cc%14ccccc%14)cc%13C%12=O)cc%11)cc%10)(C(F)(F)F)C(F)(F)F)cc9)cc7)C8=O)C(F)(F)F)cc6C5=O)cc4)cc3)(C(F)(F)F)C(F)(F)F)cc2)cc1,air,10,5,526
O=C1c2ccc(C#Cc3ccccc3)cc2C(=O)N1c1ccc(Oc2ccc(C(c3ccc(Oc4ccc(N5C(=O)c6ccc(C(c7ccccc7)(c7ccc8c(c7)C(=O)N(c7ccc(Oc9ccc(C(c%10ccc(Oc%11ccc(N%12C(=O)c%13ccc(C#Cc%14ccccc%14)cc%13C%12=O)cc%11)cc%10)(C(F)(F)F)C(F)(F)F)cc9)cc7)C8=O)C(F)(F)F)cc6C5=O)cc4)cc3)(C(F)(F)F)C(F)(F)F)cc2)cc1,air,10,10,544
C#Cc1cccc(-c2cc(-c3cccc(C#C)c3)cc(-c3cccc(C#C)c3)c2)c1,N2,10,10,686
O=C1C=CC(=O)N1c1ccc2c(c1)CN(c1ccccc1)CO2,Ar,5,5,349
O=C1C=CC(=O)N1c1ccc2c(c1)CN(c1ccccc1)CO2,Ar,5,10,376
O=C1C=CC(=O)N1c1ccc2c(c1)CN(c1ccccc1)CO2,N2,10,5,375
O=C1C=CC(=O)N1c1ccc2c(c1)CN(c1ccccc1)CO2,N2,10,10,392
C=CCN1COc2ccc(N3C(=O)C=CC3=O)cc2C1,Ar,5,5,394
C=CCN1COc2ccc(N3C(=O)C=CC3=O)cc2C1,Ar,5,10,412
Nc1cc(NC(=O)c2ccc(C=O)cc2)cc(-c2nc3ccccc3oc2=O)c1,N2,20,10,365
C#Cc1ccc(Oc2ccc(C#C[SiH](C#Cc3ccc(Oc4ccc(C#C)cc4)cc3)c3ccccc3)cc2)cc1,Ar,10,5,632
C#Cc1ccc(Oc2ccc(C#C[SiH](C#Cc3ccc(Oc4ccc(C#C)cc4)cc3)c3ccccc3)cc2)cc1,air,10,5,574
C#CCOc1ccc(N2COc3ccc(N4C(=O)C=CC4=O)cc3C2)cc1,Ar,5,5,390
C#CCOc1ccc(N2COc3ccc(N4C(=O)C=CC4=O)cc3C2)cc1,Ar,5,10,421
CCCCCCOC(=O)Nc1ccc(C)c(NC(=O)O)c1,N2,10,1,270
CCCCCCOC(=O)Nc1ccc(C)c(NC(=O)O)c1,air,10,1,250
C#Cc1cccc(N2C(=O)c3ccc(C(c4ccc5c(c4)C(=O)N(c4cccc(C#C)c4)C5=O)(C(F)(F)F)C(F)(F)F)cc3C2=O)c1,N2,10,0,405
C(#Cc1cccc(Oc2cccc(Oc3ccccc3)c2)c1)c1cccc(Oc2ccc(-c3nc4cc(Oc5ccc6nc(-c7ccccc7)c(-c7ccc(Oc8cccc(C#Cc9cccc(Oc%10cccc(Oc%11ccccc%11)c%10)c9)c8)cc7)nc6c5)ccc4nc3-c3ccccc3)cc2)c1,air,10,20,316
C#CCOc1ccc(N2COc3ccc(C(C)(C)c4ccc5c(c4)CN(c4ccc(OCC#C)cc4)CO5)cc3C2)cc1,N2,10,5,367
C#CCOc1ccc(N2COc3ccc(C(C)(C)c4ccc5c(c4)CN(c4ccc(OCC#C)cc4)CO5)cc3C2)cc1,Ar,5,5,352
C#CCOc1ccc(N2COc3ccc(C(C)(C)c4ccc5c(c4)CN(c4ccc(OCC#C)cc4)CO5)cc3C2)cc1,Ar,5,10,388
O=C1O/C(=N\c2cccc(/N=C3\OC(=O)c4ccc(-c5cccc6c5C(=O)O/C6=N\c5cccc(/N=C6\OC(=O)c7ccc(C#Cc8ccccc8)cc76)c5)cc43)c2)c2cc(C#Cc3ccccc3)ccc21,N2,10,5,584
O=C1O/C(=N\c2cccc(/N=C3\OC(=O)c4ccc(-c5cccc6c5C(=O)O/C6=N\c5cccc(/N=C6\OC(=O)c7ccc(C#Cc8ccccc8)cc76)c5)cc43)c2)c2cc(C#Cc3ccccc3)ccc21,N2,10,10,614
O=C1O/C(=N\c2cccc(/N=C3\OC(=O)c4ccc(-c5cccc6c5C(=O)O/C6=N\c5cccc(/N=C6\OC(=O)c7ccc(C#Cc8ccccc8)cc76)c5)cc43)c2)c2cc(C#Cc3ccccc3)ccc21,air,10,5,569
O=C1O/C(=N\c2cccc(/N=C3\OC(=O)c4ccc(-c5cccc6c5C(=O)O/C6=N\c5cccc(/N=C6\OC(=O)c7ccc(C#Cc8ccccc8)cc76)c5)cc43)c2)c2cc(C#Cc3ccccc3)ccc21,air,10,10,591
CC(C)(c1ccc(Oc2cccc(Oc3ccc(C(C)(C)c4ccc(Oc5ccc(C#N)c(C#N)c5)cc4)cc3)c2)cc1)c1ccc(Oc2ccc(C#N)c(C#N)c2)cc1,air,10,5,520
CC(C)(c1ccc(Oc2cccc(Oc3ccc(C(C)(C)c4ccc(Oc5ccc(C#N)c(C#N)c5)cc4)cc3)c2)cc1)c1ccc(Oc2ccc(C#N)c(C#N)c2)cc1,air,10,5,505
N#Cc1ccc(Oc2ccc(C(c3ccc(Oc4cccc(Oc5ccc(C(c6ccc(Oc7ccc(C#N)c(C#N)c7)cc6)(C(F)(F)F)C(F)(F)F)cc5)c4)cc3)(C(F)(F)F)C(F)(F)F)cc2)cc1C#N,air,10,5,505
N#Cc1ccc(Oc2ccc(C(c3ccc(Oc4cccc(Oc5ccc(C(c6ccc(Oc7ccc(C#N)c(C#N)c7)cc6)(C(F)(F)F)C(F)(F)F)cc5)c4)cc3)(C(F)(F)F)C(F)(F)F)cc2)cc1C#N,N2,10,5,460
C#Cc1cccc(N2C(=O)c3ccc(Oc4ccc(C(C)(C)c5ccc(Oc6ccc7c(c6)C(=O)N(c6cccc(-c8cn(Cc9ccc(Cn%10cc(-c%11cccc(N%12C(=O)c%13ccc(Oc%14ccc(C(C)(C)c%15ccc(Oc%16ccc%17c(c%16)C(=O)N(c%16cccc(C#C)c%16)C%17=O)cc%15)cc%14)cc%13C%12=O)c%11)nn%10)cc9)nn8)c6)C7=O)cc5)cc4)cc3C2=O)c1,N2,10,5,365
C#Cc1cccc(N2C(=O)c3ccc(Oc4ccc(C(C)(C)c5ccc(Oc6ccc7c(c6)C(=O)N(c6cccc(-c8cn(Cc9ccc(-c%10ccc(Cn%11cc(-c%12cccc(N%13C(=O)c%14ccc(Oc%15ccc(C(C)(C)c%16ccc(Oc%17ccc%18c(c%17)C(=O)N(c%17cccc(C#C)c%17)C%18=O)cc%16)cc%15)cc%14C%13=O)c%12)nn%11)cc%10)cc9)nn8)c6)C7=O)cc5)cc4)cc3C2=O)c1,N2,10,5,377
O=C1c2ccc(C#Cc3ccccc3)cc2C(=O)N1c1ccc(Oc2cccc(N3C(=O)c4cccc(-c5ccc6c(c5)C(=O)N(c5ccc(Oc7cccc(N8C(=O)c9ccc(C#Cc%10ccccc%10)cc9C8=O)c7)cc5)C6=O)c4C3=O)c2)cc1,N2,20,0,552
O=C1c2ccc(C#Cc3ccccc3)cc2C(=O)N1c1ccc(Oc2cccc(N3C(=O)c4cccc(-c5ccc6c(c5)C(=O)N(c5ccc(Oc7cccc(N8C(=O)c9ccc(C#Cc%10ccccc%10)cc9C8=O)c7)cc5)C6=O)c4C3=O)c2)cc1,N2,20,5,560
O=C1c2ccc(C#Cc3ccccc3)cc2C(=O)N1c1ccc(Oc2cccc(N3C(=O)c4cccc(-c5ccc6c(c5)C(=O)N(c5ccc(Oc7cccc(N8C(=O)c9ccc(C#Cc%10ccccc%10)cc9C8=O)c7)cc5)C6=O)c4C3=O)c2)cc1,N2,20,10,581
C#Cc1cccc(N2C(=O)c3ccc(C(=O)c4ccc5c(c4)C(=O)N(c4cccc(-c6cn(Cc7ccc(Cn8cc(-c9cccc(N%10C(=O)c%11ccc(C(=O)c%12ccc%13c(c%12)C(=O)N(c%12cccc(C#C)c%12)C%13=O)cc%11C%10=O)c9)nn8)cc7)nn6)c4)C5=O)cc3C2=O)c1,N2,10,5,369
C#Cc1cccc(N2C(=O)c3ccc(C(=O)c4ccc5c(c4)C(=O)N(c4cccc(-c6cn(Cc7ccc(-c8ccc(Cn9cc(-c%10cccc(N%11C(=O)c%12ccc(C(=O)c%13ccc%14c(c%13)C(=O)N(c%13cccc(C#C)c%13)C%14=O)cc%12C%11=O)c%10)nn9)cc8)cc7)nn6)c4)C5=O)cc3C2=O)c1,N2,10,5,376
O=C1O/C(=N\c2ccc(-c3ccc(/N=C4\OC(=O)c5cc(-c6cccc7c6C(=O)O/C7=N\c6ccc(-c7ccc(/N=C8\OC(=O)c9ccc(C#Cc%10ccccc%10)cc98)cc7C(F)(F)F)c(C(F)(F)F)c6)ccc54)cc3C(F)(F)F)c(C(F)(F)F)c2)c2ccc(C#Cc3ccccc3)cc21,N2,10,5,580
O=C1O/C(=N\c2ccc(-c3ccc(/N=C4\OC(=O)c5cc(-c6cccc7c6C(=O)O/C7=N\c6ccc(-c7ccc(/N=C8\OC(=O)c9ccc(C#Cc%10ccccc%10)cc98)cc7C(F)(F)F)c(C(F)(F)F)c6)ccc54)cc3C(F)(F)F)c(C(F)(F)F)c2)c2ccc(C#Cc3ccccc3)cc21,N2,10,10,598
O=C1O/C(=N\c2ccc(-c3ccc(/N=C4\OC(=O)c5cc(-c6cccc7c6C(=O)O/C7=N\c6ccc(-c7ccc(/N=C8\OC(=O)c9ccc(C#Cc%10ccccc%10)cc98)cc7C(F)(F)F)c(C(F)(F)F)c6)ccc54)cc3C(F)(F)F)c(C(F)(F)F)c2)c2ccc(C#Cc3ccccc3)cc21,air,10,5,562
O=C1O/C(=N\c2ccc(-c3ccc(/N=C4\OC(=O)c5cc(-c6cccc7c6C(=O)O/C7=N\c6ccc(-c7ccc(/N=C8\OC(=O)c9ccc(C#Cc%10ccccc%10)cc98)cc7C(F)(F)F)c(C(F)(F)F)c6)ccc54)cc3C(F)(F)F)c(C(F)(F)F)c2)c2ccc(C#Cc3ccccc3)cc21,air,10,10,583
C#Cc1cccc(N2C(=O)c3ccc(Oc4ccc5c(c4)C(=O)N(c4cccc(-c6cn(Cc7ccc(Cn8cc(-c9cccc(N%10C(=O)c%11ccc(Oc%12ccc%13c(c%12)C(=O)N(c%12cccc(C#C)c%12)C%13=O)cc%11C%10=O)c9)nn8)cc7)nn6)c4)C5=O)cc3C2=O)c1,N2,10,5,369
C#Cc1cccc(-n2c(=O)c3cc4c(=O)n(-c5cccc(C#C)c5)c(=O)c4cc3c2=O)c1,N2,10,0,475
C#Cc1cccc(N2C(=O)c3ccc(C(=O)c4ccc5c(c4)C(=O)N(c4cccc(C#C)c4)C5=O)cc3C2=O)c1,N2,10,0,375
C#Cn1c(=O)c2cc3c(=O)n(C#Cc4cccc(N5C(=O)c6cc7c(cc6C5=O)C(=O)N(c5cccc(C#Cc6cccc(P(C)(=O)c8cccc(N)c8)c6)c5)C7=C)c4)c(=O)c3cc2c1=O,N2,10,0,300
C#CN1C(=O)c2ccc(C(=O)c3ccc4c(c3)C(=O)N(C#Cc3cccc(N5C(=O)c6ccc(C(=O)c7ccc8c(c7)C(=O)N(c7cccc(C#Cc9cccc(P(C)(=O)c%10cccc(N)c%10)c9)c7)C8=O)cc6C5=O)c3)C4=O)cc2C1=O,N2,10,0,320
C#CN1C(=O)c2ccc(C(c3ccc4c(c3)C(=O)N(C#Cc3cccc(N5C(=O)c6ccc(C(c7ccc8c(c7)C(=O)N(c7cccc(C#Cc9cccc(P(C)(=O)c%10cccc(N)c%10)c9)c7)C8=O)(C(F)(F)F)C(F)(F)F)cc6C5=O)c3)C4=O)(C(F)(F)F)C(F)(F)F)cc2C1=O,N2,10,0,425
C#CCOc1ccc(N2COc3ccc(C(=O)c4ccc5c(c4)CN(c4ccc(OCC#C)cc4)CO5)cc3C2)cc1,N2,10,5,401
C#Cn1c(=O)c2cc3c(=O)n(C#Cc4cccc(N5C(=O)c6cc7c(cc6C5=O)C(=O)N(c5cccc(C#Cc6cccc(P(=O)(c8ccc(N)cc8)c8cccc(N)c8)c6)c5)C7=C)c4)c(=O)c3cc2c1=O,N2,10,0,290
C#CN1C(=O)c2ccc(C(=O)c3ccc4c(c3)C(=O)N(C#Cc3cccc(N5C(=O)c6ccc(C(=O)c7ccc8c(c7)C(=O)N(c7cccc(C#Cc9cccc(P(=O)(c%10ccc(N)cc%10)c%10cccc(N)c%10)c9)c7)C8=O)cc6C5=O)c3)C4=O)cc2C1=O,N2,10,0,320
C#CN1C(=O)c2ccc(C(c3ccc4c(c3)C(=O)N(C#Cc3cccc(N5C(=O)c6ccc(C(c7ccc8c(c7)C(=O)N(c7cccc(C#Cc9cccc(P(=O)(c%10ccc(N)cc%10)c%10cccc(N)c%10)c9)c7)C8=O)(C(F)(F)F)C(F)(F)F)cc6C5=O)c3)C4=O)(C(F)(F)F)C(F)(F)F)cc2C1=O,N2,10,0,450
O=C1O/C(=N\c2ccc(Oc3cccc(/N=C4\OC(=O)c5ccc(-c6cccc7c6C(=O)O/C7=N\c6ccc(Oc7cccc(/N=C8\OC(=O)c9ccc(C#Cc%10ccccc%10)cc98)c7)cc6)cc54)c3)cc2)c2cc(C#Cc3ccccc3)ccc21,N2,10,5,574
O=C1O/C(=N\c2ccc(Oc3cccc(/N=C4\OC(=O)c5ccc(-c6cccc7c6C(=O)O/C7=N\c6ccc(Oc7cccc(/N=C8\OC(=O)c9ccc(C#Cc%10ccccc%10)cc98)c7)cc6)cc54)c3)cc2)c2cc(C#Cc3ccccc3)ccc21,N2,10,10,599
O=C1O/C(=N\c2ccc(Oc3cccc(/N=C4\OC(=O)c5ccc(-c6cccc7c6C(=O)O/C7=N\c6ccc(Oc7cccc(/N=C8\OC(=O)c9ccc(C#Cc%10ccccc%10)cc98)c7)cc6)cc54)c3)cc2)c2cc(C#Cc3ccccc3)ccc21,air,10,5,568
O=C1O/C(=N\c2ccc(Oc3cccc(/N=C4\OC(=O)c5ccc(-c6cccc7c6C(=O)O/C7=N\c6ccc(Oc7cccc(/N=C8\OC(=O)c9ccc(C#Cc%10ccccc%10)cc98)c7)cc6)cc54)c3)cc2)c2cc(C#Cc3ccccc3)ccc21,air,10,10,587
CC(C)(c1ccc(O)cc1)c1ccc(OC(=O)Nc2ccc(Cc3ccc(NC=O)cc3)cc2)cc1,air,10,0,209
CC(C)(c1ccc(O)cc1)c1ccc(OC(=O)Nc2ccc(Cc3ccc(NC=O)cc3)cc2)cc1,air,10,10,258
C#CCOc1ccc(N2COc3c(ccc4c5c(ccc34)CN(c3ccc(OCC#C)cc3)CO5)C2)cc1,N2,10,5,379
N#Cc1ccc(Oc2ccc(CC3NC(=O)C(Cc4ccc(Oc5ccc(C#N)c(C#N)c5)cc4)NC3=O)cc2)cc1C#N,Ar,10,0,403
N#Cc1ccc(Oc2ccc(CC3NC(=O)C(Cc4ccc(Oc5ccc(C#N)c(C#N)c5)cc4)NC3=O)cc2)cc1C#N,Ar,10,5,438
N#Cc1ccc(Oc2ccc(CC3NC(=O)C(Cc4ccc(Oc5ccc(C#N)c(C#N)c5)cc4)NC3=O)cc2)cc1C#N,Ar,10,10,479
N#Cc1ccc(Oc2ccc(CC3NC(=O)C(Cc4ccc(Oc5ccc(C#N)c(C#N)c5)cc4)NC3=O)cc2)cc1C#N,Ar,10,20,563
N#Cc1ccc(Oc2ccc(CC3NC(=O)C(Cc4ccc(Oc5ccc(C#N)c(C#N)c5)cc4)NC3=O)cc2)cc1C#N,N2,10,5,450
N#Cc1ccc(Oc2ccc(CC3NC(=O)C(Cc4ccc(Oc5ccc(C#N)c(C#N)c5)cc4)NC3=O)cc2)cc1C#N,N2,10,10,496
N#Cc1ccc(Oc2ccc(CC3NC(=O)C(Cc4ccc(Oc5ccc(C#N)c(C#N)c5)cc4)NC3=O)cc2)cc1C#N,air,10,5,433
N#Cc1ccc(Oc2ccc(CC3NC(=O)C(Cc4ccc(Oc5ccc(C#N)c(C#N)c5)cc4)NC3=O)cc2)cc1C#N,air,10,10,478
N#Cc1ccc(Oc2ccc(-c3ccc(Oc4ccc(C#N)c(C#N)c4)cc3)cc2)cc1C#N,N2,10,5,479
N#Cc1ccc(Oc2ccc(-c3ccc(Oc4ccc(C#N)c(C#N)c4)cc3)cc2)cc1C#N,air,10,5,496
N#Cc1ccc(Oc2ccc(-c3ccc(Oc4ccc(C#N)c(C#N)c4)cc3)cc2)cc1C#N,air,10,5,493
Nc1ccc(Nc2ncnc3c2ncn3-c2ccc(N3C(=O)c4ccc(C(c5ccc6c(c5)C(=O)N(c5ccc(Nc7ncnc8c7ncn8-c7ccc(N)cc7)cc5)C6=O)(C(F)(F)F)C(F)(F)F)cc4C3=O)cc2)cc1,N2,10,5,513
Nc1ccc(Nc2ncnc3c2ncn3-c2ccc(N3C(=O)c4ccc(C(c5ccc6c(c5)C(=O)N(c5ccc(Nc7ncnc8c7ncn8-c7ccc(N)cc7)cc5)C6=O)(C(F)(F)F)C(F)(F)F)cc4C3=O)cc2)cc1,N2,10,10,535
C#Cc1ccc(N2COc3c(ccc4c5c(ccc34)CN(c3ccc(C#C)cc3)CO5)C2)cc1,N2,10,5,409
N#COc1ccc(CCc2cc(OC#N)cc(OC#N)c2)cc1,N2,10,5,417
N#COc1ccc(CCc2cc(OC#N)cc(OC#N)c2)cc1,air,10,5,412
N#COc1ccc(/C=C/c2cc(OC#N)cc(OC#N)c2)cc1,N2,10,5,417
N#COc1ccc(/C=C/c2cc(OC#N)cc(OC#N)c2)cc1,N2,10,30,600
N#COc1ccc(/C=C/c2cc(OC#N)cc(OC#N)c2)cc1,air,10,5,412
CC(C)(c1ccc(OC#N)cc1)c1ccc(OC#N)cc1,N2,10,10,395.2
CC(C)(c1ccc(OC#N)cc1)c1ccc(OC#N)cc1,N2,10,30,431.5
CC(C)(c1ccc(OC#N)cc1)c1ccc(OC#N)cc1,N2,10,50,472.3
CC(C)(c1ccc(OC#N)cc1)c1ccc(OC#N)cc1,air,10,5,450
CC(C)(c1ccc(OC#N)cc1)c1ccc(OC#N)cc1,Ar,10,5,422.9
CC(C)(c1ccc(OC#N)cc1)c1ccc(OC#N)cc1,Ar,10,30,445.6
CC(C)(c1ccc(OC#N)cc1)c1ccc(OC#N)cc1,Ar,10,50,536.1
COc1cc(C)c(Cc2cc(OC#N)c(OC)cc2C)cc1OC#N,N2,10,5,360
COc1cc(C)c(Cc2cc(OC#N)c(OC)cc2C)cc1OC#N,N2,10,10,366
COc1cc(C)c(Cc2cc(OC#N)c(OC)cc2C)cc1OC#N,air,10,5,357
COc1cc(C)c(Cc2cc(OC#N)c(OC)cc2C)cc1OC#N,air,10,10,362
O=C1C=CC(=O)N1c1ccc(Oc2ccc(N3C(=O)C=CC3=O)cc2)cc1,N2,10,0,407
COc1cc(C)c(C(C)c2cc(OC#N)c(OC)cc2C)cc1OC#N,N2,10,5,330
COc1cc(C)c(C(C)c2cc(OC#N)c(OC)cc2C)cc1OC#N,air,10,5,337
COc1cc(C)c(C(C)c2cc(OC#N)c(OC)cc2C)cc1OC#N,air,10,10,349
CCC(c1cc(OC#N)c(OC)cc1C)c1cc(OC#N)c(OC)cc1C,N2,10,70,500
CCC(c1cc(OC#N)c(OC)cc1C)c1cc(OC#N)c(OC)cc1C,N2,10,5,329
CCC(c1cc(OC#N)c(OC)cc1C)c1cc(OC#N)c(OC)cc1C,N2,10,10,357
CCC(c1cc(OC#N)c(OC)cc1C)c1cc(OC#N)c(OC)cc1C,air,10,5,346
CCC(c1cc(OC#N)c(OC)cc1C)c1cc(OC#N)c(OC)cc1C,air,10,10,357
O=C1c2ccc(C#Cc3ccccc3)cc2C(=O)N1c1ccc(C2(c3ccc(N4C(=O)c5ccc(Oc6ccc7c(c6)C(=O)N(c6ccc(C8(c9ccc(N%10C(=O)c%11ccc(C#Cc%12ccccc%12)cc%11C%10=O)cc9)c9ccccc9-c9ccccc98)cc6)C7=O)cc5C4=O)cc3)c3ccccc3-c3ccccc32)cc1,N2,20,0,557
O=C1c2ccc(C#Cc3ccccc3)cc2C(=O)N1c1ccc(C2(c3ccc(N4C(=O)c5ccc(Oc6ccc7c(c6)C(=O)N(c6ccc(C8(c9ccc(N%10C(=O)c%11ccc(C#Cc%12ccccc%12)cc%11C%10=O)cc9)c9ccccc9-c9ccccc98)cc6)C7=O)cc5C4=O)cc3)c3ccccc3-c3ccccc32)cc1,N2,20,5,563
O=C1c2ccc(C#Cc3ccccc3)cc2C(=O)N1c1ccc(C2(c3ccc(N4C(=O)c5ccc(Oc6ccc7c(c6)C(=O)N(c6ccc(C8(c9ccc(N%10C(=O)c%11ccc(C#Cc%12ccccc%12)cc%11C%10=O)cc9)c9ccccc9-c9ccccc98)cc6)C7=O)cc5C4=O)cc3)c3ccccc3-c3ccccc32)cc1,N2,20,10,585
C/C=C\C1=C(C)CN(c2ccccc2)CO1,N2,10,5,369
C/C=C\C1=C(C)CN(c2ccccc2)CO1,N2,10,10,393
COc1cc(C)cc(Cc2cc(C)cc(OC)c2OC#N)c1OC#N,N2,10,5,317
COc1cc(C)cc(Cc2cc(C)cc(OC)c2OC#N)c1OC#N,N2,10,10,326
COc1cc(C)cc(Cc2cc(C)cc(OC)c2OC#N)c1OC#N,air,10,5,326
COc1cc(C)cc(Cc2cc(C)cc(OC)c2OC#N)c1OC#N,air,10,10,339
Cc1cc(Cc2cc(C)c(OC#N)cc2C(C)C)c(C(C)C)cc1OC#N,N2,10,5,390
Cc1cc(Cc2cc(C)c(OC#N)cc2C(C)C)c(C(C)C)cc1OC#N,air,10,5,388
C[Si](C)(C#Cc1ccccc1)C#Cc1ccc(Oc2ccc(C#C[Si](C)(C)C#Cc3ccccc3)cc2)cc1,N2,10,5,603
CCCCCCNC(N)=O,air,12,5,210
Nc1ccc(Cc2ccc(NC(=O)NCCCCCCNC=O)cc2)cc1,air,12,5,310
Nc1ccc(Cc2ccc(NC=O)cc2)cc1,air,10,10,300
CC(C)(c1ccc(Oc2ccc(C(=O)c3ccc(Oc4ccc(C(C)(C)c5ccc(Oc6ccc(C#N)c(C#N)c6)cc5)cc4)cc3)cc2)cc1)c1ccc(Oc2ccc(C#N)c(C#N)c2)cc1,air,10,5,510
CC(C)(c1ccc(OCc2ccc(C#N)c(C#N)c2)cc1)c1ccc(Oc2ccc(C#N)c(C#N)c2)cc1,air,10,10,550
Nc1ccc(Oc2ccc(-c3nnc(-c4ccc(Oc5ccc(N6C(=O)c7ccc8c9c(ccc(c79)C6=O)C(=O)NC8=O)cc5)cc4)o3)cc2)cc1,air,128,0,470
Nc1ccc(Oc2ccc(-c3nnc(-c4ccc(Oc5ccc(N6C(=O)c7ccc8c9c(ccc(c79)C6=O)C(=O)NC8=O)cc5)cc4)o3)cc2)cc1,air,128,10,500
Nc1cccc(Oc2ccc(-c3nnc(-c4ccc(Oc5cccc(N6C(=O)c7ccc8c9c(ccc(c79)C6=O)C(=O)NC8=O)c5)cc4)o3)cc2)c1,air,12,0,450
Nc1cccc(Oc2ccc(-c3nnc(-c4ccc(Oc5cccc(N6C(=O)c7ccc8c9c(ccc(c79)C6=O)C(=O)NC8=O)c5)cc4)o3)cc2)c1,air,12,10,453
Nc1ccc(Oc2ccc(-c3nnc(-c4ccc(Oc5ccc(N6C(=O)c7cccc8c(C(=O)c9cccc(C(=O)c%10ccc%11c%12c(cccc%10%12)C(=O)NC%11=O)c9)ccc(c78)C6=O)cc5)cc4)o3)cc2)cc1,air,12,0,450
Nc1ccc(Oc2ccc(-c3nnc(-c4ccc(Oc5ccc(N6C(=O)c7cccc8c(C(=O)c9cccc(C(=O)c%10ccc%11c%12c(cccc%10%12)C(=O)NC%11=O)c9)ccc(c78)C6=O)cc5)cc4)o3)cc2)cc1,air,12,10,492
Nc1cccc(Oc2ccc(-c3nnc(-c4ccc(Oc5cccc(N6C(=O)c7cccc8c(C(=O)c9cccc(C(=O)c%10ccc%11c%12c(cccc%10%12)C(=O)NC%11=O)c9)ccc(c78)C6=O)c5)cc4)o3)cc2)c1,air,12,0,430
Nc1cccc(Oc2ccc(-c3nnc(-c4ccc(Oc5cccc(N6C(=O)c7cccc8c(C(=O)c9cccc(C(=O)c%10ccc%11c%12c(cccc%10%12)C(=O)NC%11=O)c9)ccc(c78)C6=O)c5)cc4)o3)cc2)c1,air,12,10,475
Nc1ccc(Oc2ccc(-c3nnc(-c4ccc(Oc5ccc(N6C(=O)c7ccc8c9c(ccc(c79)C6=O)C(=O)N(c6ccc(Oc7ccc(-c9nnc(-c%10ccc(Oc%11ccc(N%12C(=O)c%13ccc(C(c%14ccc%15c(c%14)C(=O)NC%15=O)(C(F)(F)F)C(F)(F)F)cc%13C%12=O)cc%11)cc%10)o9)cc7)cc6)C8=O)cc5)cc4)o3)cc2)cc1,air,128,0,470
Nc1ccc(Oc2ccc(-c3nnc(-c4ccc(Oc5ccc(N6C(=O)c7ccc8c9c(ccc(c79)C6=O)C(=O)N(c6ccc(Oc7ccc(-c9nnc(-c%10ccc(Oc%11ccc(N%12C(=O)c%13ccc(C(c%14ccc%15c(c%14)C(=O)NC%15=O)(C(F)(F)F)C(F)(F)F)cc%13C%12=O)cc%11)cc%10)o9)cc7)cc6)C8=O)cc5)cc4)o3)cc2)cc1,air,128,10,520
Nc1cccc(Oc2ccc(-c3nnc(-c4ccc(Oc5cccc(N6C(=O)c7ccc8c9c(ccc(c79)C6=O)C(=O)N(c6cccc(Oc7ccc(-c9nnc(-c%10ccc(Oc%11cccc(N%12C(=O)c%13ccc(C(c%14ccc%15c(c%14)C(=O)NC%15=O)(C(F)(F)F)C(F)(F)F)cc%13C%12=O)c%11)cc%10)o9)cc7)c6)C8=O)c5)cc4)o3)cc2)c1,air,128,0,445
Nc1cccc(Oc2ccc(-c3nnc(-c4ccc(Oc5cccc(N6C(=O)c7ccc8c9c(ccc(c79)C6=O)C(=O)N(c6cccc(Oc7ccc(-c9nnc(-c%10ccc(Oc%11cccc(N%12C(=O)c%13ccc(C(c%14ccc%15c(c%14)C(=O)NC%15=O)(C(F)(F)F)C(F)(F)F)cc%13C%12=O)c%11)cc%10)o9)cc7)c6)C8=O)c5)cc4)o3)cc2)c1,air,128,10,490
Nc1ccc(Oc2ccc(-c3nnc(-c4ccc(Oc5ccc(N6C(=O)c7cccc8c(C(=O)c9cccc(C(=O)c%10ccc%11c%12c(cccc%10%12)C(=O)N(c%10ccc(Oc%12ccc(-c%13nnc(-c%14ccc(Oc%15ccc(N%16C(=O)c%17ccc(C(c%18ccc%19c(c%18)C(=O)NC%19=O)(C(F)(F)F)C(F)(F)F)cc%17C%16=O)cc%15)cc%14)o%13)cc%12)cc%10)C%11=O)c9)ccc(c78)C6=O)cc5)cc4)o3)cc2)cc1,air,128,0,470
Nc1ccc(Oc2ccc(-c3nnc(-c4ccc(Oc5ccc(N6C(=O)c7cccc8c(C(=O)c9cccc(C(=O)c%10ccc%11c%12c(cccc%10%12)C(=O)N(c%10ccc(Oc%12ccc(-c%13nnc(-c%14ccc(Oc%15ccc(N%16C(=O)c%17ccc(C(c%18ccc%19c(c%18)C(=O)NC%19=O)(C(F)(F)F)C(F)(F)F)cc%17C%16=O)cc%15)cc%14)o%13)cc%12)cc%10)C%11=O)c9)ccc(c78)C6=O)cc5)cc4)o3)cc2)cc1,air,128,10,515
N#Cc1ccc(Oc2cccc(N3C(=O)c4ccc(Oc5ccc(Oc6ccc7c(c6)C(=O)N(c6ccc(Oc8ccc(-c9nn(-c%10ccc(N%11C(=O)c%12ccc(Oc%13ccc(Oc%14ccc%15c(c%14)C(=O)N(c%14cccc(Oc%16ccc(C#N)c(C#N)c%16)c%14)C%15=O)cc%13)cc%12C%11=O)cc%10)c(=O)c%10ccccc9%10)cc8)cc6)C7=O)cc5)cc4C3=O)c2)cc1C#N,N2,20,5,540
N#Cc1ccc(Oc2cccc(N3C(=O)c4ccc(Oc5ccc(Oc6ccc7c(c6)C(=O)N(c6ccc(Oc8ccc(-c9nn(-c%10ccc(N%11C(=O)c%12ccc(Oc%13ccc(Oc%14ccc%15c(c%14)C(=O)N(c%14cccc(Oc%16ccc(C#N)c(C#N)c%16)c%14)C%15=O)cc%13)cc%12C%11=O)cc%10)c(=O)c%10ccccc9%10)cc8)cc6)C7=O)cc5)cc4C3=O)c2)cc1C#N,N2,20,10,567
N#Cc1ccc(Oc2cccc(N3C(=O)c4ccc(Oc5cccc(Oc6ccc7c(c6)C(=O)N(c6ccc(Oc8ccc(-c9nn(-c%10ccc(N%11C(=O)c%12ccc(Oc%13cccc(Oc%14ccc%15c(c%14)C(=O)N(c%14cccc(Oc%16ccc(C#N)c(C#N)c%16)c%14)C%15=O)c%13)cc%12C%11=O)cc%10)c(=O)c%10ccccc9%10)cc8)cc6)C7=O)c5)cc4C3=O)c2)cc1C#N,N2,20,5,521
N#Cc1ccc(Oc2cccc(N3C(=O)c4ccc(Oc5cccc(Oc6ccc7c(c6)C(=O)N(c6ccc(Oc8ccc(-c9nn(-c%10ccc(N%11C(=O)c%12ccc(Oc%13cccc(Oc%14ccc%15c(c%14)C(=O)N(c%14cccc(Oc%16ccc(C#N)c(C#N)c%16)c%14)C%15=O)c%13)cc%12C%11=O)cc%10)c(=O)c%10ccccc9%10)cc8)cc6)C7=O)c5)cc4C3=O)c2)cc1C#N,N2,20,10,562
N#Cc1ccc(Oc2cccc(N3C(=O)c4ccc(Oc5ccc(-c6ccc(Oc7ccc8c(c7)C(=O)N(c7ccc(Oc9ccc(-c%10nn(-c%11ccc(N%12C(=O)c%13ccc(Oc%14ccc(-c%15ccc(Oc%16ccc%17c(c%16)C(=O)N(c%16cccc(Oc%18ccc(C#N)c(C#N)c%18)c%16)C%17=O)cc%15)cc%14)cc%13C%12=O)cc%11)c(=O)c%11ccccc%10%11)cc9)cc7)C8=O)cc6)cc5)cc4C3=O)c2)cc1C#N,N2,20,5,550
N#Cc1ccc(Oc2cccc(N3C(=O)c4ccc(Oc5ccc(-c6ccc(Oc7ccc8c(c7)C(=O)N(c7ccc(Oc9ccc(-c%10nn(-c%11ccc(N%12C(=O)c%13ccc(Oc%14ccc(-c%15ccc(Oc%16ccc%17c(c%16)C(=O)N(c%16cccc(Oc%18ccc(C#N)c(C#N)c%18)c%16)C%17=O)cc%15)cc%14)cc%13C%12=O)cc%11)c(=O)c%11ccccc%10%11)cc9)cc7)C8=O)cc6)cc5)cc4C3=O)c2)cc1C#N,N2,20,10,595
N#Cc1ccc(Oc2ccccc2Oc2ccc(C#N)c(C#N)c2)cc1C#N,N2,10,5,460.8
N#Cc1ccc(Oc2ccccc2Oc2ccc(C#N)c(C#N)c2)cc1C#N,N2,10,10,506.2
N#Cc1ccc(Oc2ccccc2Oc2ccc(C#N)c(C#N)c2)cc1C#N,air,10,5,461.6
N#Cc1ccc(Oc2ccccc2Oc2ccc(C#N)c(C#N)c2)cc1C#N,air,10,10,501.8
N#Cc1ccc(Oc2ccccc2Oc2ccc(C#N)c(C#N)c2)cc1C#N,air,10,50,721.3
N#Cc1ccc(Oc2cccc(Oc3ccc(C#N)c(C#N)c3)c2)cc1C#N,N2,10,5,547
N#Cc1ccc(Oc2cccc(Oc3ccc(C#N)c(C#N)c3)c2)cc1C#N,N2,10,10,600.09
N#Cc1ccc(Oc2cccc(Oc3ccc(C#N)c(C#N)c3)c2)cc1C#N,N2,10,5,485
N#Cc1ccc(Oc2cccc(Oc3ccc(C#N)c(C#N)c3)c2)cc1C#N,air,10,5,537.3
N#Cc1ccc(Oc2cccc(Oc3ccc(C#N)c(C#N)c3)c2)cc1C#N,air,10,10,541.6
N#Cc1ccc(Oc2cccc(Oc3ccc(C#N)c(C#N)c3)c2)cc1C#N,air,10,5,513.1
N#Cc1ccc(Oc2cccc(Oc3ccc(C#N)c(C#N)c3)c2)cc1C#N,air,10,10,550
N#Cc1ccc(Oc2cccc(Oc3ccc(C#N)c(C#N)c3)c2)cc1C#N,Ar,10,5,523
N#Cc1ccc(Oc2cccc(Oc3ccc(C#N)c(C#N)c3)c2)cc1C#N,Ar,10,10,572
N#Cc1ccc(Oc2ccc(Oc3ccc(C#N)c(C#N)c3)cc2)cc1C#N,N2,10,5,421.8
N#Cc1ccc(Oc2ccc(Oc3ccc(C#N)c(C#N)c3)cc2)cc1C#N,N2,10,10,460.1
N#Cc1ccc(Oc2ccc(Oc3ccc(C#N)c(C#N)c3)cc2)cc1C#N,air,10,5,441.3
N#Cc1ccc(Oc2ccc(Oc3ccc(C#N)c(C#N)c3)cc2)cc1C#N,air,10,10,487.7
N#Cc1ccc(Oc2ccc(Oc3ccc(C#N)c(C#N)c3)cc2)cc1C#N,air,10,50,696.7
N#Cc1ccc(Oc2ccc(-c3ccc(Oc4ccc(-c5nc(-c6ccccc6)nc(-c6ccc(Oc7ccc(-c8ccc(Oc9ccc(C#N)c(C#N)c9)cc8)cc7)cc6)n5)cc4)cc3)cc2)cc1C#N,N2,20,5,582
N#Cc1ccc(Oc2ccc(-c3ccc(Oc4ccc(-c5nc(-c6ccccc6)nc(-c6ccc(Oc7ccc(-c8ccc(Oc9ccc(C#N)c(C#N)c9)cc8)cc7)cc6)n5)cc4)cc3)cc2)cc1C#N,N2,20,10,596
N#Cc1ccc(Oc2ccc(-c3ccc(Oc4ccc(-c5nc(-c6ccccc6)nc(-c6ccc(Oc7ccc(-c8ccc(Oc9ccc(C#N)c(C#N)c9)cc8)cc7)cc6)n5)cc4)cc3)cc2)cc1C#N,N2,20,20,628
N#Cc1ccc(Oc2ccc(-c3ccc(Oc4ccc(-c5nc(-c6ccccc6)nc(-c6ccc(Oc7ccc(-c8ccc(Oc9ccc(C#N)c(C#N)c9)cc8)cc7)cc6)n5)cc4)cc3)cc2)cc1C#N,air,20,10,577
N#Cc1ccc(Oc2ccc(-c3ccc(Oc4ccc(-c5nc(-c6ccccc6)nc(-c6ccc(Oc7ccc(-c8ccc(Oc9ccc(C#N)c(C#N)c9)cc8)cc7)cc6)n5)cc4)cc3)cc2)cc1C#N,air,20,20,612
N#Cc1ccc(Oc2ccc(-c3ccc(Oc4ccc(-c5nc(-c6ccc(Oc7ccc(-c8ccc(Oc9ccc(C#N)c(C#N)c9)cc8)cc7)cc6)nc(-c6ccc(Oc7ccc(-c8ccc(Oc9ccc(C#N)c(C#N)c9)cc8)cc7)cc6)n5)cc4)cc3)cc2)cc1C#N,N2,10,5,577
N#Cc1ccc(Oc2ccc(-c3ccc(Oc4ccc(-c5nc(-c6ccc(Oc7ccc(-c8ccc(Oc9ccc(C#N)c(C#N)c9)cc8)cc7)cc6)nc(-c6ccc(Oc7ccc(-c8ccc(Oc9ccc(C#N)c(C#N)c9)cc8)cc7)cc6)n5)cc4)cc3)cc2)cc1C#N,N2,10,10,625
N#Cc1ccc(Oc2ccc(-c3ccc(Oc4ccc(-c5nc(-c6ccc(Oc7ccc(-c8ccc(Oc9ccc(C#N)c(C#N)c9)cc8)cc7)cc6)nc(-c6ccc(Oc7ccc(-c8ccc(Oc9ccc(C#N)c(C#N)c9)cc8)cc7)cc6)n5)cc4)cc3)cc2)cc1C#N,air,10,5,567
N#Cc1ccc(Oc2ccc(-c3ccc(Oc4ccc(-c5nc(-c6ccc(Oc7ccc(-c8ccc(Oc9ccc(C#N)c(C#N)c9)cc8)cc7)cc6)nc(-c6ccc(Oc7ccc(-c8ccc(Oc9ccc(C#N)c(C#N)c9)cc8)cc7)cc6)n5)cc4)cc3)cc2)cc1C#N,air,10,10,593
O=C1c2ccc(C#Cc3ccccc3)cc2C(=O)N1c1ccc(Oc2ccc(-n3c(=O)c4cc5c(=O)n(-c6ccc(Oc7ccc(N8C(=O)c9ccc(C#Cc%10ccccc%10)cc9C8=O)cc7-c7ccccc7)cc6)c(=O)c5cc4c3=O)cc2-c2ccccc2)cc1,N2,5,5,543
O=C1c2ccc(Oc3ccc4c(c3)C(=O)N(c3ccc(Oc5ccc(Oc6ccc(N7C(=O)c8cccc9c(C#Cc%10ccccc%10)ccc(c89)C7=O)cc6C(F)(F)F)cc5-c5cccc(C(F)(F)F)c5)c(C(F)(F)F)c3)C4=O)cc2C(=O)N1c1ccc(Oc2ccc(Oc3ccc(N4C(=O)c5cccc6c(C#Cc7ccccc7)ccc(c56)C4=O)cc3C(F)(F)F)c(-c3cccc(C(F)(F)F)c3)c2)c(C(F)(F)F)c1,N2,10,5,576
O=C1c2ccc(Oc3ccc4c(c3)C(=O)N(c3ccc(Oc5ccc(Oc6ccc(N7C(=O)c8cccc9c(C#Cc%10ccccc%10)ccc(c89)C7=O)cc6C(F)(F)F)cc5-c5cccc(C(F)(F)F)c5)c(C(F)(F)F)c3)C4=O)cc2C(=O)N1c1ccc(Oc2ccc(Oc3ccc(N4C(=O)c5cccc6c(C#Cc7ccccc7)ccc(c56)C4=O)cc3C(F)(F)F)c(-c3cccc(C(F)(F)F)c3)c2)c(C(F)(F)F)c1,N2,10,10,596
C#Cc1cccc(/N=N/c2cc(CO)c(O)c(CO)c2)c1,N2,10,0,399
O=C(C#Cc1ccccc1)c1ccc2c(c1)C(=O)N(c1cccc(Oc3cccc(Oc4cccc(N5C(=O)c6ccc(C(=O)C#Cc7ccccc7)cc6C5=O)c4)c3)c1)C2=O,N2,10,5,432
O=C(C#Cc1ccccc1)c1ccc2c(c1)C(=O)N(c1cccc(Oc3cccc(Oc4cccc(N5C(=O)c6ccc(C(=O)C#Cc7ccccc7)cc6C5=O)c4)c3)c1)C2=O,N2,10,25,600
FC(F)(F)C(c1ccc2cc(-c3ccccc3)c(-c3ccccc3)cc2c1)(c1ccc2c(-c3c(-c4ccccc4)c(-c4ccccc4)cc4ccc(C(c5ccc(C#Cc6ccccc6)c(C#Cc6ccccc6)c5)(C(F)(F)F)C(F)(F)F)cc34)c(-c3ccccc3)c(-c3ccccc3)cc2c1)C(F)(F)F,N2,10,0,500
FC(F)(F)C(c1ccc2cc(-c3ccccc3)c(-c3ccccc3)cc2c1)(c1ccc2c(-c3c(-c4ccccc4)c(-c4ccccc4)cc4ccc(C(c5ccc(C#Cc6ccccc6)c(C#Cc6ccccc6)c5)(C(F)(F)F)C(F)(F)F)cc34)c(-c3ccccc3)c(-c3ccccc3)cc2c1)C(F)(F)F,N2,10,20,1100
FC(F)(F)C(c1ccc2cc(-c3ccccc3)c(-c3ccccc3)cc2c1)(c1ccc2c(-c3c(-c4ccccc4)c(-c4ccccc4)cc4ccc(C(c5ccc(C#Cc6ccccc6)c(C#Cc6ccccc6)c5)(C(F)(F)F)C(F)(F)F)cc34)c(-c3ccccc3)c(-c3ccccc3)cc2c1)C(F)(F)F,air,10,0,494
CC(C)(c1ccc(Oc2ccc(C(=O)c3ccccc3)cc2)cc1)c1ccc(Oc2ccc(S(=O)(=O)c3ccc(Oc4ccc(C(=O)c5ccccc5)cc4)cc3)cc2)cc1,N2,10,0,400
O=C1c2ccc(C(c3ccc4c(c3)C(=O)N(c3ccc(Oc5ccc(Oc6ccc(N7C(=O)c8cccc9c(C#Cc%10ccccc%10)ccc(c89)C7=O)cc6C(F)(F)F)cc5-c5cccc(C(F)(F)F)c5)c(C(F)(F)F)c3)C4=O)(C(F)(F)F)C(F)(F)F)cc2C(=O)N1c1ccc(Oc2ccc(Oc3ccc(N4C(=O)c5cccc6c(C#Cc7ccccc7)ccc(c56)C4=O)cc3C(F)(F)F)c(-c3cccc(C(F)(F)F)c3)c2)c(C(F)(F)F)c1,N2,10,5,546
O=C1c2ccc(C(c3ccc4c(c3)C(=O)N(c3ccc(Oc5ccc(Oc6ccc(N7C(=O)c8cccc9c(C#Cc%10ccccc%10)ccc(c89)C7=O)cc6C(F)(F)F)cc5-c5cccc(C(F)(F)F)c5)c(C(F)(F)F)c3)C4=O)(C(F)(F)F)C(F)(F)F)cc2C(=O)N1c1ccc(Oc2ccc(Oc3ccc(N4C(=O)c5cccc6c(C#Cc7ccccc7)ccc(c56)C4=O)cc3C(F)(F)F)c(-c3cccc(C(F)(F)F)c3)c2)c(C(F)(F)F)c1,N2,10,10,566
CC(C)(c1ccc(Oc2ccc(C#Cc3ccccc3)cc2)cc1)c1ccc(Oc2ccc(S(=O)(=O)c3ccc(Oc4ccc(C#Cc5ccccc5)cc4)cc3)cc2)cc1,N2,10,0,400
CC(C)(c1ccc(Oc2ccc(C#Cc3ccccc3)cc2)cc1)c1ccc(Oc2ccc(C(=O)c3ccc(Oc4ccc(C#Cc5ccccc5)cc4)cc3)cc2)cc1,N2,10,0,400
CC(C)(c1ccc(OCC#C[SiH2]c2ccccc2)cc1)c1ccc(OCC#C[SiH2]c2ccccc2)cc1,N2,20,5,478
O=S(=O)(c1ccc(OCC#C[SiH2]c2ccccc2)cc1)c1ccc(OCC#C[SiH2]c2ccccc2)cc1,N2,20,5,481
N#Cc1ccc(Oc2ccc(O)cc2)cc1C#N,N2,10,5,345
N#Cc1ccc(Oc2ccc(O)cc2)cc1C#N,N2,10,10,387
N#Cc1ccc(Oc2ccc(-c3ccc(O)cc3)cc2)cc1C#N,N2,10,5,354
N#Cc1ccc(Oc2ccc(-c3ccc(O)cc3)cc2)cc1C#N,N2,10,10,412.5
CC(C)(c1ccc(O)cc1)c1ccc(Oc2ccc(C#N)c(C#N)c2)cc1,N2,10,5,325
CC(C)(c1ccc(O)cc1)c1ccc(Oc2ccc(C#N)c(C#N)c2)cc1,N2,10,10,362.5
N#Cc1ccc(Oc2cc(Oc3ccc(C#N)c(C#N)c3)cc(-c3nc4ccccc4[nH]3)c2)cc1C#N,N2,10,5,535
N#Cc1ccc(Oc2cc(Oc3ccc(C#N)c(C#N)c3)cc(-c3nc4ccccc4[nH]3)c2)cc1C#N,N2,10,10,580
N#Cc1ccc(Oc2cccc(N3C(=O)c4ccc(Oc5ccc6c(c5)C(=O)NC6=O)cc4C3=O)c2)cc1C#N,N2,10,1,476.3
N#Cc1ccc(Oc2cccc(N3C(=O)c4ccc(Oc5ccc6c(c5)C(=O)NC6=O)cc4C3=O)c2)cc1C#N,N2,10,5,517.7
N#Cc1ccc(Oc2cccc(N3C(=O)c4ccc(Oc5ccc6c(c5)C(=O)NC6=O)cc4C3=O)c2)cc1C#N,N2,10,10,542.6
N#Cc1ccc(Oc2cccc(N3C(=O)c4ccc(Oc5ccc6c(c5)C(=O)NC6=O)cc4C3=O)c2)cc1C#N,air,10,1,481
N#Cc1ccc(Oc2cccc(N3C(=O)c4ccc(Oc5ccc6c(c5)C(=O)NC6=O)cc4C3=O)c2)cc1C#N,air,10,5,518.6
N#Cc1ccc(Oc2cccc(N3C(=O)c4ccc(Oc5ccc6c(c5)C(=O)NC6=O)cc4C3=O)c2)cc1C#N,air,10,10,539.6
C#CCOc1cccc(Oc2ccc(C#N)c(C#N)c2)c1,air,10,5,503
O=C(c1ccc(F)cc1)c1ccc(Oc2ccc(Oc3ccc(C(=O)c4ccc(Oc5ccc(O)c(-c6ccc(C#Cc7ccccc7)cc6)c5)cc4)cc3)c(-c3cccc(C(F)(F)F)c3)c2)cc1,N2,10,5,564
CC(C)(c1ccc2c(c1)CN(c1cccc(Oc3ccc(C#N)c(C#N)c3)c1)CO2)c1ccc2c(c1)CN(c1cccc(Oc3ccc(C#N)c(C#N)c3)c1)CO2,air,20,5,486.6
CC(C)(c1ccc2c(c1)CN(c1cccc(Oc3ccc(C#N)c(C#N)c3)c1)CO2)c1ccc2c(c1)CN(c1cccc(Oc3ccc(C#N)c(C#N)c3)c1)CO2,air,20,10,539.2
CC(C)(c1ccc2c(c1)CN(c1cccc(Oc3ccc(C#N)c(C#N)c3)c1)CO2)c1ccc2c(c1)CN(c1cccc(Oc3ccc(C#N)c(C#N)c3)c1)CO2,air,20,5,479.4
CC(C)(c1ccc2c(c1)CN(c1cccc(Oc3ccc(C#N)c(C#N)c3)c1)CO2)c1ccc2c(c1)CN(c1cccc(Oc3ccc(C#N)c(C#N)c3)c1)CO2,air,20,10,520.7
CC(C)(c1ccc2c(c1)CN(c1cccc(Oc3ccc(C#N)c(C#N)c3)c1)CO2)c1ccc2c(c1)CN(c1cccc(Oc3ccc(C#N)c(C#N)c3)c1)CO2,N2,20,5,586.3
CC(C)(c1ccc2c(c1)CN(c1cccc(Oc3ccc(C#N)c(C#N)c3)c1)CO2)c1ccc2c(c1)CN(c1cccc(Oc3ccc(C#N)c(C#N)c3)c1)CO2,N2,20,10,624.7
N#Cc1cccc(Oc2ccccc2N)c1C#N,N2,20,5,517
N#Cc1cccc(Oc2ccccc2N)c1C#N,N2,20,10,582
C#Cc1cccc(C#C[Si](C)(C)C#CCOc2ccc(C(C)(C)c3ccc(OCC#C[Si](C)(C)C#Cc4cccc(C#C)c4)cc3)cc2)c1,N2,10,5,486
N#Cc1ccc(Oc2cccc(Oc3ccc(C(=O)c4ccc(Oc5cccc(Oc6ccc(C#N)c(C#N)c6)c5)cc4)cc3)c2)cc1C#N,air,20,5,548
N#Cc1ccc(Oc2cccc(Oc3ccc(C(=O)c4ccc(Oc5cccc(Oc6ccc(C#N)c(C#N)c6)c5)cc4)cc3)c2)cc1C#N,N2,20,5,559
O=c1[nH]c(=O)c2cc3c(=O)n(-c4ccc(Oc5ccccc5)cc4)c(=O)c3cc12,N2,10,5,515
O=c1[nH]c(=O)c2cc3c(=O)n(-c4ccc(Oc5ccccc5)cc4)c(=O)c3cc12,Ar,10,5,586
O=c1[nH]c(=O)c2cc3c(=O)n(-c4ccc(Oc5ccccc5)cc4)c(=O)c3cc12,air,10,5,480
O=c1[nH]c(=O)c2cc3c(=O)n(-c4ccc(Oc5ccc(Oc6ccccc6)cc5)cc4)c(=O)c3cc12,N2,20,10,604
O=C1NC(=O)c2cc(Oc3ccc4c(c3)C(=O)N(c3ccc(Oc5ccccc5)cc3)C4=O)ccc21,N2,10,10,550
O=C1NC(=O)c2cc(Oc3ccc4c(c3)C(=O)N(c3ccc(Oc5ccccc5)cc3)C4=O)ccc21,air,3,10,543
O=C1NC(=O)c2cc(Oc3cccc(Oc4ccc5c(c4)C(=O)N(c4ccc(Oc6cccc(Oc7ccccc7)c6)cc4)C5=O)c3)ccc21,air,5,1,450
O=C1NC(=O)c2cc(Oc3cccc(Oc4ccc5c(c4)C(=O)N(c4ccc(Oc6cccc(Oc7ccccc7)c6)cc4)C5=O)c3)ccc21,N2,5,1,450
CCCc1ccc2c(c1)C(=O)N(c1ccc(Cc3ccc(N4C(=O)c5ccccc5C4=O)cc3)cc1)C2=O,air,10,5,496
O=CNc1ccc(Oc2ccc(NC(=O)c3ccc4c(c3)C(=O)N(c3ccc(S(=O)(=O)c5ccc(N6C(=O)c7ccccc7C6=O)cc5)cc3)C4=O)cc2)cc1,N2,10,5,484
O=CNc1ccc(Oc2ccc(NC(=O)c3ccc4c(c3)C(=O)N(c3ccc(S(=O)(=O)c5ccc(N6C(=O)c7ccccc7C6=O)cc5)cc3)C4=O)cc2)cc1,air,10,5,427
CCCCCCCCCCCCn1c(=O)c2cc3c(=O)[nH]c(=O)c3cc2c1=O,N2,20,10,490
O=c1[nH]c(=O)c2cc3c(=O)n(-c4ccc(Cc5ccccc5)cc4)c(=O)c3cc12,air,20,10,575
O=c1[nH]c(=O)c2cc3c(=O)n(-c4ccc(Cc5ccccc5)cc4)c(=O)c3cc12,N2,20,10,583
O=c1[nH]c(=O)c2cc3c(=O)n(-c4ccc(Cc5ccccc5)cc4)c(=O)c3cc12,N2,20,5,582
O=c1[nH]c(=O)c2cc3c(=O)n(-c4ccc(-c5ccc(-c6ccccc6)cc5)cc4)c(=O)c3cc12,N2,10,10,633
O=c1[nH]c(=O)c2cc3c(=O)n(-c4ccccc4)c(=O)c3cc12,N2,20,10,627
O=c1[nH]c(=O)c2cc3c(=O)n(-c4ccc(-c5ccccc5)cc4)c(=O)c3cc12,N2,0,0,580
O=c1[nH]c(=O)c2cc3c(=O)n(-c4ccc(Oc5ccc(Oc6ccc(Oc7ccccc7)cc6)cc5)cc4)c(=O)c3cc12,N2,20,10,588
O=c1[nH]c(=O)c2cc3c(=O)n(-c4ccc(Oc5cccc(Oc6ccccc6)c5)cc4)c(=O)c3cc12,N2,20,10,608
O=c1[nH]c(=O)c2cc3c(=O)n(-c4cccc(Oc5ccc(S(=O)(=O)c6ccc(Oc7ccccc7)cc6)cc5)c4)c(=O)c3cc12,N2,20,5,570
O=C1NC(=O)c2cc(-c3ccc4c(c3)C(=O)N(c3ccc(Oc5ccccc5)cc3)C4=O)ccc21,N2,10,20,620
O=C1NC(=O)c2cc(-c3ccc4c(c3)C(=O)N(c3ccc(Oc5ccccc5)cc3)C4=O)ccc21,air,10,5,577
O=C1NC(=O)c2c1cccc2-c1ccc2c(c1)C(=O)N(c1ccc(Oc3ccccc3)cc1)C2=O,air,10,5,543
O=C1NC(=O)c2cc(-c3ccc4c(c3)C(=O)N(c3ccccc3)C4=O)ccc21,N2,20,10,618
O=C1NC(=O)c2cc(-c3ccc4c(c3)C(=O)N(c3ccccc3)C4=O)ccc21,air,10,5,606
O=C1NC(=O)c2cc(-c3ccc4c(c3)C(=O)N(c3ccccc3)C4=O)ccc21,Ar,5,5,588
O=C1NC(=O)c2cc(-c3ccc4c(c3)C(=O)N(c3ccccc3)C4=O)ccc21,Ar,5,10,608
Cc1ccccc1N1C(=O)c2ccc(-c3ccc4c(c3)C(=O)NC4=O)cc2C1=O,N2,20,0,265
Cc1cccc(-c2ccc(N3C(=O)c4ccc(-c5ccc6c(c5)C(=O)NC6=O)cc4C3=O)c(C)c2)c1,N2,10,5,530
Cc1cccc(-c2ccc(N3C(=O)c4ccc(-c5ccc6c(c5)C(=O)NC6=O)cc4C3=O)c(C)c2)c1,air,5,10,560
C#Cc1cccc(N2C(=O)c3ccc(Oc4cccc5c4C(=O)N(c4ccc(Oc6cccc(N7C(=O)c8ccc(Oc9cccc%10c9C(=O)N(c9cccc(C#C)c9)C%10=O)cc8C7=O)c6)cc4)C5=O)cc3C2=O)c1,N2,20,5,497
C#Cc1cccc(N2C(=O)c3ccc(Oc4cccc5c4C(=O)N(c4ccc(Oc6cccc(N7C(=O)c8ccc(Oc9cccc%10c9C(=O)N(c9cccc(C#C)c9)C%10=O)cc8C7=O)c6)cc4)C5=O)cc3C2=O)c1,N2,20,10,535
C#Cc1cccc(N2C(=O)c3ccc(Oc4cccc5c4C(=O)N(c4ccc(Oc6cccc(N7C(=O)c8ccc(Oc9cccc%10c9C(=O)N(c9cccc(C#C)c9)C%10=O)cc8C7=O)c6)cc4)C5=O)cc3C2=O)c1,air,20,5,503
C#Cc1cccc(N2C(=O)c3ccc(Oc4cccc5c4C(=O)N(c4ccc(Oc6cccc(N7C(=O)c8ccc(Oc9cccc%10c9C(=O)N(c9cccc(C#C)c9)C%10=O)cc8C7=O)c6)cc4)C5=O)cc3C2=O)c1,air,20,10,550
O=C1NC(=O)c2cc(Oc3ccc4c(c3)C(=O)N(c3ccccc3)C4=O)ccc21,air,3,10,564
O=C1NC(=O)c2cc(Oc3ccc4c(c3)C(=O)N(c3cccc(Oc5ccccc5)c3)C4=O)ccc21,N2,20,5,562
O=C1NC(=O)c2cc(Oc3ccc4c(c3)C(=O)N(c3ccc(Oc5ccc(Oc6ccccc6)cc5)cc3)C4=O)ccc21,air,10,5,532
O=C1NC(=O)c2cc(Oc3ccc4c(c3)C(=O)N(c3ccc(Oc5ccc(Oc6ccccc6)cc5)cc3)C4=O)ccc21,N2,10,5,545
CC(C)c1ccc2c(c1)C(=O)N(c1ccc(Oc3ccc(N4C(=O)c5ccccc5C4=O)cc3)cc1)C2=O,air,10,5,525
CC(C)c1ccc2c(c1)C(=O)N(c1ccc(Oc3ccc(N4C(=O)c5ccccc5C4=O)cc3)cc1)C2=O,N2,20,5,480
CC(C)c1ccc2c(c1)C(=O)N(c1ccc(Oc3ccc(N4C(=O)c5ccccc5C4=O)cc3)cc1)C2=O,N2,20,10,556
CC(C)c1ccc2c(c1)C(=O)N(c1ccc(Oc3ccc(Oc4ccc(N5C(=O)c6ccccc6C5=O)cc4)cc3)cc1)C2=O,air,10,5,518
CC(C)c1ccc2c(c1)C(=O)N(c1ccc(Oc3cccc(Oc4ccc(N5C(=O)c6ccccc6C5=O)cc4)c3)cc1)C2=O,air,10,5,512
CC(C)c1ccc2c(c1)C(=O)N(c1cccc(Oc3cccc(Oc4cccc(N5C(=O)c6ccccc6C5=O)c4)c3)c1)C2=O,air,10,5,532
O=Cc1ccc2c(c1)C(=O)N(c1cccc(C(=O)c3cccc(N4C(=O)c5ccccc5C4=O)c3)c1)C2=O,N2,5,5,530
O=Cc1ccc2c(c1)C(=O)N(c1cccc(C(=O)c3cccc(N4C(=O)c5ccccc5C4=O)c3)c1)C2=O,N2,5,10,547
O=Cc1ccc2c(c1)C(=O)N(c1cccc(C(=O)c3cccc(N4C(=O)c5ccccc5C4=O)c3)c1)C2=O,air,5,50,572
O=Cc1ccc2c(c1)C(=O)N(c1cccc(C(=O)Nc3cccc(N4C(=O)c5ccccc5C4=O)c3)c1)C2=O,air,5,50,567
O=Cc1ccc2c(c1)C(=O)N(c1cccc(C(=O)Nc3ccc(N4C(=O)c5ccccc5C4=O)cc3)c1)C2=O,air,5,50,560
O=Cc1ccc2c(c1)C(=O)N(c1ccc(C(=O)Nc3cccc(N4C(=O)c5ccccc5C4=O)c3)cc1)C2=O,air,5,50,571
CN(C(=O)c1cccc(N2C(=O)c3ccc(C=O)cc3C2=O)c1)c1ccc(N2C(=O)c3ccccc3C2=O)cc1,air,5,50,555
O=Cc1ccc2c(c1)C(=O)N(c1ccc(Oc3ccc(C(=O)c4cccc(C(=O)c5ccc(Oc6ccc(N7C(=O)c8ccccc8C7=O)cc6)cc5)c4)cc3)cc1)C2=O,N2,5,5,525
O=Cc1ccc2c(c1)C(=O)N(c1ccc(Oc3ccc(C(=O)c4cccc(C(=O)c5ccc(Oc6ccc(N7C(=O)c8ccccc8C7=O)cc6)cc5)c4)cc3)cc1)C2=O,air,5,5,488
CCCCCCCCCCCCN1C(=O)c2ccc(C(=O)c3ccc4c(c3)C(=O)NC4=O)cc2C1=O,N2,20,10,493
O=Cc1ccc2c(c1)C(=O)N(c1cccc(N3C(=O)c4ccccc4C3=O)c1)C2=O,N2,20,10,533
Cc1ccc(N2C(=O)c3ccc(C=O)cc3C2=O)cc1N1C(=O)c2ccccc2C1=O,N2,20,0,336
O=Cc1ccc2c(c1)C(=O)N(c1ccc(Oc3ccc(N4C(=O)c5ccccc5C4=O)cc3)cc1)C2=O,air,10,10,524
O=Cc1ccc2c(c1)C(=O)N(c1ccc(Oc3ccc(N4C(=O)c5ccccc5C4=O)cc3)cc1)C2=O,N2,10,10,540
O=Cc1ccc2c(c1)C(=O)N(c1cccc(OCCOCCOc3cccc(N4C(=O)c5ccccc5C4=O)c3)c1)C2=O,air,5,5,373
O=Cc1ccc2c(c1)C(=O)N(c1cccc(OCCOCCOc3cccc(N4C(=O)c5ccccc5C4=O)c3)c1)C2=O,N2,5,5,408
CC(C)(c1ccc(Oc2ccc(N3C(=O)c4ccccc4C3=O)cc2)cc1)c1ccc(Oc2ccc(N3C(=O)c4ccc(C=O)cc4C3=O)cc2)cc1,N2,20,5,523.2
O=C1NC(=O)c2cc(Oc3ccc(Sc4ccc(Oc5ccc6c(c5)C(=O)N(c5cccc(S(=O)(=O)c7ccccc7)c5)C6=O)cc4)cc3)ccc21,air,5,50,588
O=C1NC(=O)c2cc(Oc3ccc(S(=O)(=O)c4ccc(Oc5ccc6c(c5)C(=O)N(c5cccc(S(=O)(=O)c7ccccc7)c5)C6=O)cc4)cc3)ccc21,air,5,50,575
O=C1NC(=O)c2c(Oc3ccc(-c4ccc(Oc5cccc6c5C(=O)N(c5ccc(Oc7ccccc7)cc5)C6=O)cc4)cc3)cccc21,air,5,1,485
O=C1NC(=O)c2c(Oc3ccc(-c4ccc(Oc5cccc6c5C(=O)N(c5ccc(Oc7ccccc7)cc5)C6=O)cc4)cc3)cccc21,N2,5,1,510
O=C1NC(=O)c2cc(Oc3ccc(-c4ccc(Oc5ccc6c(c5)C(=O)N(c5ccc(Oc7ccccc7)cc5)C6=O)cc4)cc3)ccc21,air,5,1,490
O=C1NC(=O)c2cc(Oc3ccc(-c4ccc(Oc5ccc6c(c5)C(=O)N(c5ccc(Oc7ccccc7)cc5)C6=O)cc4)cc3)ccc21,N2,5,1,540
O=C1NC(=O)c2c(Oc3ccc(-c4ccc(Oc5cccc6c5C(=O)N(c5ccc(Oc7cccc(Oc8ccccc8)c7)cc5)C6=O)cc4)cc3)cccc21,air,5,1,490
O=C1NC(=O)c2c(Oc3ccc(-c4ccc(Oc5cccc6c5C(=O)N(c5ccc(Oc7cccc(Oc8ccccc8)c7)cc5)C6=O)cc4)cc3)cccc21,N2,5,1,490
O=C1NC(=O)c2cc(Oc3ccc(-c4ccc(Oc5ccc6c(c5)C(=O)N(c5ccc(Oc7cccc(Oc8ccccc8)c7)cc5)C6=O)cc4)cc3)ccc21,air,5,1,490
O=C1NC(=O)c2cc(Oc3ccc(-c4ccc(Oc5ccc6c(c5)C(=O)N(c5ccc(Oc7cccc(Oc8ccccc8)c7)cc5)C6=O)cc4)cc3)ccc21,N2,5,1,500
O=C1NC(=O)c2c(Oc3ccc(-c4ccc(Oc5cccc6c5C(=O)N(c5ccccc5)C6=O)cc4)cc3)cccc21,air,5,1,500
O=C1NC(=O)c2c(Oc3ccc(-c4ccc(Oc5cccc6c5C(=O)N(c5ccccc5)C6=O)cc4)cc3)cccc21,N2,5,1,515
O=C1NC(=O)c2cc(Oc3ccc(-c4ccc(Oc5ccc6c(c5)C(=O)N(c5ccccc5)C6=O)cc4)cc3)ccc21,air,5,1,480
O=C1NC(=O)c2cc(Oc3ccc(-c4ccc(Oc5ccc6c(c5)C(=O)N(c5ccccc5)C6=O)cc4)cc3)ccc21,N2,5,1,535
O=C(c1ccc(Oc2cccc3c2C(=O)NC3=O)cc1)c1ccc(Oc2cccc3c2C(=O)N(c2ccccc2)C3=O)cc1,air,5,1,490
O=C(c1ccc(Oc2cccc3c2C(=O)NC3=O)cc1)c1ccc(Oc2cccc3c2C(=O)N(c2ccccc2)C3=O)cc1,N2,5,1,485
O=C(c1ccc(Oc2ccc3c(c2)C(=O)NC3=O)cc1)c1ccc(Oc2ccc3c(c2)C(=O)N(c2ccccc2)C3=O)cc1,air,5,1,480
O=C(c1ccc(Oc2ccc3c(c2)C(=O)NC3=O)cc1)c1ccc(Oc2ccc3c(c2)C(=O)N(c2ccccc2)C3=O)cc1,N2,5,1,510
O=C(c1ccc(Oc2cccc3c2C(=O)NC3=O)cc1)c1ccc(ON2C(=O)c3cccc(-c4ccc(Oc5ccccc5)cc4)c3C2=O)cc1,air,5,1,480
O=C(c1ccc(Oc2cccc3c2C(=O)NC3=O)cc1)c1ccc(ON2C(=O)c3cccc(-c4ccc(Oc5ccccc5)cc4)c3C2=O)cc1,N2,5,1,500
O=C(c1ccc(Oc2ccc3c(c2)C(=O)NC3=O)cc1)c1ccc(Oc2ccc3c(c2)C(=O)N(c2ccc(Oc4ccccc4)cc2)C3=O)cc1,air,5,1,455
O=C(c1ccc(Oc2ccc3c(c2)C(=O)NC3=O)cc1)c1ccc(Oc2ccc3c(c2)C(=O)N(c2ccc(Oc4ccccc4)cc2)C3=O)cc1,N2,5,1,510
O=C(c1ccc(Oc2ccc3c(c2)C(=O)NC3=O)cc1)c1ccc(Oc2ccc3c(c2)C(=O)N(c2ccc(Oc4cccc(Oc5ccccc5)c4)cc2)C3=O)cc1,air,5,1,440
O=C(c1ccc(Oc2ccc3c(c2)C(=O)NC3=O)cc1)c1ccc(Oc2ccc3c(c2)C(=O)N(c2ccc(Oc4cccc(Oc5ccccc5)c4)cc2)C3=O)cc1,N2,5,1,500
O=C(c1ccc(Oc2cccc3c2C(=O)NC3=O)cc1)c1ccc(Oc2cccc3c2C(=O)N(c2ccc(Oc4cccc(Oc5ccccc5)c4)cc2)C3=O)cc1,air,5,1,470
O=C(c1ccc(Oc2cccc3c2C(=O)NC3=O)cc1)c1ccc(Oc2cccc3c2C(=O)N(c2ccc(Oc4cccc(Oc5ccccc5)c4)cc2)C3=O)cc1,N2,5,1,500
CC(C)(c1ccc(Oc2cccc3c2C(=O)NC3=O)cc1)c1ccc(Oc2cccc3c2C(=O)N(c2ccccc2)C3=O)cc1,air,5,1,440
CC(C)(c1ccc(Oc2cccc3c2C(=O)NC3=O)cc1)c1ccc(Oc2cccc3c2C(=O)N(c2ccccc2)C3=O)cc1,N2,5,1,470
CC(C)(c1ccc(Oc2ccc3c(c2)C(=O)NC3=O)cc1)c1ccc(Oc2ccc3c(c2)C(=O)N(c2ccccc2)C3=O)cc1,N2,10,0,465
CC(C)(c1ccc(Oc2ccc3c(c2)C(=O)NC3=O)cc1)c1ccc(Oc2ccc3c(c2)C(=O)N(c2ccccc2)C3=O)cc1,N2,10,10,590
CC(C)(c1ccc(Oc2ccc3c(c2)C(=O)NC3=O)cc1)c1ccc(Oc2ccc3c(c2)C(=O)N(c2ccccc2)C3=O)cc1,air,10,0,525
CC(C)(c1ccc(Oc2ccc3c(c2)C(=O)NC3=O)cc1)c1ccc(Oc2ccc3c(c2)C(=O)N(c2ccccc2)C3=O)cc1,air,10,10,550
CC(C)(c1ccc(Oc2ccc3c(c2)C(=O)NC3=O)cc1)c1ccc(Oc2ccc3c(c2)C(=O)N(c2ccccc2)C3=O)cc1,air,10,5,528
CC(C)(c1ccc(Oc2cccc3c2C(=O)NC3=O)cc1)c1ccc(Oc2cccc3c2C(=O)N(c2ccc(Oc4ccccc4)cc2)C3=O)cc1,air,5,1,470
CC(C)(c1ccc(Oc2cccc3c2C(=O)NC3=O)cc1)c1ccc(Oc2cccc3c2C(=O)N(c2ccc(Oc4ccccc4)cc2)C3=O)cc1,N2,5,1,490
O=C1NC(=O)c2c(Oc3ccc(Sc4ccc(Oc5cccc6c5C(=O)N(c5ccccc5)C6=O)cc4)cc3)cccc21,air,5,1,470
O=C1NC(=O)c2c(Oc3ccc(Sc4ccc(Oc5cccc6c5C(=O)N(c5ccccc5)C6=O)cc4)cc3)cccc21,N2,5,1,470
O=C1NC(=O)c2cc(Oc3ccc(Sc4ccc(Oc5ccc6c(c5)C(=O)N(c5ccccc5)C6=O)cc4)cc3)ccc21,air,5,1,480
O=C1NC(=O)c2cc(Oc3ccc(Sc4ccc(Oc5ccc6c(c5)C(=O)N(c5ccccc5)C6=O)cc4)cc3)ccc21,N2,5,1,490
O=C1NC(=O)c2c(Oc3ccc(Sc4ccc(Oc5cccc6c5C(=O)N(c5ccc(Oc7ccccc7)cc5)C6=O)cc4)cc3)cccc21,air,5,1,477
O=C1NC(=O)c2c(Oc3ccc(Sc4ccc(Oc5cccc6c5C(=O)N(c5ccc(Oc7ccccc7)cc5)C6=O)cc4)cc3)cccc21,N2,5,1,477
O=C1NC(=O)c2cc(Oc3ccc(Sc4ccc(Oc5ccc6c(c5)C(=O)N(c5ccc(Oc7ccccc7)cc5)C6=O)cc4)cc3)ccc21,air,5,1,480
O=C1NC(=O)c2cc(Oc3ccc(Sc4ccc(Oc5ccc6c(c5)C(=O)N(c5ccc(Oc7ccccc7)cc5)C6=O)cc4)cc3)ccc21,N2,5,1,485
O=C1NC(=O)c2cc(Oc3ccc(Sc4ccc(Oc5ccc6c(c5)C(=O)N(c5ccc(Oc7cccc(Oc8ccccc8)c7)cc5)C6=O)cc4)cc3)ccc21,air,5,1,495
O=C1NC(=O)c2cc(Oc3ccc(Sc4ccc(Oc5ccc6c(c5)C(=O)N(c5ccc(Oc7cccc(Oc8ccccc8)c7)cc5)C6=O)cc4)cc3)ccc21,N2,5,1,495
O=C1NC(=O)c2c(Oc3ccc(Sc4ccc(Oc5cccc6c5C(=O)N(c5ccc(Oc7cccc(Oc8ccccc8)c7)cc5)C6=O)cc4)cc3)cccc21,air,5,1,488
O=C1NC(=O)c2c(Oc3ccc(Sc4ccc(Oc5cccc6c5C(=O)N(c5ccc(Oc7cccc(Oc8ccccc8)c7)cc5)C6=O)cc4)cc3)cccc21,N2,5,1,475
O=C1NC(=O)c2c(Oc3ccc(S(=O)(=O)c4ccc(Oc5cccc6c5C(=O)N(c5ccccc5)C6=O)cc4)cc3)cccc21,air,5,1,440
O=C1NC(=O)c2c(Oc3ccc(S(=O)(=O)c4ccc(Oc5cccc6c5C(=O)N(c5ccccc5)C6=O)cc4)cc3)cccc21,N2,5,1,425
O=C1NC(=O)c2cc(Oc3ccc(S(=O)(=O)c4ccc(Oc5ccc6c(c5)C(=O)N(c5ccccc5)C6=O)cc4)cc3)ccc21,air,5,1,460
O=C1NC(=O)c2cc(Oc3ccc(S(=O)(=O)c4ccc(Oc5ccc6c(c5)C(=O)N(c5ccccc5)C6=O)cc4)cc3)ccc21,N2,5,1,500
O=C1NC(=O)c2c(Oc3ccc(S(=O)(=O)c4ccc(Oc5cccc6c5C(=O)N(c5ccc(Oc7ccccc7)cc5)C6=O)cc4)cc3)cccc21,air,5,1,455
O=C1NC(=O)c2c(Oc3ccc(S(=O)(=O)c4ccc(Oc5cccc6c5C(=O)N(c5ccc(Oc7ccccc7)cc5)C6=O)cc4)cc3)cccc21,N2,5,1,458
O=C1NC(=O)c2cc(Oc3ccc(S(=O)(=O)c4ccc(Oc5ccc6c(c5)C(=O)N(c5ccc(Oc7ccccc7)cc5)C6=O)cc4)cc3)ccc21,air,5,1,470
O=C1NC(=O)c2cc(Oc3ccc(S(=O)(=O)c4ccc(Oc5ccc6c(c5)C(=O)N(c5ccc(Oc7ccccc7)cc5)C6=O)cc4)cc3)ccc21,N2,5,1,470
O=C1NC(=O)c2cc(Oc3ccc(S(=O)(=O)c4ccc(Oc5ccc6c(c5)C(=O)N(c5ccc(Oc7cccc(Oc8ccccc8)c7)cc5)C6=O)cc4)cc3)ccc21,air,5,1,480
O=C1NC(=O)c2cc(Oc3ccc(S(=O)(=O)c4ccc(Oc5ccc6c(c5)C(=O)N(c5ccc(Oc7cccc(Oc8ccccc8)c7)cc5)C6=O)cc4)cc3)ccc21,N2,5,1,460
O=C1NC(=O)c2c(Oc3ccc(S(=O)(=O)c4ccc(Oc5cccc6c5C(=O)N(c5ccc(Oc7cccc(Oc8ccccc8)c7)cc5)C6=O)cc4)cc3)cccc21,air,5,1,440
O=C1NC(=O)c2c(Oc3ccc(S(=O)(=O)c4ccc(Oc5cccc6c5C(=O)N(c5ccc(Oc7cccc(Oc8ccccc8)c7)cc5)C6=O)cc4)cc3)cccc21,N2,5,1,455
O=C1NC(=O)c2c(Oc3cccc(Oc4cccc5c4C(=O)N(c4ccc(Oc6ccccc6)cc4)C5=O)c3)cccc21,air,5,1,490
O=C1NC(=O)c2c(Oc3cccc(Oc4cccc5c4C(=O)N(c4ccc(Oc6ccccc6)cc4)C5=O)c3)cccc21,N2,5,1,480
O=C1NC(=O)c2cc(Oc3cccc(Oc4ccc5c(c4)C(=O)N(c4ccc(Oc6ccccc6)cc4)C5=O)c3)ccc21,air,5,1,480
O=C1NC(=O)c2cc(Oc3cccc(Oc4ccc5c(c4)C(=O)N(c4ccc(Oc6ccccc6)cc4)C5=O)c3)ccc21,N2,5,1,520
O=C1NC(=O)c2c(Oc3cccc(Oc4cccc5c4C(=O)N(c4ccc(Oc6cccc(Oc7ccccc7)c6)cc4)C5=O)c3)cccc21,air,5,1,460
O=C1NC(=O)c2c(Oc3cccc(Oc4cccc5c4C(=O)N(c4ccc(Oc6cccc(Oc7ccccc7)c6)cc4)C5=O)c3)cccc21,N2,5,1,480
O=C1NC(=O)c2cc(Oc3cccc(Oc4ccc5c(c4)C(=O)N(c4ccccc4)C5=O)c3)ccc21,air,5,1,500
O=C1NC(=O)c2cc(Oc3cccc(Oc4ccc5c(c4)C(=O)N(c4ccccc4)C5=O)c3)ccc21,N2,5,1,515
O=C1NC(=O)c2c(Oc3cccc(Oc4cccc5c4C(=O)N(c4ccccc4)C5=O)c3)cccc21,air,5,1,460
O=C1NC(=O)c2c(Oc3cccc(Oc4cccc5c4C(=O)N(c4ccccc4)C5=O)c3)cccc21,N2,5,1,500
O=C1NC(=O)c2c(Oc3ccc(Oc4cccc5c4C(=O)N(c4ccc(Oc6ccccc6)cc4)C5=O)cc3)cccc21,air,5,1,475
O=C1NC(=O)c2c(Oc3ccc(Oc4cccc5c4C(=O)N(c4ccc(Oc6ccccc6)cc4)C5=O)cc3)cccc21,N2,5,1,505
O=C1NC(=O)c2c(Oc3ccc(Oc4cccc5c4C(=O)N(c4ccc(Oc6cccc(Oc7ccccc7)c6)cc4)C5=O)cc3)cccc21,air,5,1,450
O=C1NC(=O)c2c(Oc3ccc(Oc4cccc5c4C(=O)N(c4ccc(Oc6cccc(Oc7ccccc7)c6)cc4)C5=O)cc3)cccc21,N2,5,1,460
O=C1NC(=O)c2cc(Oc3ccc(Oc4ccc5c(c4)C(=O)N(c4ccc(Oc6cccc(Oc7ccccc7)c6)cc4)C5=O)cc3)ccc21,air,5,1,465
O=C1NC(=O)c2cc(Oc3ccc(Oc4ccc5c(c4)C(=O)N(c4ccc(Oc6cccc(Oc7ccccc7)c6)cc4)C5=O)cc3)ccc21,N2,5,1,520
O=C1NC(=O)c2cc(Oc3ccc(Oc4ccc5c(c4)C(=O)N(c4ccccc4)C5=O)cc3)ccc21,air,5,1,485
O=C1NC(=O)c2cc(Oc3ccc(Oc4ccc5c(c4)C(=O)N(c4ccccc4)C5=O)cc3)ccc21,N2,5,1,490
O=C1NC(=O)c2c(Oc3ccc(Oc4cccc5c4C(=O)N(c4ccccc4)C5=O)cc3)cccc21,air,5,1,400
O=C1NC(=O)c2c(Oc3ccc(Oc4cccc5c4C(=O)N(c4ccccc4)C5=O)cc3)cccc21,N2,5,1,480
O=C1NC(=O)c2cc(Oc3ccc(Oc4ccc(Oc5ccc6c(c5)C(=O)N(c5ccccc5)C6=O)cc4)cc3)ccc21,air,5,1,500
O=C1NC(=O)c2cc(Oc3ccc(Oc4ccc(Oc5ccc6c(c5)C(=O)N(c5ccccc5)C6=O)cc4)cc3)ccc21,N2,5,1,490
O=C1NC(=O)c2c(Oc3ccc(Oc4ccc(Oc5cccc6c5C(=O)N(c5ccccc5)C6=O)cc4)cc3)cccc21,air,5,1,480
O=C1NC(=O)c2c(Oc3ccc(Oc4ccc(Oc5cccc6c5C(=O)N(c5ccccc5)C6=O)cc4)cc3)cccc21,N2,5,1,480
O=C1NC(=O)c2c(Oc3ccc(Oc4ccc(Oc5cccc6c5C(=O)N(c5ccc(Oc7ccccc7)cc5)C6=O)cc4)cc3)cccc21,air,5,1,470
O=C1NC(=O)c2c(Oc3ccc(Oc4ccc(Oc5cccc6c5C(=O)N(c5ccc(Oc7ccccc7)cc5)C6=O)cc4)cc3)cccc21,N2,5,1,503
O=C1NC(=O)c2cc(Oc3ccc(Oc4ccc(Oc5ccc6c(c5)C(=O)N(c5ccc(Oc7ccccc7)cc5)C6=O)cc4)cc3)ccc21,air,5,1,480
O=C1NC(=O)c2cc(Oc3ccc(Oc4ccc(Oc5ccc6c(c5)C(=O)N(c5ccc(Oc7ccccc7)cc5)C6=O)cc4)cc3)ccc21,N2,5,1,510
O=C1NC(=O)c2cc(Oc3ccc(Oc4ccc(Oc5ccc6c(c5)C(=O)N(c5ccc(Oc7cccc(Oc8ccccc8)c7)cc5)C6=O)cc4)cc3)ccc21,air,5,1,482
O=C1NC(=O)c2cc(Oc3ccc(Oc4ccc(Oc5ccc6c(c5)C(=O)N(c5ccc(Oc7cccc(Oc8ccccc8)c7)cc5)C6=O)cc4)cc3)ccc21,N2,5,1,530
O=C1NC(=O)c2c(Oc3ccc(Oc4ccc(Oc5cccc6c5C(=O)N(c5ccc(Oc7cccc(Oc8ccccc8)c7)cc5)C6=O)cc4)cc3)cccc21,air,5,1,480
O=C1NC(=O)c2c(Oc3ccc(Oc4ccc(Oc5cccc6c5C(=O)N(c5ccc(Oc7cccc(Oc8ccccc8)c7)cc5)C6=O)cc4)cc3)cccc21,N2,5,1,480
CC(C)c1ccc2c(c1)C(=O)N(c1ccc(Cc3ccc(N4C(=O)c5ccccc5C4=O)cc3)cc1)C2=O,N2,20,0,540.2
CC(C)c1ccc2c(c1)C(=O)N(c1ccc(C(C)(C)c3ccc(N4C(=O)c5ccccc5C4=O)cc3)cc1)C2=O,N2,20,5,480
O=C1NC(=O)c2cc(Oc3ccc(Oc4ccc5c(c4)C(=O)N(c4ccc(Oc6ccccc6)cc4)C5=O)cc3)ccc21,air,5,1,486
O=C1NC(=O)c2cc(Oc3ccc(Oc4ccc5c(c4)C(=O)N(c4ccc(Oc6ccccc6)cc4)C5=O)cc3)ccc21,N2,5,1,553
O=CNCCNC(=O)c1ccc(N2C(=O)c3ccccc3C2=O)cc1,air,10,0,330
O=CNCCCCCCNC(=O)c1ccc(N2C(=O)c3ccccc3C2=O)cc1,air,10,0,330
O=CNc1ccc(Cc2ccc(NC(=O)c3ccc(N4C(=O)c5ccccc5C4=O)cc3)cc2)cc1,air,5,0,300
O=CNC1CCC(CC2CCC(NC(=O)c3ccc(N4C(=O)c5ccccc5C4=O)cc3)CC2)CC1,air,5,5,380
O=C1NC(=O)c2cc(Oc3ccc4c(c3)C(=O)N(c3ccc(Cc5ccccc5)cc3)C4=O)ccc21,N2,20,5,575
O=C1NC(=O)c2cc(Oc3ccc4c(c3)C(=O)N(c3ccc(Cc5ccccc5)cc3)C4=O)ccc21,air,10,5,533
O=C1CC(Nc2ccc(Cc3ccc(NC4CC(=O)N(c5ccc(Cc6ccccc6)cc5)C4=O)cc3)cc2)C(=O)N1,N2,10,5,405
N#Cc1ccc(Oc2ccccc2Cc2cccc(Cc3ccccc3O)c2Oc2ccc(C#N)c(C#N)c2)cc1C#N,N2,10,5,459.1
N#Cc1ccc(Oc2ccccc2Cc2cccc(Cc3ccccc3O)c2Oc2ccc(C#N)c(C#N)c2)cc1C#N,N2,10,10,508.1
N#Cc1ccc(Oc2ccccc2Cc2cccc(Cc3ccccc3O)c2Oc2ccc(C#N)c(C#N)c2)cc1C#N,air,10,5,438.5
N#Cc1ccc(Oc2ccccc2Cc2cccc(Cc3ccccc3O)c2Oc2ccc(C#N)c(C#N)c2)cc1C#N,air,10,10,486.9
O=C(Nc1ccccc1)c1cccc(C(=O)Nc2ccc(-n3c(=O)c4cc5c(=O)[nH]c(=O)c5cc4c3=O)cc2)c1,N2,10,0,515
O=C(Nc1ccccc1)c1cccc(C(=O)Nc2ccc(-n3c(=O)c4cc5c(=O)[nH]c(=O)c5cc4c3=O)cc2)c1,N2,10,10,525
O=C(Nc1ccccc1)c1cccc(C(=O)Nc2ccc(-n3c(=O)c4cc5c(=O)[nH]c(=O)c5cc4c3=O)cc2)c1,air,15,0,430
O=C(Nc1ccccc1)c1cccc(C(=O)Nc2ccc(-n3c(=O)c4cc5c(=O)[nH]c(=O)c5cc4c3=O)cc2)c1,air,15,10,519
O=C1NC(=O)c2cc(-c3ccc4c(c3)C(=O)N(c3cccc(Oc5ccccc5)c3)C4=O)ccc21,air,10,1,550
O=C1NC(=O)c2cc(-c3ccc4c(c3)C(=O)N(c3cccc(Oc5ccccc5)c3)C4=O)ccc21,air,10,5,580
O=C1NC(=O)c2cc(-c3ccc4c(c3)C(=O)N(c3cccc(Oc5ccccc5)c3)C4=O)ccc21,N2,10,1,548
O=C1NC(=O)c2cc(-c3ccc4c(c3)C(=O)N(c3cccc(Oc5ccccc5)c3)C4=O)ccc21,N2,10,5,580
O=CNc1ccccc1NC(=O)c1ccc(N2C(=O)c3ccccc3C2=O)cc1,air,10,15,400
O=CNc1cccc(NC(=O)/C=C/c2cccc(N3C(=O)c4ccccc4C3=O)c2)c1,air,10,0,250
O=CNc1cccc(/C=C/C(=O)/C=C/c2cccc(NC(=O)c3ccc(N4C(=O)c5ccccc5C4=O)cc3)c2)c1,air,10,0,270
O=COCCOC(=O)c1ccccc1N1C(=O)c2ccccc2C1=O,air,5,10,280
CC(C)CCCCC(C)(C)c1ccc2c(c1)C(=O)N(c1ccc(Oc3ccc(N4C(=O)c5ccccc5C4=O)cc3)cc1)C2=O,N2,10,50,510
CC(C)CCCCC(C)(C)c1ccc2c(c1)C(=O)N(c1ccc(Oc3ccc(N4C(=O)c5ccccc5C4=O)cc3)cc1)C2=O,air,10,50,560
O=c1[nH]c(=O)c2cc3c(=O)n(-c4ccc(Oc5cccc6c(Oc7ccccc7)cccc56)cc4)c(=O)c3cc12,N2,20,10,574
O=c1[nH]c(=O)c2cc3c(=O)n(-c4ccc(Oc5cccc6c(Oc7ccccc7)cccc56)cc4)c(=O)c3cc12,air,20,10,561
O=C1NC(=O)c2cc(-c3ccc4c(c3)C(=O)N(c3ccc(Oc5cccc6c(Oc7ccccc7)cccc56)cc3)C4=O)ccc21,N2,20,10,571
O=C1NC(=O)c2cc(-c3ccc4c(c3)C(=O)N(c3ccc(Oc5cccc6c(Oc7ccccc7)cccc56)cc3)C4=O)ccc21,air,20,10,566
O=Cc1ccc2c(c1)C(=O)N(c1ccc(Oc3cccc4c(Oc5ccc(N6C(=O)c7ccccc7C6=O)cc5)cccc34)cc1)C2=O,N2,20,10,555
O=Cc1ccc2c(c1)C(=O)N(c1ccc(Oc3cccc4c(Oc5ccc(N6C(=O)c7ccccc7C6=O)cc5)cccc34)cc1)C2=O,air,20,10,540
O=C1NC(=O)c2cc(S(=O)(=O)c3ccc4c(c3)C(=O)N(c3ccc(Oc5cccc6c(Oc7ccccc7)cccc56)cc3)C4=O)ccc21,N2,20,10,543
O=C1NC(=O)c2cc(S(=O)(=O)c3ccc4c(c3)C(=O)N(c3ccc(Oc5cccc6c(Oc7ccccc7)cccc56)cc3)C4=O)ccc21,air,20,10,540
O=CNc1cccc(NC(=O)c2ccc3c(c2)C(=O)N(c2ccc(Oc4cccc5c(Oc6ccc(N7C(=O)c8ccccc8C7=O)cc6)cccc45)cc2)C3=O)c1,N2,20,10,550
O=CNc1cccc(NC(=O)c2ccc3c(c2)C(=O)N(c2ccc(Oc4cccc5c(Oc6ccc(N7C(=O)c8ccccc8C7=O)cc6)cccc45)cc2)C3=O)c1,air,20,10,516
O=CNc1ccc(Oc2ccc(NC(=O)c3ccc4c(c3)C(=O)N(c3ccc(Oc5cccc6c(Oc7ccc(N8C(=O)c9ccccc9C8=O)cc7)cccc56)cc3)C4=O)cc2)cc1,N2,20,10,537
O=CNc1ccc(Oc2ccc(NC(=O)c3ccc4c(c3)C(=O)N(c3ccc(Oc5cccc6c(Oc7ccc(N8C(=O)c9ccccc9C8=O)cc7)cccc56)cc3)C4=O)cc2)cc1,air,20,10,504
O=CNc1ccc(Oc2cccc(NC(=O)c3ccc4c(c3)C(=O)N(c3ccc(Oc5cccc6c(Oc7ccc(N8C(=O)c9ccccc9C8=O)cc7)cccc56)cc3)C4=O)c2)cc1,N2,20,10,560
O=CNc1ccc(Oc2cccc(NC(=O)c3ccc4c(c3)C(=O)N(c3ccc(Oc5cccc6c(Oc7ccc(N8C(=O)c9ccccc9C8=O)cc7)cccc56)cc3)C4=O)c2)cc1,air,20,10,517
O=CNc1ccc(Sc2ccc(NC(=O)c3ccc4c(c3)C(=O)N(c3ccc(Oc5cccc6c(Oc7ccc(N8C(=O)c9ccccc9C8=O)cc7)cccc56)cc3)C4=O)cc2)cc1,N2,20,10,552
O=CNc1ccc(Sc2ccc(NC(=O)c3ccc4c(c3)C(=O)N(c3ccc(Oc5cccc6c(Oc7ccc(N8C(=O)c9ccccc9C8=O)cc7)cccc56)cc3)C4=O)cc2)cc1,air,20,10,507
O=CNc1ccc(Oc2ccc(Oc3ccc(NC(=O)c4ccc5c(c4)C(=O)N(c4ccc(Oc6cccc7c(Oc8ccc(N9C(=O)c%10ccccc%10C9=O)cc8)cccc67)cc4)C5=O)cc3)cc2)cc1,N2,20,10,558
O=CNc1ccc(Oc2ccc(Oc3ccc(NC(=O)c4ccc5c(c4)C(=O)N(c4ccc(Oc6cccc7c(Oc8ccc(N9C(=O)c%10ccccc%10C9=O)cc8)cccc67)cc4)C5=O)cc3)cc2)cc1,air,20,10,519
O=CNc1ccc(Oc2cccc(Oc3ccc(NC(=O)c4ccc5c(c4)C(=O)N(c4ccc(Oc6cccc7c(Oc8ccc(N9C(=O)c%10ccccc%10C9=O)cc8)cccc67)cc4)C5=O)cc3)c2)cc1,N2,20,10,562
O=CNc1ccc(Oc2cccc(Oc3ccc(NC(=O)c4ccc5c(c4)C(=O)N(c4ccc(Oc6cccc7c(Oc8ccc(N9C(=O)c%10ccccc%10C9=O)cc8)cccc67)cc4)C5=O)cc3)c2)cc1,air,20,10,520
O=CNc1ccc(Oc2ccc(-c3ccc(Oc4ccc(NC(=O)c5ccc6c(c5)C(=O)N(c5ccc(Oc7cccc8c(Oc9ccc(N%10C(=O)c%11ccccc%11C%10=O)cc9)cccc78)cc5)C6=O)cc4)cc3)cc2)cc1,N2,20,10,532
O=CNc1ccc(Oc2ccc(-c3ccc(Oc4ccc(NC(=O)c5ccc6c(c5)C(=O)N(c5ccc(Oc7cccc8c(Oc9ccc(N%10C(=O)c%11ccccc%11C%10=O)cc9)cccc78)cc5)C6=O)cc4)cc3)cc2)cc1,air,20,10,518
CC(C)(c1ccc(NC=O)cc1)c1ccc(NC(=O)c2ccc3c(c2)C(=O)N(c2ccc(Oc4cccc5c(Oc6ccc(N7C(=O)c8ccccc8C7=O)cc6)cccc45)cc2)C3=O)cc1,N2,20,10,539
CC(C)(c1ccc(NC=O)cc1)c1ccc(NC(=O)c2ccc3c(c2)C(=O)N(c2ccc(Oc4cccc5c(Oc6ccc(N7C(=O)c8ccccc8C7=O)cc6)cccc45)cc2)C3=O)cc1,air,20,10,519
CC(C)(c1ccc(Oc2ccc(NC=O)cc2)cc1)c1ccc(Oc2ccc(NC(=O)c3ccc4c(c3)C(=O)N(c3ccc(Oc5cccc6c(Oc7ccc(N8C(=O)c9ccccc9C8=O)cc7)cccc56)cc3)C4=O)cc2)cc1,N2,20,10,547
CC(C)(c1ccc(Oc2ccc(NC=O)cc2)cc1)c1ccc(Oc2ccc(NC(=O)c3ccc4c(c3)C(=O)N(c3ccc(Oc5cccc6c(Oc7ccc(N8C(=O)c9ccccc9C8=O)cc7)cccc56)cc3)C4=O)cc2)cc1,air,20,10,516
O=CNc1ccc(Oc2ccc(S(=O)(=O)c3ccc(Oc4ccc(NC(=O)c5ccc6c(c5)C(=O)N(c5ccc(Oc7cccc8c(Oc9ccc(N%10C(=O)c%11ccccc%11C%10=O)cc9)cccc78)cc5)C6=O)cc4)cc3)cc2)cc1,N2,20,10,539
O=CNc1ccc(Oc2ccc(S(=O)(=O)c3ccc(Oc4ccc(NC(=O)c5ccc6c(c5)C(=O)N(c5ccc(Oc7cccc8c(Oc9ccc(N%10C(=O)c%11ccccc%11C%10=O)cc9)cccc78)cc5)C6=O)cc4)cc3)cc2)cc1,air,20,10,500
O=CNc1ccc(-c2sc(-c3ccc(NC(=O)c4ccc5c(c4)C(=O)N(c4ccc(Oc6cccc7c(Oc8ccc(N9C(=O)c%10ccccc%10C9=O)cc8)cccc67)cc4)C5=O)cc3)c(-c3ccccc3)c2-c2ccccc2)cc1,N2,20,10,576
O=CNc1ccc(-c2sc(-c3ccc(NC(=O)c4ccc5c(c4)C(=O)N(c4ccc(Oc6cccc7c(Oc8ccc(N9C(=O)c%10ccccc%10C9=O)cc8)cccc67)cc4)C5=O)cc3)c(-c3ccccc3)c2-c2ccccc2)cc1,air,20,10,523
O=CNc1ccc(Oc2cccc3c(Oc4ccc(NC(=O)c5ccc6c(c5)C(=O)N(c5ccc(Oc7cccc8c(Oc9ccc(N%10C(=O)c%11ccccc%11C%10=O)cc9)cccc78)cc5)C6=O)cc4)cccc23)cc1,N2,20,10,561
O=CNc1ccc(Oc2cccc3c(Oc4ccc(NC(=O)c5ccc6c(c5)C(=O)N(c5ccc(Oc7cccc8c(Oc9ccc(N%10C(=O)c%11ccccc%11C%10=O)cc9)cccc78)cc5)C6=O)cc4)cccc23)cc1,air,20,10,505
CC(C)c1ccc2c(c1)C(=O)N(c1ccc(N3C(=O)c4ccccc4C3=O)cc1)C2=O,air,10,5,525
O=c1[nH]c(=O)c2cc3c(=O)n(-c4ccc(Oc5cc6ccccc6cc5Oc5ccccc5)cc4)c(=O)c3cc12,N2,20,10,574
O=c1[nH]c(=O)c2cc3c(=O)n(-c4ccc(Oc5cc6ccccc6cc5Oc5ccccc5)cc4)c(=O)c3cc12,air,20,10,568
O=C1NC(=O)c2cc(-c3ccc4c(c3)C(=O)N(c3ccc(Oc5cc6ccccc6cc5Oc5ccccc5)cc3)C4=O)ccc21,N2,20,10,578
O=C1NC(=O)c2cc(-c3ccc4c(c3)C(=O)N(c3ccc(Oc5cc6ccccc6cc5Oc5ccccc5)cc3)C4=O)ccc21,air,20,10,569
O=C1NC(=O)c2cc(Oc3ccc4c(c3)C(=O)N(c3ccc(Oc5cc6ccccc6cc5Oc5ccccc5)cc3)C4=O)ccc21,N2,20,10,563
O=C1NC(=O)c2cc(Oc3ccc4c(c3)C(=O)N(c3ccc(Oc5cc6ccccc6cc5Oc5ccccc5)cc3)C4=O)ccc21,air,20,10,554
O=Cc1ccc2c(c1)C(=O)N(c1ccc(Oc3cc4ccccc4cc3Oc3ccc(N4C(=O)c5ccccc5C4=O)cc3)cc1)C2=O,N2,20,10,561
O=Cc1ccc2c(c1)C(=O)N(c1ccc(Oc3cc4ccccc4cc3Oc3ccc(N4C(=O)c5ccccc5C4=O)cc3)cc1)C2=O,air,20,10,554
O=C1NC(=O)c2cc(S(=O)(=O)c3ccc4c(c3)C(=O)N(c3ccc(Oc5cc6ccccc6cc5Oc5ccccc5)cc3)C4=O)ccc21,N2,20,10,523
O=C1NC(=O)c2cc(S(=O)(=O)c3ccc4c(c3)C(=O)N(c3ccc(Oc5cc6ccccc6cc5Oc5ccccc5)cc3)C4=O)ccc21,air,20,10,518
N#Cc1ccc(Oc2ccccc2N)cc1C#N,N2,10,5,527
N#Cc1ccc(Oc2ccccc2N)cc1C#N,air,10,5,505
N#Cc1ccc(Oc2cccc(N)c2)cc1C#N,N2,20,5,430
N#Cc1ccc(Oc2cccc(N)c2)cc1C#N,air,20,5,441
N#Cc1ccc(Oc2ccc(N)cc2)cc1C#N,air,20,5,269
O=C1c2ccc(C#Cc3cccc(C(F)(F)F)c3)cc2C(=O)N1c1ccc(Oc2cccc(N3C(=O)c4cccc(-c5ccc6c(c5)C(=O)N(c5ccc(Oc7cccc(N8C(=O)c9ccc(C#Cc%10cccc(C(F)(F)F)c%10)cc9C8=O)c7)cc5)C6=O)c4C3=O)c2)cc1,N2,20,0,583
O=C1c2ccc(C#Cc3cccc(C(F)(F)F)c3)cc2C(=O)N1c1ccc(Oc2cccc(N3C(=O)c4cccc(-c5ccc6c(c5)C(=O)N(c5ccc(Oc7cccc(N8C(=O)c9ccc(C#Cc%10cccc(C(F)(F)F)c%10)cc9C8=O)c7)cc5)C6=O)c4C3=O)c2)cc1,N2,20,10,603
O=C1c2ccc(C#Cc3cc(C(F)(F)F)cc(C(F)(F)F)c3)cc2C(=O)N1c1ccc(Oc2cccc(N3C(=O)c4cccc(-c5ccc6c(c5)C(=O)N(c5ccc(Oc7cccc(N8C(=O)c9ccc(C#Cc%10cc(C(F)(F)F)cc(C(F)(F)F)c%10)cc9C8=O)c7)cc5)C6=O)c4C3=O)c2)cc1,N2,20,0,583
O=C1c2ccc(C#Cc3cc(C(F)(F)F)cc(C(F)(F)F)c3)cc2C(=O)N1c1ccc(Oc2cccc(N3C(=O)c4cccc(-c5ccc6c(c5)C(=O)N(c5ccc(Oc7cccc(N8C(=O)c9ccc(C#Cc%10cc(C(F)(F)F)cc(C(F)(F)F)c%10)cc9C8=O)c7)cc5)C6=O)c4C3=O)c2)cc1,N2,20,10,598
O=C(c1ccc(C#Cc2ccccc2)cc1)c1cc(-n2c(=O)c3cc4c(=O)n(-c5ccc(Oc6cccc(-n7c(=O)c8cc9c(=O)n(-c%10ccc(Oc%11cccc(N%12C(=O)c%13ccc(C#Cc%14ccccc%14)cc%13C%12=O)c%11)cc%10)c(=O)c9cc8c7=O)c6)cc5)c(=O)c4cc3c2=O)cc(-n2c(=O)c3cc4c(=O)n(-c5cccc(Oc6ccc(N7C(=O)c8ccc(C#Cc9ccccc9)cc8C7=O)cc6)c5)c(=O)c4cc3c2=O)c1,air,5,5,481
CC(COC(C)CN1C(=O)C=CC1=O)OCC(C)N1C(=O)C=CC1=O,air,20,5,381
O=C(CN1C(=O)C=CC1=O)OCC(F)(OC(F)(F)C(F)(F)C(F)(F)F)C(F)(F)F,air,20,5,336
O=C(CN1C(=O)C=CC1=O)OCCCOCC(F)(F)OC(F)(F)OC(F)(F)C(F)(F)OC(F)(F)COCCCOC(=O)CN1C(=O)C=CC1=O,air,20,5,326
O=C(c1ccc(Oc2cccc(N3C(=O)c4ccc(C#Cc5ccccc5)cc4C3=O)c2)cc1)c1cccc(C(=O)c2ccc(Oc3cccc(N4C(=O)c5ccc(C#Cc6ccccc6)cc5C4=O)c3)cc2)c1,N2,5,5,554
O=C(c1ccc(Oc2cccc(N3C(=O)c4ccc(C#Cc5ccccc5)cc4C3=O)c2)cc1)c1cccc(C(=O)c2ccc(Oc3cccc(N4C(=O)c5ccc(C#Cc6ccccc6)cc5C4=O)c3)cc2)c1,N2,5,10,587
O=C(c1ccc(Oc2cccc(N3C(=O)c4ccc(C#Cc5ccccc5)cc4C3=O)c2)cc1)c1cccc(C(=O)c2ccc(Oc3cccc(N4C(=O)c5ccc(C#Cc6ccccc6)cc5C4=O)c3)cc2)c1,air,5,5,531
O=C(c1ccc(Oc2cccc(N3C(=O)c4ccc(C#Cc5ccccc5)cc4C3=O)c2)cc1)c1cccc(C(=O)c2ccc(Oc3cccc(N4C(=O)c5ccc(C#Cc6ccccc6)cc5C4=O)c3)cc2)c1,air,5,10,548
CC(C)(c1ccc(Oc2ccc(N3C(=O)C=CC3=O)cc2)cc1)c1ccc(N2C(=O)C=CC2=O)cc1,N2,10,5,471
CCC(C)(c1ccc(Oc2ccc(N3C(=O)C=CC3=O)cc2)cc1)c1ccc(N2C(=O)C=CC2=O)cc1,N2,10,5,468
CC(c1ccccc1)(c1ccc(Oc2ccc(N3C(=O)C=CC3=O)cc2)cc1)c1ccc(N2C(=O)C=CC2=O)cc1,N2,10,5,466
C#Cc1cccc(N2COc3ccc(N4C(=O)c5ccc(C(c6ccc7c(c6)C(=O)N(c6ccc8c(c6)CN(c6cccc(C#C)c6)CO8)C7=O)(C(F)(F)F)C(F)(F)F)cc5C4=O)cc3C2)c1,N2,10,5,422
C#Cc1cccc(N2COc3ccc(N4C(=O)c5ccc(C(c6ccc7c(c6)C(=O)N(c6ccc8c(c6)CN(c6cccc(C#C)c6)CO8)C7=O)(C(F)(F)F)C(F)(F)F)cc5C4=O)cc3C2)c1,N2,10,10,478
CCc1cccc(CC)c1N1C(=O)CCC1=O,N2,10,0,378
Cc1ccccc1N1C(=O)CCC1=O,N2,10,0,392
CCc1cccc(CC)c1N1C(=O)CC(C(C)(C)C)C1=O,N2,10,0,373
CCc1cccc(CC)c1N1C(=O)CC(C(C)(C)C)C1=O,N2,10,100,500
O=c1[nH]c(=O)c2cc3c(=O)n(-c4cccc(-c5nc6ccccc6[nH]5)c4)c(=O)c3cc12,N2,20,10,545
O=Cc1ccc2c(c1)C(=O)N(c1cc(-c3nc4ccccc4[nH]3)cc(N3C(=O)c4ccccc4C3=O)c1)C2=O,N2,20,10,556
O=C(c1ccc(-c2ccc(N3C(=O)c4ccc(C#Cc5ccccc5)cc4C3=O)cc2)cc1)c1cc(C(=O)c2ccc(-c3ccc(N4C(=O)c5ccc(C#Cc6ccccc6)cc5C4=O)cc3)cc2)cc(C(=O)c2ccc(-c3ccc(N4C(=O)c5ccc(C#Cc6ccccc6)cc5C4=O)cc3)cc2)c1,N2,5,5,547
O=C(c1ccc(-c2ccc(N3C(=O)c4ccc(C#Cc5ccccc5)cc4C3=O)cc2)cc1)c1cc(C(=O)c2ccc(-c3ccc(N4C(=O)c5ccc(C#Cc6ccccc6)cc5C4=O)cc3)cc2)cc(C(=O)c2ccc(-c3ccc(N4C(=O)c5ccc(C#Cc6ccccc6)cc5C4=O)cc3)cc2)c1,N2,5,10,569
O=C(c1ccc(-c2ccc(N3C(=O)c4ccc(C#Cc5ccccc5)cc4C3=O)cc2)cc1)c1cc(C(=O)c2ccc(-c3ccc(N4C(=O)c5ccc(C#Cc6ccccc6)cc5C4=O)cc3)cc2)cc(C(=O)c2ccc(-c3ccc(N4C(=O)c5ccc(C#Cc6ccccc6)cc5C4=O)cc3)cc2)c1,air,5,5,525
O=C(c1ccc(-c2ccc(N3C(=O)c4ccc(C#Cc5ccccc5)cc4C3=O)cc2)cc1)c1cc(C(=O)c2ccc(-c3ccc(N4C(=O)c5ccc(C#Cc6ccccc6)cc5C4=O)cc3)cc2)cc(C(=O)c2ccc(-c3ccc(N4C(=O)c5ccc(C#Cc6ccccc6)cc5C4=O)cc3)cc2)c1,air,5,10,546
O=C(c1ccc(-c2cccc(N3C(=O)c4ccc(C#Cc5ccccc5)cc4C3=O)c2)cc1)c1cc(C(=O)c2ccc(-c3cccc(N4C(=O)c5ccc(C#Cc6ccccc6)cc5C4=O)c3)cc2)cc(C(=O)c2ccc(-c3cccc(N4C(=O)c5ccc(C#Cc6ccccc6)cc5C4=O)c3)cc2)c1,N2,5,5,535
O=C(c1ccc(-c2cccc(N3C(=O)c4ccc(C#Cc5ccccc5)cc4C3=O)c2)cc1)c1cc(C(=O)c2ccc(-c3cccc(N4C(=O)c5ccc(C#Cc6ccccc6)cc5C4=O)c3)cc2)cc(C(=O)c2ccc(-c3cccc(N4C(=O)c5ccc(C#Cc6ccccc6)cc5C4=O)c3)cc2)c1,N2,5,10,564
O=C(c1ccc(-c2cccc(N3C(=O)c4ccc(C#Cc5ccccc5)cc4C3=O)c2)cc1)c1cc(C(=O)c2ccc(-c3cccc(N4C(=O)c5ccc(C#Cc6ccccc6)cc5C4=O)c3)cc2)cc(C(=O)c2ccc(-c3cccc(N4C(=O)c5ccc(C#Cc6ccccc6)cc5C4=O)c3)cc2)c1,air,5,5,520
O=C(c1ccc(-c2cccc(N3C(=O)c4ccc(C#Cc5ccccc5)cc4C3=O)c2)cc1)c1cc(C(=O)c2ccc(-c3cccc(N4C(=O)c5ccc(C#Cc6ccccc6)cc5C4=O)c3)cc2)cc(C(=O)c2ccc(-c3cccc(N4C(=O)c5ccc(C#Cc6ccccc6)cc5C4=O)c3)cc2)c1,air,5,10,550
C#Cc1cccc(N2COc3ccc(N4C(=O)c5ccc(Oc6ccc(C(C)(C)c7ccc(Oc8ccc9c(c8)C(=O)N(c8ccc%10c(c8)CN(c8cccc(C#C)c8)CO%10)C9=O)cc7)cc6)cc5C4=O)cc3C2)c1,N2,10,5,393
C#Cc1cccc(N2COc3ccc(N4C(=O)c5ccc(Oc6ccc(C(C)(C)c7ccc(Oc8ccc9c(c8)C(=O)N(c8ccc%10c(c8)CN(c8cccc(C#C)c8)CO%10)C9=O)cc7)cc6)cc5C4=O)cc3C2)c1,N2,10,10,432
O=C1C=CC(=O)N1c1cccc(-c2nc3ccc(N4C(=O)C=CC4=O)cc3nc2-c2cccc(N3C(=O)C=CC3=O)c2)c1,N2,20,5,513
O=C1C=CC(=O)N1c1cccc(-c2nc3ccc(N4C(=O)C=CC4=O)cc3nc2-c2cccc(N3C(=O)C=CC3=O)c2)c1,N2,20,10,524
c1ccc(N2COc3ccccc3C2)cc1,N2,20,10,362
c1ccc(N2COc3ccccc3C2)cc1,air,10,5,336
c1ccc(N2COc3ccccc3C2)cc1,Ar,5,5,342
c1ccc(N2COc3ccccc3C2)cc1,Ar,5,10,369
O=C1C=CC(=O)N1c1ccc(Cc2ccc(N3C(=O)C=CC3=O)cc2)cc1,N2,10,5,438
O=C1C=CC(=O)N1c1ccc(Cc2ccc(N3C(=O)C=CC3=O)cc2)cc1,air,10,0,416
CCCCCCN1COc2ccc(C(C)(C)c3ccc4c(c3)CNCO4)cc2C1,N2,5,5,307
CCCCCCN1COc2ccc(C(C)(C)c3ccc4c(c3)CNCO4)cc2C1,N2,5,10,336
N#Cc1c(Oc2ccc(C3(c4ccc(Oc5ccc(N6C(=O)C=CC6=O)cc5)cc4)OC(=O)c4ccccc43)cc2)cccc1Oc1ccc(C2(c3ccc(Oc4ccc(N5C(=O)C=CC5=O)cc4)cc3)OC(=O)c3ccccc32)cc1,N2,20,5,431
N#Cc1c(Oc2ccc(C3(c4ccc(Oc5ccc(N6C(=O)C=CC6=O)cc5)cc4)OC(=O)c4ccccc43)cc2)cccc1Oc1ccc(C2(c3ccc(Oc4ccc(N5C(=O)C=CC5=O)cc4)cc3)OC(=O)c3ccccc32)cc1,N2,20,10,466
Cc1cc(C2(c3ccc(Oc4cccc(Oc5ccc(C6(c7ccc(Oc8ccc(N9C(=O)C=CC9=O)cc8)c(C)c7)OC(=O)c7ccccc76)cc5C)c4C#N)c(C)c3)OC(=O)c3ccccc32)ccc1Oc1ccc(N2C(=O)C=CC2=O)cc1,N2,20,5,427
Cc1cc(C2(c3ccc(Oc4cccc(Oc5ccc(C6(c7ccc(Oc8ccc(N9C(=O)C=CC9=O)cc8)c(C)c7)OC(=O)c7ccccc76)cc5C)c4C#N)c(C)c3)OC(=O)c3ccccc32)ccc1Oc1ccc(N2C(=O)C=CC2=O)cc1,N2,20,10,450
N#Cc1c(Oc2ccc(C3(c4ccc(Oc5ccc(N6C(=O)C=CC6=O)cc5)cc4)OC(=O)c4ccccc43)cc2)cccc1Oc1ccc(C2(c3ccc(Oc4cccc(Oc5ccc(C6(c7ccc(Oc8ccc(N9C(=O)C=CC9=O)cc8)cc7)OC(=O)c7ccccc76)cc5)c4C#N)cc3)OC(=O)c3ccccc32)cc1,N2,20,5,476
N#Cc1c(Oc2ccc(C3(c4ccc(Oc5ccc(N6C(=O)C=CC6=O)cc5)cc4)OC(=O)c4ccccc43)cc2)cccc1Oc1ccc(C2(c3ccc(Oc4cccc(Oc5ccc(C6(c7ccc(Oc8ccc(N9C(=O)C=CC9=O)cc8)cc7)OC(=O)c7ccccc76)cc5)c4C#N)cc3)OC(=O)c3ccccc32)cc1,N2,20,10,501
COc1cc(/C=C\CC2CC(=O)N(c3ccc(Cc4ccc(N5C(=O)C=CC5=O)cc4)cc3)C2=O)ccc1O,N2,10,5,255.19
COc1cc(/C=C\CC2CC(=O)N(c3ccc(Cc4ccc(N5C(=O)C=CC5=O)cc4)cc3)C2=O)ccc1OC(=O)Nc1ccc(Cc2ccc(NC(=O)Oc3ccc(/C=C/CC4CC(=O)N(c5ccc(Cc6ccc(N7C(=O)C=CC7=O)cc6)cc5)C4=O)cc3OC)cc2)cc1,N2,10,5,328.77
N#Cc1ccc(Oc2ccc(C3(c4ccc(Oc5cccc(Oc6ccc(C7(c8ccc(Oc9ccc(C#N)c(C#N)c9)cc8)c8ccccc8-c8ccccc87)cc6)c5C#N)cc4)c4ccccc4-c4ccccc43)cc2)cc1C#N,N2,10,0,513.5
N#Cc1ccc(Oc2ccc(C3(c4ccc(Oc5cccc(Oc6ccc(C7(c8ccc(Oc9ccc(C#N)c(C#N)c9)cc8)c8ccccc8-c8ccccc87)cc6)c5C#N)cc4)c4ccccc4-c4ccccc43)cc2)cc1C#N,N2,10,5,545.8
N#Cc1ccc(Oc2ccc(C3(c4ccc(Oc5cccc(Oc6ccc(C7(c8ccc(Oc9ccc(C#N)c(C#N)c9)cc8)c8ccccc8-c8ccccc87)cc6)c5C#N)cc4)c4ccccc4-c4ccccc43)cc2)cc1C#N,N2,10,10,586.5
N#Cc1ccc(Oc2ccc(C3(c4ccc(Oc5cccc(Oc6ccc(C7(c8ccc(Oc9ccc(C#N)c(C#N)c9)cc8)c8ccccc8-c8ccccc87)cc6)c5C#N)cc4)c4ccccc4-c4ccccc43)cc2)cc1C#N,air,10,5,518.1
N#Cc1ccc(Oc2ccc(C3(c4ccc(Oc5cccc(Oc6ccc(C7(c8ccc(Oc9ccc(C#N)c(C#N)c9)cc8)c8ccccc8-c8ccccc87)cc6)c5C#N)cc4)c4ccccc4-c4ccccc43)cc2)cc1C#N,air,10,10,555.5
O=C1c2ccc(C#Cc3ccccc3)cc2C(=O)N1c1ccc(C2(c3ccc(N4C(=O)c5ccc(C#Cc6ccccc6)cc5C4=O)cc3)c3ccccc3-c3ccccc32)cc1,N2,10,0,557
O=C1c2ccc(C#Cc3ccccc3)cc2C(=O)N1c1ccc(C2(c3ccc(N4C(=O)c5ccc(C#Cc6ccccc6)cc5C4=O)cc3)c3ccccc3-c3ccccc32)cc1,N2,10,5,572
O=C1c2ccc(C#Cc3ccccc3)cc2C(=O)N1c1ccc(C2(c3ccc(N4C(=O)c5ccc(C#Cc6ccccc6)cc5C4=O)cc3)c3ccccc3-c3ccccc32)cc1,N2,10,10,594
O=C1c2ccc(C#Cc3ccccc3)cc2C(=O)N1c1ccc(C2(c3ccc(N4C(=O)c5ccc(C#Cc6ccccc6)cc5C4=O)cc3)c3ccccc3-c3ccccc32)cc1,air,10,0,636
C#CCOc1ccc2c(c1)CN(c1ccccc1)CO2,N2,10,5,372
N#COc1ccccc1Cc1cccc(Cc2ccccc2OC#N)c1OC#N,air,10,0,423
N#COc1ccccc1Cc1cccc(Cc2ccccc2OC#N)c1OC#N,air,10,5,433
C#CCOc1ccc(Oc2nc(Oc3ccc(OCC#C)cc3)nc(Oc3ccc(OCC#C)cc3)n2)cc1,N2,10,5,410
C#CCOc1ccc(Oc2nc(Oc3ccc(OCC#C)cc3)nc(Oc3ccc(OCC#C)cc3)n2)cc1,N2,10,10,413
C#CCOc1ccc(Nc2nc(Nc3ccc(OCC#C)cc3)nc(Nc3ccc(OCC#C)cc3)n2)cc1,N2,10,5,443
C#CCOc1ccc(Nc2nc(Nc3ccc(OCC#C)cc3)nc(Nc3ccc(OCC#C)cc3)n2)cc1,N2,10,10,464
C#Cc1cccc(N2COc3ccccc3C2)c1,N2,10,5,424
C#Cc1cccc(N2COc3ccccc3C2)c1,air,10,5,407
O=C1c2ccc(C#Cc3ccccc3)cc2C(=O)N1c1cccc(Oc2ccc(N3C(=O)c4ccc(Oc5cccc6c5C(=O)N(c5ccc(Oc7cccc(N8C(=O)c9ccc(C#Cc%10ccccc%10)cc9C8=O)c7)cc5)C6=O)cc4C3=O)cc2)c1,N2,10,0,550
O=C1c2ccc(C#Cc3ccccc3)cc2C(=O)N1c1cccc(Oc2ccc(N3C(=O)c4ccc(Oc5cccc6c5C(=O)N(c5ccc(Oc7cccc(N8C(=O)c9ccc(C#Cc%10ccccc%10)cc9C8=O)c7)cc5)C6=O)cc4C3=O)cc2)c1,N2,10,5,564
O=C1c2ccc(C#Cc3ccccc3)cc2C(=O)N1c1cccc(Oc2ccc(N3C(=O)c4ccc(Oc5cccc6c5C(=O)N(c5ccc(Oc7cccc(N8C(=O)c9ccc(C#Cc%10ccccc%10)cc9C8=O)c7)cc5)C6=O)cc4C3=O)cc2)c1,N2,10,10,577
O=C1c2ccc(C#Cc3ccccc3)cc2C(=O)N1c1cccc(Oc2ccc(N3C(=O)c4ccc(Oc5cccc6c5C(=O)N(c5ccc(Oc7cccc(N8C(=O)c9ccc(C#Cc%10ccccc%10)cc9C8=O)c7)cc5)C6=O)cc4C3=O)cc2)c1,air,10,0,619
O=c1oc2ccccc2nc1-c1cccc(-n2c(=O)c3cc4c(=O)[nH]c(=O)c4cc3c2=O)c1,N2,20,10,437
O=Cc1ccc2c(c1)C(=O)N(c1cc(-c3nc4ccccc4oc3=O)cc(N3C(=O)c4ccccc4C3=O)c1)C2=O,N2,20,10,433
C#CCOc1ccc(-c2nc(-c3ccc(OCC#C)cc3)nc(-c3ccc(OCC#C)cc3)n2)cc1,N2,10,5,481
C#CCOc1ccc(-c2nc(-c3ccc(OCC#C)cc3)nc(-c3ccc(OCC#C)cc3)n2)cc1,N2,10,10,535
O=C1c2ccc(C#Cc3ccccc3)cc2C(=O)N1c1ccc(Oc2ccc(Oc3ccc(N4C(=O)c5ccc(Oc6ccc7c(c6)C(=O)N(c6ccc(Oc8ccc(Oc9ccc(N%10C(=O)c%11ccc(C#Cc%12ccccc%12)cc%11C%10=O)cc9)c(P(=O)(c9ccccc9)c9ccccc9)c8)cc6)C7=O)cc5C4=O)cc3)c(P(=O)(c3ccccc3)c3ccccc3)c2)cc1,air,10,0,528
CP(=O)(c1cccc(N2C(=O)c3ccc(C#Cc4ccccc4)cc3C2=O)c1)c1cccc(N2C(=O)c3ccc(Oc4ccc5c(c4)C(=O)N(c4cccc(P(C)(=O)c6cccc(N7C(=O)c8ccc(C#Cc9ccccc9)cc8C7=O)c6)c4)C5=O)cc3C2=O)c1,air,10,0,471
O=Cc1ccc(CCCc2ccc(C(=O)O)cc2)cc1,air,4,5,359
O=Cc1ccc(CCCc2ccc(C(=O)O)cc2)cc1,N2,4,5,335
O=C1C=CC(=O)N1c1cccc(Oc2ccc(N3C(=O)c4ccc(Oc5cccc6c5C(=O)N(c5ccc(Oc7cccc(N8C(=O)C=CC8=O)c7)cc5)C6=O)cc4C3=O)cc2)c1,N2,20,5,464
O=C1C=CC(=O)N1c1cccc(Oc2ccc(N3C(=O)c4ccc(Oc5cccc6c5C(=O)N(c5ccc(Oc7cccc(N8C(=O)C=CC8=O)c7)cc5)C6=O)cc4C3=O)cc2)c1,N2,20,10,497
O=C1C=CC(=O)N1c1cccc(Oc2ccc(N3C(=O)c4ccc(Oc5cccc6c5C(=O)N(c5ccc(Oc7cccc(N8C(=O)C=CC8=O)c7)cc5)C6=O)cc4C3=O)cc2)c1,air,20,5,458
O=C1C=CC(=O)N1c1cccc(Oc2ccc(N3C(=O)c4ccc(Oc5cccc6c5C(=O)N(c5ccc(Oc7cccc(N8C(=O)C=CC8=O)c7)cc5)C6=O)cc4C3=O)cc2)c1,air,20,10,521
O=C1C=CC(=O)N1c1cccc(Oc2ccc(N3C(=O)c4ccc(-c5cccc6c5C(=O)N(c5ccc(Oc7cccc(N8C(=O)C=CC8=O)c7)cc5)C6=O)cc4C3=O)cc2)c1,N2,20,5,478
O=C1C=CC(=O)N1c1cccc(Oc2ccc(N3C(=O)c4ccc(-c5cccc6c5C(=O)N(c5ccc(Oc7cccc(N8C(=O)C=CC8=O)c7)cc5)C6=O)cc4C3=O)cc2)c1,N2,20,10,517
O=C1C=CC(=O)N1c1cccc(Oc2ccc(N3C(=O)c4ccc(-c5cccc6c5C(=O)N(c5ccc(Oc7cccc(N8C(=O)C=CC8=O)c7)cc5)C6=O)cc4C3=O)cc2)c1,air,20,5,482
O=C1C=CC(=O)N1c1cccc(Oc2ccc(N3C(=O)c4ccc(-c5cccc6c5C(=O)N(c5ccc(Oc7cccc(N8C(=O)C=CC8=O)c7)cc5)C6=O)cc4C3=O)cc2)c1,air,20,10,551
O=C1C=CC(=O)N1c1ccc(C2(c3ccc(N4C(=O)C=CC4=O)cc3)c3ccccc3-c3ccccc32)cc1,N2,20,0,439
O=C1C=CC(=O)N1c1ccc(C2(c3ccc(N4C(=O)C=CC4=O)cc3)c3ccccc3-c3ccccc32)cc1,N2,20,5,453
O=C1C=CC(=O)N1c1ccc(C2(c3ccc(N4C(=O)c5ccc(Oc6ccc7c(c6)C(=O)N(c6ccc(C8(c9ccc(N%10C(=O)C=CC%10=O)cc9)c9ccccc9-c9ccccc98)cc6)C7=O)cc5C4=O)cc3)c3ccccc3-c3ccccc32)cc1,N2,20,0,455
O=C1C=CC(=O)N1c1ccc(C2(c3ccc(N4C(=O)c5ccc(Oc6ccc7c(c6)C(=O)N(c6ccc(C8(c9ccc(N%10C(=O)C=CC%10=O)cc9)c9ccccc9-c9ccccc98)cc6)C7=O)cc5C4=O)cc3)c3ccccc3-c3ccccc32)cc1,N2,20,5,484
O=C(c1ccc2c(c1)C(=O)N(c1ccc(C3(c4ccc(N5C(=O)C=CC5=O)cc4)c4ccccc4-c4ccccc43)cc1)C2=O)c1ccc2c(c1)C(=O)N(c1ccc(C3(c4ccc(N5C(=O)C=CC5=O)cc4)c4ccccc4-c4ccccc43)cc1)C2=O,N2,20,0,478
O=C(c1ccc2c(c1)C(=O)N(c1ccc(C3(c4ccc(N5C(=O)C=CC5=O)cc4)c4ccccc4-c4ccccc43)cc1)C2=O)c1ccc2c(c1)C(=O)N(c1ccc(C3(c4ccc(N5C(=O)C=CC5=O)cc4)c4ccccc4-c4ccccc43)cc1)C2=O,N2,20,5,500
O=Cc1ccc2c(c1)CN(c1ccccc1)CO2,air,10,5,393
CC(C)(c1ccc(Oc2ccc3c(c2)C(=O)N(c2ccc(C4(c5ccc(N6C(=O)C=CC6=O)cc5)c5ccccc5-c5ccccc54)cc2)C3=O)cc1)c1ccc(Oc2ccc3c(c2)C(=O)N(c2ccc(C4(c5ccc(N6C(=O)C=CC6=O)cc5)c5ccccc5-c5ccccc54)cc2)C3=O)cc1,N2,20,0,477
CC(C)(c1ccc(Oc2ccc3c(c2)C(=O)N(c2ccc(C4(c5ccc(N6C(=O)C=CC6=O)cc5)c5ccccc5-c5ccccc54)cc2)C3=O)cc1)c1ccc(Oc2ccc3c(c2)C(=O)N(c2ccc(C4(c5ccc(N6C(=O)C=CC6=O)cc5)c5ccccc5-c5ccccc54)cc2)C3=O)cc1,N2,20,5,485
O=C(c1ccc2c(c1)C(=O)N(c1ccc(N3C(=O)C=CC3=O)cc1)C2=O)c1ccc2c(c1)C(=O)N(c1ccc(N3C(=O)C=CC3=O)cc1)C2=O,N2,20,0,393
O=C(c1ccc2c(c1)C(=O)N(c1ccc(N3C(=O)C=CC3=O)cc1)C2=O)c1ccc2c(c1)C(=O)N(c1ccc(N3C(=O)C=CC3=O)cc1)C2=O,air,20,0,382
O=C1c2ccc(C#Cc3ccccc3)cc2C(=O)N1c1cccc(N2C(=O)c3ccc(C#Cc4ccccc4)cc3C2=O)c1,air,10,0,587
CC1=CC(=O)N(c2ccc(N3C(=O)c4ccc(C(=O)c5ccc6c(c5)C(=O)N(c5ccc(N7C(=O)C=C(C)C7=O)cc5)C6=O)cc4C3=O)cc2)C1=O,N2,20,0,387
CC1=CC(=O)N(c2ccc(N3C(=O)c4ccc(C(=O)c5ccc6c(c5)C(=O)N(c5ccc(N7C(=O)C=C(C)C7=O)cc5)C6=O)cc4C3=O)cc2)C1=O,air,20,0,367
O=C(c1ccc2c(c1)C(=O)N(c1ccc(N3C(=O)C(Cl)=C(Cl)C3=O)cc1)C2=O)c1ccc2c(c1)C(=O)N(c1ccc(N3C(=O)C(Cl)=C(Cl)C3=O)cc1)C2=O,N2,20,0,433
O=C(c1ccc2c(c1)C(=O)N(c1ccc(N3C(=O)C(Cl)=C(Cl)C3=O)cc1)C2=O)c1ccc2c(c1)C(=O)N(c1ccc(N3C(=O)C(Cl)=C(Cl)C3=O)cc1)C2=O,air,20,0,432
O=C(c1ccc2c(c1)C(=O)C(c1ccc(Oc3ccc(C4C(=O)C=CC4=O)cc3)cc1)C2=O)c1ccc2c(c1)C(=O)C(c1ccc(Oc3ccc(C4C(=O)C=CC4=O)cc3)cc1)C2=O,N2,20,0,430
O=C(c1ccc2c(c1)C(=O)C(c1ccc(Oc3ccc(C4C(=O)C=CC4=O)cc3)cc1)C2=O)c1ccc2c(c1)C(=O)C(c1ccc(Oc3ccc(C4C(=O)C=CC4=O)cc3)cc1)C2=O,air,20,0,382
O=C(c1ccc2c(c1)C(=O)C(c1ccc(Cc3ccc(C4C(=O)C=CC4=O)cc3)cc1)C2=O)c1ccc2c(c1)C(=O)C(c1ccc(Cc3ccc(C4C(=O)C=CC4=O)cc3)cc1)C2=O,N2,20,0,389
O=C(c1ccc2c(c1)C(=O)C(c1ccc(Cc3ccc(C4C(=O)C=CC4=O)cc3)cc1)C2=O)c1ccc2c(c1)C(=O)C(c1ccc(Cc3ccc(C4C(=O)C=CC4=O)cc3)cc1)C2=O,air,20,0,389
O=C(c1ccc2c(c1)C(=O)C(c1ccc(S(=O)(=O)c3ccc(C4C(=O)C=CC4=O)cc3)cc1)C2=O)c1ccc2c(c1)C(=O)C(c1ccc(S(=O)(=O)c3ccc(C4C(=O)C=CC4=O)cc3)cc1)C2=O,N2,20,0,404
O=C(c1ccc2c(c1)C(=O)C(c1ccc(S(=O)(=O)c3ccc(C4C(=O)C=CC4=O)cc3)cc1)C2=O)c1ccc2c(c1)C(=O)C(c1ccc(S(=O)(=O)c3ccc(C4C(=O)C=CC4=O)cc3)cc1)C2=O,air,20,0,404
O=C(c1ccc2c(c1)C(=O)N(CCCCCCN1C(=O)C=CC1=O)C2=O)c1ccc2c(c1)C(=O)N(CCCCCCN1C(=O)C=CC1=O)C2=O,N2,20,0,386
O=C(c1ccc2c(c1)C(=O)N(CCCCCCN1C(=O)C=CC1=O)C2=O)c1ccc2c(c1)C(=O)N(CCCCCCN1C(=O)C=CC1=O)C2=O,air,20,0,372
Cc1cc(C2(C)CCC(C(C)(C)c3cc(C)c(Oc4ccc(N5C(=O)C=CC5=O)cc4)c(C)c3)CC2)cc(C)c1Oc1ccc(N2C(=O)C=CC2=O)cc1,N2,20,5,458
Cc1cc(C2(C)CCC(C(C)(C)c3cc(C)c(Oc4ccc(N5C(=O)C=CC5=O)cc4)c(C)c3)CC2)cc(C)c1Oc1ccc(N2C(=O)C=CC2=O)cc1,N2,20,10,477
C#Cc1cccc(N2COc3ccc(C=O)cc3C2)c1,air,10,5,393
Cc1cc(C2CC3C(C2)C2CCC3C2c2cc(C)c(Oc3ccc(N4C(=O)C=CC4=O)cc3)c(C)c2)cc(C)c1Oc1ccc(N2C(=O)C=CC2=O)cc1,N2,20,5,465
Cc1cc(C2CC3C(C2)C2CCC3C2c2cc(C)c(Oc3ccc(N4C(=O)C=CC4=O)cc3)c(C)c2)cc(C)c1Oc1ccc(N2C(=O)C=CC2=O)cc1,N2,20,10,476
O=C(Nc1ccc(N2C(=O)C=CC2=O)cc1)OCCCOC(=O)Nc1ccc(N2C(=O)C=CC2=O)cc1,N2,10,5,220.3
O=C(Nc1ccc(N2C(=O)C=CC2=O)cc1)OCC(COC(=O)Nc1ccc(N2C(=O)C=CC2=O)cc1)OC(=O)Nc1ccc(N2C(=O)C=CC2=O)cc1,N2,20,5,372
O=C(Nc1ccc(N2C(=O)C=CC2=O)cc1)OCC(COCC(COC(=O)Nc1ccc(N2C(=O)C=CC2=O)cc1)OC(=O)Nc1ccc(N2C(=O)C=CC2=O)cc1)OC(=O)Nc1ccc(N2C(=O)C=CC2=O)cc1,N2,20,5,359
COc1ccc(C(c2cc(C)c(N3C(=O)c4ccc(C(=O)c5ccc6c(c5)C(=O)N(c5c(C)cc(C(c7ccc(OC)cc7)c7cc(C)c(N8C(=O)[C@H]9C%10C=CC(C%10)[C@H]9C8=O)c(C)c7)cc5C)C6=O)cc4C3=O)c(C)c2)c2cc(C)c(N3C(=O)[C@H]4C5C=CC(C5)[C@H]4C3=O)c(C)c2)cc1,N2,10,10,465
CC1(C)OC(=O)C(CC23C=CC(O2)C2C(=O)N(c4cccc(N5C(=O)CCC5=O)c4)C(=O)C23)C(=O)O1,N2,10,5,342
CC1(C)OC(=O)C(CC23C=CC(O2)C2C(=O)N(c4ccc(Cc5ccc(N6C(=O)CCC6=O)cc5)cc4)C(=O)C23)C(=O)O1,N2,10,5,343
O=C1O/C(=N\c2cccc(/N=C3\OC(=O)c4ccc(-c5cccc6c5C(=O)O/C6=N/c5cccc(/N=C6\OC(=O)c7ccc(C#Cc8ccccc8)cc76)c5)cc43)c2)c2cc(C#Cc3ccccc3)ccc21,N2,10,5,584
O=C1O/C(=N\c2cccc(/N=C3\OC(=O)c4ccc(-c5cccc6c5C(=O)O/C6=N/c5cccc(/N=C6\OC(=O)c7ccc(C#Cc8ccccc8)cc76)c5)cc43)c2)c2cc(C#Cc3ccccc3)ccc21,N2,10,10,614
O=C1O/C(=N\c2cccc(/N=C3\OC(=O)c4ccc(-c5cccc6c5C(=O)O/C6=N/c5cccc(/N=C6\OC(=O)c7ccc(C#Cc8ccccc8)cc76)c5)cc43)c2)c2cc(C#Cc3ccccc3)ccc21,air,10,5,569
O=C1O/C(=N\c2cccc(/N=C3\OC(=O)c4ccc(-c5cccc6c5C(=O)O/C6=N/c5cccc(/N=C6\OC(=O)c7ccc(C#Cc8ccccc8)cc76)c5)cc43)c2)c2cc(C#Cc3ccccc3)ccc21,air,10,10,591
CC1(C)OC(=O)C(CC23C=CC(O2)C2C(=O)N(CCN(CCN4C(=O)C5C6C=CC(CC7C(=O)OC(C)(C)OC7=O)(O6)C5C4=O)CCN4C(=O)CC(C5(Cc6ccco6)C(=O)OC(C)(C)OC5=O)C4=O)C(=O)C23)C(=O)O1,N2,10,5,317
C#Cc1ccc(Sc2ccc(C#C[Si](C)(C#Cc3ccc(Sc4ccc(C#C)cc4)cc3)c3ccccc3)cc2)cc1,N2,10,5,498
C#Cc1ccc(Sc2ccc(C#C[Si](C)(C#Cc3ccc(Sc4ccc(C#C)cc4)cc3)c3ccccc3)cc2)cc1,air,10,5,497
O=C1C=CC(=O)N1c1cccc(N2C(=O)CCC2=O)c1,N2,10,10,500
O=C1C=CC(=O)N1c1cccc(N2C(=O)CCC2=O)c1,air,20,10,497
CC(C)(c1ccc(N2C(=O)C=CC2=O)cc1)c1ccc(C(C)(C)c2ccc(N3C(=O)C=CC3=O)cc2)cc1,N2,10,10,460
CC(C)(c1ccc(N2C(=O)C=CC2=O)cc1)c1ccc(C(C)(C)c2ccc(N3C(=O)C=CC3=O)cc2)cc1,air,20,10,461
CC(C)(c1ccc(N2C(=O)C=CC2=O)cc1)c1cccc(C(C)(C)c2ccc(N3C(=O)C=CC3=O)cc2)c1,N2,10,10,463
CC(C)(c1ccc(N2C(=O)C=CC2=O)cc1)c1cccc(C(C)(C)c2ccc(N3C(=O)C=CC3=O)cc2)c1,air,20,10,475
CC(C)(c1ccc(Oc2ccc(N3C(=O)C=CC3=O)cc2)cc1)c1ccc(Oc2ccc(N3C(=O)C=CC3=O)cc2)cc1,N2,10,10,475
CC(C)(c1ccc(Oc2ccc(N3C(=O)C=CC3=O)cc2)cc1)c1ccc(Oc2ccc(N3C(=O)C=CC3=O)cc2)cc1,N2,10,0,464
CC(C)(c1ccc(Oc2ccc(N3C(=O)C=CC3=O)cc2)cc1)c1ccc(Oc2ccc(N3C(=O)C=CC3=O)cc2)cc1,air,10,0,412
CC(c1ccccc1)(c1ccc(Oc2ccc(N3C(=O)C=CC3=O)cc2)cc1)c1ccc(Oc2ccc(N3C(=O)C=CC3=O)cc2)cc1,N2,10,10,465
CC(c1ccccc1)(c1ccc(Oc2ccc(N3C(=O)C=CC3=O)cc2)cc1)c1ccc(Oc2ccc(N3C(=O)C=CC3=O)cc2)cc1,air,20,10,470
O=C(c1ccc2c(c1)C(=O)N(c1ccc(Cc3ccc(N4C(=O)[C@H]5C6C=CC(C6)[C@H]5C4=O)cc3)cc1)C2=O)c1ccc2c(c1)C(=O)N(c1ccc(Cc3ccc(N4C(=O)[C@H]5C6C=CC(C6)[C@H]5C4=O)cc3)cc1)C2=O,N2,1,50,780
O=C(c1ccc2c(c1)C(=O)N(c1ccc(Cc3ccc(N4C(=O)[C@H]5C6C=CC(C6)[C@H]5C4=O)cc3)cc1)C2=O)c1ccc2c(c1)C(=O)N(c1ccc(Cc3ccc(N4C(=O)[C@H]5C6C=CC(C6)[C@H]5C4=O)cc3)cc1)C2=O,air,1,50,475
O=C1C=CC(=O)N1c1ccc(Oc2ccc(C(c3ccc(Oc4ccc(N5C(=O)C=CC5=O)cc4)cc3)(C(F)(F)F)C(F)(F)F)cc2)cc1,N2,10,10,475
O=C1C=CC(=O)N1c1ccc(Oc2ccc(C(c3ccc(Oc4ccc(N5C(=O)C=CC5=O)cc4)cc3)(C(F)(F)F)C(F)(F)F)cc2)cc1,air,20,10,485
CC(C)(c1ccc(Oc2ccc(N3C(=O)C=CC3=O)cc2)cc1)c1ccc(C(C)(C)c2ccc(Oc3ccc(N4C(=O)C=CC4=O)cc3)cc2)cc1,N2,10,10,481
CC(C)(c1ccc(Oc2ccc(N3C(=O)C=CC3=O)cc2)cc1)c1ccc(C(C)(C)c2ccc(Oc3ccc(N4C(=O)C=CC4=O)cc3)cc2)cc1,air,20,10,486
CC(C)(c1ccc(Oc2ccc(N3C(=O)C=CC3=O)cc2)cc1)c1cccc(C(C)(C)c2ccc(Oc3ccc(N4C(=O)C=CC4=O)cc3)cc2)c1,N2,10,10,456
CC(C)(c1ccc(Oc2ccc(N3C(=O)C=CC3=O)cc2)cc1)c1cccc(C(C)(C)c2ccc(Oc3ccc(N4C(=O)C=CC4=O)cc3)cc2)c1,air,20,10,472
O=C1C=CC(=O)N1c1cccc(Oc2ccc(S(=O)(=O)c3ccc(Oc4cccc(N5C(=O)C=CC5=O)c4)cc3)cc2)c1,air,10,0,414
O=C1C=CC(=O)N1c1cccc(Oc2ccc(S(=O)(=O)c3ccc(Oc4cccc(N5C(=O)C=CC5=O)c4)cc3)cc2)c1,N2,10,0,436
O=C1C=CC(=O)N1c1ccc(Oc2cccc(N3C(=O)C=CC3=O)c2)cc1,air,10,0,431
O=C1C=CC(=O)N1c1ccc(Oc2cccc(N3C(=O)C=CC3=O)c2)cc1,N2,10,0,483
O=C1OC(=Nc2cccc(Oc3ccc(/N=C4/OC(=O)c5c4cccc5-c4ccc5c(c4)/C(=N/c4cccc(Oc6ccc(/N=C7\OC(=O)c8ccc(C#Cc9ccccc9)cc87)cc6)c4)OC5=O)cc3)c2)c2cc(C#Cc3ccccc3)ccc21,N2,10,5,580
O=C1OC(=Nc2cccc(Oc3ccc(/N=C4/OC(=O)c5c4cccc5-c4ccc5c(c4)/C(=N/c4cccc(Oc6ccc(/N=C7\OC(=O)c8ccc(C#Cc9ccccc9)cc87)cc6)c4)OC5=O)cc3)c2)c2cc(C#Cc3ccccc3)ccc21,N2,10,10,598
O=C1OC(=Nc2cccc(Oc3ccc(/N=C4/OC(=O)c5c4cccc5-c4ccc5c(c4)/C(=N/c4cccc(Oc6ccc(/N=C7\OC(=O)c8ccc(C#Cc9ccccc9)cc87)cc6)c4)OC5=O)cc3)c2)c2cc(C#Cc3ccccc3)ccc21,air,10,5,562
O=C1OC(=Nc2cccc(Oc3ccc(/N=C4/OC(=O)c5c4cccc5-c4ccc5c(c4)/C(=N/c4cccc(Oc6ccc(/N=C7\OC(=O)c8ccc(C#Cc9ccccc9)cc87)cc6)c4)OC5=O)cc3)c2)c2cc(C#Cc3ccccc3)ccc21,air,10,10,583
O=C1C=CC(=O)N1c1ccc(OCCOc2ccc(N3C(=O)C=CC3=O)cc2)cc1,air,10,0,385
O=C1C=CC(=O)N1c1ccc(OCCOc2ccc(N3C(=O)C=CC3=O)cc2)cc1,N2,10,0,436
O=C1C=CC(=O)N1c1ccc(OCCOCCOCCOc2ccc(N3C(=O)C=CC3=O)cc2)cc1,air,10,0,334
O=C1C=CC(=O)N1c1ccc(OCCOCCOCCOc2ccc(N3C(=O)C=CC3=O)cc2)cc1,N2,10,0,394
Cc1cc(Cc2cc(C)c(N3C(=O)[C@H]4C5C=CC(C5)[C@H]4C3=O)cc2C(C)C)c(C(C)C)cc1N1C(=O)c2ccc(C(=O)c3ccc4c(c3)C(=O)N(c3ccc(Cc5cc(C)c(N6C(=O)[C@H]7C8C=CC(C8)[C@H]7C6=O)cc5C(C)C)c(C(C)C)c3)C4=O)cc2C1=O,N2,10,5,448
Cc1cc(Cc2cc(C)c(N3C(=O)[C@H]4C5C=CC(C5)[C@H]4C3=O)cc2C(C)C)c(C(C)C)cc1N1C(=O)c2ccc(C(=O)c3ccc4c(c3)C(=O)N(c3ccc(Cc5cc(C)c(N6C(=O)[C@H]7C8C=CC(C8)[C@H]7C6=O)cc5C(C)C)c(C(C)C)c3)C4=O)cc2C1=O,air,10,5,427
O=C1C=CC(=O)N1CCCCCCN1C(=O)C=CC1=O,air,10,0,392
O=C1C=CC(=O)N1CCCCCCN1C(=O)C=CC1=O,N2,10,0,468
C#C[SiH](C)C#C[SiH](C)C#C[SiH](C)C#C,N2,10,5,641
C#C[SiH](C)C#C[SiH](C)C#C[SiH](C)C#C,air,10,5,628
C#Cc1cccc(C#C[SiH](C)C#Cc2cc(C#C[SiH](C)C#Cc3cccc(C#C)c3)cc(C#C[SiH](C)C#Cc3cccc(C#C)c3)c2)c1,N2,10,5,715
C#Cc1cccc(C#C[SiH](C)C#Cc2cc(C#C[SiH](C)C#Cc3cccc(C#C)c3)cc(C#C[SiH](C)C#Cc3cccc(C#C)c3)c2)c1,air,10,5,551
Nc1ccc(Oc2ccc3c(c2)[C@@]2(c4ccccc4-3)c3ccccc3-c3ccc(Oc4ccc(N5C(=O)c6ccc(C(=O)c7ccc8c(c7)C(=O)OC8=O)cc6C5=O)cc4C(F)(F)F)cc32)c(C(F)(F)F)c1,N2,10,5,549
Nc1ccc(Oc2ccc3c(c2)[C@@]2(c4ccccc4-3)c3ccccc3-c3ccc(Oc4ccc(N5C(=O)c6ccc(C(=O)c7ccc8c(c7)C(=O)OC8=O)cc6C5=O)cc4C(F)(F)F)cc32)c(C(F)(F)F)c1,N2,10,10,576
Nc1ccc(Oc2ccc3c(c2)[C@@]2(c4ccccc4-3)c3ccccc3-c3ccc(Oc4ccc(N5C(=O)c6ccc(C(=O)c7ccc8c(c7)C(=O)OC8=O)cc6C5=O)cc4C(F)(F)F)cc32)c(C(F)(F)F)c1,air,10,5,528
Nc1ccc(Oc2ccc3c(c2)[C@@]2(c4ccccc4-3)c3ccccc3-c3ccc(Oc4ccc(N5C(=O)c6ccc(C(=O)c7ccc8c(c7)C(=O)OC8=O)cc6C5=O)cc4C(F)(F)F)cc32)c(C(F)(F)F)c1,air,10,10,557
O=C1C2CC3C(=O)N(c4cccc(Oc5ccc(N6C(=O)[C@H]7C8C=CC(C8)[C@H]7C6=O)cc5)c4)C(=O)C3CC2C(=O)N1c1ccc(Oc2cccc(N3C(=O)[C@H]4C5C=CC(C5)[C@H]4C3=O)c2)cc1,N2,20,5,477.4
Nc1ccc(Oc2ccc3c(c2)C2(c4ccccc4-3)c3ccccc3-c3ccc(Oc4ccc(N5C(=O)c6ccc(-c7ccc8c(c7)C(=O)OC8=O)cc6C5=O)cc4C(F)(F)F)cc32)c(C(F)(F)F)c1,N2,10,5,567
Nc1ccc(Oc2ccc3c(c2)C2(c4ccccc4-3)c3ccccc3-c3ccc(Oc4ccc(N5C(=O)c6ccc(-c7ccc8c(c7)C(=O)OC8=O)cc6C5=O)cc4C(F)(F)F)cc32)c(C(F)(F)F)c1,N2,10,10,591
Nc1ccc(Oc2ccc3c(c2)C2(c4ccccc4-3)c3ccccc3-c3ccc(Oc4ccc(N5C(=O)c6ccc(-c7ccc8c(c7)C(=O)OC8=O)cc6C5=O)cc4C(F)(F)F)cc32)c(C(F)(F)F)c1,air,10,5,541
Nc1ccc(Oc2ccc3c(c2)C2(c4ccccc4-3)c3ccccc3-c3ccc(Oc4ccc(N5C(=O)c6ccc(-c7ccc8c(c7)C(=O)OC8=O)cc6C5=O)cc4C(F)(F)F)cc32)c(C(F)(F)F)c1,air,10,10,562
Nc1ccc(Oc2ccc3c(c2)[C@@]2(c4ccccc4-3)c3ccccc3-c3ccc(Oc4ccc(N5C(=O)c6ccc(-c7ccc8c(c7)C(=O)OC8=O)cc6C5=O)cc4C(F)(F)F)cc32)c(C(F)(F)F)c1,N2,10,5,569
Nc1ccc(Oc2ccc3c(c2)[C@@]2(c4ccccc4-3)c3ccccc3-c3ccc(Oc4ccc(N5C(=O)c6ccc(-c7ccc8c(c7)C(=O)OC8=O)cc6C5=O)cc4C(F)(F)F)cc32)c(C(F)(F)F)c1,N2,10,10,592
Nc1ccc(Oc2ccc3c(c2)[C@@]2(c4ccccc4-3)c3ccccc3-c3ccc(Oc4ccc(N5C(=O)c6ccc(-c7ccc8c(c7)C(=O)OC8=O)cc6C5=O)cc4C(F)(F)F)cc32)c(C(F)(F)F)c1,air,10,5,543
Nc1ccc(Oc2ccc3c(c2)[C@@]2(c4ccccc4-3)c3ccccc3-c3ccc(Oc4ccc(N5C(=O)c6ccc(-c7ccc8c(c7)C(=O)OC8=O)cc6C5=O)cc4C(F)(F)F)cc32)c(C(F)(F)F)c1,air,10,10,565
Cc1cc(C(c2ccccc2)c2ccc(N3C(=O)c4ccc(Oc5ccc6c(c5)C(=O)OC6=O)cc4C3=O)c(C)c2)ccc1N,N2,10,0,479
Cc1cc(C(c2ccccc2)c2ccc(N3C(=O)c4ccc(C(=O)c5ccc6c(c5)C(=O)OC6=O)cc4C3=O)c(C)c2)ccc1N,N2,10,0,493
Cc1cc(C(c2ccccc2)c2ccc(N3C(=O)c4ccc(C(c5ccc6c(c5)C(=O)OC6=O)(C(F)(F)F)C(F)(F)F)cc4C3=O)c(C)c2)ccc1N,N2,10,0,503
C=CCc1cc(C(C)(C)c2cc(CC=C)c3c(c2)CN(c2ccc(Cc4ccc(N)cc4)cc2)CO3)ccc1O,N2,20,5,382
C#Cc1cc(C#C)cc(C#C[SiH](C)C#Cc2cc(C#C[SiH](C)C#Cc3cc(C#C)cc(C#C)c3)cc(C#C[SiH](C)C#Cc3cc(C#C)cc(C#C)c3)c2)c1,N2,10,5,714
C#Cc1cc(C#C)cc(C#C[SiH](C)C#Cc2cc(C#C[SiH](C)C#Cc3cc(C#C)cc(C#C)c3)cc(C#C[SiH](C)C#Cc3cc(C#C)cc(C#C)c3)c2)c1,air,10,5,536
O=C1C2CC3C(=O)N(c4ccc(Oc5ccc(N6C(=O)[C@H]7C8C=CC(C8)[C@H]7C6=O)cc5)cc4)C(=O)C3CC2C(=O)N1c1ccc(Oc2ccc(N3C(=O)[C@H]4C5C=CC(C5)[C@H]4C3=O)cc2)cc1,N2,20,5,473.1
C=CCc1cc(C(C)(C)c2cc(CC=C)c3c(c2)CN(c2ccc(Oc4ccc(N)cc4)cc2)CO3)ccc1O,N2,20,5,420
CC(C)(c1ccc(O)cc1)c1ccc(OC=O)cc1,air,10,10,460
CC(C)(c1ccc(O)cc1)c1ccc(OC=O)cc1,N2,10,0,397
CC(C)(c1ccc(O)cc1)c1ccc(OC=O)cc1,N2,10,10,462
CC(C)(c1ccc(O)cc1)c1ccc(OC=O)cc1,N2,10,70,600
CC(C)(c1cc(Br)c(O)c(Br)c1)c1cc(Br)c(OC=O)c(Br)c1,N2,10,0,402
CC(C)(c1cc(Br)c(O)c(Br)c1)c1cc(Br)c(OC=O)c(Br)c1,N2,10,10,477
CC(c1ccccc1)(c1ccc(O)cc1)c1ccc(OC=O)cc1,N2,10,0,427
O=COc1ccc(C2(c3ccc(O)cc3)c3ccccc3-c3ccccc32)cc1,N2,10,0,460
O=COc1cccc(CCCc2cccc(O)c2)c1,air,4,5,359
O=COc1cccc(CCCc2cccc(O)c2)c1,N2,4,5,395
Cc1cc(C(C)(C)c2cc(C)c(OC=O)c(C)c2)cc(C)c1O,N2,5,50,523
C=CCc1cc(C(C)(C)c2cc(CC=C)c3c(c2)CN(c2ccc(Oc4ccc(C(C)(C)c5ccc(Oc6ccc(N)cc6)cc5)cc4)cc2)CO3)ccc1O,N2,20,5,404
O=COc1ccc(S(=O)(=O)c2ccc(O)cc2)cc1,N2,10,0,369
O=COc1ccc(S(=O)(=O)c2ccc(O)cc2)cc1,N2,10,10,403
C#Cc1cccc(C#CB2NB(C#Cc3cccc(C#C)c3)NB(C#Cc3cccc(C#C)c3)N2)c1,N2,10,5,496.7
C#Cc1cccc(C#CB2N(CC=C)B(C#Cc3cccc(C#C)c3)N(CC=C)B(C#Cc3cccc(C#C)c3)N2CC=C)c1,N2,10,5,472.7
C#Cc1cccc(C#CB2N(c3ccccc3)B(C#Cc3cccc(C#C)c3)N(c3ccccc3)B(C#Cc3cccc(C#C)c3)N2c2ccccc2)c1,N2,10,5,427.4
CC(C)(c1ccc(Oc2ccc(N3C(=O)C4CC5C(=O)N(c6ccc(Oc7ccc(C(C)(C)c8ccc(Oc9ccc(N%10C(=O)[C@H]%11C%12C=CC(C%12)[C@H]%11C%10=O)cc9)cc8)cc7)cc6)C(=O)C5CC4C3=O)cc2)cc1)c1ccc(Oc2ccc(N3C(=O)[C@H]4C5C=CC(C5)[C@H]4C3=O)cc2)cc1,N2,20,5,486.7
C#Cc1cccc(N2COc3ccc(Cc4ccc5c(c4)CN(c4cccc(C#C)c4)CO5)cc3C2)c1,N2,20,5,478
C#Cc1cccc(N2COc3ccc(Cc4ccc5c(c4)CN(c4cccc(C#C)c4)CO5)cc3C2)c1,N2,20,10,575
C#Cc1cccc(N2COc3ccc(Sc4ccc5c(c4)CN(c4cccc(C#C)c4)CO5)cc3C2)c1,N2,20,5,489
C#Cc1cccc(N2COc3ccc(Sc4ccc5c(c4)CN(c4cccc(C#C)c4)CO5)cc3C2)c1,N2,20,10,592
C#C[SiH](C)C#C[Si](C#C[SiH](C)C#C)(c1ccccc1)c1ccccc1,N2,10,5,526
C#C[SiH](C)C#C[Si](C#C[SiH](C)C#C)(c1ccccc1)c1ccccc1,air,10,5,517
C#Cc1cccc(N2COc3ccc(S(=O)(=O)c4ccc5c(c4)CN(c4cccc(C#C)c4)CO5)cc3C2)c1,air,20,5,378
C#Cc1cccc(N2COc3c(ccc4c5c(ccc34)CN(c3cccc(C#C)c3)CO5)C2)c1,N2,20,5,380
C#Cc1cccc(N2COc3c(ccc4c5c(ccc34)CN(c3cccc(C#C)c3)CO5)C2)c1,air,20,5,377
C#Cc1cccc(N2COc3ccc(-c4ccc5c(c4)CN(c4cccc(C#C)c4)CO5)cc3C2)c1,N2,20,5,462
C#Cc1cccc(N2COc3ccc(-c4ccc5c(c4)CN(c4cccc(C#C)c4)CO5)cc3C2)c1,N2,20,10,492
C#Cc1cccc(N2COc3ccc(-c4ccc5c(c4)CN(c4cccc(C#C)c4)CO5)cc3C2)c1,air,20,5,452
C#Cc1cccc(N2COc3ccc(C(c4ccc5c(c4)CN(c4cccc(C#C)c4)CO5)(C(F)(F)F)C(F)(F)F)cc3C2)c1,N2,20,5,494
C#Cc1cccc(N2COc3ccc(C(c4ccc5c(c4)CN(c4cccc(C#C)c4)CO5)(C(F)(F)F)C(F)(F)F)cc3C2)c1,N2,20,10,539
C#Cc1cccc(N2COc3ccc(C(c4ccc5c(c4)CN(c4cccc(C#C)c4)CO5)(C(F)(F)F)C(F)(F)F)cc3C2)c1,air,20,5,427
O=C1C2CC3C(=O)N(c4ccc(Oc5ccc(C(c6ccc(Oc7ccc(N8C(=O)[C@H]9C%10C=CC(C%10)[C@H]9C8=O)cc7)cc6)(C(F)(F)F)C(F)(F)F)cc5)cc4)C(=O)C3CC2C(=O)N1c1ccc(Oc2ccc(C(c3ccc(Oc4ccc(N5C(=O)[C@H]6C7C=CC(C7)[C@H]6C5=O)cc4)cc3)(C(F)(F)F)C(F)(F)F)cc2)cc1,N2,20,5,486
CC(C)(c1ccc2c(c1)CN(c1ccccc1)CO2)c1ccc2c(c1)CN(c1ccccc1)CO2,N2,10,5,348.3
CC(C)(c1ccc2c(c1)CN(c1ccccc1)CO2)c1ccc2c(c1)CN(c1ccccc1)CO2,Ar,5,10,327
CC(C)(c1ccc2c(c1)CN(c1ccccc1)CO2)c1ccc2c(c1)CN(c1ccccc1)CO2,Ar,5,5,310
CC(C)(c1ccc2c(c1)CN(c1ccccc1)CO2)c1ccc2c(c1)CN(c1ccccc1)CO2,air,10,5,350
CC(C)(c1ccc2c(c1)CN(c1ccccc1)CO2)c1ccc2c(c1)CN(c1ccccc1)CO2,air,10,10,409
CC(C)(c1ccc2c(c1)CN(c1ccccc1)CO2)c1ccc2c(c1)CN(c1ccccc1)CO2,air,10,1,254
C#Cc1ccc2ccc3cccc4ccc1c2c34,N2,10,10,389
C[Si](C)(C)C#Cc1ccc2ccc3cccc4ccc1c2c34,N2,10,10,393
C#CC#Cc1ccc2ccc3cccc4ccc1c2c34,N2,10,10,816
C#C[Si](C#C[Si](C#C[Si](C#C)(c1ccccc1)c1ccccc1)(c1ccccc1)c1ccccc1)(c1ccccc1)c1ccccc1,N2,10,5,483
C#C[Si](C#C[Si](C#C[Si](C#C)(c1ccccc1)c1ccccc1)(c1ccccc1)c1ccccc1)(c1ccccc1)c1ccccc1,air,10,5,454
C[Si](C)(C)C#CC#Cc1ccc2ccc3cccc4ccc1c2c34,N2,10,10,497
O=C1OC(=O)c2cc(C(c3ccc4c(c3)C(=O)N(c3ccc(Oc5ccccc5)cc3)C4=O)(C(F)(F)F)C(F)(F)F)ccc21,N2,10,10,568
O=C1c2ccc(C#Cc3ccccc3)cc2C(=O)N1c1ccc(Oc2ccc(N3C(=O)c4ccc(C(c5ccc6c(c5)C(=O)N(c5ccc(Oc7cccc(N8C(=O)c9ccc(C#Cc%10ccccc%10)cc9C8=O)c7)cc5)C6=O)(C(F)(F)F)C(F)(F)F)cc4C3=O)cc2)cc1,N2,10,10,568
CC(C)(c1ccc(N)cc1)c1ccc(C(C)(C)c2ccc(N3C(=O)c4ccc(Oc5ccc6c(c5)C(=O)OC6=O)cc4C3=O)cc2)cc1,N2,10,5,508
CC(C)(c1ccc(N)cc1)c1ccc(C(C)(C)c2ccc(N3C(=O)c4ccc(Oc5ccc6c(c5)C(=O)OC6=O)cc4C3=O)cc2)cc1,air,10,5,519
Nc1ccc([Si](c2ccccc2)(c2ccccc2)c2ccc(-n3c(=O)c4cc5c(=O)oc(=O)c5cc4c3=O)cc2)cc1,Ar,10,0,330
Nc1cccc([Si](c2ccccc2)(c2ccccc2)c2cccc(-n3c(=O)c4cc5c(=O)oc(=O)c5cc4c3=O)c2)c1,Ar,10,0,400
[SiH3]C#C[SiH](c1ccccc1)c1ccccc1,N2,10,5,572
[SiH3]C#C[SiH](c1ccccc1)c1ccccc1,air,10,5,509
Nc1ccc([Si](c2ccccc2)(c2ccccc2)c2ccc(N3C(=O)c4ccc(C(=O)c5ccc6c(c5)C(=O)OC6=O)cc4C3=O)cc2)cc1,Ar,10,0,460
Nc1cccc([Si](c2ccccc2)(c2ccccc2)c2cccc(N3C(=O)c4ccc(C(=O)c5ccc6c(c5)C(=O)OC6=O)cc4C3=O)c2)c1,Ar,10,0,343
Nc1ccc([Si](c2ccccc2)(c2ccccc2)c2ccc(N3C(=O)c4ccc(Oc5ccc6c(c5)C(=O)OC6=O)cc4C3=O)cc2)cc1,Ar,10,0,336
Cc1cc(Cc2ccc(N3C(=O)[C@H]4C5C=CC(C5)[C@H]4C3=O)c(C)c2)ccc1N1C(=O)c2ccc(C(=O)c3ccc4c(c3)C(=O)N(c3ccc(Cc5ccc(N6C(=O)[C@H]7C8C=CC(C8)[C@H]7C6=O)c(C)c5)cc3C)C4=O)cc2C1=O,N2,1,5,413
Cc1cc(Cc2ccc(N3C(=O)[C@H]4C5C=CC(C5)[C@H]4C3=O)c(C)c2)ccc1N1C(=O)c2ccc(C(=O)c3ccc4c(c3)C(=O)N(c3ccc(Cc5ccc(N6C(=O)[C@H]7C8C=CC(C8)[C@H]7C6=O)c(C)c5)cc3C)C4=O)cc2C1=O,air,1,5,345
Cc1cc(Cc2ccc(N3C(=O)[C@H]4C5C=CC(C5)[C@H]4C3=O)c(C)c2)ccc1N1C(=O)c2ccc(C(=O)c3ccc4c(c3)C(=O)N(c3ccc(Cc5ccc(N6C(=O)[C@H]7C8C=CC(C8)[C@H]7C6=O)c(C)c5)cc3C)C4=O)cc2C1=O,air,1,50,455
Nc1cccc([Si](c2ccccc2)(c2ccccc2)c2cccc(N3C(=O)c4ccc(Oc5ccc6c(c5)C(=O)OC6=O)cc4C3=O)c2)c1,Ar,10,0,279
Nc1ccc([Si](O[Si](c2ccccc2)(c2ccccc2)c2ccc(-n3c(=O)c4cc5c(=O)oc(=O)c5cc4c3=O)cc2)(c2ccccc2)c2ccccc2)cc1,Ar,10,0,421
Nc1cccc([Si](O[Si](c2ccccc2)(c2ccccc2)c2cccc(-n3c(=O)c4cc5c(=O)oc(=O)c5cc4c3=O)c2)(c2ccccc2)c2ccccc2)c1,Ar,10,0,392
Nc1ccc([Si](O[Si](c2ccccc2)(c2ccccc2)c2ccc(N3C(=O)c4ccc(C(=O)c5ccc6c(c5)C(=O)OC6=O)cc4C3=O)cc2)(c2ccccc2)c2ccccc2)cc1,Ar,10,0,457
Nc1cccc([Si](O[Si](c2ccccc2)(c2ccccc2)c2cccc(N3C(=O)c4ccc(C(=O)c5ccc6c(c5)C(=O)OC6=O)cc4C3=O)c2)(c2ccccc2)c2ccccc2)c1,Ar,10,0,361
Nc1ccc([Si](O[Si](c2ccccc2)(c2ccccc2)c2ccc(N3C(=O)c4ccc(Oc5ccc6c(c5)C(=O)OC6=O)cc4C3=O)cc2)(c2ccccc2)c2ccccc2)cc1,Ar,10,0,358
Nc1cccc([Si](O[Si](c2ccccc2)(c2ccccc2)c2cccc(N3C(=O)c4ccc(Oc5ccc6c(c5)C(=O)OC6=O)cc4C3=O)c2)(c2ccccc2)c2ccccc2)c1,Ar,10,0,323
C#Cc1cccc(N2C(=O)c3ccc(Oc4ccc(C(C)(C)c5ccc(Oc6ccc7c(c6)C(=O)N(c6cccc(C#C)c6)C7=O)cc5)cc4)cc3C2=O)c1,N2,10,5,540
Nc1cccc(C#Cc2cccc(-n3c(=O)c4cc5c(=O)oc(=O)c5cc4c3=O)c2)c1,N2,10,5,485
Nc1cccc(C#Cc2cccc(N3C(=O)c4ccc(C(c5ccc6c(c5)C(=O)OC6=O)(C(F)(F)F)C(F)(F)F)cc4C3=O)c2)c1,N2,10,5,506
COc1cc(Cc2ccc(N3C(=O)[C@H]4C5C=CC(C5)[C@H]4C3=O)c(OC)c2)ccc1N1C(=O)c2ccc(C(=O)c3ccc4c(c3)C(=O)N(c3ccc(Cc5ccc(N6C(=O)[C@H]7C8C=CC(C8)[C@H]7C6=O)c(OC)c5)cc3OC)C4=O)cc2C1=O,N2,1,5,385
COc1cc(Cc2ccc(N3C(=O)[C@H]4C5C=CC(C5)[C@H]4C3=O)c(OC)c2)ccc1N1C(=O)c2ccc(C(=O)c3ccc4c(c3)C(=O)N(c3ccc(Cc5ccc(N6C(=O)[C@H]7C8C=CC(C8)[C@H]7C6=O)c(OC)c5)cc3OC)C4=O)cc2C1=O,air,1,5,330
COc1cc(Cc2ccc(N3C(=O)[C@H]4C5C=CC(C5)[C@H]4C3=O)c(OC)c2)ccc1N1C(=O)c2ccc(C(=O)c3ccc4c(c3)C(=O)N(c3ccc(Cc5ccc(N6C(=O)[C@H]7C8C=CC(C8)[C@H]7C6=O)c(OC)c5)cc3OC)C4=O)cc2C1=O,air,1,50,455
Nc1cccc(C#Cc2cccc(N3C(=O)c4ccc(-c5ccc6c(c5)C(=O)OC6=O)cc4C3=O)c2)c1,N2,10,5,496
CC1(C)CC2(CC(C)(C)c3ccc(Oc4ccc(N5C(=O)c6ccc(C(c7ccc8c(c7)C(=O)OC8=O)(C(F)(F)F)C(F)(F)F)cc6C5=O)cn4)cc32)c2cc(Oc3ccc(N)cn3)ccc21,N2,10,5,509
CC1(C)CC2(CC(C)(C)c3ccc(Oc4ccc(N5C(=O)c6ccc(C(c7ccc8c(c7)C(=O)OC8=O)(C(F)(F)F)C(F)(F)F)cc6C5=O)cn4)cc32)c2cc(Oc3ccc(N)cn3)ccc21,N2,10,10,523
CC1(C)CC2(CC(C)(C)c3ccc(Oc4ccc(N5C(=O)c6ccc(Oc7ccc8c(c7)C(=O)OC8=O)cc6C5=O)cn4)cc32)c2cc(Oc3ccc(N)cn3)ccc21,N2,10,5,500
CC1(C)CC2(CC(C)(C)c3ccc(Oc4ccc(N5C(=O)c6ccc(Oc7ccc8c(c7)C(=O)OC8=O)cc6C5=O)cn4)cc32)c2cc(Oc3ccc(N)cn3)ccc21,N2,10,10,509
CC1(C)CC2(CC(C)(C)c3ccc(Oc4ccc(N5C(=O)c6ccc(Oc7ccc(C(C)(C)c8ccc(Oc9ccc%10c(c9)C(=O)OC%10=O)cc8)cc7)cc6C5=O)cn4)cc32)c2cc(Oc3ccc(N)cn3)ccc21,N2,10,5,491
CC1(C)CC2(CC(C)(C)c3ccc(Oc4ccc(N5C(=O)c6ccc(Oc7ccc(C(C)(C)c8ccc(Oc9ccc%10c(c9)C(=O)OC%10=O)cc8)cc7)cc6C5=O)cn4)cc32)c2cc(Oc3ccc(N)cn3)ccc21,N2,10,10,506
Cc1cc(N)cnc1Oc1ccc2c(c1)C1(CC2(C)C)CC(C)(C)c2ccc(Oc3ncc(N4C(=O)c5ccc(C(c6ccc7c(c6)C(=O)OC7=O)(C(F)(F)F)C(F)(F)F)cc5C4=O)cc3C)cc21,N2,10,5,495
Cc1cc(N)cnc1Oc1ccc2c(c1)C1(CC2(C)C)CC(C)(C)c2ccc(Oc3ncc(N4C(=O)c5ccc(C(c6ccc7c(c6)C(=O)OC7=O)(C(F)(F)F)C(F)(F)F)cc5C4=O)cc3C)cc21,N2,10,10,508
Cc1cc(N)cnc1Oc1ccc2c(c1)C1(CC2(C)C)CC(C)(C)c2ccc(Oc3ncc(N4C(=O)c5ccc(Oc6ccc7c(c6)C(=O)OC7=O)cc5C4=O)cc3C)cc21,N2,10,5,492
Cc1cc(N)cnc1Oc1ccc2c(c1)C1(CC2(C)C)CC(C)(C)c2ccc(Oc3ncc(N4C(=O)c5ccc(Oc6ccc7c(c6)C(=O)OC7=O)cc5C4=O)cc3C)cc21,N2,10,10,502
Cc1cc(N)cnc1Oc1ccc2c(c1)C1(CC2(C)C)CC(C)(C)c2ccc(Oc3ncc(N4C(=O)c5ccc(Oc6ccc(C(C)(C)c7ccc(Oc8ccc9c(c8)C(=O)OC9=O)cc7)cc6)cc5C4=O)cc3C)cc21,N2,10,5,481
Cc1cc(N)cnc1Oc1ccc2c(c1)C1(CC2(C)C)CC(C)(C)c2ccc(Oc3ncc(N4C(=O)c5ccc(Oc6ccc(C(C)(C)c7ccc(Oc8ccc9c(c8)C(=O)OC9=O)cc7)cc6)cc5C4=O)cc3C)cc21,N2,10,10,500
Nc1ccc(Oc2ccc(-c3ccc(Oc4ccc(-n5c(=O)c6cc7c(=O)oc(=O)c7cc6c5=O)cn4)cc3)cc2)nc1,N2,10,0,525
Nc1ccc(Oc2ccc(-c3ccc(Oc4ccc(-n5c(=O)c6cc7c(=O)oc(=O)c7cc6c5=O)cn4)cc3)cc2)nc1,N2,10,5,530
Nc1ccc(Oc2ccc(-c3ccc(Oc4ccc(-n5c(=O)c6cc7c(=O)oc(=O)c7cc6c5=O)cn4)cc3)cc2)nc1,N2,10,10,551
C#C[SiH](C)C#CB(F)F,N2,10,5,624
C#C[SiH](C)C#CB(F)F,air,10,5,607
Nc1ccc(Oc2ccc(-c3ccc(Oc4ccc(N5C(=O)c6ccc(-c7ccc8c(c7)C(=O)OC8=O)cc6C5=O)cn4)cc3)cc2)nc1,N2,10,0,523
Nc1ccc(Oc2ccc(-c3ccc(Oc4ccc(N5C(=O)c6ccc(-c7ccc8c(c7)C(=O)OC8=O)cc6C5=O)cn4)cc3)cc2)nc1,N2,10,5,533
Nc1ccc(Oc2ccc(-c3ccc(Oc4ccc(N5C(=O)c6ccc(-c7ccc8c(c7)C(=O)OC8=O)cc6C5=O)cn4)cc3)cc2)nc1,N2,10,10,558
Cc1ccc(Cc2ccc(C)cc2N2C(=O)[C@H]3C4C=CC(C4)[C@H]3C2=O)c(N2C(=O)c3ccc(C(=O)c4ccc5c(c4)C(=O)N(c4cc(C)ccc4Cc4ccc(C)cc4N4C(=O)[C@H]6C7C=CC(C7)[C@H]6C4=O)C5=O)cc3C2=O)c1,N2,1,5,395
Cc1ccc(Cc2ccc(C)cc2N2C(=O)[C@H]3C4C=CC(C4)[C@H]3C2=O)c(N2C(=O)c3ccc(C(=O)c4ccc5c(c4)C(=O)N(c4cc(C)ccc4Cc4ccc(C)cc4N4C(=O)[C@H]6C7C=CC(C7)[C@H]6C4=O)C5=O)cc3C2=O)c1,air,1,5,350
Cc1ccc(Cc2ccc(C)cc2N2C(=O)[C@H]3C4C=CC(C4)[C@H]3C2=O)c(N2C(=O)c3ccc(C(=O)c4ccc5c(c4)C(=O)N(c4cc(C)ccc4Cc4ccc(C)cc4N4C(=O)[C@H]6C7C=CC(C7)[C@H]6C4=O)C5=O)cc3C2=O)c1,air,1,50,485
Nc1ccc(Oc2ccc(-c3ccc(Oc4ccc(N5C(=O)c6ccc(C(=O)c7ccc8c(c7)C(=O)OC8=O)cc6C5=O)cn4)cc3)cc2)nc1,N2,10,0,512
Nc1ccc(Oc2ccc(-c3ccc(Oc4ccc(N5C(=O)c6ccc(C(=O)c7ccc8c(c7)C(=O)OC8=O)cc6C5=O)cn4)cc3)cc2)nc1,N2,10,5,514
Nc1ccc(Oc2ccc(-c3ccc(Oc4ccc(N5C(=O)c6ccc(C(=O)c7ccc8c(c7)C(=O)OC8=O)cc6C5=O)cn4)cc3)cc2)nc1,N2,10,10,541
Nc1ccc(Oc2ccc(-c3ccc(Oc4ccc(N5C(=O)c6ccc(Oc7ccc8c(c7)C(=O)OC8=O)cc6C5=O)cn4)cc3)cc2)nc1,N2,10,0,491
Nc1ccc(Oc2ccc(-c3ccc(Oc4ccc(N5C(=O)c6ccc(Oc7ccc8c(c7)C(=O)OC8=O)cc6C5=O)cn4)cc3)cc2)nc1,N2,10,5,509
Nc1ccc(Oc2ccc(-c3ccc(Oc4ccc(N5C(=O)c6ccc(Oc7ccc8c(c7)C(=O)OC8=O)cc6C5=O)cn4)cc3)cc2)nc1,N2,10,10,529
Nc1ccc(Oc2ccc(-c3ccc(Oc4ccc(N5C(=O)c6ccc(C(c7ccc8c(c7)C(=O)OC8=O)(C(F)(F)F)C(F)(F)F)cc6C5=O)cn4)cc3)cc2)nc1,N2,10,0,516
Nc1ccc(Oc2ccc(-c3ccc(Oc4ccc(N5C(=O)c6ccc(C(c7ccc8c(c7)C(=O)OC8=O)(C(F)(F)F)C(F)(F)F)cc6C5=O)cn4)cc3)cc2)nc1,N2,10,5,523
Nc1ccc(Oc2ccc(-c3ccc(Oc4ccc(N5C(=O)c6ccc(C(c7ccc8c(c7)C(=O)OC8=O)(C(F)(F)F)C(F)(F)F)cc6C5=O)cn4)cc3)cc2)nc1,N2,10,10,543
Nc1ccc(Oc2ccccc2-c2ccccc2Oc2ccc(N3C(=O)c4ccc(C(c5ccc6c(c5)C(=O)OC6=O)(C(F)(F)F)C(F)(F)F)cc4C3=O)cn2)nc1,N2,10,0,503
Nc1ccc(Oc2ccccc2-c2ccccc2Oc2ccc(N3C(=O)c4ccc(C(c5ccc6c(c5)C(=O)OC6=O)(C(F)(F)F)C(F)(F)F)cc4C3=O)cn2)nc1,N2,10,5,507
Nc1ccc(Oc2ccccc2-c2ccccc2Oc2ccc(N3C(=O)c4ccc(C(c5ccc6c(c5)C(=O)OC6=O)(C(F)(F)F)C(F)(F)F)cc4C3=O)cn2)nc1,N2,10,10,527
Cc1nc(Oc2ccc(-c3ccc(Oc4ccc(N5C(=O)c6ccc(C(c7ccc8c(c7)C(=O)OC8=O)(C(F)(F)F)C(F)(F)F)cc6C5=O)c(C)n4)cc3)cc2)ccc1N,N2,10,0,462
Cc1nc(Oc2ccc(-c3ccc(Oc4ccc(N5C(=O)c6ccc(C(c7ccc8c(c7)C(=O)OC8=O)(C(F)(F)F)C(F)(F)F)cc6C5=O)c(C)n4)cc3)cc2)ccc1N,N2,10,5,471
Cc1nc(Oc2ccc(-c3ccc(Oc4ccc(N5C(=O)c6ccc(C(c7ccc8c(c7)C(=O)OC8=O)(C(F)(F)F)C(F)(F)F)cc6C5=O)c(C)n4)cc3)cc2)ccc1N,N2,10,10,494
Cc1cc(N)cnc1Oc1ccc(-c2ccc(Oc3ncc(N4C(=O)c5ccc(C(c6ccc7c(c6)C(=O)OC7=O)(C(F)(F)F)C(F)(F)F)cc5C4=O)cc3C)cc2)cc1,N2,10,0,493
Cc1cc(N)cnc1Oc1ccc(-c2ccc(Oc3ncc(N4C(=O)c5ccc(C(c6ccc7c(c6)C(=O)OC7=O)(C(F)(F)F)C(F)(F)F)cc5C4=O)cc3C)cc2)cc1,N2,10,10,519
Cc1cc(Oc2ccc(-c3ccc(Oc4cc(C)c(N5C(=O)c6ccc(C(c7ccc8c(c7)C(=O)OC8=O)(C(F)(F)F)C(F)(F)F)cc6C5=O)cn4)cc3)cc2)ncc1N,N2,10,0,495
Cc1cc(Oc2ccc(-c3ccc(Oc4cc(C)c(N5C(=O)c6ccc(C(c7ccc8c(c7)C(=O)OC8=O)(C(F)(F)F)C(F)(F)F)cc6C5=O)cn4)cc3)cc2)ncc1N,N2,10,10,519
Nc1ccc(C2(c3ccc(N4C(=O)c5ccc(Oc6ccc7c(c6)C(=O)OC7=O)cc5C4=O)cc3)c3ccccc3-c3ccccc32)cc1,N2,10,5,571
Nc1ccc(C2(c3ccc(N4C(=O)c5ccc(Oc6ccc7c(c6)C(=O)OC7=O)cc5C4=O)cc3)c3ccccc3-c3ccccc32)cc1,N2,10,10,590
Nc1ccc(C2(c3ccc(N4C(=O)c5ccc(Oc6ccc7c(c6)C(=O)OC7=O)cc5C4=O)cc3)c3ccccc3-c3ccccc32)cc1,N2,10,15,608
Nc1ccc(C2(c3ccc(N4C(=O)c5ccc(Oc6ccc7c(c6)C(=O)OC7=O)cc5C4=O)cc3)c3ccccc3-c3ccccc32)cc1,air,10,5,451
Nc1ccc(C2(c3ccc(N4C(=O)c5ccc(Oc6ccc7c(c6)C(=O)OC7=O)cc5C4=O)cc3)c3ccccc3-c3ccccc32)cc1,air,10,10,541
Nc1ccc(C2(c3ccc(N4C(=O)c5ccc(Oc6ccc7c(c6)C(=O)OC7=O)cc5C4=O)cc3)c3ccccc3-c3ccccc32)cc1,air,10,15,567
Nc1ccc(C2(c3ccc(N4C(=O)c5ccc(C(=O)c6ccc7c(c6)C(=O)OC7=O)cc5C4=O)cc3)c3ccccc3-c3ccccc32)cc1,N2,10,5,564
Nc1ccc(C2(c3ccc(N4C(=O)c5ccc(C(=O)c6ccc7c(c6)C(=O)OC7=O)cc5C4=O)cc3)c3ccccc3-c3ccccc32)cc1,N2,10,10,586
Nc1ccc(C2(c3ccc(N4C(=O)c5ccc(C(=O)c6ccc7c(c6)C(=O)OC7=O)cc5C4=O)cc3)c3ccccc3-c3ccccc32)cc1,N2,10,15,603
Nc1ccc(C2(c3ccc(N4C(=O)c5ccc(C(=O)c6ccc7c(c6)C(=O)OC7=O)cc5C4=O)cc3)c3ccccc3-c3ccccc32)cc1,air,10,5,522
Nc1ccc(C2(c3ccc(N4C(=O)c5ccc(C(=O)c6ccc7c(c6)C(=O)OC7=O)cc5C4=O)cc3)c3ccccc3-c3ccccc32)cc1,air,10,10,561
Nc1ccc(C2(c3ccc(N4C(=O)c5ccc(C(=O)c6ccc7c(c6)C(=O)OC7=O)cc5C4=O)cc3)c3ccccc3-c3ccccc32)cc1,air,10,15,574
C#C[Si](C)(C)C#CB(F)F,N2,10,5,485
C#C[Si](C)(C)C#CB(F)F,air,10,5,467
C#Cc1ccc(S(=O)c2ccc(C#C[Si](C)(C#Cc3ccc(S(=O)c4ccc(C#C)cc4)cc3)c3ccccc3)cc2)cc1,N2,10,5,449
C#Cc1ccc(S(=O)c2ccc(C#C[Si](C)(C#Cc3ccc(S(=O)c4ccc(C#C)cc4)cc3)c3ccccc3)cc2)cc1,air,10,5,431
Nc1ccc(C2(c3ccc(N4C(=O)c5ccc(-c6ccc7c(c6)C(=O)OC7=O)cc5C4=O)cc3)c3ccccc3-c3ccccc32)cc1,N2,10,5,590
Nc1ccc(C2(c3ccc(N4C(=O)c5ccc(-c6ccc7c(c6)C(=O)OC7=O)cc5C4=O)cc3)c3ccccc3-c3ccccc32)cc1,N2,10,10,607
Nc1ccc(C2(c3ccc(N4C(=O)c5ccc(-c6ccc7c(c6)C(=O)OC7=O)cc5C4=O)cc3)c3ccccc3-c3ccccc32)cc1,N2,10,15,622
Nc1ccc(C2(c3ccc(N4C(=O)c5ccc(-c6ccc7c(c6)C(=O)OC7=O)cc5C4=O)cc3)c3ccccc3-c3ccccc32)cc1,air,10,5,562
Nc1ccc(C2(c3ccc(N4C(=O)c5ccc(-c6ccc7c(c6)C(=O)OC7=O)cc5C4=O)cc3)c3ccccc3-c3ccccc32)cc1,air,10,10,588
Nc1ccc(C2(c3ccc(N4C(=O)c5ccc(-c6ccc7c(c6)C(=O)OC7=O)cc5C4=O)cc3)c3ccccc3-c3ccccc32)cc1,air,10,15,597
Nc1ccc(C2(c3ccc(-n4c(=O)c5cc6c(=O)oc(=O)c6cc5c4=O)cc3)c3ccccc3-c3ccccc32)cc1,N2,10,5,595
Nc1ccc(C2(c3ccc(-n4c(=O)c5cc6c(=O)oc(=O)c6cc5c4=O)cc3)c3ccccc3-c3ccccc32)cc1,N2,10,10,618
Nc1ccc(C2(c3ccc(-n4c(=O)c5cc6c(=O)oc(=O)c6cc5c4=O)cc3)c3ccccc3-c3ccccc32)cc1,N2,10,15,638
Nc1ccc(C2(c3ccc(-n4c(=O)c5cc6c(=O)oc(=O)c6cc5c4=O)cc3)c3ccccc3-c3ccccc32)cc1,air,10,5,553
Nc1ccc(C2(c3ccc(-n4c(=O)c5cc6c(=O)oc(=O)c6cc5c4=O)cc3)c3ccccc3-c3ccccc32)cc1,air,10,10,580
Nc1ccc(C2(c3ccc(-n4c(=O)c5cc6c(=O)oc(=O)c6cc5c4=O)cc3)c3ccccc3-c3ccccc32)cc1,air,10,15,590
Cc1cc(C2(c3ccc(N4C(=O)c5ccc(Oc6ccc7c(c6)C(=O)OC7=O)cc5C4=O)c(C)c3)c3ccccc3-c3ccccc32)ccc1N,N2,10,5,543
Cc1cc(C2(c3ccc(N4C(=O)c5ccc(Oc6ccc7c(c6)C(=O)OC7=O)cc5C4=O)c(C)c3)c3ccccc3-c3ccccc32)ccc1N,N2,10,10,561
Cc1cc(C2(c3ccc(N4C(=O)c5ccc(Oc6ccc7c(c6)C(=O)OC7=O)cc5C4=O)c(C)c3)c3ccccc3-c3ccccc32)ccc1N,N2,10,15,586
Cc1cc(C2(c3ccc(N4C(=O)c5ccc(Oc6ccc7c(c6)C(=O)OC7=O)cc5C4=O)c(C)c3)c3ccccc3-c3ccccc32)ccc1N,air,10,5,483
Cc1cc(C2(c3ccc(N4C(=O)c5ccc(Oc6ccc7c(c6)C(=O)OC7=O)cc5C4=O)c(C)c3)c3ccccc3-c3ccccc32)ccc1N,air,10,10,514
Cc1cc(C2(c3ccc(N4C(=O)c5ccc(Oc6ccc7c(c6)C(=O)OC7=O)cc5C4=O)c(C)c3)c3ccccc3-c3ccccc32)ccc1N,air,10,15,537
Cc1cc(C2(c3ccc(N4C(=O)c5ccc(C(=O)c6ccc7c(c6)C(=O)OC7=O)cc5C4=O)c(C)c3)c3ccccc3-c3ccccc32)ccc1N,N2,10,5,540
Cc1cc(C2(c3ccc(N4C(=O)c5ccc(C(=O)c6ccc7c(c6)C(=O)OC7=O)cc5C4=O)c(C)c3)c3ccccc3-c3ccccc32)ccc1N,N2,10,10,566
Cc1cc(C2(c3ccc(N4C(=O)c5ccc(C(=O)c6ccc7c(c6)C(=O)OC7=O)cc5C4=O)c(C)c3)c3ccccc3-c3ccccc32)ccc1N,N2,10,15,586
Cc1cc(C2(c3ccc(N4C(=O)c5ccc(C(=O)c6ccc7c(c6)C(=O)OC7=O)cc5C4=O)c(C)c3)c3ccccc3-c3ccccc32)ccc1N,air,10,5,470
Cc1cc(C2(c3ccc(N4C(=O)c5ccc(C(=O)c6ccc7c(c6)C(=O)OC7=O)cc5C4=O)c(C)c3)c3ccccc3-c3ccccc32)ccc1N,air,10,10,509
Cc1cc(C2(c3ccc(N4C(=O)c5ccc(C(=O)c6ccc7c(c6)C(=O)OC7=O)cc5C4=O)c(C)c3)c3ccccc3-c3ccccc32)ccc1N,air,10,15,535
Cc1cc(C2(c3ccc(N4C(=O)c5ccc(-c6ccc7c(c6)C(=O)OC7=O)cc5C4=O)c(C)c3)c3ccccc3-c3ccccc32)ccc1N,N2,10,5,576
Cc1cc(C2(c3ccc(N4C(=O)c5ccc(-c6ccc7c(c6)C(=O)OC7=O)cc5C4=O)c(C)c3)c3ccccc3-c3ccccc32)ccc1N,N2,10,10,594
Cc1cc(C2(c3ccc(N4C(=O)c5ccc(-c6ccc7c(c6)C(=O)OC7=O)cc5C4=O)c(C)c3)c3ccccc3-c3ccccc32)ccc1N,N2,10,15,610
Cc1cc(C2(c3ccc(N4C(=O)c5ccc(-c6ccc7c(c6)C(=O)OC7=O)cc5C4=O)c(C)c3)c3ccccc3-c3ccccc32)ccc1N,air,10,5,476
Cc1cc(C2(c3ccc(N4C(=O)c5ccc(-c6ccc7c(c6)C(=O)OC7=O)cc5C4=O)c(C)c3)c3ccccc3-c3ccccc32)ccc1N,air,10,10,519
Cc1cc(C2(c3ccc(N4C(=O)c5ccc(-c6ccc7c(c6)C(=O)OC7=O)cc5C4=O)c(C)c3)c3ccccc3-c3ccccc32)ccc1N,air,10,15,532
Cc1cc(C2(c3ccc(-n4c(=O)c5cc6c(=O)oc(=O)c6cc5c4=O)c(C)c3)c3ccccc3-c3ccccc32)ccc1N,N2,10,5,563
Cc1cc(C2(c3ccc(-n4c(=O)c5cc6c(=O)oc(=O)c6cc5c4=O)c(C)c3)c3ccccc3-c3ccccc32)ccc1N,N2,10,10,580
Cc1cc(C2(c3ccc(-n4c(=O)c5cc6c(=O)oc(=O)c6cc5c4=O)c(C)c3)c3ccccc3-c3ccccc32)ccc1N,N2,10,15,594
Cc1cc(C2(c3ccc(-n4c(=O)c5cc6c(=O)oc(=O)c6cc5c4=O)c(C)c3)c3ccccc3-c3ccccc32)ccc1N,air,10,5,487
Cc1cc(C2(c3ccc(-n4c(=O)c5cc6c(=O)oc(=O)c6cc5c4=O)c(C)c3)c3ccccc3-c3ccccc32)ccc1N,air,10,10,508
Cc1cc(C2(c3ccc(-n4c(=O)c5cc6c(=O)oc(=O)c6cc5c4=O)c(C)c3)c3ccccc3-c3ccccc32)ccc1N,air,10,15,525
CCc1cc(C2(c3ccc(N4C(=O)c5ccc(Oc6ccc7c(c6)C(=O)OC7=O)cc5C4=O)c(CC)c3)c3ccccc3-c3ccccc32)ccc1N,N2,10,5,514
CCc1cc(C2(c3ccc(N4C(=O)c5ccc(Oc6ccc7c(c6)C(=O)OC7=O)cc5C4=O)c(CC)c3)c3ccccc3-c3ccccc32)ccc1N,N2,10,10,540
CCc1cc(C2(c3ccc(N4C(=O)c5ccc(Oc6ccc7c(c6)C(=O)OC7=O)cc5C4=O)c(CC)c3)c3ccccc3-c3ccccc32)ccc1N,N2,10,15,570
CCc1cc(C2(c3ccc(N4C(=O)c5ccc(Oc6ccc7c(c6)C(=O)OC7=O)cc5C4=O)c(CC)c3)c3ccccc3-c3ccccc32)ccc1N,air,10,5,433
CCc1cc(C2(c3ccc(N4C(=O)c5ccc(Oc6ccc7c(c6)C(=O)OC7=O)cc5C4=O)c(CC)c3)c3ccccc3-c3ccccc32)ccc1N,air,10,10,479
CCc1cc(C2(c3ccc(N4C(=O)c5ccc(Oc6ccc7c(c6)C(=O)OC7=O)cc5C4=O)c(CC)c3)c3ccccc3-c3ccccc32)ccc1N,air,10,15,517
CCc1cc(C2(c3ccc(N4C(=O)c5ccc(C(=O)c6ccc7c(c6)C(=O)OC7=O)cc5C4=O)c(CC)c3)c3ccccc3-c3ccccc32)ccc1N,N2,10,5,508
CCc1cc(C2(c3ccc(N4C(=O)c5ccc(C(=O)c6ccc7c(c6)C(=O)OC7=O)cc5C4=O)c(CC)c3)c3ccccc3-c3ccccc32)ccc1N,N2,10,10,550
CCc1cc(C2(c3ccc(N4C(=O)c5ccc(C(=O)c6ccc7c(c6)C(=O)OC7=O)cc5C4=O)c(CC)c3)c3ccccc3-c3ccccc32)ccc1N,N2,10,15,586
CCc1cc(C2(c3ccc(N4C(=O)c5ccc(C(=O)c6ccc7c(c6)C(=O)OC7=O)cc5C4=O)c(CC)c3)c3ccccc3-c3ccccc32)ccc1N,air,10,5,446
CCc1cc(C2(c3ccc(N4C(=O)c5ccc(C(=O)c6ccc7c(c6)C(=O)OC7=O)cc5C4=O)c(CC)c3)c3ccccc3-c3ccccc32)ccc1N,air,10,10,492
CCc1cc(C2(c3ccc(N4C(=O)c5ccc(C(=O)c6ccc7c(c6)C(=O)OC7=O)cc5C4=O)c(CC)c3)c3ccccc3-c3ccccc32)ccc1N,air,10,15,524
CCc1cc(C2(c3ccc(N4C(=O)c5ccc(-c6ccc7c(c6)C(=O)OC7=O)cc5C4=O)c(CC)c3)c3ccccc3-c3ccccc32)ccc1N,N2,10,5,543
CCc1cc(C2(c3ccc(N4C(=O)c5ccc(-c6ccc7c(c6)C(=O)OC7=O)cc5C4=O)c(CC)c3)c3ccccc3-c3ccccc32)ccc1N,N2,10,10,561
CCc1cc(C2(c3ccc(N4C(=O)c5ccc(-c6ccc7c(c6)C(=O)OC7=O)cc5C4=O)c(CC)c3)c3ccccc3-c3ccccc32)ccc1N,N2,10,15,578
CCc1cc(C2(c3ccc(N4C(=O)c5ccc(-c6ccc7c(c6)C(=O)OC7=O)cc5C4=O)c(CC)c3)c3ccccc3-c3ccccc32)ccc1N,air,10,5,461
CCc1cc(C2(c3ccc(N4C(=O)c5ccc(-c6ccc7c(c6)C(=O)OC7=O)cc5C4=O)c(CC)c3)c3ccccc3-c3ccccc32)ccc1N,air,10,10,492
CCc1cc(C2(c3ccc(N4C(=O)c5ccc(-c6ccc7c(c6)C(=O)OC7=O)cc5C4=O)c(CC)c3)c3ccccc3-c3ccccc32)ccc1N,air,10,15,517
CCc1cc(C2(c3ccc(-n4c(=O)c5cc6c(=O)oc(=O)c6cc5c4=O)c(CC)c3)c3ccccc3-c3ccccc32)ccc1N,N2,10,5,523
CCc1cc(C2(c3ccc(-n4c(=O)c5cc6c(=O)oc(=O)c6cc5c4=O)c(CC)c3)c3ccccc3-c3ccccc32)ccc1N,N2,10,10,543
CCc1cc(C2(c3ccc(-n4c(=O)c5cc6c(=O)oc(=O)c6cc5c4=O)c(CC)c3)c3ccccc3-c3ccccc32)ccc1N,N2,10,15,561
CCc1cc(C2(c3ccc(-n4c(=O)c5cc6c(=O)oc(=O)c6cc5c4=O)c(CC)c3)c3ccccc3-c3ccccc32)ccc1N,air,10,5,455
CCc1cc(C2(c3ccc(-n4c(=O)c5cc6c(=O)oc(=O)c6cc5c4=O)c(CC)c3)c3ccccc3-c3ccccc32)ccc1N,air,10,10,481
CCc1cc(C2(c3ccc(-n4c(=O)c5cc6c(=O)oc(=O)c6cc5c4=O)c(CC)c3)c3ccccc3-c3ccccc32)ccc1N,air,10,15,505
COc1ccc(C(C)(C)c2ccc(OC)c(N3C(=O)[C@H]4C5C=CC(C5)[C@H]4C3=O)c2)cc1N1C(=O)c2ccc(C(=O)c3ccc4c(c3)C(=O)N(c3cc(C(C)(C)c5ccc(OC)c(N6C(=O)[C@H]7C8C=CC(C8)[C@H]7C6=O)c5)ccc3OC)C4=O)cc2C1=O,N2,1,5,320
COc1ccc(C(C)(C)c2ccc(OC)c(N3C(=O)[C@H]4C5C=CC(C5)[C@H]4C3=O)c2)cc1N1C(=O)c2ccc(C(=O)c3ccc4c(c3)C(=O)N(c3cc(C(C)(C)c5ccc(OC)c(N6C(=O)[C@H]7C8C=CC(C8)[C@H]7C6=O)c5)ccc3OC)C4=O)cc2C1=O,N2,1,50,364
COc1ccc(C(C)(C)c2ccc(OC)c(N3C(=O)[C@H]4C5C=CC(C5)[C@H]4C3=O)c2)cc1N1C(=O)c2ccc(C(=O)c3ccc4c(c3)C(=O)N(c3cc(C(C)(C)c5ccc(OC)c(N6C(=O)[C@H]7C8C=CC(C8)[C@H]7C6=O)c5)ccc3OC)C4=O)cc2C1=O,air,1,5,282
COc1ccc(C(C)(C)c2ccc(OC)c(N3C(=O)[C@H]4C5C=CC(C5)[C@H]4C3=O)c2)cc1N1C(=O)c2ccc(C(=O)c3ccc4c(c3)C(=O)N(c3cc(C(C)(C)c5ccc(OC)c(N6C(=O)[C@H]7C8C=CC(C8)[C@H]7C6=O)c5)ccc3OC)C4=O)cc2C1=O,air,1,50,420
C#C[Si](C#CB(F)F)(c1ccccc1)c1ccccc1,N2,10,5,595
C#C[Si](C#CB(F)F)(c1ccccc1)c1ccccc1,air,10,5,543
Cc1cc(C2(c3cc(C)c(N4C(=O)c5ccc(Oc6ccc7c(c6)C(=O)OC7=O)cc5C4=O)c(C)c3)c3ccccc3-c3ccccc32)cc(C)c1N,N2,10,5,494
Cc1cc(C2(c3cc(C)c(N4C(=O)c5ccc(Oc6ccc7c(c6)C(=O)OC7=O)cc5C4=O)c(C)c3)c3ccccc3-c3ccccc32)cc(C)c1N,N2,10,10,531
Cc1cc(C2(c3cc(C)c(N4C(=O)c5ccc(Oc6ccc7c(c6)C(=O)OC7=O)cc5C4=O)c(C)c3)c3ccccc3-c3ccccc32)cc(C)c1N,N2,10,15,554
Cc1cc(C2(c3cc(C)c(N4C(=O)c5ccc(Oc6ccc7c(c6)C(=O)OC7=O)cc5C4=O)c(C)c3)c3ccccc3-c3ccccc32)cc(C)c1N,air,10,5,459
Cc1cc(C2(c3cc(C)c(N4C(=O)c5ccc(Oc6ccc7c(c6)C(=O)OC7=O)cc5C4=O)c(C)c3)c3ccccc3-c3ccccc32)cc(C)c1N,air,10,10,480
Cc1cc(C2(c3cc(C)c(N4C(=O)c5ccc(Oc6ccc7c(c6)C(=O)OC7=O)cc5C4=O)c(C)c3)c3ccccc3-c3ccccc32)cc(C)c1N,air,10,15,497
Cc1cc(C2(c3cc(C)c(N4C(=O)c5ccc(C(=O)c6ccc7c(c6)C(=O)OC7=O)cc5C4=O)c(C)c3)c3ccccc3-c3ccccc32)cc(C)c1N,N2,10,5,534
Cc1cc(C2(c3cc(C)c(N4C(=O)c5ccc(C(=O)c6ccc7c(c6)C(=O)OC7=O)cc5C4=O)c(C)c3)c3ccccc3-c3ccccc32)cc(C)c1N,N2,10,10,567
Cc1cc(C2(c3cc(C)c(N4C(=O)c5ccc(C(=O)c6ccc7c(c6)C(=O)OC7=O)cc5C4=O)c(C)c3)c3ccccc3-c3ccccc32)cc(C)c1N,N2,10,15,591
Cc1cc(C2(c3cc(C)c(N4C(=O)c5ccc(C(=O)c6ccc7c(c6)C(=O)OC7=O)cc5C4=O)c(C)c3)c3ccccc3-c3ccccc32)cc(C)c1N,air,10,5,454
Cc1cc(C2(c3cc(C)c(N4C(=O)c5ccc(C(=O)c6ccc7c(c6)C(=O)OC7=O)cc5C4=O)c(C)c3)c3ccccc3-c3ccccc32)cc(C)c1N,air,10,10,480
Cc1cc(C2(c3cc(C)c(N4C(=O)c5ccc(C(=O)c6ccc7c(c6)C(=O)OC7=O)cc5C4=O)c(C)c3)c3ccccc3-c3ccccc32)cc(C)c1N,air,10,15,498
Cc1cc(C2(c3cc(C)c(N4C(=O)c5ccc(-c6ccc7c(c6)C(=O)OC7=O)cc5C4=O)c(C)c3)c3ccccc3-c3ccccc32)cc(C)c1N,N2,10,5,531
Cc1cc(C2(c3cc(C)c(N4C(=O)c5ccc(-c6ccc7c(c6)C(=O)OC7=O)cc5C4=O)c(C)c3)c3ccccc3-c3ccccc32)cc(C)c1N,N2,10,10,567
Cc1cc(C2(c3cc(C)c(N4C(=O)c5ccc(-c6ccc7c(c6)C(=O)OC7=O)cc5C4=O)c(C)c3)c3ccccc3-c3ccccc32)cc(C)c1N,N2,10,15,592
Cc1cc(C2(c3cc(C)c(N4C(=O)c5ccc(-c6ccc7c(c6)C(=O)OC7=O)cc5C4=O)c(C)c3)c3ccccc3-c3ccccc32)cc(C)c1N,air,10,5,466
Cc1cc(C2(c3cc(C)c(N4C(=O)c5ccc(-c6ccc7c(c6)C(=O)OC7=O)cc5C4=O)c(C)c3)c3ccccc3-c3ccccc32)cc(C)c1N,air,10,10,487
Cc1cc(C2(c3cc(C)c(N4C(=O)c5ccc(-c6ccc7c(c6)C(=O)OC7=O)cc5C4=O)c(C)c3)c3ccccc3-c3ccccc32)cc(C)c1N,air,10,15,503
Cc1cc(C2(c3cc(C)c(-n4c(=O)c5cc6c(=O)oc(=O)c6cc5c4=O)c(C)c3)c3ccccc3-c3ccccc32)cc(C)c1N,N2,10,5,560
Cc1cc(C2(c3cc(C)c(-n4c(=O)c5cc6c(=O)oc(=O)c6cc5c4=O)c(C)c3)c3ccccc3-c3ccccc32)cc(C)c1N,N2,10,10,581
Cc1cc(C2(c3cc(C)c(-n4c(=O)c5cc6c(=O)oc(=O)c6cc5c4=O)c(C)c3)c3ccccc3-c3ccccc32)cc(C)c1N,N2,10,15,604
Cc1cc(C2(c3cc(C)c(-n4c(=O)c5cc6c(=O)oc(=O)c6cc5c4=O)c(C)c3)c3ccccc3-c3ccccc32)cc(C)c1N,air,10,5,529
Cc1cc(C2(c3cc(C)c(-n4c(=O)c5cc6c(=O)oc(=O)c6cc5c4=O)c(C)c3)c3ccccc3-c3ccccc32)cc(C)c1N,air,10,10,564
Cc1cc(C2(c3cc(C)c(-n4c(=O)c5cc6c(=O)oc(=O)c6cc5c4=O)c(C)c3)c3ccccc3-c3ccccc32)cc(C)c1N,air,10,15,579
Nc1ccc(-c2ccc(N3C(=O)c4cc(Cl)c(-c5cc6c(cc5Cl)C(=O)OC6=O)cc4C3=O)cc2C(F)(F)F)c(C(F)(F)F)c1,N2,10,1,479
Nc1ccc(-c2ccc(N3C(=O)c4cc(Cl)c(-c5cc6c(cc5Cl)C(=O)OC6=O)cc4C3=O)cc2C(F)(F)F)c(C(F)(F)F)c1,N2,10,5,531
Nc1ccc(C(=O)Nc2ccc(-c3ccc(NC(=O)c4ccc(N5C(=O)c6cc(Cl)c(-c7cc8c(cc7Cl)C(=O)OC8=O)cc6C5=O)cc4)cc3C(F)(F)F)c(C(F)(F)F)c2)cc1,N2,10,1,445
Nc1ccc(C(=O)Nc2ccc(-c3ccc(NC(=O)c4ccc(N5C(=O)c6cc(Cl)c(-c7cc8c(cc7Cl)C(=O)OC8=O)cc6C5=O)cc4)cc3C(F)(F)F)c(C(F)(F)F)c2)cc1,N2,10,5,500
Nc1cc(Cl)c(-c2cc(Cl)c(N3C(=O)c4cc(Cl)c(-c5cc6c(cc5Cl)C(=O)OC6=O)cc4C3=O)cc2Cl)cc1Cl,N2,10,1,479
Nc1cc(Cl)c(-c2cc(Cl)c(N3C(=O)c4cc(Cl)c(-c5cc6c(cc5Cl)C(=O)OC6=O)cc4C3=O)cc2Cl)cc1Cl,N2,10,5,554
Nc1ccc(Oc2ccc(N3C(=O)c4cc(Cl)c(-c5cc6c(cc5Cl)C(=O)OC6=O)cc4C3=O)cc2)cc1,N2,10,1,481
Nc1ccc(Oc2ccc(N3C(=O)c4cc(Cl)c(-c5cc6c(cc5Cl)C(=O)OC6=O)cc4C3=O)cc2)cc1,N2,10,5,545
O=C(c1ccc2c(c1)C(=O)N([C@H]1COC3C1OC[C@H]3N1C(=O)[C@H]3C4C=CC(C4)[C@H]3C1=O)C2=O)c1ccc2c(c1)C(=O)N([C@@H]1COC3C1OC[C@@H]3N1C(=O)[C@H]3C4C=CC(C4)[C@H]3C1=O)C2=O,N2,1,5,360
O=C(c1ccc2c(c1)C(=O)N([C@H]1COC3C1OC[C@H]3N1C(=O)[C@H]3C4C=CC(C4)[C@H]3C1=O)C2=O)c1ccc2c(c1)C(=O)N([C@@H]1COC3C1OC[C@@H]3N1C(=O)[C@H]3C4C=CC(C4)[C@H]3C1=O)C2=O,N2,1,50,405
O=C(c1ccc2c(c1)C(=O)N([C@H]1COC3C1OC[C@H]3N1C(=O)[C@H]3C4C=CC(C4)[C@H]3C1=O)C2=O)c1ccc2c(c1)C(=O)N([C@@H]1COC3C1OC[C@@H]3N1C(=O)[C@H]3C4C=CC(C4)[C@H]3C1=O)C2=O,air,1,5,270
O=C(c1ccc2c(c1)C(=O)N([C@H]1COC3C1OC[C@H]3N1C(=O)[C@H]3C4C=CC(C4)[C@H]3C1=O)C2=O)c1ccc2c(c1)C(=O)N([C@@H]1COC3C1OC[C@@H]3N1C(=O)[C@H]3C4C=CC(C4)[C@H]3C1=O)C2=O,air,1,50,450
Cc1c(C)c(N2C(=O)c3cc(Cl)c(-c4cc5c(cc4Cl)C(=O)OC5=O)cc3C2=O)c(C)c(C)c1N,N2,10,1,459
Cc1c(C)c(N2C(=O)c3cc(Cl)c(-c4cc5c(cc4Cl)C(=O)OC5=O)cc3C2=O)c(C)c(C)c1N,N2,10,5,500
C#Cc1cccc(C#C[SiH](C)C#Cc2cccc(C#C)c2)c1,air,10,5,577
Nc1ccc(-c2nc3cc(N4C(=O)c5ccc(-c6ccc7c(c6)C(=O)OC7=O)cc5C4=O)ccc3o2)cc1,N2,10,1,530
Nc1ccc(-c2nc3cc(N4C(=O)c5ccc(-c6ccc7c(c6)C(=O)OC7=O)cc5C4=O)ccc3o2)cc1,N2,10,5,576
Nc1ccc(-c2nc3cc(N4C(=O)c5ccc(-c6ccc7c(c6)C(=O)OC7=O)cc5C4=O)ccc3o2)cc1,N2,10,10,596
Nc1ccc(Oc2ccc3c(c2)C2(c4ccccc4-3)c3ccccc3-c3ccc(Oc4ccc(N5C(=O)c6ccc(C(c7ccc8c(c7)C(=O)OC8=O)(C(F)(F)F)C(F)(F)F)cc6C5=O)cc4C(F)(F)F)cc32)c(C(F)(F)F)c1,N2,10,5,530
Nc1ccc(Oc2ccc3c(c2)C2(c4ccccc4-3)c3ccccc3-c3ccc(Oc4ccc(N5C(=O)c6ccc(C(c7ccc8c(c7)C(=O)OC8=O)(C(F)(F)F)C(F)(F)F)cc6C5=O)cc4C(F)(F)F)cc32)c(C(F)(F)F)c1,N2,10,10,550
Nc1ccc(Oc2ccc3c(c2)C2(c4ccccc4-3)c3ccccc3-c3ccc(Oc4ccc(N5C(=O)c6ccc(C(c7ccc8c(c7)C(=O)OC8=O)(C(F)(F)F)C(F)(F)F)cc6C5=O)cc4C(F)(F)F)cc32)c(C(F)(F)F)c1,air,10,5,517
Nc1ccc(Oc2ccc3c(c2)C2(c4ccccc4-3)c3ccccc3-c3ccc(Oc4ccc(N5C(=O)c6ccc(C(c7ccc8c(c7)C(=O)OC8=O)(C(F)(F)F)C(F)(F)F)cc6C5=O)cc4C(F)(F)F)cc32)c(C(F)(F)F)c1,air,10,10,537
Nc1ccc(Oc2ccc3c(c2)[C@@]2(c4ccccc4-3)c3ccccc3-c3ccc(Oc4ccc(N5C(=O)c6ccc(C(c7ccc8c(c7)C(=O)OC8=O)(C(F)(F)F)C(F)(F)F)cc6C5=O)cc4C(F)(F)F)cc32)c(C(F)(F)F)c1,N2,10,5,527
Nc1ccc(Oc2ccc3c(c2)[C@@]2(c4ccccc4-3)c3ccccc3-c3ccc(Oc4ccc(N5C(=O)c6ccc(C(c7ccc8c(c7)C(=O)OC8=O)(C(F)(F)F)C(F)(F)F)cc6C5=O)cc4C(F)(F)F)cc32)c(C(F)(F)F)c1,N2,10,10,546
Nc1ccc(Oc2ccc3c(c2)[C@@]2(c4ccccc4-3)c3ccccc3-c3ccc(Oc4ccc(N5C(=O)c6ccc(C(c7ccc8c(c7)C(=O)OC8=O)(C(F)(F)F)C(F)(F)F)cc6C5=O)cc4C(F)(F)F)cc32)c(C(F)(F)F)c1,air,10,5,512
Nc1ccc(Oc2ccc3c(c2)[C@@]2(c4ccccc4-3)c3ccccc3-c3ccc(Oc4ccc(N5C(=O)c6ccc(C(c7ccc8c(c7)C(=O)OC8=O)(C(F)(F)F)C(F)(F)F)cc6C5=O)cc4C(F)(F)F)cc32)c(C(F)(F)F)c1,air,10,10,531
Nc1ccc(Oc2ccc3c(c2)C2(c4ccccc4-3)c3ccccc3-c3ccc(Oc4ccc(N5C(=O)c6ccc(Oc7ccc8c(c7)C(=O)OC8=O)cc6C5=O)cc4C(F)(F)F)cc32)c(C(F)(F)F)c1,N2,10,5,562
Nc1ccc(Oc2ccc3c(c2)C2(c4ccccc4-3)c3ccccc3-c3ccc(Oc4ccc(N5C(=O)c6ccc(Oc7ccc8c(c7)C(=O)OC8=O)cc6C5=O)cc4C(F)(F)F)cc32)c(C(F)(F)F)c1,N2,10,10,586
Nc1ccc(Oc2ccc3c(c2)C2(c4ccccc4-3)c3ccccc3-c3ccc(Oc4ccc(N5C(=O)c6ccc(Oc7ccc8c(c7)C(=O)OC8=O)cc6C5=O)cc4C(F)(F)F)cc32)c(C(F)(F)F)c1,air,10,5,539
Nc1ccc(Oc2ccc3c(c2)C2(c4ccccc4-3)c3ccccc3-c3ccc(Oc4ccc(N5C(=O)c6ccc(Oc7ccc8c(c7)C(=O)OC8=O)cc6C5=O)cc4C(F)(F)F)cc32)c(C(F)(F)F)c1,air,10,10,568
O=C(c1ccc2c(c1)C(=O)N(C1CCC(CC3CCC(N4C(=O)[C@H]5C6C=CC(C6)[C@H]5C4=O)CC3)CC1)C2=O)c1ccc2c(c1)C(=O)N(C1CCC(CC3CCC(N4C(=O)[C@H]5C6C=CC(C6)[C@H]5C4=O)CC3)CC1)C2=O,N2,1,5,318
O=C(c1ccc2c(c1)C(=O)N(C1CCC(CC3CCC(N4C(=O)[C@H]5C6C=CC(C6)[C@H]5C4=O)CC3)CC1)C2=O)c1ccc2c(c1)C(=O)N(C1CCC(CC3CCC(N4C(=O)[C@H]5C6C=CC(C6)[C@H]5C4=O)CC3)CC1)C2=O,N2,1,50,360
O=C(c1ccc2c(c1)C(=O)N(C1CCC(CC3CCC(N4C(=O)[C@H]5C6C=CC(C6)[C@H]5C4=O)CC3)CC1)C2=O)c1ccc2c(c1)C(=O)N(C1CCC(CC3CCC(N4C(=O)[C@H]5C6C=CC(C6)[C@H]5C4=O)CC3)CC1)C2=O,air,1,5,305
Nc1ccc(Oc2ccc3c(c2)[C@@]2(c4ccccc4-3)c3ccccc3-c3ccc(Oc4ccc(N5C(=O)c6ccc(Oc7ccc8c(c7)C(=O)OC8=O)cc6C5=O)cc4C(F)(F)F)cc32)c(C(F)(F)F)c1,N2,10,5,556
Nc1ccc(Oc2ccc3c(c2)[C@@]2(c4ccccc4-3)c3ccccc3-c3ccc(Oc4ccc(N5C(=O)c6ccc(Oc7ccc8c(c7)C(=O)OC8=O)cc6C5=O)cc4C(F)(F)F)cc32)c(C(F)(F)F)c1,N2,10,10,584
Nc1ccc(Oc2ccc3c(c2)[C@@]2(c4ccccc4-3)c3ccccc3-c3ccc(Oc4ccc(N5C(=O)c6ccc(Oc7ccc8c(c7)C(=O)OC8=O)cc6C5=O)cc4C(F)(F)F)cc32)c(C(F)(F)F)c1,air,10,5,535
Nc1ccc(Oc2ccc3c(c2)[C@@]2(c4ccccc4-3)c3ccccc3-c3ccc(Oc4ccc(N5C(=O)c6ccc(Oc7ccc8c(c7)C(=O)OC8=O)cc6C5=O)cc4C(F)(F)F)cc32)c(C(F)(F)F)c1,air,10,10,562
CCN,N2,10,0,250
c1ccc(-c2ccc(-c3cnc4cc(-c5ccc6nccnc6c5)ccc4n3)cc2)cc1,air,7,0,565
c1ccc(-c2cnc3cc(-c4ccc5nccnc5c4)ccc3n2)cc1,air,7,0,575
CCC1CC(=O)NC1=O,air,10,1,350
Nc1ccc(Oc2ccc3c(c2)C2(c4ccccc4-3)c3ccccc3-c3ccc(Oc4ccc(N5C(=O)c6ccc(C(=O)c7ccc8c(c7)C(=O)OC8=O)cc6C5=O)cc4C(F)(F)F)cc32)c(C(F)(F)F)c1,N2,10,5,555
Nc1ccc(Oc2ccc3c(c2)C2(c4ccccc4-3)c3ccccc3-c3ccc(Oc4ccc(N5C(=O)c6ccc(C(=O)c7ccc8c(c7)C(=O)OC8=O)cc6C5=O)cc4C(F)(F)F)cc32)c(C(F)(F)F)c1,N2,10,10,579
Nc1ccc(Oc2ccc3c(c2)C2(c4ccccc4-3)c3ccccc3-c3ccc(Oc4ccc(N5C(=O)c6ccc(C(=O)c7ccc8c(c7)C(=O)OC8=O)cc6C5=O)cc4C(F)(F)F)cc32)c(C(F)(F)F)c1,air,10,5,533
Nc1ccc(Oc2ccc3c(c2)C2(c4ccccc4-3)c3ccccc3-c3ccc(Oc4ccc(N5C(=O)c6ccc(C(=O)c7ccc8c(c7)C(=O)OC8=O)cc6C5=O)cc4C(F)(F)F)cc32)c(C(F)(F)F)c1,air,10,10,559
C[SiH](c1ccc(C#N)c(C#N)c1)c1ccc(C#N)c([SiH](C)c2ccc(C#N)c(C#N)c2)c1,N2,20,5,660
C[SiH](c1ccc(C#N)c(C#N)c1)c1ccc(C#N)c([SiH](C)c2ccc(C#N)c(C#N)c2)c1,air,20,5,460
C#CCOc1ccc(C(C)(C)c2ccc(O)c(CC#C)c2)cc1,N2,10,1.00E-08,380
C(#C[Si](C#Cc1ccccc1)(C#Cc1ccccc1)C#Cc1ccccc1)c1ccccc1,N2,10,5,710.8
C(#C[Si](C#Cc1ccccc1)(C#Cc1ccccc1)C#Cc1ccccc1)c1ccccc1,air,10,5,595
C#C[SiH](C)C#C[SiH](C)C#Cc1cccc(C#C[SiH2]C)c1,N2,10,5,644
C#C[SiH](C)C#C[SiH](C)C#Cc1cccc(C#C[SiH2]C)c1,air,10,5,595
C#Cc1ccc(N2COc3ccccc3C2)cc1,N2,10,0,145
C#Cc1cc(C#C)cc([SiH](c2ccccc2)c2cc(C#C)cc(C#C)c2)c1,N2,10,5,791
C#Cc1ccc2[nH]c3ccc(C#C[Si](C)(C#Cc4cccc(C#C[SiH](C)C=C)c4)C=C)cc3c2c1,N2,10,5,691
Nc1cc(-c2nc3ccccc3[nH]2)cc(-n2c(=O)c3cc4c(=O)[nH]c(=O)c4cc3c2=O)c1,N2,10,5,409
Nc1cc(-c2nc3ccccc3[nH]2)cc(-n2c(=O)c3cc4c(=O)[nH]c(=O)c4cc3c2=O)c1,N2,10,10,421
C[Si](C)(C#Cc1ccccc1)C#Cc1cccc(C#C[Si](C)(C)C#Cc2ccccc2)c1,N2,10,5,626
C[Si](C)(C#Cc1ccccc1)C#Cc1cccc(C#C[Si](C)(C)C#Cc2ccccc2)c1,N2,10,10,945
C[Si](C)(C#Cc1ccccc1)C#Cc1cccc(C#C[Si](C)(C)C#Cc2ccccc2)c1,air,10,5,485.6
O=C1C2C3C=CC(C3)C2C(=O)N1c1cccc2c1OCN(c1ccccc1)C2,N2,10,5,371
O=C1C2C3C=CC(C3)C2C(=O)N1c1cccc2c1OCN(c1ccccc1)C2,N2,10,10,431
N#Cc1ccc(Oc2ccc3ccc(Oc4ccc(C#N)c(C#N)c4)cc3c2)cc1C#N,N2,10,5,495
N#Cc1ccc(Oc2ccc3ccc(Oc4ccc(C#N)c(C#N)c4)cc3c2)cc1C#N,air,10,5,506
N#Cc1ccc(Oc2ccc3c(Oc4ccc(C#N)c(C#N)c4)cccc3c2)cc1C#N,N2,10,5,553
N#Cc1ccc(Oc2ccc3c(Oc4ccc(C#N)c(C#N)c4)cccc3c2)cc1C#N,N2,10,10,594
N#Cc1ccc(Oc2ccc3c(Oc4ccc(C#N)c(C#N)c4)cccc3c2)cc1C#N,air,10,5,549
N#Cc1ccc(Oc2ccc3c(Oc4ccc(C#N)c(C#N)c4)cccc3c2)cc1C#N,air,10,10,588
O=C1NC(=O)[C@H]2C1C1CCC2[C@H]2C(=O)N(c3ccc(Oc4ccccc4)cc3)C(=O)[C@@H]12,N2,10,5,464
O=C1NC(=O)[C@H]2C1C1CCC2[C@H]2C(=O)N(c3ccc(Oc4ccccc4)cc3)C(=O)[C@@H]12,N2,10,10,482
O=C1NC(=O)[C@H]2C1[C@H]1CC[C@@H]2[C@H]2C(=O)N(c3ccc(Cc4ccccc4)cc3)C(=O)[C@@H]12,N2,10,5,474
O=C1NC(=O)[C@H]2C1[C@H]1CC[C@@H]2[C@H]2C(=O)N(c3ccc(Cc4ccccc4)cc3)C(=O)[C@@H]12,N2,10,10,487
Cc1ccc(Oc2cccc(Oc3ccc(N4C(=O)[C@H]5[C@@H]6CC[C@@H]([C@H]7C(=O)N(C)C(=O)C67)[C@H]5C4=O)cc3)c2)cc1,N2,10,5,451
Cc1ccc(Oc2cccc(Oc3ccc(N4C(=O)[C@H]5[C@@H]6CC[C@@H]([C@H]7C(=O)N(C)C(=O)C67)[C@H]5C4=O)cc3)c2)cc1,N2,10,10,464
O=C1NC(=O)[C@@H]2C3CCC(C12)[C@H]1C(=O)N(c2ccc(Oc4ccccc4)cc2)C(=O)C31,N2,10,5,447
O=C1NC(=O)[C@@H]2C3CCC(C12)[C@H]1C(=O)N(c2ccc(Oc4ccccc4)cc2)C(=O)C31,N2,10,10,459
Cc1ccc(Oc2cccc(Oc3ccc(N4C(=O)[C@@H]5[C@H](C4=O)[C@H]4CC[C@@H]5[C@H]5C(=O)N(C)C(=O)[C@@H]45)cc3)c2)cc1,N2,10,5,491
Cc1ccc(Oc2cccc(Oc3ccc(N4C(=O)[C@@H]5[C@H](C4=O)[C@H]4CC[C@@H]5[C@H]5C(=O)N(C)C(=O)[C@@H]45)cc3)c2)cc1,N2,10,10,503
O=C(c1ccc2c(c1)C(=O)NC2=O)c1ccc2c(c1)C(=O)N(c1ccc(Oc3ccccc3)cc1)C2=O,air,10,10,520
O=C(c1ccc2c(c1)C(=O)NC2=O)c1ccc2c(c1)C(=O)N(c1ccc(Oc3ccccc3)cc1)C2=O,N2,10,10,543
C#Cc1ccc(N2COc3c(cccc3N3C(=O)C4C5C=CC(C5)C4C3=O)C2)cc1,N2,10,5,430
C#Cc1ccc(N2COc3c(cccc3N3C(=O)C4C5C=CC(C5)C4C3=O)C2)cc1,N2,10,10,458
Cc1ccc(Oc2ccc(N3C(=O)c4ccc(-c5ccc6c(c5)C(=O)N(C)C6=O)cc4C3=O)cc2)cc1,air,10,10,543
Cc1ccc(Oc2ccc(N3C(=O)c4ccc(-c5ccc6c(c5)C(=O)N(C)C6=O)cc4C3=O)cc2)cc1,N2,10,10,573
Cc1ccc(Oc2ccc(N3C(=O)c4ccc(-c5ccc6c(c5)C(=O)N(C)C6=O)cc4C3=O)cc2)cc1,N2,10,5,550
Cc1cccc(Oc2cccc(Oc3cccc(N4C(=O)c5ccc(C(c6ccc7c(c6)C(=O)N(C)C7=O)(C(F)(F)F)C(F)(F)F)cc5C4=O)c3)c2)c1,air,10,10,515
O=C1NC(=O)c2cc(C(c3ccc4c(c3)C(=O)N(c3ccc(Oc5ccc(C(c6ccc(Oc7ccccc7)cc6)(C(F)(F)F)C(F)(F)F)cc5)cc3)C4=O)(C(F)(F)F)C(F)(F)F)ccc21,air,10,10,561
O=c1[nH]c(=O)c2cc3c(=O)n(-c4ccc(Sc5ccccc5C(F)(F)F)cc4)c(=O)c3cc12,air,10,5,522
O=c1[nH]c(=O)c2cc3c(=O)n(-c4ccc(Sc5ccccc5C(F)(F)F)cc4)c(=O)c3cc12,N2,10,5,534
Cc1ccc(Sc2ccc(N3C(=O)c4ccc(-c5ccc6c(c5)C(=O)N(C)C6=O)cc4C3=O)cc2)c(C(F)(F)F)c1,air,10,5,538
Cc1ccc(Sc2ccc(N3C(=O)c4ccc(-c5ccc6c(c5)C(=O)N(C)C6=O)cc4C3=O)cc2)c(C(F)(F)F)c1,N2,10,5,546
O=C(c1ccc2c(c1)C(=O)NC2=O)c1ccc2c(c1)C(=O)N(c1ccc(Sc3ccccc3C(F)(F)F)cc1)C2=O,air,10,5,511
O=C(c1ccc2c(c1)C(=O)NC2=O)c1ccc2c(c1)C(=O)N(c1ccc(Sc3ccccc3C(F)(F)F)cc1)C2=O,N2,10,5,543
O=C1NC(=O)c2cc(Oc3ccc4c(c3)C(=O)N(c3ccc(Sc5ccccc5C(F)(F)F)cc3)C4=O)ccc21,air,10,5,505
O=C1NC(=O)c2cc(Oc3ccc4c(c3)C(=O)N(c3ccc(Sc5ccccc5C(F)(F)F)cc3)C4=O)ccc21,N2,10,5,535
O=c1[nH]c(=O)c2cc3c(=O)n(-c4ccc(Sc5ccccc5C(F)(F)F)c(C(F)(F)F)c4)c(=O)c3cc12,air,10,5,527
O=c1[nH]c(=O)c2cc3c(=O)n(-c4ccc(Sc5ccccc5C(F)(F)F)c(C(F)(F)F)c4)c(=O)c3cc12,N2,10,5,546
N#Cc1ccc(N2COc3c(cccc3N3C(=O)C4C5C=CC(C5)C4C3=O)C2)cc1C#N,N2,10,0,250
N#Cc1ccc(N2COc3c(cccc3N3C(=O)C4C5C=CC(C5)C4C3=O)C2)cc1C#N,N2,10,5,406
N#Cc1ccc(N2COc3c(cccc3N3C(=O)C4C5C=CC(C5)C4C3=O)C2)cc1C#N,N2,10,10,450
N#Cc1ccc(N2COc3c(cccc3N3C(=O)C4C5C=CC(C5)C4C3=O)C2)cc1C#N,air,10,5,412
N#Cc1ccc(N2COc3c(cccc3N3C(=O)C4C5C=CC(C5)C4C3=O)C2)cc1C#N,air,10,10,457
Cc1ccc(Sc2ccc(N3C(=O)c4ccc(-c5ccc6c(c5)C(=O)N(C)C6=O)cc4C3=O)cc2C(F)(F)F)c(C(F)(F)F)c1,air,10,5,542
Cc1ccc(Sc2ccc(N3C(=O)c4ccc(-c5ccc6c(c5)C(=O)N(C)C6=O)cc4C3=O)cc2C(F)(F)F)c(C(F)(F)F)c1,N2,10,5,561
Cc1ccc(Sc2ccc(N3C(=O)c4ccc(C(=O)c5ccc6c(c5)C(=O)N(C)C6=O)cc4C3=O)cc2C(F)(F)F)c(C(F)(F)F)c1,air,10,5,535
Cc1ccc(Sc2ccc(N3C(=O)c4ccc(C(=O)c5ccc6c(c5)C(=O)N(C)C6=O)cc4C3=O)cc2C(F)(F)F)c(C(F)(F)F)c1,N2,10,5,552
Cc1ccc(Sc2ccc(N3C(=O)c4ccc(Oc5ccc6c(c5)C(=O)N(C)C6=O)cc4C3=O)cc2C(F)(F)F)c(C(F)(F)F)c1,air,10,5,535
Cc1ccc(Sc2ccc(N3C(=O)c4ccc(Oc5ccc6c(c5)C(=O)N(C)C6=O)cc4C3=O)cc2C(F)(F)F)c(C(F)(F)F)c1,N2,10,5,555
O=C1NC(=O)C2CC3C(=O)N(c4ccc(-c5ccccc5)cc4)C(=O)C3CC12,N2,10,5,442
O=C1NC(=O)C2CC3C(=O)N(c4ccc(-c5ccccc5)cc4)C(=O)C3CC12,N2,10,10,458
O=C1NC(=O)C2CC3C(=O)N(c4ccc(Oc5ccc(Oc6ccccc6C(F)(F)F)cc5)c(C(F)(F)F)c4)C(=O)C3CC12,N2,10,5,447
O=C1NC(=O)C2CC3C(=O)N(c4ccc(Oc5ccc(Oc6ccccc6C(F)(F)F)cc5)c(C(F)(F)F)c4)C(=O)C3CC12,N2,10,10,462
c1ccc(-c2nc3ccc(-c4ccc5nc[nH]c5c4)cc3[nH]2)cc1,Ar,10,10,610
c1ccc(-c2nc3ccc(-c4ccc5nc[nH]c5c4)cc3[nH]2)cc1,air,10,10,570
c1ccc2cc(-c3nc4ccc(-c5ccc6nc[nH]c6c5)cc4[nH]3)ccc2c1,N2,10,5,601
c1ccc2cc(-c3nc4ccc(-c5ccc6nc[nH]c6c5)cc4[nH]3)ccc2c1,N2,10,10,648
c1ccc2cc(-c3nc4ccc(-c5ccc6nc[nH]c6c5)cc4[nH]3)ccc2c1,air,10,10,580
c1ccc(NCCCCCCN(c2ccccc2)c2ncnc(-c3ccccc3)n2)cc1,air,10,10,428
c1ccc(-c2cnc3ccc(-c4ccc5nc(-c6ccccc6)c(-c6ccccc6)nc5c4)cc3n2)cc1,N2,10,5,588
c1ccc(-c2cnc3ccc(-c4ccc5nc(-c6ccccc6)c(-c6ccccc6)nc5c4)cc3n2)cc1,air,10,5,568
c1ccc(-c2nc3cc(-c4ccc5ncc(-c6ccc7ccccc7c6)nc5c4)ccc3nc2-c2ccc3ccccc3c2)cc1,N2,10,5,600
c1ccc(-c2nc3cc(-c4ccc5ncc(-c6ccc7ccccc7c6)nc5c4)ccc3nc2-c2ccc3ccccc3c2)cc1,air,10,5,577
c1ccc(NCCCCN(c2ccccc2)c2ncncn2)cc1,air,10,10,421
c1ccc(NCCCCCCN(c2ccccc2)c2ncncn2)cc1,air,10,10,447
c1ccc(NCCCCCCCCCCN(c2ccccc2)c2ncncn2)cc1,air,10,10,437
Cc1ncnc(N(CCCCNc2ccccc2)c2ccccc2)n1,air,10,10,444
Cc1ncnc(N(CCCCCCNc2ccccc2)c2ccccc2)n1,air,10,10,413
Cc1ncnc(N(CCCCCCCCCCNc2ccccc2)c2ccccc2)n1,air,10,10,422
c1ccc(NCCCCN(c2ccccc2)c2ncnc(-c3ccccc3)n2)cc1,air,10,10,448
c1ccc(NCCCCCCCCCCN(c2ccccc2)c2ncnc(-c3ccccc3)n2)cc1,air,10,10,408
O=C1CC(=O)C2CC3C(=O)C(c4ccc(Oc5ccc(-c6ccc(Oc7ccccc7C(F)(F)F)cc6)cc5)c(C(F)(F)F)c4)C(=O)C3CC12,N2,10,5,453
O=C1CC(=O)C2CC3C(=O)C(c4ccc(Oc5ccc(-c6ccc(Oc7ccccc7C(F)(F)F)cc6)cc5)c(C(F)(F)F)c4)C(=O)C3CC12,N2,10,10,466
O=C1NC(=O)C2CC3C(=O)N(c4ccc(Oc5ccc(S(=O)(=O)c6ccc(Oc7ccccc7C(F)(F)F)cc6)cc5)c(C(F)(F)F)c4)C(=O)C3CC12,N2,10,5,445
O=C1NC(=O)C2CC3C(=O)N(c4ccc(Oc5ccc(S(=O)(=O)c6ccc(Oc7ccccc7C(F)(F)F)cc6)cc5)c(C(F)(F)F)c4)C(=O)C3CC12,N2,10,10,466
Cc1cc(Oc2ccc(S(=O)(=O)c3ccc(Oc4cc(N5C(=O)C6CC7C(=O)N(C)C(=O)C7CC6C5=O)cc(C(F)(F)F)c4)cc3)cc2)cc(C(F)(F)F)c1,N2,10,5,436
Cc1cc(Oc2ccc(S(=O)(=O)c3ccc(Oc4cc(N5C(=O)C6CC7C(=O)N(C)C(=O)C7CC6C5=O)cc(C(F)(F)F)c4)cc3)cc2)cc(C(F)(F)F)c1,N2,10,10,454
C#Cc1ccc(Oc2ccc(Oc3ccc(C#C[SiH](C)c4ccccc4)cc3)cc2)cc1,N2,10,5,531
C#CCN(CC#C[Si](C)(C)C#CCN(CC#C)c1ccccc1)c1ccccc1,N2,10,5,451
C#CCOc1cccc(OCC#C[Si](C)(C)C#CCOc2cccc(OCC#C)c2)c1,air,10,5,430
Cc1c(F)c(F)c(F)c(N2C(=O)c3c(F)c(F)c(Oc4c(F)c(F)c(Oc5c(F)c(F)c6c(c5F)C(=O)N(C)C6=O)c(F)c4F)c(F)c3C2=O)c1F,N2,10,10,501
Cc1ccc(Oc2c(C)cc(-c3cc(C)c(Oc4ccc(-n5c(=O)c6cc7c(=O)n(C)c(=O)c7cc6c5=O)cc4)c(C)c3)cc2C)cc1,N2,10,10,513
Cc1ccc(Oc2c(C)cc(-c3cc(C)c(Oc4ccc(-n5c(=O)c6cc7c(=O)n(C)c(=O)c7cc6c5=O)cc4)c(C)c3)cc2C)cc1,air,10,10,489
Cc1ccc(Oc2c(C)cc(-c3cc(C)c(Oc4ccc(N5C(=O)c6ccc(C(=O)c7ccc8c(c7)C(=O)N(C)C8=O)cc6C5=O)cc4)c(C)c3)cc2C)cc1,N2,10,10,511
Cc1ccc(Oc2c(C)cc(-c3cc(C)c(Oc4ccc(N5C(=O)c6ccc(C(=O)c7ccc8c(c7)C(=O)N(C)C8=O)cc6C5=O)cc4)c(C)c3)cc2C)cc1,air,10,10,483
Cc1ccc(Oc2c(C)cc(-c3cc(C)c(Oc4ccc(N5C(=O)c6ccc(-c7ccc8c(c7)C(=O)N(C)C8=O)cc6C5=O)cc4)c(C)c3)cc2C)cc1,N2,10,10,512
Cc1ccc(Oc2c(C)cc(-c3cc(C)c(Oc4ccc(N5C(=O)c6ccc(-c7ccc8c(c7)C(=O)N(C)C8=O)cc6C5=O)cc4)c(C)c3)cc2C)cc1,air,10,10,491
Cc1ccc(Oc2c(C)cc(-c3cc(C)c(Oc4ccc(N5C(=O)c6ccc(S(=O)(=O)c7ccc8c(c7)C(=O)N(C)C8=O)cc6C5=O)cc4)c(C)c3)cc2C)cc1,N2,10,10,470
Cc1ccc(Oc2c(C)cc(-c3cc(C)c(Oc4ccc(N5C(=O)c6ccc(S(=O)(=O)c7ccc8c(c7)C(=O)N(C)C8=O)cc6C5=O)cc4)c(C)c3)cc2C)cc1,air,10,10,460
Cc1ccc(Oc2c(C)cc(-c3cc(C)c(Oc4ccc(N5C(=O)c6ccc(Oc7ccc8c(c7)C(=O)N(C)C8=O)cc6C5=O)cc4)c(C)c3)cc2C)cc1,N2,10,10,494
Cc1ccc(Oc2c(C)cc(-c3cc(C)c(Oc4ccc(N5C(=O)c6ccc(Oc7ccc8c(c7)C(=O)N(C)C8=O)cc6C5=O)cc4)c(C)c3)cc2C)cc1,air,10,10,498
N#Cc1ccc(N2COc3ccccc3C2)cc1C#N,N2,20,10,560
N#Cc1ccc(N2COc3ccccc3C2)cc1C#N,N2,20,5,450
N#Cc1ccc(N2COc3ccccc3C2)cc1C#N,air,20,50,600
N#Cc1ccc(N2COc3ccccc3C2)cc1C#N,air,20,10,440
Cc1ccc(Oc2c(C)cc(-c3cc(C)c(Oc4ccc(N5C(=O)c6ccc(C(c7ccc8c(c7)C(=O)N(C)C8=O)(C(F)(F)F)C(F)(F)F)cc6C5=O)cc4)c(C)c3)cc2C)cc1,N2,10,10,516
Cc1ccc(Oc2c(C)cc(-c3cc(C)c(Oc4ccc(N5C(=O)c6ccc(C(c7ccc8c(c7)C(=O)N(C)C8=O)(C(F)(F)F)C(F)(F)F)cc6C5=O)cc4)c(C)c3)cc2C)cc1,air,10,10,495
C[C@@H]1C2C(=O)N(c3ccc(Oc4ccccc4)cc3)C(=O)C2[C@H](C)C2C1[C@@H]1C[C@H]2C2C(=O)NC(=O)C21,N2,10,5,514
C[C@@H]1C2C(=O)N(c3ccc(Oc4ccccc4)cc3)C(=O)C2[C@H](C)C2C1[C@@H]1C[C@H]2C2C(=O)NC(=O)C21,air,10,5,470
C#Cc1cccc(C#C[SiH2]C)c1,N2,10,5,703
C#Cc1cccc(C#C[SiH2]C)c1,air,10,5,578
Nc1ccc(Oc2ccc(N3C(=O)c4ccc(C(c5ccc6c(c5)C(=O)N(c5ccc(Oc7ccc(N8C(=O)c9ccc(C(c%10ccc%11c(c%10)C(=O)OC%11=O)(C(F)(F)F)C(F)(F)F)cc9C8=O)cc7)cc5)C6=O)(C(F)(F)F)C(F)(F)F)cc4C3=O)cc2)cc1,N2,10,5,523
Nc1ccc(Oc2ccc(N3C(=O)c4ccc(Oc5ccc(C(c6ccc(Oc7ccc8c(c7)C(=O)N(c7ccc(Oc9ccc(N%10C(=O)c%11ccc(Oc%12ccc(C(c%13ccc(Oc%14ccc%15c(c%14)C(=O)OC%15=O)cc%13)(C(F)(F)F)C(F)(F)F)cc%12)cc%11C%10=O)cc9)cc7)C8=O)cc6)(C(F)(F)F)C(F)(F)F)cc5)cc4C3=O)cc2)cc1,N2,10,5,527
NCC1CCCC(Cn2c(=O)c3cc4c(=O)n(CC5CCCC(CNC(=O)c6cccc(C(=O)Cl)c6)C5)c(=O)c4cc3c2=O)C1,N2,10,0,265
NCC1CCCC(Cn2c(=O)c3cc4c(=O)n(CC5CCCC(CNC(=O)c6cccc(C(=O)Cl)c6)C5)c(=O)c4cc3c2=O)C1,N2,10,10,380
NCC1CCCC(Cn2c(=O)c3cc4c(=O)n(CC5CCCC(CNC(=O)c6cccc(C(=O)Cl)c6)C5)c(=O)c4cc3c2=O)C1,N2,10,25,450
NCC1CCCC(Cn2c(=O)c3cc4c(=O)n(CC5CCCC(CNC(=O)c6cccc(C(=O)Cl)c6)C5)c(=O)c4cc3c2=O)C1,N2,10,50,560
NCC1CCCC(Cn2c(=O)c3cc4c(=O)n(CC5CCCC(CNC(=O)c6cccc(C(=O)Cl)c6)C5)c(=O)c4cc3c2=O)C1,air,10,0,260
NCC1CCCC(Cn2c(=O)c3cc4c(=O)n(CC5CCCC(CNC(=O)c6cccc(C(=O)Cl)c6)C5)c(=O)c4cc3c2=O)C1,air,10,10,365
NCC1CCCC(Cn2c(=O)c3cc4c(=O)n(CC5CCCC(CNC(=O)c6cccc(C(=O)Cl)c6)C5)c(=O)c4cc3c2=O)C1,air,10,25,430
NCC1CCCC(Cn2c(=O)c3cc4c(=O)n(CC5CCCC(CNC(=O)c6cccc(C(=O)Cl)c6)C5)c(=O)c4cc3c2=O)C1,air,10,50,512
Nc1cccc(-n2c(=O)c3cc4c(=O)n(-c5cccc(NC(=O)c6cccc(C(=O)Cl)c6)c5)c(=O)c4cc3c2=O)c1,N2,10,0,295
Nc1cccc(-n2c(=O)c3cc4c(=O)n(-c5cccc(NC(=O)c6cccc(C(=O)Cl)c6)c5)c(=O)c4cc3c2=O)c1,N2,10,10,526
Nc1cccc(-n2c(=O)c3cc4c(=O)n(-c5cccc(NC(=O)c6cccc(C(=O)Cl)c6)c5)c(=O)c4cc3c2=O)c1,N2,10,25,590
Nc1cccc(-n2c(=O)c3cc4c(=O)n(-c5cccc(NC(=O)c6cccc(C(=O)Cl)c6)c5)c(=O)c4cc3c2=O)c1,N2,10,50,638
Nc1cccc(-n2c(=O)c3cc4c(=O)n(-c5cccc(NC(=O)c6cccc(C(=O)Cl)c6)c5)c(=O)c4cc3c2=O)c1,air,10,0,295
Nc1cccc(-n2c(=O)c3cc4c(=O)n(-c5cccc(NC(=O)c6cccc(C(=O)Cl)c6)c5)c(=O)c4cc3c2=O)c1,air,10,25,510
Nc1cccc(-n2c(=O)c3cc4c(=O)n(-c5cccc(NC(=O)c6cccc(C(=O)Cl)c6)c5)c(=O)c4cc3c2=O)c1,air,10,50,565
Nc1ccc(Oc2ccc(-n3c(=O)c4cc5c(=O)n(-c6ccc(Oc7ccc(NC(=O)c8cccc(C(=O)Cl)c8)cc7)cc6)c(=O)c5cc4c3=O)cc2)cc1,N2,10,0,412
Nc1ccc(Oc2ccc(-n3c(=O)c4cc5c(=O)n(-c6ccc(Oc7ccc(NC(=O)c8cccc(C(=O)Cl)c8)cc7)cc6)c(=O)c5cc4c3=O)cc2)cc1,N2,10,10,500
Nc1ccc(Oc2ccc(-n3c(=O)c4cc5c(=O)n(-c6ccc(Oc7ccc(NC(=O)c8cccc(C(=O)Cl)c8)cc7)cc6)c(=O)c5cc4c3=O)cc2)cc1,N2,10,25,550
Nc1ccc(Oc2ccc(-n3c(=O)c4cc5c(=O)n(-c6ccc(Oc7ccc(NC(=O)c8cccc(C(=O)Cl)c8)cc7)cc6)c(=O)c5cc4c3=O)cc2)cc1,N2,10,50,585
Nc1ccc(Oc2ccc(-n3c(=O)c4cc5c(=O)n(-c6ccc(Oc7ccc(NC(=O)c8cccc(C(=O)Cl)c8)cc7)cc6)c(=O)c5cc4c3=O)cc2)cc1,air,10,0,340
Nc1ccc(Oc2ccc(-n3c(=O)c4cc5c(=O)n(-c6ccc(Oc7ccc(NC(=O)c8cccc(C(=O)Cl)c8)cc7)cc6)c(=O)c5cc4c3=O)cc2)cc1,air,10,10,460
Nc1ccc(Oc2ccc(-n3c(=O)c4cc5c(=O)n(-c6ccc(Oc7ccc(NC(=O)c8cccc(C(=O)Cl)c8)cc7)cc6)c(=O)c5cc4c3=O)cc2)cc1,air,10,25,505
Nc1ccc(Oc2ccc(-n3c(=O)c4cc5c(=O)n(-c6ccc(Oc7ccc(NC(=O)c8cccc(C(=O)Cl)c8)cc7)cc6)c(=O)c5cc4c3=O)cc2)cc1,air,10,50,520
Nc1cccc(S(=O)(=O)c2cccc(-n3c(=O)c4cc5c(=O)n(-c6cccc(S(=O)(=O)c7cccc(NC(=O)c8cccc(C(=O)Cl)c8)c7)c6)c(=O)c5cc4c3=O)c2)c1,N2,10,0,405
Nc1cccc(S(=O)(=O)c2cccc(-n3c(=O)c4cc5c(=O)n(-c6cccc(S(=O)(=O)c7cccc(NC(=O)c8cccc(C(=O)Cl)c8)c7)c6)c(=O)c5cc4c3=O)c2)c1,N2,10,10,535
Nc1cccc(S(=O)(=O)c2cccc(-n3c(=O)c4cc5c(=O)n(-c6cccc(S(=O)(=O)c7cccc(NC(=O)c8cccc(C(=O)Cl)c8)c7)c6)c(=O)c5cc4c3=O)c2)c1,N2,10,25,600
Nc1cccc(S(=O)(=O)c2cccc(-n3c(=O)c4cc5c(=O)n(-c6cccc(S(=O)(=O)c7cccc(NC(=O)c8cccc(C(=O)Cl)c8)c7)c6)c(=O)c5cc4c3=O)c2)c1,air,10,0,340
Nc1cccc(S(=O)(=O)c2cccc(-n3c(=O)c4cc5c(=O)n(-c6cccc(S(=O)(=O)c7cccc(NC(=O)c8cccc(C(=O)Cl)c8)c7)c6)c(=O)c5cc4c3=O)c2)c1,air,10,10,475
Nc1cccc(S(=O)(=O)c2cccc(-n3c(=O)c4cc5c(=O)n(-c6cccc(S(=O)(=O)c7cccc(NC(=O)c8cccc(C(=O)Cl)c8)c7)c6)c(=O)c5cc4c3=O)c2)c1,air,10,25,495
Nc1cccc(S(=O)(=O)c2cccc(-n3c(=O)c4cc5c(=O)n(-c6cccc(S(=O)(=O)c7cccc(NC(=O)c8cccc(C(=O)Cl)c8)c7)c6)c(=O)c5cc4c3=O)c2)c1,air,10,50,500
Nc1ccc(S(=O)(=O)c2ccc(-n3c(=O)c4cc5c(=O)n(-c6ccc(S(=O)(=O)c7ccc(NC(=O)c8cccc(C(=O)Cl)c8)cc7)cc6)c(=O)c5cc4c3=O)cc2)cc1,N2,10,0,410
Nc1ccc(S(=O)(=O)c2ccc(-n3c(=O)c4cc5c(=O)n(-c6ccc(S(=O)(=O)c7ccc(NC(=O)c8cccc(C(=O)Cl)c8)cc7)cc6)c(=O)c5cc4c3=O)cc2)cc1,N2,10,10,445
Nc1ccc(S(=O)(=O)c2ccc(-n3c(=O)c4cc5c(=O)n(-c6ccc(S(=O)(=O)c7ccc(NC(=O)c8cccc(C(=O)Cl)c8)cc7)cc6)c(=O)c5cc4c3=O)cc2)cc1,N2,10,25,515
Nc1ccc(S(=O)(=O)c2ccc(-n3c(=O)c4cc5c(=O)n(-c6ccc(S(=O)(=O)c7ccc(NC(=O)c8cccc(C(=O)Cl)c8)cc7)cc6)c(=O)c5cc4c3=O)cc2)cc1,air,10,0,365
Nc1ccc(S(=O)(=O)c2ccc(-n3c(=O)c4cc5c(=O)n(-c6ccc(S(=O)(=O)c7ccc(NC(=O)c8cccc(C(=O)Cl)c8)cc7)cc6)c(=O)c5cc4c3=O)cc2)cc1,air,10,10,450
Nc1ccc(S(=O)(=O)c2ccc(-n3c(=O)c4cc5c(=O)n(-c6ccc(S(=O)(=O)c7ccc(NC(=O)c8cccc(C(=O)Cl)c8)cc7)cc6)c(=O)c5cc4c3=O)cc2)cc1,air,10,25,525
Nc1ccc(S(=O)(=O)c2ccc(-n3c(=O)c4cc5c(=O)n(-c6ccc(S(=O)(=O)c7ccc(NC(=O)c8cccc(C(=O)Cl)c8)cc7)cc6)c(=O)c5cc4c3=O)cc2)cc1,air,10,50,550
Nc1ccc(Cc2ccc(-n3c(=O)c4cc5c(=O)n(-c6ccc(Cc7ccc(NC(=O)c8cccc(C(=O)Cl)c8)cc7)cc6)c(=O)c5cc4c3=O)cc2)cc1,N2,10,0,400
Nc1ccc(Cc2ccc(-n3c(=O)c4cc5c(=O)n(-c6ccc(Cc7ccc(NC(=O)c8cccc(C(=O)Cl)c8)cc7)cc6)c(=O)c5cc4c3=O)cc2)cc1,N2,10,10,450
Nc1ccc(Cc2ccc(-n3c(=O)c4cc5c(=O)n(-c6ccc(Cc7ccc(NC(=O)c8cccc(C(=O)Cl)c8)cc7)cc6)c(=O)c5cc4c3=O)cc2)cc1,N2,10,25,545
Nc1ccc(Cc2ccc(-n3c(=O)c4cc5c(=O)n(-c6ccc(Cc7ccc(NC(=O)c8cccc(C(=O)Cl)c8)cc7)cc6)c(=O)c5cc4c3=O)cc2)cc1,N2,10,50,675
Nc1ccc(Cc2ccc(-n3c(=O)c4cc5c(=O)n(-c6ccc(Cc7ccc(NC(=O)c8cccc(C(=O)Cl)c8)cc7)cc6)c(=O)c5cc4c3=O)cc2)cc1,air,10,0,265
Nc1ccc(Cc2ccc(-n3c(=O)c4cc5c(=O)n(-c6ccc(Cc7ccc(NC(=O)c8cccc(C(=O)Cl)c8)cc7)cc6)c(=O)c5cc4c3=O)cc2)cc1,air,10,10,285
Nc1ccc(Cc2ccc(-n3c(=O)c4cc5c(=O)n(-c6ccc(Cc7ccc(NC(=O)c8cccc(C(=O)Cl)c8)cc7)cc6)c(=O)c5cc4c3=O)cc2)cc1,air,10,25,470
Nc1ccc(Cc2ccc(-n3c(=O)c4cc5c(=O)n(-c6ccc(Cc7ccc(NC(=O)c8cccc(C(=O)Cl)c8)cc7)cc6)c(=O)c5cc4c3=O)cc2)cc1,air,10,50,530
C#Cc1ccc(S(=O)(=O)c2ccc(C#C[Si](C)(C#Cc3ccc(S(=O)(=O)c4ccc(C#C)cc4)cc3)c3ccccc3)cc2)cc1,N2,10,5,376
C#Cc1ccc(S(=O)(=O)c2ccc(C#C[Si](C)(C#Cc3ccc(S(=O)(=O)c4ccc(C#C)cc4)cc3)c3ccccc3)cc2)cc1,air,10,5,380
Cc1ccc(-n2c(=O)c3cc4c(=O)n(-c5ccc(C)c(NC(=O)c6cccc(C(=O)Cl)c6)c5)c(=O)c4cc3c2=O)cc1N,N2,10,0,420
Cc1ccc(-n2c(=O)c3cc4c(=O)n(-c5ccc(C)c(NC(=O)c6cccc(C(=O)Cl)c6)c5)c(=O)c4cc3c2=O)cc1N,N2,10,10,435
Cc1ccc(-n2c(=O)c3cc4c(=O)n(-c5ccc(C)c(NC(=O)c6cccc(C(=O)Cl)c6)c5)c(=O)c4cc3c2=O)cc1N,N2,10,25,550
Cc1ccc(-n2c(=O)c3cc4c(=O)n(-c5ccc(C)c(NC(=O)c6cccc(C(=O)Cl)c6)c5)c(=O)c4cc3c2=O)cc1N,air,10,0,390
Cc1ccc(-n2c(=O)c3cc4c(=O)n(-c5ccc(C)c(NC(=O)c6cccc(C(=O)Cl)c6)c5)c(=O)c4cc3c2=O)cc1N,air,10,10,490
Cc1ccc(-n2c(=O)c3cc4c(=O)n(-c5ccc(C)c(NC(=O)c6cccc(C(=O)Cl)c6)c5)c(=O)c4cc3c2=O)cc1N,air,10,25,540
Cc1ccc(-n2c(=O)c3cc4c(=O)n(-c5ccc(C)c(NC(=O)c6cccc(C(=O)Cl)c6)c5)c(=O)c4cc3c2=O)cc1N,air,10,50,550
NCC1CCCC(Cn2c(=O)c3cc4c(=O)n(CC5CCCC(CNC(=O)c6ccc(C(=O)Cl)cc6)C5)c(=O)c4cc3c2=O)C1,N2,10,0,265
NCC1CCCC(Cn2c(=O)c3cc4c(=O)n(CC5CCCC(CNC(=O)c6ccc(C(=O)Cl)cc6)C5)c(=O)c4cc3c2=O)C1,N2,10,10,380
NCC1CCCC(Cn2c(=O)c3cc4c(=O)n(CC5CCCC(CNC(=O)c6ccc(C(=O)Cl)cc6)C5)c(=O)c4cc3c2=O)C1,N2,10,25,458
NCC1CCCC(Cn2c(=O)c3cc4c(=O)n(CC5CCCC(CNC(=O)c6ccc(C(=O)Cl)cc6)C5)c(=O)c4cc3c2=O)C1,N2,10,50,504
NCC1CCCC(Cn2c(=O)c3cc4c(=O)n(CC5CCCC(CNC(=O)c6ccc(C(=O)Cl)cc6)C5)c(=O)c4cc3c2=O)C1,air,10,0,275
NCC1CCCC(Cn2c(=O)c3cc4c(=O)n(CC5CCCC(CNC(=O)c6ccc(C(=O)Cl)cc6)C5)c(=O)c4cc3c2=O)C1,air,10,10,355
NCC1CCCC(Cn2c(=O)c3cc4c(=O)n(CC5CCCC(CNC(=O)c6ccc(C(=O)Cl)cc6)C5)c(=O)c4cc3c2=O)C1,air,10,25,425
NCC1CCCC(Cn2c(=O)c3cc4c(=O)n(CC5CCCC(CNC(=O)c6ccc(C(=O)Cl)cc6)C5)c(=O)c4cc3c2=O)C1,air,10,50,520
Nc1cccc(-n2c(=O)c3cc4c(=O)n(-c5cccc(NC(=O)c6ccc(C(=O)Cl)cc6)c5)c(=O)c4cc3c2=O)c1,N2,10,0,330
Nc1cccc(-n2c(=O)c3cc4c(=O)n(-c5cccc(NC(=O)c6ccc(C(=O)Cl)cc6)c5)c(=O)c4cc3c2=O)c1,N2,10,10,490
Nc1cccc(-n2c(=O)c3cc4c(=O)n(-c5cccc(NC(=O)c6ccc(C(=O)Cl)cc6)c5)c(=O)c4cc3c2=O)c1,N2,10,25,562
Nc1cccc(-n2c(=O)c3cc4c(=O)n(-c5cccc(NC(=O)c6ccc(C(=O)Cl)cc6)c5)c(=O)c4cc3c2=O)c1,N2,10,50,602
Nc1cccc(-n2c(=O)c3cc4c(=O)n(-c5cccc(NC(=O)c6ccc(C(=O)Cl)cc6)c5)c(=O)c4cc3c2=O)c1,air,10,0,300
Nc1cccc(-n2c(=O)c3cc4c(=O)n(-c5cccc(NC(=O)c6ccc(C(=O)Cl)cc6)c5)c(=O)c4cc3c2=O)c1,air,10,10,440
Nc1cccc(-n2c(=O)c3cc4c(=O)n(-c5cccc(NC(=O)c6ccc(C(=O)Cl)cc6)c5)c(=O)c4cc3c2=O)c1,air,10,25,510
Nc1cccc(-n2c(=O)c3cc4c(=O)n(-c5cccc(NC(=O)c6ccc(C(=O)Cl)cc6)c5)c(=O)c4cc3c2=O)c1,air,10,50,530
Nc1ccc(Oc2ccc(-n3c(=O)c4cc5c(=O)n(-c6ccc(Oc7ccc(NC(=O)c8ccc(C(=O)Cl)cc8)cc7)cc6)c(=O)c5cc4c3=O)cc2)cc1,N2,10,0,412
Nc1ccc(Oc2ccc(-n3c(=O)c4cc5c(=O)n(-c6ccc(Oc7ccc(NC(=O)c8ccc(C(=O)Cl)cc8)cc7)cc6)c(=O)c5cc4c3=O)cc2)cc1,N2,10,10,500
Nc1ccc(Oc2ccc(-n3c(=O)c4cc5c(=O)n(-c6ccc(Oc7ccc(NC(=O)c8ccc(C(=O)Cl)cc8)cc7)cc6)c(=O)c5cc4c3=O)cc2)cc1,N2,10,25,550
Nc1ccc(Oc2ccc(-n3c(=O)c4cc5c(=O)n(-c6ccc(Oc7ccc(NC(=O)c8ccc(C(=O)Cl)cc8)cc7)cc6)c(=O)c5cc4c3=O)cc2)cc1,N2,10,50,580
Nc1ccc(Oc2ccc(-n3c(=O)c4cc5c(=O)n(-c6ccc(Oc7ccc(NC(=O)c8ccc(C(=O)Cl)cc8)cc7)cc6)c(=O)c5cc4c3=O)cc2)cc1,air,10,0,360
Nc1ccc(Oc2ccc(-n3c(=O)c4cc5c(=O)n(-c6ccc(Oc7ccc(NC(=O)c8ccc(C(=O)Cl)cc8)cc7)cc6)c(=O)c5cc4c3=O)cc2)cc1,air,10,10,465
Nc1ccc(Oc2ccc(-n3c(=O)c4cc5c(=O)n(-c6ccc(Oc7ccc(NC(=O)c8ccc(C(=O)Cl)cc8)cc7)cc6)c(=O)c5cc4c3=O)cc2)cc1,air,10,25,515
Nc1ccc(Oc2ccc(-n3c(=O)c4cc5c(=O)n(-c6ccc(Oc7ccc(NC(=O)c8ccc(C(=O)Cl)cc8)cc7)cc6)c(=O)c5cc4c3=O)cc2)cc1,air,10,50,540
Nc1cccc(S(=O)(=O)c2cccc(-n3c(=O)c4cc5c(=O)n(-c6cccc(S(=O)(=O)c7cccc(NC(=O)c8ccc(C(=O)Cl)cc8)c7)c6)c(=O)c5cc4c3=O)c2)c1,N2,10,0,430
Nc1cccc(S(=O)(=O)c2cccc(-n3c(=O)c4cc5c(=O)n(-c6cccc(S(=O)(=O)c7cccc(NC(=O)c8ccc(C(=O)Cl)cc8)c7)c6)c(=O)c5cc4c3=O)c2)c1,N2,10,10,520
Nc1cccc(S(=O)(=O)c2cccc(-n3c(=O)c4cc5c(=O)n(-c6cccc(S(=O)(=O)c7cccc(NC(=O)c8ccc(C(=O)Cl)cc8)c7)c6)c(=O)c5cc4c3=O)c2)c1,N2,10,25,585
Nc1cccc(S(=O)(=O)c2cccc(-n3c(=O)c4cc5c(=O)n(-c6cccc(S(=O)(=O)c7cccc(NC(=O)c8ccc(C(=O)Cl)cc8)c7)c6)c(=O)c5cc4c3=O)c2)c1,N2,10,50,718
Nc1cccc(S(=O)(=O)c2cccc(-n3c(=O)c4cc5c(=O)n(-c6cccc(S(=O)(=O)c7cccc(NC(=O)c8ccc(C(=O)Cl)cc8)c7)c6)c(=O)c5cc4c3=O)c2)c1,air,10,0,360
Nc1cccc(S(=O)(=O)c2cccc(-n3c(=O)c4cc5c(=O)n(-c6cccc(S(=O)(=O)c7cccc(NC(=O)c8ccc(C(=O)Cl)cc8)c7)c6)c(=O)c5cc4c3=O)c2)c1,air,10,10,490
Nc1cccc(S(=O)(=O)c2cccc(-n3c(=O)c4cc5c(=O)n(-c6cccc(S(=O)(=O)c7cccc(NC(=O)c8ccc(C(=O)Cl)cc8)c7)c6)c(=O)c5cc4c3=O)c2)c1,air,10,25,510
Nc1cccc(S(=O)(=O)c2cccc(-n3c(=O)c4cc5c(=O)n(-c6cccc(S(=O)(=O)c7cccc(NC(=O)c8ccc(C(=O)Cl)cc8)c7)c6)c(=O)c5cc4c3=O)c2)c1,air,10,50,520
Nc1ccc(S(=O)(=O)c2ccc(-n3c(=O)c4cc5c(=O)n(-c6ccc(S(=O)(=O)c7ccc(NC(=O)c8ccc(C(=O)Cl)cc8)cc7)cc6)c(=O)c5cc4c3=O)cc2)cc1,N2,10,0,360
Nc1ccc(S(=O)(=O)c2ccc(-n3c(=O)c4cc5c(=O)n(-c6ccc(S(=O)(=O)c7ccc(NC(=O)c8ccc(C(=O)Cl)cc8)cc7)cc6)c(=O)c5cc4c3=O)cc2)cc1,N2,10,10,395
Nc1ccc(S(=O)(=O)c2ccc(-n3c(=O)c4cc5c(=O)n(-c6ccc(S(=O)(=O)c7ccc(NC(=O)c8ccc(C(=O)Cl)cc8)cc7)cc6)c(=O)c5cc4c3=O)cc2)cc1,N2,10,25,530
Nc1ccc(S(=O)(=O)c2ccc(-n3c(=O)c4cc5c(=O)n(-c6ccc(S(=O)(=O)c7ccc(NC(=O)c8ccc(C(=O)Cl)cc8)cc7)cc6)c(=O)c5cc4c3=O)cc2)cc1,air,10,0,370
Nc1ccc(S(=O)(=O)c2ccc(-n3c(=O)c4cc5c(=O)n(-c6ccc(S(=O)(=O)c7ccc(NC(=O)c8ccc(C(=O)Cl)cc8)cc7)cc6)c(=O)c5cc4c3=O)cc2)cc1,air,10,10,450
Nc1ccc(S(=O)(=O)c2ccc(-n3c(=O)c4cc5c(=O)n(-c6ccc(S(=O)(=O)c7ccc(NC(=O)c8ccc(C(=O)Cl)cc8)cc7)cc6)c(=O)c5cc4c3=O)cc2)cc1,air,10,25,515
Nc1ccc(S(=O)(=O)c2ccc(-n3c(=O)c4cc5c(=O)n(-c6ccc(S(=O)(=O)c7ccc(NC(=O)c8ccc(C(=O)Cl)cc8)cc7)cc6)c(=O)c5cc4c3=O)cc2)cc1,air,10,50,542
Nc1ccc(Cc2ccc(-n3c(=O)c4cc5c(=O)n(-c6ccc(Cc7ccc(NC(=O)c8ccc(C(=O)Cl)cc8)cc7)cc6)c(=O)c5cc4c3=O)cc2)cc1,N2,10,0,410
Nc1ccc(Cc2ccc(-n3c(=O)c4cc5c(=O)n(-c6ccc(Cc7ccc(NC(=O)c8ccc(C(=O)Cl)cc8)cc7)cc6)c(=O)c5cc4c3=O)cc2)cc1,N2,10,10,463
Nc1ccc(Cc2ccc(-n3c(=O)c4cc5c(=O)n(-c6ccc(Cc7ccc(NC(=O)c8ccc(C(=O)Cl)cc8)cc7)cc6)c(=O)c5cc4c3=O)cc2)cc1,N2,10,25,540
Nc1ccc(Cc2ccc(-n3c(=O)c4cc5c(=O)n(-c6ccc(Cc7ccc(NC(=O)c8ccc(C(=O)Cl)cc8)cc7)cc6)c(=O)c5cc4c3=O)cc2)cc1,N2,10,50,663
Nc1ccc(Cc2ccc(-n3c(=O)c4cc5c(=O)n(-c6ccc(Cc7ccc(NC(=O)c8ccc(C(=O)Cl)cc8)cc7)cc6)c(=O)c5cc4c3=O)cc2)cc1,air,10,0,310
Nc1ccc(Cc2ccc(-n3c(=O)c4cc5c(=O)n(-c6ccc(Cc7ccc(NC(=O)c8ccc(C(=O)Cl)cc8)cc7)cc6)c(=O)c5cc4c3=O)cc2)cc1,air,10,10,455
Nc1ccc(Cc2ccc(-n3c(=O)c4cc5c(=O)n(-c6ccc(Cc7ccc(NC(=O)c8ccc(C(=O)Cl)cc8)cc7)cc6)c(=O)c5cc4c3=O)cc2)cc1,air,10,25,540
Nc1ccc(Cc2ccc(-n3c(=O)c4cc5c(=O)n(-c6ccc(Cc7ccc(NC(=O)c8ccc(C(=O)Cl)cc8)cc7)cc6)c(=O)c5cc4c3=O)cc2)cc1,air,10,50,570
Cc1ccc(-n2c(=O)c3cc4c(=O)n(-c5ccc(C)c(NC(=O)c6ccc(C(=O)Cl)cc6)c5)c(=O)c4cc3c2=O)cc1N,N2,10,0,400
Cc1ccc(-n2c(=O)c3cc4c(=O)n(-c5ccc(C)c(NC(=O)c6ccc(C(=O)Cl)cc6)c5)c(=O)c4cc3c2=O)cc1N,N2,10,10,540
Cc1ccc(-n2c(=O)c3cc4c(=O)n(-c5ccc(C)c(NC(=O)c6ccc(C(=O)Cl)cc6)c5)c(=O)c4cc3c2=O)cc1N,N2,10,25,600
Cc1ccc(-n2c(=O)c3cc4c(=O)n(-c5ccc(C)c(NC(=O)c6ccc(C(=O)Cl)cc6)c5)c(=O)c4cc3c2=O)cc1N,air,10,0,380
Cc1ccc(-n2c(=O)c3cc4c(=O)n(-c5ccc(C)c(NC(=O)c6ccc(C(=O)Cl)cc6)c5)c(=O)c4cc3c2=O)cc1N,air,10,10,460
Cc1ccc(-n2c(=O)c3cc4c(=O)n(-c5ccc(C)c(NC(=O)c6ccc(C(=O)Cl)cc6)c5)c(=O)c4cc3c2=O)cc1N,air,10,25,520
Cc1ccc(-n2c(=O)c3cc4c(=O)n(-c5ccc(C)c(NC(=O)c6ccc(C(=O)Cl)cc6)c5)c(=O)c4cc3c2=O)cc1N,air,10,50,530
NCC1CCCC(Cn2c(=O)c3cc4c(=O)n(CC5CCCC(CNC(=O)c6ccc7c(c6)C(=O)N(CC6CCCC(Cn8c(=O)c9cc%10c(=O)n(CC%11CCCC(CNC(=O)c%12ccc%13c(c%12)C(=O)OC%13=O)C%11)c(=O)c%10cc9c8=O)C6)C7=O)C5)c(=O)c4cc3c2=O)C1,N2,10,0,305
NCC1CCCC(Cn2c(=O)c3cc4c(=O)n(CC5CCCC(CNC(=O)c6ccc7c(c6)C(=O)N(CC6CCCC(Cn8c(=O)c9cc%10c(=O)n(CC%11CCCC(CNC(=O)c%12ccc%13c(c%12)C(=O)OC%13=O)C%11)c(=O)c%10cc9c8=O)C6)C7=O)C5)c(=O)c4cc3c2=O)C1,N2,10,10,420
NCC1CCCC(Cn2c(=O)c3cc4c(=O)n(CC5CCCC(CNC(=O)c6ccc7c(c6)C(=O)N(CC6CCCC(Cn8c(=O)c9cc%10c(=O)n(CC%11CCCC(CNC(=O)c%12ccc%13c(c%12)C(=O)OC%13=O)C%11)c(=O)c%10cc9c8=O)C6)C7=O)C5)c(=O)c4cc3c2=O)C1,N2,10,25,460
NCC1CCCC(Cn2c(=O)c3cc4c(=O)n(CC5CCCC(CNC(=O)c6ccc7c(c6)C(=O)N(CC6CCCC(Cn8c(=O)c9cc%10c(=O)n(CC%11CCCC(CNC(=O)c%12ccc%13c(c%12)C(=O)OC%13=O)C%11)c(=O)c%10cc9c8=O)C6)C7=O)C5)c(=O)c4cc3c2=O)C1,N2,10,50,510
NCC1CCCC(Cn2c(=O)c3cc4c(=O)n(CC5CCCC(CNC(=O)c6ccc7c(c6)C(=O)N(CC6CCCC(Cn8c(=O)c9cc%10c(=O)n(CC%11CCCC(CNC(=O)c%12ccc%13c(c%12)C(=O)OC%13=O)C%11)c(=O)c%10cc9c8=O)C6)C7=O)C5)c(=O)c4cc3c2=O)C1,air,10,0,300
NCC1CCCC(Cn2c(=O)c3cc4c(=O)n(CC5CCCC(CNC(=O)c6ccc7c(c6)C(=O)N(CC6CCCC(Cn8c(=O)c9cc%10c(=O)n(CC%11CCCC(CNC(=O)c%12ccc%13c(c%12)C(=O)OC%13=O)C%11)c(=O)c%10cc9c8=O)C6)C7=O)C5)c(=O)c4cc3c2=O)C1,air,10,10,380
NCC1CCCC(Cn2c(=O)c3cc4c(=O)n(CC5CCCC(CNC(=O)c6ccc7c(c6)C(=O)N(CC6CCCC(Cn8c(=O)c9cc%10c(=O)n(CC%11CCCC(CNC(=O)c%12ccc%13c(c%12)C(=O)OC%13=O)C%11)c(=O)c%10cc9c8=O)C6)C7=O)C5)c(=O)c4cc3c2=O)C1,air,10,25,455
NCC1CCCC(Cn2c(=O)c3cc4c(=O)n(CC5CCCC(CNC(=O)c6ccc7c(c6)C(=O)N(CC6CCCC(Cn8c(=O)c9cc%10c(=O)n(CC%11CCCC(CNC(=O)c%12ccc%13c(c%12)C(=O)OC%13=O)C%11)c(=O)c%10cc9c8=O)C6)C7=O)C5)c(=O)c4cc3c2=O)C1,air,10,50,520
C=CC1CC(C=C)C2C(=O)N(c3cccc4c3OCN(c3ccccc3)C4)C(=O)C12,N2,10,10,431
Nc1cccc(-n2c(=O)c3cc4c(=O)n(-c5cccc(NC(=O)c6ccc7c(c6)C(=O)N(c6cccc(-n8c(=O)c9cc%10c(=O)n(-c%11cccc(NC(=O)c%12ccc%13c(c%12)C(=O)OC%13=O)c%11)c(=O)c%10cc9c8=O)c6)C7=O)c5)c(=O)c4cc3c2=O)c1,N2,10,0,420
Nc1cccc(-n2c(=O)c3cc4c(=O)n(-c5cccc(NC(=O)c6ccc7c(c6)C(=O)N(c6cccc(-n8c(=O)c9cc%10c(=O)n(-c%11cccc(NC(=O)c%12ccc%13c(c%12)C(=O)OC%13=O)c%11)c(=O)c%10cc9c8=O)c6)C7=O)c5)c(=O)c4cc3c2=O)c1,N2,10,10,540
Nc1cccc(-n2c(=O)c3cc4c(=O)n(-c5cccc(NC(=O)c6ccc7c(c6)C(=O)N(c6cccc(-n8c(=O)c9cc%10c(=O)n(-c%11cccc(NC(=O)c%12ccc%13c(c%12)C(=O)OC%13=O)c%11)c(=O)c%10cc9c8=O)c6)C7=O)c5)c(=O)c4cc3c2=O)c1,N2,10,25,600
Nc1cccc(-n2c(=O)c3cc4c(=O)n(-c5cccc(NC(=O)c6ccc7c(c6)C(=O)N(c6cccc(-n8c(=O)c9cc%10c(=O)n(-c%11cccc(NC(=O)c%12ccc%13c(c%12)C(=O)OC%13=O)c%11)c(=O)c%10cc9c8=O)c6)C7=O)c5)c(=O)c4cc3c2=O)c1,air,10,0,410
Nc1cccc(-n2c(=O)c3cc4c(=O)n(-c5cccc(NC(=O)c6ccc7c(c6)C(=O)N(c6cccc(-n8c(=O)c9cc%10c(=O)n(-c%11cccc(NC(=O)c%12ccc%13c(c%12)C(=O)OC%13=O)c%11)c(=O)c%10cc9c8=O)c6)C7=O)c5)c(=O)c4cc3c2=O)c1,air,10,10,535
Nc1cccc(-n2c(=O)c3cc4c(=O)n(-c5cccc(NC(=O)c6ccc7c(c6)C(=O)N(c6cccc(-n8c(=O)c9cc%10c(=O)n(-c%11cccc(NC(=O)c%12ccc%13c(c%12)C(=O)OC%13=O)c%11)c(=O)c%10cc9c8=O)c6)C7=O)c5)c(=O)c4cc3c2=O)c1,air,10,25,553
Nc1cccc(-n2c(=O)c3cc4c(=O)n(-c5cccc(NC(=O)c6ccc7c(c6)C(=O)N(c6cccc(-n8c(=O)c9cc%10c(=O)n(-c%11cccc(NC(=O)c%12ccc%13c(c%12)C(=O)OC%13=O)c%11)c(=O)c%10cc9c8=O)c6)C7=O)c5)c(=O)c4cc3c2=O)c1,air,10,50,560
Nc1ccc(Oc2ccc(-n3c(=O)c4cc5c(=O)n(-c6ccc(Oc7ccc(NC(=O)c8ccc9c(c8)C(=O)N(c8ccc(Oc%10ccc(-n%11c(=O)c%12cc%13c(=O)n(-c%14ccc(Oc%15ccc(NC(=O)c%16ccc%17c(c%16)C(=O)OC%17=O)cc%15)cc%14)c(=O)c%13cc%12c%11=O)cc%10)cc8)C9=O)cc7)cc6)c(=O)c5cc4c3=O)cc2)cc1,N2,10,0,413
Nc1ccc(Oc2ccc(-n3c(=O)c4cc5c(=O)n(-c6ccc(Oc7ccc(NC(=O)c8ccc9c(c8)C(=O)N(c8ccc(Oc%10ccc(-n%11c(=O)c%12cc%13c(=O)n(-c%14ccc(Oc%15ccc(NC(=O)c%16ccc%17c(c%16)C(=O)OC%17=O)cc%15)cc%14)c(=O)c%13cc%12c%11=O)cc%10)cc8)C9=O)cc7)cc6)c(=O)c5cc4c3=O)cc2)cc1,N2,10,10,510
Nc1ccc(Oc2ccc(-n3c(=O)c4cc5c(=O)n(-c6ccc(Oc7ccc(NC(=O)c8ccc9c(c8)C(=O)N(c8ccc(Oc%10ccc(-n%11c(=O)c%12cc%13c(=O)n(-c%14ccc(Oc%15ccc(NC(=O)c%16ccc%17c(c%16)C(=O)OC%17=O)cc%15)cc%14)c(=O)c%13cc%12c%11=O)cc%10)cc8)C9=O)cc7)cc6)c(=O)c5cc4c3=O)cc2)cc1,N2,10,25,560
Nc1ccc(Oc2ccc(-n3c(=O)c4cc5c(=O)n(-c6ccc(Oc7ccc(NC(=O)c8ccc9c(c8)C(=O)N(c8ccc(Oc%10ccc(-n%11c(=O)c%12cc%13c(=O)n(-c%14ccc(Oc%15ccc(NC(=O)c%16ccc%17c(c%16)C(=O)OC%17=O)cc%15)cc%14)c(=O)c%13cc%12c%11=O)cc%10)cc8)C9=O)cc7)cc6)c(=O)c5cc4c3=O)cc2)cc1,N2,10,50,595
Nc1ccc(Oc2ccc(-n3c(=O)c4cc5c(=O)n(-c6ccc(Oc7ccc(NC(=O)c8ccc9c(c8)C(=O)N(c8ccc(Oc%10ccc(-n%11c(=O)c%12cc%13c(=O)n(-c%14ccc(Oc%15ccc(NC(=O)c%16ccc%17c(c%16)C(=O)OC%17=O)cc%15)cc%14)c(=O)c%13cc%12c%11=O)cc%10)cc8)C9=O)cc7)cc6)c(=O)c5cc4c3=O)cc2)cc1,air,10,0,370
Nc1ccc(Oc2ccc(-n3c(=O)c4cc5c(=O)n(-c6ccc(Oc7ccc(NC(=O)c8ccc9c(c8)C(=O)N(c8ccc(Oc%10ccc(-n%11c(=O)c%12cc%13c(=O)n(-c%14ccc(Oc%15ccc(NC(=O)c%16ccc%17c(c%16)C(=O)OC%17=O)cc%15)cc%14)c(=O)c%13cc%12c%11=O)cc%10)cc8)C9=O)cc7)cc6)c(=O)c5cc4c3=O)cc2)cc1,air,10,10,465
Nc1ccc(Oc2ccc(-n3c(=O)c4cc5c(=O)n(-c6ccc(Oc7ccc(NC(=O)c8ccc9c(c8)C(=O)N(c8ccc(Oc%10ccc(-n%11c(=O)c%12cc%13c(=O)n(-c%14ccc(Oc%15ccc(NC(=O)c%16ccc%17c(c%16)C(=O)OC%17=O)cc%15)cc%14)c(=O)c%13cc%12c%11=O)cc%10)cc8)C9=O)cc7)cc6)c(=O)c5cc4c3=O)cc2)cc1,air,10,25,510
Nc1ccc(Oc2ccc(-n3c(=O)c4cc5c(=O)n(-c6ccc(Oc7ccc(NC(=O)c8ccc9c(c8)C(=O)N(c8ccc(Oc%10ccc(-n%11c(=O)c%12cc%13c(=O)n(-c%14ccc(Oc%15ccc(NC(=O)c%16ccc%17c(c%16)C(=O)OC%17=O)cc%15)cc%14)c(=O)c%13cc%12c%11=O)cc%10)cc8)C9=O)cc7)cc6)c(=O)c5cc4c3=O)cc2)cc1,air,10,50,530
Nc1cccc(S(=O)(=O)c2cccc(-n3c(=O)c4cc5c(=O)n(-c6cccc(S(=O)(=O)c7cccc(NC(=O)c8ccc9c(c8)C(=O)N(c8cccc(S(=O)(=O)c%10cccc(-n%11c(=O)c%12cc%13c(=O)n(-c%14cccc(S(=O)(=O)c%15cccc(NC(=O)c%16ccc%17c(c%16)C(=O)OC%17=O)c%15)c%14)c(=O)c%13cc%12c%11=O)c%10)c8)C9=O)c7)c6)c(=O)c5cc4c3=O)c2)c1,N2,10,0,430
Nc1cccc(S(=O)(=O)c2cccc(-n3c(=O)c4cc5c(=O)n(-c6cccc(S(=O)(=O)c7cccc(NC(=O)c8ccc9c(c8)C(=O)N(c8cccc(S(=O)(=O)c%10cccc(-n%11c(=O)c%12cc%13c(=O)n(-c%14cccc(S(=O)(=O)c%15cccc(NC(=O)c%16ccc%17c(c%16)C(=O)OC%17=O)c%15)c%14)c(=O)c%13cc%12c%11=O)c%10)c8)C9=O)c7)c6)c(=O)c5cc4c3=O)c2)c1,N2,10,10,529
Nc1cccc(S(=O)(=O)c2cccc(-n3c(=O)c4cc5c(=O)n(-c6cccc(S(=O)(=O)c7cccc(NC(=O)c8ccc9c(c8)C(=O)N(c8cccc(S(=O)(=O)c%10cccc(-n%11c(=O)c%12cc%13c(=O)n(-c%14cccc(S(=O)(=O)c%15cccc(NC(=O)c%16ccc%17c(c%16)C(=O)OC%17=O)c%15)c%14)c(=O)c%13cc%12c%11=O)c%10)c8)C9=O)c7)c6)c(=O)c5cc4c3=O)c2)c1,N2,10,25,589
Nc1cccc(S(=O)(=O)c2cccc(-n3c(=O)c4cc5c(=O)n(-c6cccc(S(=O)(=O)c7cccc(NC(=O)c8ccc9c(c8)C(=O)N(c8cccc(S(=O)(=O)c%10cccc(-n%11c(=O)c%12cc%13c(=O)n(-c%14cccc(S(=O)(=O)c%15cccc(NC(=O)c%16ccc%17c(c%16)C(=O)OC%17=O)c%15)c%14)c(=O)c%13cc%12c%11=O)c%10)c8)C9=O)c7)c6)c(=O)c5cc4c3=O)c2)c1,N2,10,50,703
Nc1cccc(S(=O)(=O)c2cccc(-n3c(=O)c4cc5c(=O)n(-c6cccc(S(=O)(=O)c7cccc(NC(=O)c8ccc9c(c8)C(=O)N(c8cccc(S(=O)(=O)c%10cccc(-n%11c(=O)c%12cc%13c(=O)n(-c%14cccc(S(=O)(=O)c%15cccc(NC(=O)c%16ccc%17c(c%16)C(=O)OC%17=O)c%15)c%14)c(=O)c%13cc%12c%11=O)c%10)c8)C9=O)c7)c6)c(=O)c5cc4c3=O)c2)c1,air,10,0,370
Nc1cccc(S(=O)(=O)c2cccc(-n3c(=O)c4cc5c(=O)n(-c6cccc(S(=O)(=O)c7cccc(NC(=O)c8ccc9c(c8)C(=O)N(c8cccc(S(=O)(=O)c%10cccc(-n%11c(=O)c%12cc%13c(=O)n(-c%14cccc(S(=O)(=O)c%15cccc(NC(=O)c%16ccc%17c(c%16)C(=O)OC%17=O)c%15)c%14)c(=O)c%13cc%12c%11=O)c%10)c8)C9=O)c7)c6)c(=O)c5cc4c3=O)c2)c1,air,10,10,525
Nc1cccc(S(=O)(=O)c2cccc(-n3c(=O)c4cc5c(=O)n(-c6cccc(S(=O)(=O)c7cccc(NC(=O)c8ccc9c(c8)C(=O)N(c8cccc(S(=O)(=O)c%10cccc(-n%11c(=O)c%12cc%13c(=O)n(-c%14cccc(S(=O)(=O)c%15cccc(NC(=O)c%16ccc%17c(c%16)C(=O)OC%17=O)c%15)c%14)c(=O)c%13cc%12c%11=O)c%10)c8)C9=O)c7)c6)c(=O)c5cc4c3=O)c2)c1,air,10,25,550
Nc1cccc(S(=O)(=O)c2cccc(-n3c(=O)c4cc5c(=O)n(-c6cccc(S(=O)(=O)c7cccc(NC(=O)c8ccc9c(c8)C(=O)N(c8cccc(S(=O)(=O)c%10cccc(-n%11c(=O)c%12cc%13c(=O)n(-c%14cccc(S(=O)(=O)c%15cccc(NC(=O)c%16ccc%17c(c%16)C(=O)OC%17=O)c%15)c%14)c(=O)c%13cc%12c%11=O)c%10)c8)C9=O)c7)c6)c(=O)c5cc4c3=O)c2)c1,air,10,50,560
Nc1ccc(S(=O)(=O)c2ccc(-n3c(=O)c4cc5c(=O)n(-c6ccc(S(=O)(=O)c7ccc(NC(=O)c8ccc9c(c8)C(=O)N(c8ccc(S(=O)(=O)c%10ccc(-n%11c(=O)c%12cc%13c(=O)n(-c%14ccc(S(=O)(=O)c%15ccc(NC(=O)c%16ccc%17c(c%16)C(=O)OC%17=O)cc%15)cc%14)c(=O)c%13cc%12c%11=O)cc%10)cc8)C9=O)cc7)cc6)c(=O)c5cc4c3=O)cc2)cc1,N2,10,0,445
Nc1ccc(S(=O)(=O)c2ccc(-n3c(=O)c4cc5c(=O)n(-c6ccc(S(=O)(=O)c7ccc(NC(=O)c8ccc9c(c8)C(=O)N(c8ccc(S(=O)(=O)c%10ccc(-n%11c(=O)c%12cc%13c(=O)n(-c%14ccc(S(=O)(=O)c%15ccc(NC(=O)c%16ccc%17c(c%16)C(=O)OC%17=O)cc%15)cc%14)c(=O)c%13cc%12c%11=O)cc%10)cc8)C9=O)cc7)cc6)c(=O)c5cc4c3=O)cc2)cc1,N2,10,10,485
Nc1ccc(S(=O)(=O)c2ccc(-n3c(=O)c4cc5c(=O)n(-c6ccc(S(=O)(=O)c7ccc(NC(=O)c8ccc9c(c8)C(=O)N(c8ccc(S(=O)(=O)c%10ccc(-n%11c(=O)c%12cc%13c(=O)n(-c%14ccc(S(=O)(=O)c%15ccc(NC(=O)c%16ccc%17c(c%16)C(=O)OC%17=O)cc%15)cc%14)c(=O)c%13cc%12c%11=O)cc%10)cc8)C9=O)cc7)cc6)c(=O)c5cc4c3=O)cc2)cc1,N2,10,25,550
Nc1ccc(S(=O)(=O)c2ccc(-n3c(=O)c4cc5c(=O)n(-c6ccc(S(=O)(=O)c7ccc(NC(=O)c8ccc9c(c8)C(=O)N(c8ccc(S(=O)(=O)c%10ccc(-n%11c(=O)c%12cc%13c(=O)n(-c%14ccc(S(=O)(=O)c%15ccc(NC(=O)c%16ccc%17c(c%16)C(=O)OC%17=O)cc%15)cc%14)c(=O)c%13cc%12c%11=O)cc%10)cc8)C9=O)cc7)cc6)c(=O)c5cc4c3=O)cc2)cc1,air,10,0,380
Nc1ccc(S(=O)(=O)c2ccc(-n3c(=O)c4cc5c(=O)n(-c6ccc(S(=O)(=O)c7ccc(NC(=O)c8ccc9c(c8)C(=O)N(c8ccc(S(=O)(=O)c%10ccc(-n%11c(=O)c%12cc%13c(=O)n(-c%14ccc(S(=O)(=O)c%15ccc(NC(=O)c%16ccc%17c(c%16)C(=O)OC%17=O)cc%15)cc%14)c(=O)c%13cc%12c%11=O)cc%10)cc8)C9=O)cc7)cc6)c(=O)c5cc4c3=O)cc2)cc1,air,10,10,505
Nc1ccc(S(=O)(=O)c2ccc(-n3c(=O)c4cc5c(=O)n(-c6ccc(S(=O)(=O)c7ccc(NC(=O)c8ccc9c(c8)C(=O)N(c8ccc(S(=O)(=O)c%10ccc(-n%11c(=O)c%12cc%13c(=O)n(-c%14ccc(S(=O)(=O)c%15ccc(NC(=O)c%16ccc%17c(c%16)C(=O)OC%17=O)cc%15)cc%14)c(=O)c%13cc%12c%11=O)cc%10)cc8)C9=O)cc7)cc6)c(=O)c5cc4c3=O)cc2)cc1,air,10,25,560
Nc1ccc(S(=O)(=O)c2ccc(-n3c(=O)c4cc5c(=O)n(-c6ccc(S(=O)(=O)c7ccc(NC(=O)c8ccc9c(c8)C(=O)N(c8ccc(S(=O)(=O)c%10ccc(-n%11c(=O)c%12cc%13c(=O)n(-c%14ccc(S(=O)(=O)c%15ccc(NC(=O)c%16ccc%17c(c%16)C(=O)OC%17=O)cc%15)cc%14)c(=O)c%13cc%12c%11=O)cc%10)cc8)C9=O)cc7)cc6)c(=O)c5cc4c3=O)cc2)cc1,air,10,50,570
Nc1ccc(Cc2ccc(-n3c(=O)c4cc5c(=O)n(-c6ccc(Cc7ccc(NC(=O)c8ccc9c(c8)C(=O)N(c8ccc(Cc%10ccc(-n%11c(=O)c%12cc%13c(=O)n(-c%14ccc(Cc%15ccc(NC(=O)c%16ccc%17c(c%16)C(=O)OC%17=O)cc%15)cc%14)c(=O)c%13cc%12c%11=O)cc%10)cc8)C9=O)cc7)cc6)c(=O)c5cc4c3=O)cc2)cc1,N2,10,0,435
Nc1ccc(Cc2ccc(-n3c(=O)c4cc5c(=O)n(-c6ccc(Cc7ccc(NC(=O)c8ccc9c(c8)C(=O)N(c8ccc(Cc%10ccc(-n%11c(=O)c%12cc%13c(=O)n(-c%14ccc(Cc%15ccc(NC(=O)c%16ccc%17c(c%16)C(=O)OC%17=O)cc%15)cc%14)c(=O)c%13cc%12c%11=O)cc%10)cc8)C9=O)cc7)cc6)c(=O)c5cc4c3=O)cc2)cc1,N2,10,10,515
Nc1ccc(Cc2ccc(-n3c(=O)c4cc5c(=O)n(-c6ccc(Cc7ccc(NC(=O)c8ccc9c(c8)C(=O)N(c8ccc(Cc%10ccc(-n%11c(=O)c%12cc%13c(=O)n(-c%14ccc(Cc%15ccc(NC(=O)c%16ccc%17c(c%16)C(=O)OC%17=O)cc%15)cc%14)c(=O)c%13cc%12c%11=O)cc%10)cc8)C9=O)cc7)cc6)c(=O)c5cc4c3=O)cc2)cc1,N2,10,25,575
Nc1ccc(Cc2ccc(-n3c(=O)c4cc5c(=O)n(-c6ccc(Cc7ccc(NC(=O)c8ccc9c(c8)C(=O)N(c8ccc(Cc%10ccc(-n%11c(=O)c%12cc%13c(=O)n(-c%14ccc(Cc%15ccc(NC(=O)c%16ccc%17c(c%16)C(=O)OC%17=O)cc%15)cc%14)c(=O)c%13cc%12c%11=O)cc%10)cc8)C9=O)cc7)cc6)c(=O)c5cc4c3=O)cc2)cc1,N2,10,50,682
Nc1ccc(Cc2ccc(-n3c(=O)c4cc5c(=O)n(-c6ccc(Cc7ccc(NC(=O)c8ccc9c(c8)C(=O)N(c8ccc(Cc%10ccc(-n%11c(=O)c%12cc%13c(=O)n(-c%14ccc(Cc%15ccc(NC(=O)c%16ccc%17c(c%16)C(=O)OC%17=O)cc%15)cc%14)c(=O)c%13cc%12c%11=O)cc%10)cc8)C9=O)cc7)cc6)c(=O)c5cc4c3=O)cc2)cc1,air,10,0,410
Nc1ccc(Cc2ccc(-n3c(=O)c4cc5c(=O)n(-c6ccc(Cc7ccc(NC(=O)c8ccc9c(c8)C(=O)N(c8ccc(Cc%10ccc(-n%11c(=O)c%12cc%13c(=O)n(-c%14ccc(Cc%15ccc(NC(=O)c%16ccc%17c(c%16)C(=O)OC%17=O)cc%15)cc%14)c(=O)c%13cc%12c%11=O)cc%10)cc8)C9=O)cc7)cc6)c(=O)c5cc4c3=O)cc2)cc1,air,10,10,520
Nc1ccc(Cc2ccc(-n3c(=O)c4cc5c(=O)n(-c6ccc(Cc7ccc(NC(=O)c8ccc9c(c8)C(=O)N(c8ccc(Cc%10ccc(-n%11c(=O)c%12cc%13c(=O)n(-c%14ccc(Cc%15ccc(NC(=O)c%16ccc%17c(c%16)C(=O)OC%17=O)cc%15)cc%14)c(=O)c%13cc%12c%11=O)cc%10)cc8)C9=O)cc7)cc6)c(=O)c5cc4c3=O)cc2)cc1,air,10,25,550
Nc1ccc(Cc2ccc(-n3c(=O)c4cc5c(=O)n(-c6ccc(Cc7ccc(NC(=O)c8ccc9c(c8)C(=O)N(c8ccc(Cc%10ccc(-n%11c(=O)c%12cc%13c(=O)n(-c%14ccc(Cc%15ccc(NC(=O)c%16ccc%17c(c%16)C(=O)OC%17=O)cc%15)cc%14)c(=O)c%13cc%12c%11=O)cc%10)cc8)C9=O)cc7)cc6)c(=O)c5cc4c3=O)cc2)cc1,air,10,50,555
Cc1ccc(-n2c(=O)c3cc4c(=O)n(-c5ccc(C)c(NC(=O)c6ccc7c(c6)C(=O)N(c6cc(-n8c(=O)c9cc%10c(=O)n(-c%11ccc(C)c(NC(=O)c%12ccc%13c(c%12)C(=O)OC%13=O)c%11)c(=O)c%10cc9c8=O)ccc6C)C7=O)c5)c(=O)c4cc3c2=O)cc1N,N2,10,0,420
Cc1ccc(-n2c(=O)c3cc4c(=O)n(-c5ccc(C)c(NC(=O)c6ccc7c(c6)C(=O)N(c6cc(-n8c(=O)c9cc%10c(=O)n(-c%11ccc(C)c(NC(=O)c%12ccc%13c(c%12)C(=O)OC%13=O)c%11)c(=O)c%10cc9c8=O)ccc6C)C7=O)c5)c(=O)c4cc3c2=O)cc1N,N2,10,10,495
Cc1ccc(-n2c(=O)c3cc4c(=O)n(-c5ccc(C)c(NC(=O)c6ccc7c(c6)C(=O)N(c6cc(-n8c(=O)c9cc%10c(=O)n(-c%11ccc(C)c(NC(=O)c%12ccc%13c(c%12)C(=O)OC%13=O)c%11)c(=O)c%10cc9c8=O)ccc6C)C7=O)c5)c(=O)c4cc3c2=O)cc1N,N2,10,25,560
Cc1ccc(-n2c(=O)c3cc4c(=O)n(-c5ccc(C)c(NC(=O)c6ccc7c(c6)C(=O)N(c6cc(-n8c(=O)c9cc%10c(=O)n(-c%11ccc(C)c(NC(=O)c%12ccc%13c(c%12)C(=O)OC%13=O)c%11)c(=O)c%10cc9c8=O)ccc6C)C7=O)c5)c(=O)c4cc3c2=O)cc1N,air,10,0,410
Cc1ccc(-n2c(=O)c3cc4c(=O)n(-c5ccc(C)c(NC(=O)c6ccc7c(c6)C(=O)N(c6cc(-n8c(=O)c9cc%10c(=O)n(-c%11ccc(C)c(NC(=O)c%12ccc%13c(c%12)C(=O)OC%13=O)c%11)c(=O)c%10cc9c8=O)ccc6C)C7=O)c5)c(=O)c4cc3c2=O)cc1N,air,10,10,500
Cc1ccc(-n2c(=O)c3cc4c(=O)n(-c5ccc(C)c(NC(=O)c6ccc7c(c6)C(=O)N(c6cc(-n8c(=O)c9cc%10c(=O)n(-c%11ccc(C)c(NC(=O)c%12ccc%13c(c%12)C(=O)OC%13=O)c%11)c(=O)c%10cc9c8=O)ccc6C)C7=O)c5)c(=O)c4cc3c2=O)cc1N,air,10,25,510
Cc1ccc(-n2c(=O)c3cc4c(=O)n(-c5ccc(C)c(NC(=O)c6ccc7c(c6)C(=O)N(c6cc(-n8c(=O)c9cc%10c(=O)n(-c%11ccc(C)c(NC(=O)c%12ccc%13c(c%12)C(=O)OC%13=O)c%11)c(=O)c%10cc9c8=O)ccc6C)C7=O)c5)c(=O)c4cc3c2=O)cc1N,air,10,50,532
NCC1CCCC(CN2C(=O)c3ccc(C(=O)c4ccc5c(c4)C(=O)N(CC4CCCC(CNC(=O)c6cccc(C(=O)Cl)c6)C4)C5=O)cc3C2=O)C1,N2,10,0,275
NCC1CCCC(CN2C(=O)c3ccc(C(=O)c4ccc5c(c4)C(=O)N(CC4CCCC(CNC(=O)c6cccc(C(=O)Cl)c6)C4)C5=O)cc3C2=O)C1,N2,10,10,322
NCC1CCCC(CN2C(=O)c3ccc(C(=O)c4ccc5c(c4)C(=O)N(CC4CCCC(CNC(=O)c6cccc(C(=O)Cl)c6)C4)C5=O)cc3C2=O)C1,N2,10,25,415
NCC1CCCC(CN2C(=O)c3ccc(C(=O)c4ccc5c(c4)C(=O)N(CC4CCCC(CNC(=O)c6cccc(C(=O)Cl)c6)C4)C5=O)cc3C2=O)C1,N2,10,50,515
NCC1CCCC(CN2C(=O)c3ccc(C(=O)c4ccc5c(c4)C(=O)N(CC4CCCC(CNC(=O)c6cccc(C(=O)Cl)c6)C4)C5=O)cc3C2=O)C1,air,10,0,265
NCC1CCCC(CN2C(=O)c3ccc(C(=O)c4ccc5c(c4)C(=O)N(CC4CCCC(CNC(=O)c6cccc(C(=O)Cl)c6)C4)C5=O)cc3C2=O)C1,air,10,10,315
NCC1CCCC(CN2C(=O)c3ccc(C(=O)c4ccc5c(c4)C(=O)N(CC4CCCC(CNC(=O)c6cccc(C(=O)Cl)c6)C4)C5=O)cc3C2=O)C1,air,10,25,402
NCC1CCCC(CN2C(=O)c3ccc(C(=O)c4ccc5c(c4)C(=O)N(CC4CCCC(CNC(=O)c6cccc(C(=O)Cl)c6)C4)C5=O)cc3C2=O)C1,air,10,50,500
Nc1ccc(Oc2ccc(N3C(=O)c4ccc(C(=O)c5ccc6c(c5)C(=O)N(c5ccc(Oc7ccc(NC(=O)c8cccc(C(=O)Cl)c8)cc7)cc5)C6=O)cc4C3=O)cc2)cc1,N2,10,0,281
Nc1ccc(Oc2ccc(N3C(=O)c4ccc(C(=O)c5ccc6c(c5)C(=O)N(c5ccc(Oc7ccc(NC(=O)c8cccc(C(=O)Cl)c8)cc7)cc5)C6=O)cc4C3=O)cc2)cc1,N2,10,10,460
Nc1ccc(Oc2ccc(N3C(=O)c4ccc(C(=O)c5ccc6c(c5)C(=O)N(c5ccc(Oc7ccc(NC(=O)c8cccc(C(=O)Cl)c8)cc7)cc5)C6=O)cc4C3=O)cc2)cc1,N2,10,25,552
Nc1ccc(Oc2ccc(N3C(=O)c4ccc(C(=O)c5ccc6c(c5)C(=O)N(c5ccc(Oc7ccc(NC(=O)c8cccc(C(=O)Cl)c8)cc7)cc5)C6=O)cc4C3=O)cc2)cc1,N2,10,50,589
Nc1ccc(Oc2ccc(N3C(=O)c4ccc(C(=O)c5ccc6c(c5)C(=O)N(c5ccc(Oc7ccc(NC(=O)c8cccc(C(=O)Cl)c8)cc7)cc5)C6=O)cc4C3=O)cc2)cc1,air,10,0,360
Nc1ccc(Oc2ccc(N3C(=O)c4ccc(C(=O)c5ccc6c(c5)C(=O)N(c5ccc(Oc7ccc(NC(=O)c8cccc(C(=O)Cl)c8)cc7)cc5)C6=O)cc4C3=O)cc2)cc1,air,10,10,465
Nc1ccc(Oc2ccc(N3C(=O)c4ccc(C(=O)c5ccc6c(c5)C(=O)N(c5ccc(Oc7ccc(NC(=O)c8cccc(C(=O)Cl)c8)cc7)cc5)C6=O)cc4C3=O)cc2)cc1,air,10,25,515
Nc1ccc(Oc2ccc(N3C(=O)c4ccc(C(=O)c5ccc6c(c5)C(=O)N(c5ccc(Oc7ccc(NC(=O)c8cccc(C(=O)Cl)c8)cc7)cc5)C6=O)cc4C3=O)cc2)cc1,air,10,50,525
Nc1cccc(S(=O)(=O)c2cccc(N3C(=O)c4ccc(C(=O)c5ccc6c(c5)C(=O)N(c5cccc(S(=O)(=O)c7cccc(NC(=O)c8cccc(C(=O)Cl)c8)c7)c5)C6=O)cc4C3=O)c2)c1,N2,10,0,285
Nc1cccc(S(=O)(=O)c2cccc(N3C(=O)c4ccc(C(=O)c5ccc6c(c5)C(=O)N(c5cccc(S(=O)(=O)c7cccc(NC(=O)c8cccc(C(=O)Cl)c8)c7)c5)C6=O)cc4C3=O)c2)c1,N2,10,10,439
Nc1cccc(S(=O)(=O)c2cccc(N3C(=O)c4ccc(C(=O)c5ccc6c(c5)C(=O)N(c5cccc(S(=O)(=O)c7cccc(NC(=O)c8cccc(C(=O)Cl)c8)c7)c5)C6=O)cc4C3=O)c2)c1,N2,10,25,550
Nc1cccc(S(=O)(=O)c2cccc(N3C(=O)c4ccc(C(=O)c5ccc6c(c5)C(=O)N(c5cccc(S(=O)(=O)c7cccc(NC(=O)c8cccc(C(=O)Cl)c8)c7)c5)C6=O)cc4C3=O)c2)c1,N2,10,50,600
Nc1cccc(S(=O)(=O)c2cccc(N3C(=O)c4ccc(C(=O)c5ccc6c(c5)C(=O)N(c5cccc(S(=O)(=O)c7cccc(NC(=O)c8cccc(C(=O)Cl)c8)c7)c5)C6=O)cc4C3=O)c2)c1,air,10,0,285
Nc1cccc(S(=O)(=O)c2cccc(N3C(=O)c4ccc(C(=O)c5ccc6c(c5)C(=O)N(c5cccc(S(=O)(=O)c7cccc(NC(=O)c8cccc(C(=O)Cl)c8)c7)c5)C6=O)cc4C3=O)c2)c1,air,10,10,450
Nc1cccc(S(=O)(=O)c2cccc(N3C(=O)c4ccc(C(=O)c5ccc6c(c5)C(=O)N(c5cccc(S(=O)(=O)c7cccc(NC(=O)c8cccc(C(=O)Cl)c8)c7)c5)C6=O)cc4C3=O)c2)c1,air,10,25,522
Nc1cccc(S(=O)(=O)c2cccc(N3C(=O)c4ccc(C(=O)c5ccc6c(c5)C(=O)N(c5cccc(S(=O)(=O)c7cccc(NC(=O)c8cccc(C(=O)Cl)c8)c7)c5)C6=O)cc4C3=O)c2)c1,air,10,50,532
Nc1ccc(S(=O)(=O)c2ccc(N3C(=O)c4ccc(C(=O)c5ccc6c(c5)C(=O)N(c5ccc(S(=O)(=O)c7ccc(NC(=O)c8cccc(C(=O)Cl)c8)cc7)cc5)C6=O)cc4C3=O)cc2)cc1,N2,10,0,282
Nc1ccc(S(=O)(=O)c2ccc(N3C(=O)c4ccc(C(=O)c5ccc6c(c5)C(=O)N(c5ccc(S(=O)(=O)c7ccc(NC(=O)c8cccc(C(=O)Cl)c8)cc7)cc5)C6=O)cc4C3=O)cc2)cc1,N2,10,10,450
Nc1ccc(S(=O)(=O)c2ccc(N3C(=O)c4ccc(C(=O)c5ccc6c(c5)C(=O)N(c5ccc(S(=O)(=O)c7ccc(NC(=O)c8cccc(C(=O)Cl)c8)cc7)cc5)C6=O)cc4C3=O)cc2)cc1,N2,10,25,556
Nc1ccc(S(=O)(=O)c2ccc(N3C(=O)c4ccc(C(=O)c5ccc6c(c5)C(=O)N(c5ccc(S(=O)(=O)c7ccc(NC(=O)c8cccc(C(=O)Cl)c8)cc7)cc5)C6=O)cc4C3=O)cc2)cc1,N2,10,50,596
Nc1ccc(S(=O)(=O)c2ccc(N3C(=O)c4ccc(C(=O)c5ccc6c(c5)C(=O)N(c5ccc(S(=O)(=O)c7ccc(NC(=O)c8cccc(C(=O)Cl)c8)cc7)cc5)C6=O)cc4C3=O)cc2)cc1,air,10,0,280
Nc1ccc(S(=O)(=O)c2ccc(N3C(=O)c4ccc(C(=O)c5ccc6c(c5)C(=O)N(c5ccc(S(=O)(=O)c7ccc(NC(=O)c8cccc(C(=O)Cl)c8)cc7)cc5)C6=O)cc4C3=O)cc2)cc1,air,10,10,445
Nc1ccc(S(=O)(=O)c2ccc(N3C(=O)c4ccc(C(=O)c5ccc6c(c5)C(=O)N(c5ccc(S(=O)(=O)c7ccc(NC(=O)c8cccc(C(=O)Cl)c8)cc7)cc5)C6=O)cc4C3=O)cc2)cc1,air,10,25,522
Nc1ccc(S(=O)(=O)c2ccc(N3C(=O)c4ccc(C(=O)c5ccc6c(c5)C(=O)N(c5ccc(S(=O)(=O)c7ccc(NC(=O)c8cccc(C(=O)Cl)c8)cc7)cc5)C6=O)cc4C3=O)cc2)cc1,air,10,50,530
C[SiH](C)C,air,5,5,266
C[SiH](C)C,N2,5,5,585
C[SiH](C)O,N2,4,0,350
C[SiH](C)O,N2,4,20,455
C[SiH](C)O,air,4,5,175
C[SiH](C)O,air,4,20,369
C[SiH](C)O,air,4,70,550
CCC[SiH](C)O,N2,10,10,415
CCC[SiH](C)O,air,10,10,385
C[SiH](C)c1ccc([Si](C)(C)O[Si](C)(C)O[Si](C)(C)O)cc1,N2,15,10,500
C[SiH](C)c1ccc([Si](C)(C)O)cc1,air,10,5,411
c1ccc([SiH2]c2ccccc2)cc1,N2,10,0,390
C[SiH2]O,N2,20,5,392.59
C/C=C/C[SiH](C)C,N2,5,90,425
C/C=C/C[SiH](CCCOc1ccc(-c2ccccc2)cc1)c1ccccc1,N2,5,0,421
C/C=C/C[SiH](CCCOc1ccc(-c2ccccc2)cc1)c1ccccc1,N2,5,50,470
C/C=C/C[SiH](CCCOc1ccccc1)c1ccccc1,N2,5,0,415
C/C=C/C[SiH](CCCOc1ccccc1)c1ccccc1,N2,5,50,475
C/C=C/C[SiH](C)CCCOc1ccc2ccccc2c1,N2,5,0,430
C/C=C/C[SiH](C)CCCOc1ccc2ccccc2c1,N2,5,50,465
C/C=C/C[SiH](C)CCCOc1ccc(-c2ccccc2)cc1,N2,5,0,417
C/C=C/C[SiH](C)CCCOc1ccc(-c2ccccc2)cc1,N2,5,50,455
C/C=C/C[SiH](C)CCCOc1ccccc1,N2,5,0,412
C/C=C/C[SiH](C)CCCOc1ccccc1,N2,5,50,440
Nc1ccc(Cc2ccc(N3C(=O)c4ccc(C(=O)c5ccc6c(c5)C(=O)N(c5ccc(Cc7ccc(NC(=O)c8cccc(C(=O)Cl)c8)cc7)cc5)C6=O)cc4C3=O)cc2)cc1,N2,10,0,340
Nc1ccc(Cc2ccc(N3C(=O)c4ccc(C(=O)c5ccc6c(c5)C(=O)N(c5ccc(Cc7ccc(NC(=O)c8cccc(C(=O)Cl)c8)cc7)cc5)C6=O)cc4C3=O)cc2)cc1,N2,10,10,482
Nc1ccc(Cc2ccc(N3C(=O)c4ccc(C(=O)c5ccc6c(c5)C(=O)N(c5ccc(Cc7ccc(NC(=O)c8cccc(C(=O)Cl)c8)cc7)cc5)C6=O)cc4C3=O)cc2)cc1,N2,10,25,558
Nc1ccc(Cc2ccc(N3C(=O)c4ccc(C(=O)c5ccc6c(c5)C(=O)N(c5ccc(Cc7ccc(NC(=O)c8cccc(C(=O)Cl)c8)cc7)cc5)C6=O)cc4C3=O)cc2)cc1,N2,10,50,592
Nc1ccc(Cc2ccc(N3C(=O)c4ccc(C(=O)c5ccc6c(c5)C(=O)N(c5ccc(Cc7ccc(NC(=O)c8cccc(C(=O)Cl)c8)cc7)cc5)C6=O)cc4C3=O)cc2)cc1,air,10,0,310
Nc1ccc(Cc2ccc(N3C(=O)c4ccc(C(=O)c5ccc6c(c5)C(=O)N(c5ccc(Cc7ccc(NC(=O)c8cccc(C(=O)Cl)c8)cc7)cc5)C6=O)cc4C3=O)cc2)cc1,air,10,10,468
Nc1ccc(Cc2ccc(N3C(=O)c4ccc(C(=O)c5ccc6c(c5)C(=O)N(c5ccc(Cc7ccc(NC(=O)c8cccc(C(=O)Cl)c8)cc7)cc5)C6=O)cc4C3=O)cc2)cc1,air,10,25,519
Nc1ccc(Cc2ccc(N3C(=O)c4ccc(C(=O)c5ccc6c(c5)C(=O)N(c5ccc(Cc7ccc(NC(=O)c8cccc(C(=O)Cl)c8)cc7)cc5)C6=O)cc4C3=O)cc2)cc1,air,10,50,528
Nc1cccc(N2C(=O)c3ccc(C(=O)c4ccc5c(c4)C(=O)N(c4cccc(NC(=O)c6cccc(C(=O)Cl)c6)c4)C5=O)cc3C2=O)c1,N2,10,0,300
Nc1cccc(N2C(=O)c3ccc(C(=O)c4ccc5c(c4)C(=O)N(c4cccc(NC(=O)c6cccc(C(=O)Cl)c6)c4)C5=O)cc3C2=O)c1,N2,10,10,462
Nc1cccc(N2C(=O)c3ccc(C(=O)c4ccc5c(c4)C(=O)N(c4cccc(NC(=O)c6cccc(C(=O)Cl)c6)c4)C5=O)cc3C2=O)c1,N2,10,25,575
Nc1cccc(N2C(=O)c3ccc(C(=O)c4ccc5c(c4)C(=O)N(c4cccc(NC(=O)c6cccc(C(=O)Cl)c6)c4)C5=O)cc3C2=O)c1,N2,10,50,612
Nc1cccc(N2C(=O)c3ccc(C(=O)c4ccc5c(c4)C(=O)N(c4cccc(NC(=O)c6cccc(C(=O)Cl)c6)c4)C5=O)cc3C2=O)c1,air,10,0,302
Nc1cccc(N2C(=O)c3ccc(C(=O)c4ccc5c(c4)C(=O)N(c4cccc(NC(=O)c6cccc(C(=O)Cl)c6)c4)C5=O)cc3C2=O)c1,air,10,10,450
Nc1cccc(N2C(=O)c3ccc(C(=O)c4ccc5c(c4)C(=O)N(c4cccc(NC(=O)c6cccc(C(=O)Cl)c6)c4)C5=O)cc3C2=O)c1,air,10,25,520
Nc1cccc(N2C(=O)c3ccc(C(=O)c4ccc5c(c4)C(=O)N(c4cccc(NC(=O)c6cccc(C(=O)Cl)c6)c4)C5=O)cc3C2=O)c1,air,10,50,540
Cc1ccc(N2C(=O)c3ccc(C(=O)c4ccc5c(c4)C(=O)N(c4ccc(C)c(NC(=O)c6cccc(C(=O)Cl)c6)c4)C5=O)cc3C2=O)cc1N,N2,10,0,345
Cc1ccc(N2C(=O)c3ccc(C(=O)c4ccc5c(c4)C(=O)N(c4ccc(C)c(NC(=O)c6cccc(C(=O)Cl)c6)c4)C5=O)cc3C2=O)cc1N,N2,10,10,488
Cc1ccc(N2C(=O)c3ccc(C(=O)c4ccc5c(c4)C(=O)N(c4ccc(C)c(NC(=O)c6cccc(C(=O)Cl)c6)c4)C5=O)cc3C2=O)cc1N,N2,10,25,548
Cc1ccc(N2C(=O)c3ccc(C(=O)c4ccc5c(c4)C(=O)N(c4ccc(C)c(NC(=O)c6cccc(C(=O)Cl)c6)c4)C5=O)cc3C2=O)cc1N,N2,10,50,570
Cc1ccc(N2C(=O)c3ccc(C(=O)c4ccc5c(c4)C(=O)N(c4ccc(C)c(NC(=O)c6cccc(C(=O)Cl)c6)c4)C5=O)cc3C2=O)cc1N,air,10,0,350
Cc1ccc(N2C(=O)c3ccc(C(=O)c4ccc5c(c4)C(=O)N(c4ccc(C)c(NC(=O)c6cccc(C(=O)Cl)c6)c4)C5=O)cc3C2=O)cc1N,air,10,10,472
Cc1ccc(N2C(=O)c3ccc(C(=O)c4ccc5c(c4)C(=O)N(c4ccc(C)c(NC(=O)c6cccc(C(=O)Cl)c6)c4)C5=O)cc3C2=O)cc1N,air,10,25,495
Cc1ccc(N2C(=O)c3ccc(C(=O)c4ccc5c(c4)C(=O)N(c4ccc(C)c(NC(=O)c6cccc(C(=O)Cl)c6)c4)C5=O)cc3C2=O)cc1N,air,10,50,500
NCC1CCCC(CN2C(=O)c3ccc(C(=O)c4ccc5c(c4)C(=O)N(CC4CCCC(CNC(=O)c6ccc(C(=O)Cl)cc6)C4)C5=O)cc3C2=O)C1,N2,10,0,275
NCC1CCCC(CN2C(=O)c3ccc(C(=O)c4ccc5c(c4)C(=O)N(CC4CCCC(CNC(=O)c6ccc(C(=O)Cl)cc6)C4)C5=O)cc3C2=O)C1,N2,10,10,310
NCC1CCCC(CN2C(=O)c3ccc(C(=O)c4ccc5c(c4)C(=O)N(CC4CCCC(CNC(=O)c6ccc(C(=O)Cl)cc6)C4)C5=O)cc3C2=O)C1,N2,10,25,332
NCC1CCCC(CN2C(=O)c3ccc(C(=O)c4ccc5c(c4)C(=O)N(CC4CCCC(CNC(=O)c6ccc(C(=O)Cl)cc6)C4)C5=O)cc3C2=O)C1,N2,10,50,425
NCC1CCCC(CN2C(=O)c3ccc(C(=O)c4ccc5c(c4)C(=O)N(CC4CCCC(CNC(=O)c6ccc(C(=O)Cl)cc6)C4)C5=O)cc3C2=O)C1,air,10,0,270
NCC1CCCC(CN2C(=O)c3ccc(C(=O)c4ccc5c(c4)C(=O)N(CC4CCCC(CNC(=O)c6ccc(C(=O)Cl)cc6)C4)C5=O)cc3C2=O)C1,air,10,10,310
NCC1CCCC(CN2C(=O)c3ccc(C(=O)c4ccc5c(c4)C(=O)N(CC4CCCC(CNC(=O)c6ccc(C(=O)Cl)cc6)C4)C5=O)cc3C2=O)C1,air,10,25,330
NCC1CCCC(CN2C(=O)c3ccc(C(=O)c4ccc5c(c4)C(=O)N(CC4CCCC(CNC(=O)c6ccc(C(=O)Cl)cc6)C4)C5=O)cc3C2=O)C1,air,10,50,400
Nc1cccc(N2C(=O)c3ccc(C(=O)c4ccc5c(c4)C(=O)N(c4cccc(NC(=O)c6ccc(C(=O)Cl)cc6)c4)C5=O)cc3C2=O)c1,N2,10,0,292
Nc1cccc(N2C(=O)c3ccc(C(=O)c4ccc5c(c4)C(=O)N(c4cccc(NC(=O)c6ccc(C(=O)Cl)cc6)c4)C5=O)cc3C2=O)c1,N2,10,10,325
Nc1cccc(N2C(=O)c3ccc(C(=O)c4ccc5c(c4)C(=O)N(c4cccc(NC(=O)c6ccc(C(=O)Cl)cc6)c4)C5=O)cc3C2=O)c1,N2,10,25,348
Nc1cccc(N2C(=O)c3ccc(C(=O)c4ccc5c(c4)C(=O)N(c4cccc(NC(=O)c6ccc(C(=O)Cl)cc6)c4)C5=O)cc3C2=O)c1,N2,10,50,585
Nc1cccc(N2C(=O)c3ccc(C(=O)c4ccc5c(c4)C(=O)N(c4cccc(NC(=O)c6ccc(C(=O)Cl)cc6)c4)C5=O)cc3C2=O)c1,air,10,0,290
Nc1cccc(N2C(=O)c3ccc(C(=O)c4ccc5c(c4)C(=O)N(c4cccc(NC(=O)c6ccc(C(=O)Cl)cc6)c4)C5=O)cc3C2=O)c1,air,10,10,325
Nc1cccc(N2C(=O)c3ccc(C(=O)c4ccc5c(c4)C(=O)N(c4cccc(NC(=O)c6ccc(C(=O)Cl)cc6)c4)C5=O)cc3C2=O)c1,air,10,25,355
Nc1cccc(N2C(=O)c3ccc(C(=O)c4ccc5c(c4)C(=O)N(c4cccc(NC(=O)c6ccc(C(=O)Cl)cc6)c4)C5=O)cc3C2=O)c1,air,10,50,538
Nc1ccc(Oc2ccc(N3C(=O)c4ccc(C(=O)c5ccc6c(c5)C(=O)N(c5ccc(Oc7ccc(NC(=O)c8ccc(C(=O)Cl)cc8)cc7)cc5)C6=O)cc4C3=O)cc2)cc1,N2,10,0,282
Nc1ccc(Oc2ccc(N3C(=O)c4ccc(C(=O)c5ccc6c(c5)C(=O)N(c5ccc(Oc7ccc(NC(=O)c8ccc(C(=O)Cl)cc8)cc7)cc5)C6=O)cc4C3=O)cc2)cc1,N2,10,10,338
Nc1ccc(Oc2ccc(N3C(=O)c4ccc(C(=O)c5ccc6c(c5)C(=O)N(c5ccc(Oc7ccc(NC(=O)c8ccc(C(=O)Cl)cc8)cc7)cc5)C6=O)cc4C3=O)cc2)cc1,N2,10,25,412
Nc1ccc(Oc2ccc(N3C(=O)c4ccc(C(=O)c5ccc6c(c5)C(=O)N(c5ccc(Oc7ccc(NC(=O)c8ccc(C(=O)Cl)cc8)cc7)cc5)C6=O)cc4C3=O)cc2)cc1,N2,10,50,582
Nc1ccc(Oc2ccc(N3C(=O)c4ccc(C(=O)c5ccc6c(c5)C(=O)N(c5ccc(Oc7ccc(NC(=O)c8ccc(C(=O)Cl)cc8)cc7)cc5)C6=O)cc4C3=O)cc2)cc1,air,10,0,270
Nc1ccc(Oc2ccc(N3C(=O)c4ccc(C(=O)c5ccc6c(c5)C(=O)N(c5ccc(Oc7ccc(NC(=O)c8ccc(C(=O)Cl)cc8)cc7)cc5)C6=O)cc4C3=O)cc2)cc1,air,10,10,328
Nc1ccc(Oc2ccc(N3C(=O)c4ccc(C(=O)c5ccc6c(c5)C(=O)N(c5ccc(Oc7ccc(NC(=O)c8ccc(C(=O)Cl)cc8)cc7)cc5)C6=O)cc4C3=O)cc2)cc1,air,10,25,435
Nc1ccc(Oc2ccc(N3C(=O)c4ccc(C(=O)c5ccc6c(c5)C(=O)N(c5ccc(Oc7ccc(NC(=O)c8ccc(C(=O)Cl)cc8)cc7)cc5)C6=O)cc4C3=O)cc2)cc1,air,10,50,525
Nc1cccc(S(=O)(=O)c2cccc(N3C(=O)c4ccc(C(=O)c5ccc6c(c5)C(=O)N(c5cccc(S(=O)(=O)c7cccc(NC(=O)c8ccc(C(=O)Cl)cc8)c7)c5)C6=O)cc4C3=O)c2)c1,N2,10,0,285
Nc1cccc(S(=O)(=O)c2cccc(N3C(=O)c4ccc(C(=O)c5ccc6c(c5)C(=O)N(c5cccc(S(=O)(=O)c7cccc(NC(=O)c8ccc(C(=O)Cl)cc8)c7)c5)C6=O)cc4C3=O)c2)c1,N2,10,10,346
Nc1cccc(S(=O)(=O)c2cccc(N3C(=O)c4ccc(C(=O)c5ccc6c(c5)C(=O)N(c5cccc(S(=O)(=O)c7cccc(NC(=O)c8ccc(C(=O)Cl)cc8)c7)c5)C6=O)cc4C3=O)c2)c1,N2,10,25,525
Nc1cccc(S(=O)(=O)c2cccc(N3C(=O)c4ccc(C(=O)c5ccc6c(c5)C(=O)N(c5cccc(S(=O)(=O)c7cccc(NC(=O)c8ccc(C(=O)Cl)cc8)c7)c5)C6=O)cc4C3=O)c2)c1,N2,10,50,570
Nc1cccc(S(=O)(=O)c2cccc(N3C(=O)c4ccc(C(=O)c5ccc6c(c5)C(=O)N(c5cccc(S(=O)(=O)c7cccc(NC(=O)c8ccc(C(=O)Cl)cc8)c7)c5)C6=O)cc4C3=O)c2)c1,air,10,0,285
Nc1cccc(S(=O)(=O)c2cccc(N3C(=O)c4ccc(C(=O)c5ccc6c(c5)C(=O)N(c5cccc(S(=O)(=O)c7cccc(NC(=O)c8ccc(C(=O)Cl)cc8)c7)c5)C6=O)cc4C3=O)c2)c1,air,10,10,385
Nc1cccc(S(=O)(=O)c2cccc(N3C(=O)c4ccc(C(=O)c5ccc6c(c5)C(=O)N(c5cccc(S(=O)(=O)c7cccc(NC(=O)c8ccc(C(=O)Cl)cc8)c7)c5)C6=O)cc4C3=O)c2)c1,air,10,25,492
Nc1cccc(S(=O)(=O)c2cccc(N3C(=O)c4ccc(C(=O)c5ccc6c(c5)C(=O)N(c5cccc(S(=O)(=O)c7cccc(NC(=O)c8ccc(C(=O)Cl)cc8)c7)c5)C6=O)cc4C3=O)c2)c1,air,10,50,498
Nc1ccc(S(=O)(=O)c2ccc(N3C(=O)c4ccc(C(=O)c5ccc6c(c5)C(=O)N(c5ccc(S(=O)(=O)c7ccc(NC(=O)c8ccc(C(=O)Cl)cc8)cc7)cc5)C6=O)cc4C3=O)cc2)cc1,N2,10,0,280
Nc1ccc(S(=O)(=O)c2ccc(N3C(=O)c4ccc(C(=O)c5ccc6c(c5)C(=O)N(c5ccc(S(=O)(=O)c7ccc(NC(=O)c8ccc(C(=O)Cl)cc8)cc7)cc5)C6=O)cc4C3=O)cc2)cc1,N2,10,10,350
Nc1ccc(S(=O)(=O)c2ccc(N3C(=O)c4ccc(C(=O)c5ccc6c(c5)C(=O)N(c5ccc(S(=O)(=O)c7ccc(NC(=O)c8ccc(C(=O)Cl)cc8)cc7)cc5)C6=O)cc4C3=O)cc2)cc1,N2,10,25,480
Nc1ccc(S(=O)(=O)c2ccc(N3C(=O)c4ccc(C(=O)c5ccc6c(c5)C(=O)N(c5ccc(S(=O)(=O)c7ccc(NC(=O)c8ccc(C(=O)Cl)cc8)cc7)cc5)C6=O)cc4C3=O)cc2)cc1,N2,10,50,595
Nc1ccc(S(=O)(=O)c2ccc(N3C(=O)c4ccc(C(=O)c5ccc6c(c5)C(=O)N(c5ccc(S(=O)(=O)c7ccc(NC(=O)c8ccc(C(=O)Cl)cc8)cc7)cc5)C6=O)cc4C3=O)cc2)cc1,air,10,0,280
Nc1ccc(S(=O)(=O)c2ccc(N3C(=O)c4ccc(C(=O)c5ccc6c(c5)C(=O)N(c5ccc(S(=O)(=O)c7ccc(NC(=O)c8ccc(C(=O)Cl)cc8)cc7)cc5)C6=O)cc4C3=O)cc2)cc1,air,10,10,350
Nc1ccc(S(=O)(=O)c2ccc(N3C(=O)c4ccc(C(=O)c5ccc6c(c5)C(=O)N(c5ccc(S(=O)(=O)c7ccc(NC(=O)c8ccc(C(=O)Cl)cc8)cc7)cc5)C6=O)cc4C3=O)cc2)cc1,air,10,25,482
Nc1ccc(S(=O)(=O)c2ccc(N3C(=O)c4ccc(C(=O)c5ccc6c(c5)C(=O)N(c5ccc(S(=O)(=O)c7ccc(NC(=O)c8ccc(C(=O)Cl)cc8)cc7)cc5)C6=O)cc4C3=O)cc2)cc1,air,10,50,542
Nc1ccc(Cc2ccc(N3C(=O)c4ccc(C(=O)c5ccc6c(c5)C(=O)N(c5ccc(Cc7ccc(NC(=O)c8ccc(C(=O)Cl)cc8)cc7)cc5)C6=O)cc4C3=O)cc2)cc1,N2,10,0,305
Nc1ccc(Cc2ccc(N3C(=O)c4ccc(C(=O)c5ccc6c(c5)C(=O)N(c5ccc(Cc7ccc(NC(=O)c8ccc(C(=O)Cl)cc8)cc7)cc5)C6=O)cc4C3=O)cc2)cc1,N2,10,10,390
Nc1ccc(Cc2ccc(N3C(=O)c4ccc(C(=O)c5ccc6c(c5)C(=O)N(c5ccc(Cc7ccc(NC(=O)c8ccc(C(=O)Cl)cc8)cc7)cc5)C6=O)cc4C3=O)cc2)cc1,N2,10,25,530
Nc1ccc(Cc2ccc(N3C(=O)c4ccc(C(=O)c5ccc6c(c5)C(=O)N(c5ccc(Cc7ccc(NC(=O)c8ccc(C(=O)Cl)cc8)cc7)cc5)C6=O)cc4C3=O)cc2)cc1,N2,10,50,582
Nc1ccc(Cc2ccc(N3C(=O)c4ccc(C(=O)c5ccc6c(c5)C(=O)N(c5ccc(Cc7ccc(NC(=O)c8ccc(C(=O)Cl)cc8)cc7)cc5)C6=O)cc4C3=O)cc2)cc1,air,10,0,282
Nc1ccc(Cc2ccc(N3C(=O)c4ccc(C(=O)c5ccc6c(c5)C(=O)N(c5ccc(Cc7ccc(NC(=O)c8ccc(C(=O)Cl)cc8)cc7)cc5)C6=O)cc4C3=O)cc2)cc1,air,10,10,405
Nc1ccc(Cc2ccc(N3C(=O)c4ccc(C(=O)c5ccc6c(c5)C(=O)N(c5ccc(Cc7ccc(NC(=O)c8ccc(C(=O)Cl)cc8)cc7)cc5)C6=O)cc4C3=O)cc2)cc1,air,10,25,508
Nc1ccc(Cc2ccc(N3C(=O)c4ccc(C(=O)c5ccc6c(c5)C(=O)N(c5ccc(Cc7ccc(NC(=O)c8ccc(C(=O)Cl)cc8)cc7)cc5)C6=O)cc4C3=O)cc2)cc1,air,10,50,520
Cc1ccc(N2C(=O)c3ccc(C(=O)c4ccc5c(c4)C(=O)N(c4ccc(C)c(NC(=O)c6ccc(C(=O)Cl)cc6)c4)C5=O)cc3C2=O)cc1N,N2,10,0,305
Cc1ccc(N2C(=O)c3ccc(C(=O)c4ccc5c(c4)C(=O)N(c4ccc(C)c(NC(=O)c6ccc(C(=O)Cl)cc6)c4)C5=O)cc3C2=O)cc1N,N2,10,10,459
Cc1ccc(N2C(=O)c3ccc(C(=O)c4ccc5c(c4)C(=O)N(c4ccc(C)c(NC(=O)c6ccc(C(=O)Cl)cc6)c4)C5=O)cc3C2=O)cc1N,N2,10,25,523
Cc1ccc(N2C(=O)c3ccc(C(=O)c4ccc5c(c4)C(=O)N(c4ccc(C)c(NC(=O)c6ccc(C(=O)Cl)cc6)c4)C5=O)cc3C2=O)cc1N,N2,10,50,563
Cc1ccc(N2C(=O)c3ccc(C(=O)c4ccc5c(c4)C(=O)N(c4ccc(C)c(NC(=O)c6ccc(C(=O)Cl)cc6)c4)C5=O)cc3C2=O)cc1N,air,10,0,310
Cc1ccc(N2C(=O)c3ccc(C(=O)c4ccc5c(c4)C(=O)N(c4ccc(C)c(NC(=O)c6ccc(C(=O)Cl)cc6)c4)C5=O)cc3C2=O)cc1N,air,10,10,450
Cc1ccc(N2C(=O)c3ccc(C(=O)c4ccc5c(c4)C(=O)N(c4ccc(C)c(NC(=O)c6ccc(C(=O)Cl)cc6)c4)C5=O)cc3C2=O)cc1N,air,10,25,490
Cc1ccc(N2C(=O)c3ccc(C(=O)c4ccc5c(c4)C(=O)N(c4ccc(C)c(NC(=O)c6ccc(C(=O)Cl)cc6)c4)C5=O)cc3C2=O)cc1N,air,10,50,491
NCC1CCCC(CN2C(=O)c3ccc(C(=O)c4ccc5c(c4)C(=O)N(CC4CCCC(CNC(=O)c6ccc7c(c6)C(=O)N(CC6CCCC(CN8C(=O)c9ccc(C(=O)c%10ccc%11c(c%10)C(=O)N(CC%10CCCC(CNC(=O)c%12ccc%13c(c%12)C(=O)OC%13=O)C%10)C%11=O)cc9C8=O)C6)C7=O)C4)C5=O)cc3C2=O)C1,N2,10,0,350
NCC1CCCC(CN2C(=O)c3ccc(C(=O)c4ccc5c(c4)C(=O)N(CC4CCCC(CNC(=O)c6ccc7c(c6)C(=O)N(CC6CCCC(CN8C(=O)c9ccc(C(=O)c%10ccc%11c(c%10)C(=O)N(CC%10CCCC(CNC(=O)c%12ccc%13c(c%12)C(=O)OC%13=O)C%10)C%11=O)cc9C8=O)C6)C7=O)C4)C5=O)cc3C2=O)C1,N2,10,10,420
NCC1CCCC(CN2C(=O)c3ccc(C(=O)c4ccc5c(c4)C(=O)N(CC4CCCC(CNC(=O)c6ccc7c(c6)C(=O)N(CC6CCCC(CN8C(=O)c9ccc(C(=O)c%10ccc%11c(c%10)C(=O)N(CC%10CCCC(CNC(=O)c%12ccc%13c(c%12)C(=O)OC%13=O)C%10)C%11=O)cc9C8=O)C6)C7=O)C4)C5=O)cc3C2=O)C1,N2,10,25,480
NCC1CCCC(CN2C(=O)c3ccc(C(=O)c4ccc5c(c4)C(=O)N(CC4CCCC(CNC(=O)c6ccc7c(c6)C(=O)N(CC6CCCC(CN8C(=O)c9ccc(C(=O)c%10ccc%11c(c%10)C(=O)N(CC%10CCCC(CNC(=O)c%12ccc%13c(c%12)C(=O)OC%13=O)C%10)C%11=O)cc9C8=O)C6)C7=O)C4)C5=O)cc3C2=O)C1,N2,10,50,505
NCC1CCCC(CN2C(=O)c3ccc(C(=O)c4ccc5c(c4)C(=O)N(CC4CCCC(CNC(=O)c6ccc7c(c6)C(=O)N(CC6CCCC(CN8C(=O)c9ccc(C(=O)c%10ccc%11c(c%10)C(=O)N(CC%10CCCC(CNC(=O)c%12ccc%13c(c%12)C(=O)OC%13=O)C%10)C%11=O)cc9C8=O)C6)C7=O)C4)C5=O)cc3C2=O)C1,air,10,0,350
NCC1CCCC(CN2C(=O)c3ccc(C(=O)c4ccc5c(c4)C(=O)N(CC4CCCC(CNC(=O)c6ccc7c(c6)C(=O)N(CC6CCCC(CN8C(=O)c9ccc(C(=O)c%10ccc%11c(c%10)C(=O)N(CC%10CCCC(CNC(=O)c%12ccc%13c(c%12)C(=O)OC%13=O)C%10)C%11=O)cc9C8=O)C6)C7=O)C4)C5=O)cc3C2=O)C1,air,10,10,392
NCC1CCCC(CN2C(=O)c3ccc(C(=O)c4ccc5c(c4)C(=O)N(CC4CCCC(CNC(=O)c6ccc7c(c6)C(=O)N(CC6CCCC(CN8C(=O)c9ccc(C(=O)c%10ccc%11c(c%10)C(=O)N(CC%10CCCC(CNC(=O)c%12ccc%13c(c%12)C(=O)OC%13=O)C%10)C%11=O)cc9C8=O)C6)C7=O)C4)C5=O)cc3C2=O)C1,air,10,25,450
NCC1CCCC(CN2C(=O)c3ccc(C(=O)c4ccc5c(c4)C(=O)N(CC4CCCC(CNC(=O)c6ccc7c(c6)C(=O)N(CC6CCCC(CN8C(=O)c9ccc(C(=O)c%10ccc%11c(c%10)C(=O)N(CC%10CCCC(CNC(=O)c%12ccc%13c(c%12)C(=O)OC%13=O)C%10)C%11=O)cc9C8=O)C6)C7=O)C4)C5=O)cc3C2=O)C1,air,10,50,505
Nc1cccc(N2C(=O)c3ccc(C(=O)c4ccc5c(c4)C(=O)N(c4cccc(NC(=O)c6ccc7c(c6)C(=O)N(c6cccc(N8C(=O)c9ccc(C(=O)c%10ccc%11c(c%10)C(=O)N(c%10cccc(NC(=O)c%12ccc%13c(c%12)C(=O)OC%13=O)c%10)C%11=O)cc9C8=O)c6)C7=O)c4)C5=O)cc3C2=O)c1,N2,10,0,305
Nc1cccc(N2C(=O)c3ccc(C(=O)c4ccc5c(c4)C(=O)N(c4cccc(NC(=O)c6ccc7c(c6)C(=O)N(c6cccc(N8C(=O)c9ccc(C(=O)c%10ccc%11c(c%10)C(=O)N(c%10cccc(NC(=O)c%12ccc%13c(c%12)C(=O)OC%13=O)c%10)C%11=O)cc9C8=O)c6)C7=O)c4)C5=O)cc3C2=O)c1,N2,10,10,525
Nc1cccc(N2C(=O)c3ccc(C(=O)c4ccc5c(c4)C(=O)N(c4cccc(NC(=O)c6ccc7c(c6)C(=O)N(c6cccc(N8C(=O)c9ccc(C(=O)c%10ccc%11c(c%10)C(=O)N(c%10cccc(NC(=O)c%12ccc%13c(c%12)C(=O)OC%13=O)c%10)C%11=O)cc9C8=O)c6)C7=O)c4)C5=O)cc3C2=O)c1,N2,10,25,580
Nc1cccc(N2C(=O)c3ccc(C(=O)c4ccc5c(c4)C(=O)N(c4cccc(NC(=O)c6ccc7c(c6)C(=O)N(c6cccc(N8C(=O)c9ccc(C(=O)c%10ccc%11c(c%10)C(=O)N(c%10cccc(NC(=O)c%12ccc%13c(c%12)C(=O)OC%13=O)c%10)C%11=O)cc9C8=O)c6)C7=O)c4)C5=O)cc3C2=O)c1,N2,10,50,598
Nc1cccc(N2C(=O)c3ccc(C(=O)c4ccc5c(c4)C(=O)N(c4cccc(NC(=O)c6ccc7c(c6)C(=O)N(c6cccc(N8C(=O)c9ccc(C(=O)c%10ccc%11c(c%10)C(=O)N(c%10cccc(NC(=O)c%12ccc%13c(c%12)C(=O)OC%13=O)c%10)C%11=O)cc9C8=O)c6)C7=O)c4)C5=O)cc3C2=O)c1,air,10,0,305
Nc1cccc(N2C(=O)c3ccc(C(=O)c4ccc5c(c4)C(=O)N(c4cccc(NC(=O)c6ccc7c(c6)C(=O)N(c6cccc(N8C(=O)c9ccc(C(=O)c%10ccc%11c(c%10)C(=O)N(c%10cccc(NC(=O)c%12ccc%13c(c%12)C(=O)OC%13=O)c%10)C%11=O)cc9C8=O)c6)C7=O)c4)C5=O)cc3C2=O)c1,air,10,10,498
Nc1cccc(N2C(=O)c3ccc(C(=O)c4ccc5c(c4)C(=O)N(c4cccc(NC(=O)c6ccc7c(c6)C(=O)N(c6cccc(N8C(=O)c9ccc(C(=O)c%10ccc%11c(c%10)C(=O)N(c%10cccc(NC(=O)c%12ccc%13c(c%12)C(=O)OC%13=O)c%10)C%11=O)cc9C8=O)c6)C7=O)c4)C5=O)cc3C2=O)c1,air,10,25,532
Nc1cccc(N2C(=O)c3ccc(C(=O)c4ccc5c(c4)C(=O)N(c4cccc(NC(=O)c6ccc7c(c6)C(=O)N(c6cccc(N8C(=O)c9ccc(C(=O)c%10ccc%11c(c%10)C(=O)N(c%10cccc(NC(=O)c%12ccc%13c(c%12)C(=O)OC%13=O)c%10)C%11=O)cc9C8=O)c6)C7=O)c4)C5=O)cc3C2=O)c1,air,10,50,533
Nc1ccc(Oc2ccc(N3C(=O)c4ccc(C(=O)c5ccc6c(c5)C(=O)N(c5ccc(Oc7ccc(NC(=O)c8ccc9c(c8)C(=O)N(c8ccc(Oc%10ccc(N%11C(=O)c%12ccc(C(=O)c%13ccc%14c(c%13)C(=O)N(c%13ccc(Oc%15ccc(NC(=O)c%16ccc%17c(c%16)C(=O)OC%17=O)cc%15)cc%13)C%14=O)cc%12C%11=O)cc%10)cc8)C9=O)cc7)cc5)C6=O)cc4C3=O)cc2)cc1,N2,10,0,410
Nc1ccc(Oc2ccc(N3C(=O)c4ccc(C(=O)c5ccc6c(c5)C(=O)N(c5ccc(Oc7ccc(NC(=O)c8ccc9c(c8)C(=O)N(c8ccc(Oc%10ccc(N%11C(=O)c%12ccc(C(=O)c%13ccc%14c(c%13)C(=O)N(c%13ccc(Oc%15ccc(NC(=O)c%16ccc%17c(c%16)C(=O)OC%17=O)cc%15)cc%13)C%14=O)cc%12C%11=O)cc%10)cc8)C9=O)cc7)cc5)C6=O)cc4C3=O)cc2)cc1,N2,10,10,548
Nc1ccc(Oc2ccc(N3C(=O)c4ccc(C(=O)c5ccc6c(c5)C(=O)N(c5ccc(Oc7ccc(NC(=O)c8ccc9c(c8)C(=O)N(c8ccc(Oc%10ccc(N%11C(=O)c%12ccc(C(=O)c%13ccc%14c(c%13)C(=O)N(c%13ccc(Oc%15ccc(NC(=O)c%16ccc%17c(c%16)C(=O)OC%17=O)cc%15)cc%13)C%14=O)cc%12C%11=O)cc%10)cc8)C9=O)cc7)cc5)C6=O)cc4C3=O)cc2)cc1,N2,10,25,590
Nc1ccc(Oc2ccc(N3C(=O)c4ccc(C(=O)c5ccc6c(c5)C(=O)N(c5ccc(Oc7ccc(NC(=O)c8ccc9c(c8)C(=O)N(c8ccc(Oc%10ccc(N%11C(=O)c%12ccc(C(=O)c%13ccc%14c(c%13)C(=O)N(c%13ccc(Oc%15ccc(NC(=O)c%16ccc%17c(c%16)C(=O)OC%17=O)cc%15)cc%13)C%14=O)cc%12C%11=O)cc%10)cc8)C9=O)cc7)cc5)C6=O)cc4C3=O)cc2)cc1,N2,10,50,610
Nc1ccc(Oc2ccc(N3C(=O)c4ccc(C(=O)c5ccc6c(c5)C(=O)N(c5ccc(Oc7ccc(NC(=O)c8ccc9c(c8)C(=O)N(c8ccc(Oc%10ccc(N%11C(=O)c%12ccc(C(=O)c%13ccc%14c(c%13)C(=O)N(c%13ccc(Oc%15ccc(NC(=O)c%16ccc%17c(c%16)C(=O)OC%17=O)cc%15)cc%13)C%14=O)cc%12C%11=O)cc%10)cc8)C9=O)cc7)cc5)C6=O)cc4C3=O)cc2)cc1,air,10,0,365
Nc1ccc(Oc2ccc(N3C(=O)c4ccc(C(=O)c5ccc6c(c5)C(=O)N(c5ccc(Oc7ccc(NC(=O)c8ccc9c(c8)C(=O)N(c8ccc(Oc%10ccc(N%11C(=O)c%12ccc(C(=O)c%13ccc%14c(c%13)C(=O)N(c%13ccc(Oc%15ccc(NC(=O)c%16ccc%17c(c%16)C(=O)OC%17=O)cc%15)cc%13)C%14=O)cc%12C%11=O)cc%10)cc8)C9=O)cc7)cc5)C6=O)cc4C3=O)cc2)cc1,air,10,10,516
Nc1ccc(Oc2ccc(N3C(=O)c4ccc(C(=O)c5ccc6c(c5)C(=O)N(c5ccc(Oc7ccc(NC(=O)c8ccc9c(c8)C(=O)N(c8ccc(Oc%10ccc(N%11C(=O)c%12ccc(C(=O)c%13ccc%14c(c%13)C(=O)N(c%13ccc(Oc%15ccc(NC(=O)c%16ccc%17c(c%16)C(=O)OC%17=O)cc%15)cc%13)C%14=O)cc%12C%11=O)cc%10)cc8)C9=O)cc7)cc5)C6=O)cc4C3=O)cc2)cc1,air,10,25,550
Nc1ccc(Oc2ccc(N3C(=O)c4ccc(C(=O)c5ccc6c(c5)C(=O)N(c5ccc(Oc7ccc(NC(=O)c8ccc9c(c8)C(=O)N(c8ccc(Oc%10ccc(N%11C(=O)c%12ccc(C(=O)c%13ccc%14c(c%13)C(=O)N(c%13ccc(Oc%15ccc(NC(=O)c%16ccc%17c(c%16)C(=O)OC%17=O)cc%15)cc%13)C%14=O)cc%12C%11=O)cc%10)cc8)C9=O)cc7)cc5)C6=O)cc4C3=O)cc2)cc1,air,10,50,552
Nc1ccc(Cc2ccc(N3C(=O)c4ccc(C(=O)c5ccc6c(c5)C(=O)N(c5ccc(Cc7ccc(NC(=O)c8ccc9c(c8)C(=O)N(c8ccc(Cc%10ccc(N%11C(=O)c%12ccc(C(=O)c%13ccc%14c(c%13)C(=O)N(c%13ccc(Cc%15ccc(NC(=O)c%16ccc%17c(c%16)C(=O)OC%17=O)cc%15)cc%13)C%14=O)cc%12C%11=O)cc%10)cc8)C9=O)cc7)cc5)C6=O)cc4C3=O)cc2)cc1,N2,10,0,345
Nc1ccc(Cc2ccc(N3C(=O)c4ccc(C(=O)c5ccc6c(c5)C(=O)N(c5ccc(Cc7ccc(NC(=O)c8ccc9c(c8)C(=O)N(c8ccc(Cc%10ccc(N%11C(=O)c%12ccc(C(=O)c%13ccc%14c(c%13)C(=O)N(c%13ccc(Cc%15ccc(NC(=O)c%16ccc%17c(c%16)C(=O)OC%17=O)cc%15)cc%13)C%14=O)cc%12C%11=O)cc%10)cc8)C9=O)cc7)cc5)C6=O)cc4C3=O)cc2)cc1,N2,10,10,485
Nc1ccc(Cc2ccc(N3C(=O)c4ccc(C(=O)c5ccc6c(c5)C(=O)N(c5ccc(Cc7ccc(NC(=O)c8ccc9c(c8)C(=O)N(c8ccc(Cc%10ccc(N%11C(=O)c%12ccc(C(=O)c%13ccc%14c(c%13)C(=O)N(c%13ccc(Cc%15ccc(NC(=O)c%16ccc%17c(c%16)C(=O)OC%17=O)cc%15)cc%13)C%14=O)cc%12C%11=O)cc%10)cc8)C9=O)cc7)cc5)C6=O)cc4C3=O)cc2)cc1,N2,10,25,575
Nc1ccc(Cc2ccc(N3C(=O)c4ccc(C(=O)c5ccc6c(c5)C(=O)N(c5ccc(Cc7ccc(NC(=O)c8ccc9c(c8)C(=O)N(c8ccc(Cc%10ccc(N%11C(=O)c%12ccc(C(=O)c%13ccc%14c(c%13)C(=O)N(c%13ccc(Cc%15ccc(NC(=O)c%16ccc%17c(c%16)C(=O)OC%17=O)cc%15)cc%13)C%14=O)cc%12C%11=O)cc%10)cc8)C9=O)cc7)cc5)C6=O)cc4C3=O)cc2)cc1,N2,10,50,612
Nc1ccc(Cc2ccc(N3C(=O)c4ccc(C(=O)c5ccc6c(c5)C(=O)N(c5ccc(Cc7ccc(NC(=O)c8ccc9c(c8)C(=O)N(c8ccc(Cc%10ccc(N%11C(=O)c%12ccc(C(=O)c%13ccc%14c(c%13)C(=O)N(c%13ccc(Cc%15ccc(NC(=O)c%16ccc%17c(c%16)C(=O)OC%17=O)cc%15)cc%13)C%14=O)cc%12C%11=O)cc%10)cc8)C9=O)cc7)cc5)C6=O)cc4C3=O)cc2)cc1,air,10,0,350
Nc1ccc(Cc2ccc(N3C(=O)c4ccc(C(=O)c5ccc6c(c5)C(=O)N(c5ccc(Cc7ccc(NC(=O)c8ccc9c(c8)C(=O)N(c8ccc(Cc%10ccc(N%11C(=O)c%12ccc(C(=O)c%13ccc%14c(c%13)C(=O)N(c%13ccc(Cc%15ccc(NC(=O)c%16ccc%17c(c%16)C(=O)OC%17=O)cc%15)cc%13)C%14=O)cc%12C%11=O)cc%10)cc8)C9=O)cc7)cc5)C6=O)cc4C3=O)cc2)cc1,air,10,10,492
Nc1ccc(Cc2ccc(N3C(=O)c4ccc(C(=O)c5ccc6c(c5)C(=O)N(c5ccc(Cc7ccc(NC(=O)c8ccc9c(c8)C(=O)N(c8ccc(Cc%10ccc(N%11C(=O)c%12ccc(C(=O)c%13ccc%14c(c%13)C(=O)N(c%13ccc(Cc%15ccc(NC(=O)c%16ccc%17c(c%16)C(=O)OC%17=O)cc%15)cc%13)C%14=O)cc%12C%11=O)cc%10)cc8)C9=O)cc7)cc5)C6=O)cc4C3=O)cc2)cc1,air,10,25,549
Nc1ccc(Cc2ccc(N3C(=O)c4ccc(C(=O)c5ccc6c(c5)C(=O)N(c5ccc(Cc7ccc(NC(=O)c8ccc9c(c8)C(=O)N(c8ccc(Cc%10ccc(N%11C(=O)c%12ccc(C(=O)c%13ccc%14c(c%13)C(=O)N(c%13ccc(Cc%15ccc(NC(=O)c%16ccc%17c(c%16)C(=O)OC%17=O)cc%15)cc%13)C%14=O)cc%12C%11=O)cc%10)cc8)C9=O)cc7)cc5)C6=O)cc4C3=O)cc2)cc1,air,10,50,555
Cc1ccc(N2C(=O)c3ccc(C(=O)c4ccc5c(c4)C(=O)N(c4ccc(C)c(NC(=O)c6ccc7c(c6)C(=O)N(c6cc(N8C(=O)c9ccc(C(=O)c%10ccc%11c(c%10)C(=O)N(c%10ccc(C)c(NC(=O)c%12ccc%13c(c%12)C(=O)OC%13=O)c%10)C%11=O)cc9C8=O)ccc6C)C7=O)c4)C5=O)cc3C2=O)cc1N,N2,10,0,385
Cc1ccc(N2C(=O)c3ccc(C(=O)c4ccc5c(c4)C(=O)N(c4ccc(C)c(NC(=O)c6ccc7c(c6)C(=O)N(c6cc(N8C(=O)c9ccc(C(=O)c%10ccc%11c(c%10)C(=O)N(c%10ccc(C)c(NC(=O)c%12ccc%13c(c%12)C(=O)OC%13=O)c%10)C%11=O)cc9C8=O)ccc6C)C7=O)c4)C5=O)cc3C2=O)cc1N,N2,10,10,511
Cc1ccc(N2C(=O)c3ccc(C(=O)c4ccc5c(c4)C(=O)N(c4ccc(C)c(NC(=O)c6ccc7c(c6)C(=O)N(c6cc(N8C(=O)c9ccc(C(=O)c%10ccc%11c(c%10)C(=O)N(c%10ccc(C)c(NC(=O)c%12ccc%13c(c%12)C(=O)OC%13=O)c%10)C%11=O)cc9C8=O)ccc6C)C7=O)c4)C5=O)cc3C2=O)cc1N,N2,10,25,562
Cc1ccc(N2C(=O)c3ccc(C(=O)c4ccc5c(c4)C(=O)N(c4ccc(C)c(NC(=O)c6ccc7c(c6)C(=O)N(c6cc(N8C(=O)c9ccc(C(=O)c%10ccc%11c(c%10)C(=O)N(c%10ccc(C)c(NC(=O)c%12ccc%13c(c%12)C(=O)OC%13=O)c%10)C%11=O)cc9C8=O)ccc6C)C7=O)c4)C5=O)cc3C2=O)cc1N,N2,10,50,583
Cc1ccc(N2C(=O)c3ccc(C(=O)c4ccc5c(c4)C(=O)N(c4ccc(C)c(NC(=O)c6ccc7c(c6)C(=O)N(c6cc(N8C(=O)c9ccc(C(=O)c%10ccc%11c(c%10)C(=O)N(c%10ccc(C)c(NC(=O)c%12ccc%13c(c%12)C(=O)OC%13=O)c%10)C%11=O)cc9C8=O)ccc6C)C7=O)c4)C5=O)cc3C2=O)cc1N,air,10,0,380
Cc1ccc(N2C(=O)c3ccc(C(=O)c4ccc5c(c4)C(=O)N(c4ccc(C)c(NC(=O)c6ccc7c(c6)C(=O)N(c6cc(N8C(=O)c9ccc(C(=O)c%10ccc%11c(c%10)C(=O)N(c%10ccc(C)c(NC(=O)c%12ccc%13c(c%12)C(=O)OC%13=O)c%10)C%11=O)cc9C8=O)ccc6C)C7=O)c4)C5=O)cc3C2=O)cc1N,air,10,10,420
Cc1ccc(N2C(=O)c3ccc(C(=O)c4ccc5c(c4)C(=O)N(c4ccc(C)c(NC(=O)c6ccc7c(c6)C(=O)N(c6cc(N8C(=O)c9ccc(C(=O)c%10ccc%11c(c%10)C(=O)N(c%10ccc(C)c(NC(=O)c%12ccc%13c(c%12)C(=O)OC%13=O)c%10)C%11=O)cc9C8=O)ccc6C)C7=O)c4)C5=O)cc3C2=O)cc1N,air,10,25,504
Cc1ccc(N2C(=O)c3ccc(C(=O)c4ccc5c(c4)C(=O)N(c4ccc(C)c(NC(=O)c6ccc7c(c6)C(=O)N(c6cc(N8C(=O)c9ccc(C(=O)c%10ccc%11c(c%10)C(=O)N(c%10ccc(C)c(NC(=O)c%12ccc%13c(c%12)C(=O)OC%13=O)c%10)C%11=O)cc9C8=O)ccc6C)C7=O)c4)C5=O)cc3C2=O)cc1N,air,10,50,512
CC(C)(c1ccc(Oc2ccc3c(c2)C(=O)N(c2ccc(OC(F)=C(F)F)cc2)C3=O)cc1)c1ccc(Oc2ccc3c(c2)C(=O)N(c2ccc(OC4(F)C(F)(F)C(F)(F)C4(F)Oc4ccc(N5C(=O)c6ccc(Oc7ccc(C(c8ccc(Oc9ccc%10c(c9)C(=O)N(OC(F)=C(F)F)C%10=O)cc8)(C(F)(F)F)C(F)(F)F)cc7)cc6C5=O)cc4)cc2)C3=O)cc1,N2,20,5,563
CC(C)(c1ccc(Oc2ccc3c(c2)C(=O)N(c2ccc(OC(F)=C(F)F)cc2)C3=O)cc1)c1ccc(Oc2ccc3c(c2)C(=O)N(c2ccc(OC4(F)C(F)(F)C(F)(F)C4(F)Oc4ccc(N5C(=O)c6ccc(Oc7ccc(C(c8ccc(Oc9ccc%10c(c9)C(=O)N(OC(F)=C(F)F)C%10=O)cc8)(C(F)(F)F)C(F)(F)F)cc7)cc6C5=O)cc4)cc2)C3=O)cc1,air,20,5,553
O=C1c2ccc(C(c3ccc4c(c3)C(=O)N(c3ccc(OC5(F)C(F)(F)C(F)(F)C5(F)Oc5ccc(N6C(=O)c7ccc(C(c8ccc9c(c8)C(=O)N(c8ccc(OC(F)=C(F)F)cc8)C9=O)(C(F)(F)F)C(F)(F)F)cc7C6=O)cc5)cc3)C4=O)(C(F)(F)F)C(F)(F)F)cc2C(=O)N1c1ccc(OC(F)=C(F)F)cc1,N2,20,5,519
O=C1c2ccc(C(c3ccc4c(c3)C(=O)N(c3ccc(OC5(F)C(F)(F)C(F)(F)C5(F)Oc5ccc(N6C(=O)c7ccc(C(c8ccc9c(c8)C(=O)N(c8ccc(OC(F)=C(F)F)cc8)C9=O)(C(F)(F)F)C(F)(F)F)cc7C6=O)cc5)cc3)C4=O)(C(F)(F)F)C(F)(F)F)cc2C(=O)N1c1ccc(OC(F)=C(F)F)cc1,air,20,5,505
C=c1[nH]c(=C)c2cc3cc4c(cc3cc12)C(=O)N(c1ccc2nc(-c3ccc(Oc5ccc(C6N=C7C=CC=CC7O6)cc5)cc3)oc2c1)C4=O,N2,10,5,550
O=c1[nH]c(=O)c2cc3c(=O)n(-c4ccc(-c5nc6cc(Oc7ccc8oc(-c9ccccc9)nc8c7)ccc6o5)cc4)c(=O)c3cc12,N2,10,5,549
O=C1NC(=O)c2cc(-c3ccc4c(c3)C(=O)N(c3ccc(-c5nc6cc(Oc7ccc8oc(-c9ccccc9)nc8c7)ccc6o5)cc3)C4=O)ccc21,N2,10,5,550
C#Cc1ccccc1C#C[SiH](C)C,N2,10,5,437
Cc1ccc2nc(-c3ccc(Oc4ccc(-c5nc6ccc(-n7c(=O)c8cc9c(=O)n(C)c(=O)c9cc8c7=O)cc6o5)cc4)cc3)oc2c1,N2,10,5,550
Cc1ccc2nc(-c3ccc(Oc4ccc(-c5nc6ccc(N7C(=O)c8ccc(-c9ccc%10c(c9)C(=O)N(C)C%10=O)cc8C7=O)cc6o5)cc4)cc3)oc2c1,N2,10,5,530
O=C(Oc1ccc(OC(=O)c2ccc3c(c2)C(=O)N(c2ccc4nc(-c5ccc(Oc6ccc(C7N=C8C=CC=CC8O7)cc6)cc5)oc4c2)C3=O)cc1)c1ccc2c(c1)C(=O)NC2=O,N2,10,5,469
Cc1ccccc1OC(=O)c1ccc(C(=O)Oc2ccc(-n3c(=O)c4cc5c(=O)[nH]c(=O)c5cc4c3=O)cc2C)cc1,N2,10,5,487
Cc1ccccc1OC(=O)c1ccc(C(=O)Oc2ccc(-n3c(=O)c4cc5c(=O)[nH]c(=O)c5cc4c3=O)cc2C)cc1,air,10,5,448
O=C1[N]C(=O)c2c1c(-c1ccccc1)c1c(c2-c2ccccc2)C(=O)N(c2ccc(Oc3ccccc3)cc2)C1=O,air,10,5,550
O=C1[N]C(=O)c2cc3c(cc21)C(=O)N(c1ccc(Oc2cc(Oc4ccccc4)cc4ccccc24)c(C(F)(F)F)c1)C3=O,N2,10,5,553
C#Cc1cccc(C#C[Si](C)(C)O[Si](C)(C)C#Cc2cccc(C#C)c2)c1,N2,10,5,604
C#Cc1cccc(C#C[Si](C)(C)O[Si](C)(C)C#Cc2cccc(C#C)c2)c1,air,10,5,555
O=C1[N]C(=O)c2cc(-c3ccc4c(c3)C(=O)N(c3ccc(Oc5cc(Oc6ccccc6)cc6ccccc56)c(C(F)(F)F)c3)C4=O)ccc21,N2,10,5,579
O=C(c1ccc2c(c1)C(=O)[N]C2=O)c1ccc2c(c1)C(=O)N(c1ccc(Oc3cc(Oc4ccccc4)cc4ccccc34)c(C(F)(F)F)c1)C2=O,N2,10,5,562
O=C1[N]C(=O)c2cc(Oc3ccc4c(c3)C(=O)N(c3ccc(Oc5cc(Oc6ccccc6)cc6ccccc56)c(C(F)(F)F)c3)C4=O)ccc21,N2,10,5,564
O=C1[N]C(=O)c2cc(S(=O)(=O)c3ccc4c(c3)C(=O)N(c3ccc(Oc5cc(Oc6ccccc6)cc6ccccc56)c(C(F)(F)F)c3)C4=O)ccc21,N2,10,5,492
CCCCCC[SiH](C)C,N2,10,5,349
CCCCCC[SiH](C)C,N2,10,10,380
CCCCCC[SiH](C)C,air,10,5,290
CCCCCC[SiH](C)C,air,10,10,310
CCCCCC[SiH](C)O,N2,10,5,316
CCCCCC[SiH](C)O,N2,10,10,375
CCCCCC[SiH](C)O,air,10,5,270
CCCCCC[SiH](C)O,air,10,10,315
C[SiH](C)CCCn1c2ccccc2c2ccccc21,N2,10,5,407
C[SiH](C)CCCn1c2ccccc2c2ccccc21,N2,10,10,425
C[SiH](C)CCCn1c2ccccc2c2ccccc21,air,10,5,334
C[SiH](C)CCCn1c2ccccc2c2ccccc21,air,10,10,364
C[SiH](O)CCCn1c2ccccc2c2ccccc21,N2,10,5,433
C[SiH](O)CCCn1c2ccccc2c2ccccc21,N2,10,10,442
C[SiH](O)CCCn1c2ccccc2c2ccccc21,air,10,5,390
C[SiH](O)CCCn1c2ccccc2c2ccccc21,air,10,10,410
COCCOCCOCCC[SiH](C)C,N2,10,5,352
COCCOCCOCCC[SiH](C)C,N2,10,10,362
COCCOCCOCCC[SiH](C)C,air,10,5,268
COCCOCCOCCC[SiH](C)C,air,10,10,305
COCCOCCOCCC[SiH](C)O,N2,10,5,338
COCCOCCOCCC[SiH](C)O,N2,10,10,350
COCCOCCOCCC[SiH](C)O,air,10,5,235
COCCOCCOCCC[SiH](C)O,air,10,10,290
O=C1[N]C(=O)c2cc(C(c3ccc4c(c3)C(=O)N(c3ccc(Oc5cc(Oc6ccccc6)cc6ccccc56)c(C(F)(F)F)c3)C4=O)(C(F)(F)F)C(F)(F)F)ccc21,N2,10,5,547
N=[PH](Oc1ccccc1)Oc1ccccc1,air,10,5,395
N=[PH](Oc1ccc(-c2ccccc2)cc1)Oc1ccc(-c2ccccc2)cc1,N2,10,10,470
CCO[PH](=N)OCC,N2,10,10,410
CCCCCCCCO[PH](=N)OCCCCCCCC,N2,10,10,425
N=[PH](Oc1ccc(F)cc1)Oc1ccc(F)cc1,N2,10,10,385
Cc1cccc(O[PH](=N)Oc2cccc(C)c2)c1,N2,10,10,380
N=[PH](Cl)Cl,N2,10,10,410
N=[PH](Oc1ccc(Cl)cc1)Oc1ccc(Cl)cc1,N2,10,10,400
N=[PH](Oc1ccc(Cl)cc1Cl)Oc1ccc(Cl)cc1Cl,N2,10,10,440
N=[PH](Oc1ccc2ccccc2c1)Oc1ccc2ccccc2c1,N2,10,10,475
CC(C)(c1ccc(Oc2ccc3c(c2)C(=O)N(c2ccc(Oc4ccc(N5C(=O)c6ccc(C#Cc7ccccc7)cc6C5=O)cc4)cc2)C3=O)cc1)c1ccc(Oc2ccc3c(c2)C(=O)N(c2ccc(Oc4ccc(N5C(=O)c6ccc(C#Cc7ccccc7)cc6C5=O)cc4)cc2)C3=O)cc1,N2,20,5,547.5
CC(C)(c1ccc(Oc2ccc3c(c2)C(=O)N(c2ccc(Oc4ccc(N5C(=O)c6ccc(C#Cc7ccccc7)cc6C5=O)cc4)cc2)C3=O)cc1)c1ccc(Oc2ccc3c(c2)C(=O)N(c2ccc(Oc4ccc(N5C(=O)c6ccc(C#Cc7ccccc7)cc6C5=O)cc4)cc2)C3=O)cc1,N2,20,10,559.6
O=C1CCC(=O)N1c1ccc2c(c1)CN(c1ccccc1)CO2,N2,10,5,330
O=C1CCC(=O)N1c1ccc2c(c1)CN(c1ccccc1)CO2,N2,10,10,366
O=C1C2C3C=CC(C3)C2C(=O)N1c1ccc2c(c1)CN(c1ccccc1)CO2,N2,10,10,366
C#CCOc1ccc(C(=O)OCCCOc2ccc(N=Nc3ccc(OCCCOC(=O)c4ccc(OCC#C)cc4)cc3)cc2)cc1,N2,10,5,260
C#CCOc1ccc(C(=O)OCCCCCCOc2ccc(N=Nc3ccc(OCCCCCCOC(=O)c4ccc(OCC#C)cc4)cc3)cc2)cc1,N2,10,5,285
CC#CCOc1ccc(C(=O)OCCCCCCCCCCCOc2ccc(N=Nc3ccc(OCCCCCCCCCCCOC(=O)c4ccc(OCC#CC)cc4)cc3)cc2)cc1,N2,10,5,287
N#Cc1c(Oc2ccc(N3COc4ccccc4C3)cc2)cccc1Oc1ccc(N2COc3ccccc3C2)cc1,N2,20,0,341
N#Cc1c(Oc2ccc(N3COc4ccccc4C3)cc2)cccc1Oc1ccc(N2COc3ccccc3C2)cc1,N2,20,5,364
N#Cc1c(Oc2ccc(N3COc4ccccc4C3)cc2)cccc1Oc1ccc(N2COc3ccccc3C2)cc1,N2,20,10,407
N#Cc1c(Oc2ccc(N3COc4ccccc4C3)cc2)cccc1Oc1ccc(N2COc3ccccc3C2)cc1,air,20,0,321
CC(C)(c1ccc2c(c1)OCN(Cc1ccco1)C2)c1ccc2c(c1)OCN(CC13C=CC(O1)C1C(=O)N(c4ccc(Cc5ccc(N6C(=O)C7C8C=CC(CN9COc%10cc(C(C)(C)c%11ccc%12c(c%11)OCN(Cc%11ccco%11)C%12)ccc%10C9)(O8)C7C6=O)cc5)cc4)C(=O)C13)C2,N2,10,5,390
N#Cc1ccc2c(c1)CN(c1ccccc1)CO2,air,10,5,332
N#Cc1ccc2c(c1)CN(c1ccccc1)CO2,air,10,10,392
N#Cc1ccc2c(c1)CN(c1ccc(Oc3ccc(N4COc5ccc(C#N)cc5C4)cc3)cc1)CO2,air,10,5,403
N#Cc1ccc2c(c1)CN(c1ccc(Oc3ccc(N4COc5ccc(C#N)cc5C4)cc3)cc1)CO2,air,10,10,482
C#Cc1ccc(Oc2ccc(Oc3ccc(C#C[Si](C)(C)C#Cc4ccc(Oc5ccc(Oc6ccc(C#C)cc6)cc5)cc4)cc3)cc2)cc1,N2,10,5,549
C#Cc1ccc(Oc2ccc(Oc3ccc(C#C[Si](C)(C)C#Cc4ccc(Oc5ccc(Oc6ccc(C#C)cc6)cc5)cc4)cc3)cc2)cc1,air,10,5,502
N#Cc1ccc(Oc2ccc(N3COc4ccc(-c5ccc6c(c5)CN(c5ccc(Oc7ccc(C#N)c(C#N)c7)cc5)CO6)cc4C3)cc2)cc1C#N,N2,20,5,477.9
N#Cc1ccc(Oc2ccc(N3COc4ccc(-c5ccc6c(c5)CN(c5ccc(Oc7ccc(C#N)c(C#N)c7)cc5)CO6)cc4C3)cc2)cc1C#N,N2,20,10,533.6
N#Cc1ccc(Oc2ccc(N3COc4ccc(-c5ccc6c(c5)CN(c5ccc(Oc7ccc(C#N)c(C#N)c7)cc5)CO6)cc4C3)cc2)cc1C#N,air,20,5,481.7
N#Cc1ccc(Oc2ccc(N3COc4ccc(-c5ccc6c(c5)CN(c5ccc(Oc7ccc(C#N)c(C#N)c7)cc5)CO6)cc4C3)cc2)cc1C#N,air,20,10,536.6
C#Cc1cccc(N[Si](C)(C)Nc2cccc(C#C)c2)c1,N2,10,10,472.4
C#Cc1cccc(N[Si](C)(C=C)Nc2cccc(C#C)c2)c1,N2,10,10,499.6
C#Cc1cccc(N[Si](Nc2cccc(C#C)c2)(c2ccccc2)c2ccccc2)c1,N2,10,10,483.9
O=C1C=CC(=O)N1c1ccc2c(c1)CN(c1ccc(Cc3ccc(N4COc5ccc(N6C(=O)C=CC6=O)cc5C4)cc3)cc1)CO2,N2,10,5,379
O=C1C=CC(=O)N1c1ccc2c(c1)CN(c1ccc(Cc3ccc(N4COc5ccc(N6C(=O)C=CC6=O)cc5C4)cc3)cc1)CO2,N2,10,10,407
O=C1C=CC(=O)N1c1ccc2c(c1)CN(c1ccc(Oc3ccc(N4COc5ccc(N6C(=O)C=CC6=O)cc5C4)cc3)cc1)CO2,N2,10,5,383
O=C1C=CC(=O)N1c1ccc2c(c1)CN(c1ccc(Oc3ccc(N4COc5ccc(N6C(=O)C=CC6=O)cc5C4)cc3)cc1)CO2,N2,10,10,410
O=C1C=CC(=O)N1c1ccc2c(c1)CN(c1ccc(Oc3ccc(Oc4ccc(N5COc6ccc(N7C(=O)C=CC7=O)cc6C5)cc4)cc3)cc1)CO2,N2,10,5,376
O=C1C=CC(=O)N1c1ccc2c(c1)CN(c1ccc(Oc3ccc(Oc4ccc(N5COc6ccc(N7C(=O)C=CC7=O)cc6C5)cc4)cc3)cc1)CO2,N2,10,10,401
O=C1C=CC(=O)N1c1ccc2c(c1)CN(c1ccc(Oc3ccc(-c4ccc(Oc5ccc(N6COc7ccc(N8C(=O)C=CC8=O)cc7C6)cc5)cc4)cc3)cc1)CO2,N2,10,5,374
O=C1C=CC(=O)N1c1ccc2c(c1)CN(c1ccc(Oc3ccc(-c4ccc(Oc5ccc(N6COc7ccc(N8C(=O)C=CC8=O)cc7C6)cc5)cc4)cc3)cc1)CO2,N2,10,10,407
c1ccccc1,N2,10,5,425
CCc1ccccc1,N2,10,5,352
CCc1ccccc1,air,5,5,300
CCc1cccc(Cl)c1,N2,10,10,495
CCc1cccc(Cl)c1,air,10,10,338
O=C1C=CC(=O)N1c1ccc2c(c1)CN(c1ccc(Oc3ccc4ccc(Oc5ccc(N6COc7ccc(N8C(=O)C=CC8=O)cc7C6)cc5)cc4c3)cc1)CO2,N2,10,5,379
O=C1C=CC(=O)N1c1ccc2c(c1)CN(c1ccc(Oc3ccc4ccc(Oc5ccc(N6COc7ccc(N8C(=O)C=CC8=O)cc7C6)cc5)cc4c3)cc1)CO2,N2,10,10,407
c1ccc2c(c1)CN(c1ccc(Cc3ccc(N4COc5ccccc5C4)cc3)cc1)CO2,N2,10,5,364
c1ccc2c(c1)CN(c1ccc(Cc3ccc(N4COc5ccccc5C4)cc3)cc1)CO2,N2,10,10,365
c1ccc2c(c1)CN(c1ccc(Cc3ccc(N4COc5ccccc5C4)cc3)cc1)CO2,Ar,20,5,395
c1ccc2c(c1)CN(c1ccc(Cc3ccc(N4COc5ccccc5C4)cc3)cc1)CO2,air,20,5,423
Oc1ccccc1,N2,2,5,470
CC(C)(c1ccc2c(c1)CN(c1ccc(C#N)cc1)CO2)c1ccc2c(c1)CN(c1ccc(C#N)cc1)CO2,N2,10,5,300
CC(C)(c1ccc2c(c1)CN(c1ccc(C#N)cc1)CO2)c1ccc2c(c1)CN(c1ccc(C#N)cc1)CO2,N2,10,10,325
CC(C)(c1ccc2c(c1)CN(c1ccc(C#N)cc1)CO2)c1ccc2c(c1)CN(c1ccc(C#N)cc1)CO2,air,10,5,300
CC(C)(c1ccc2c(c1)CN(c1ccc(C#N)cc1)CO2)c1ccc2c(c1)CN(c1ccc(C#N)cc1)CO2,air,10,10,325
c1ccc2c(c1)CN(c1ccc3c(c1)CC3)CO2,N2,10,5,396
c1ccc2c(c1)CN(c1ccc3c(c1)CC3)CO2,N2,10,10,408
C=CCc1cccc2c1OCN(c1ccc3c(c1)CC3)C2,N2,10,5,396
C=CCc1cccc2c1OCN(c1ccc3c(c1)CC3)C2,N2,10,10,403
c1cc2c(cc1N1COc3cc4c(cc3C1)CC4)CC2,N2,10,5,397
c1cc2c(cc1N1COc3cc4c(cc3C1)CC4)CC2,N2,10,10,408
c1ccc(N2COc3cc4c(cc3C2)CC4)cc1,N2,10,5,348
c1ccc(N2COc3cc4c(cc3C2)CC4)cc1,N2,10,10,367
CC(C)(c1ccc2c(c1)CN(c1ccc3c(c1)CC3)CO2)c1ccc2c(c1)CN(c1ccc3c(c1)CC3)CO2,N2,10,5,378
CC(C)(c1ccc2c(c1)CN(c1ccc3c(c1)CC3)CO2)c1ccc2c(c1)CN(c1ccc3c(c1)CC3)CO2,N2,10,10,388
C#Cc1cccc(/N=C2\OC(=O)c3cc(C(c4ccc5c(c4)C(=O)O/C5=N\c4cccc(Oc5cccc(Oc6cccc(/N=C7\OC(=O)c8ccc(C(c9ccc%10c(c9)/C(=N/c9cccc(C#C)c9)OC%10=O)(C(F)(F)F)C(F)(F)F)cc87)c6)c5)c4)(C(F)(F)F)C(F)(F)F)ccc32)c1,N2,5,5,503
C#Cc1cccc(/N=C2\OC(=O)c3cc(C(c4ccc5c(c4)C(=O)O/C5=N\c4cccc(Oc5cccc(Oc6cccc(/N=C7\OC(=O)c8ccc(C(c9ccc%10c(c9)/C(=N/c9cccc(C#C)c9)OC%10=O)(C(F)(F)F)C(F)(F)F)cc87)c6)c5)c4)(C(F)(F)F)C(F)(F)F)ccc32)c1,N2,5,10,535.3
C#Cc1cccc(/N=C2\OC(=O)c3cc(C(c4ccc5c(c4)C(=O)O/C5=N\c4cccc(Oc5cccc(Oc6cccc(/N=C7\OC(=O)c8ccc(C(c9ccc%10c(c9)/C(=N/c9cccc(C#C)c9)OC%10=O)(C(F)(F)F)C(F)(F)F)cc87)c6)c5)c4)(C(F)(F)F)C(F)(F)F)ccc32)c1,air,5,5,505.7
C#Cc1cccc(/N=C2\OC(=O)c3cc(C(c4ccc5c(c4)C(=O)O/C5=N\c4cccc(Oc5cccc(Oc6cccc(/N=C7\OC(=O)c8ccc(C(c9ccc%10c(c9)/C(=N/c9cccc(C#C)c9)OC%10=O)(C(F)(F)F)C(F)(F)F)cc87)c6)c5)c4)(C(F)(F)F)C(F)(F)F)ccc32)c1,air,5,10,529.8
O=C1C=CC(=O)N1c1ccc2c(c1)CN(c1ccc3c(c1)CC3)CO2,N2,10,5,385
O=C1C=CC(=O)N1c1ccc2c(c1)CN(c1ccc3c(c1)CC3)CO2,N2,10,10,400
C#CCN1COc2ccc(C(C)(C)c3ccc4c(c3)CN(CC#C)CO4)cc2C1,N2,10,5,350
C#CCN1COc2ccc(C(C)(C)c3ccc4c(c3)CN(CC#C)CO4)cc2C1,N2,10,10,372
CC(C)(c1ccc2c(c1)CN(c1ccc(I)cc1)CO2)c1ccc2c(c1)CN(c1ccc(I)cc1)CO2,N2,10,5,283
CC(C)(c1ccc2c(c1)CN(c1ccc(I)cc1)CO2)c1ccc2c(c1)CN(c1ccc(I)cc1)CO2,N2,10,10,300
C#CCN1COc2ccc(C(C)(C)c3ccc4c(c3)CN(CC#Cc3ccc(N5COc6ccc(C(C)(C)c7ccc8c(c7)CN(c7ccc(C#CCN9COc%10ccc(C(C)(C)c%11ccc%12c(c%11)CN(CC#C)CO%12)cc%10C9)cc7)CO8)cc6C5)cc3)CO4)cc2C1,N2,10,5,329
C#CCN1COc2ccc(C(C)(C)c3ccc4c(c3)CN(CC#Cc3ccc(N5COc6ccc(C(C)(C)c7ccc8c(c7)CN(c7ccc(C#CCN9COc%10ccc(C(C)(C)c%11ccc%12c(c%11)CN(CC#C)CO%12)cc%10C9)cc7)CO8)cc6C5)cc3)CO4)cc2C1,N2,10,10,349
C(#C[Si](C#Cc1ccc(Oc2ccc(C#C[Si](C#Cc3ccccc3)(c3ccccc3)c3ccccc3)cc2)cc1)(c1ccccc1)c1ccccc1)c1ccccc1,N2,10,5,625
C#CCOc1ccc(C(C)(C)c2ccc(OCC#Cc3ccc(N4COc5ccc(C(C)(C)c6ccc7c(c6)CN(c6ccc(C#CCOc8ccc(C(C)(C)c9ccc(OCC#C)cc9)cc8)cc6)CO7)cc5C4)cc3)cc2)cc1,N2,10,5,342
C#CCOc1ccc(C(C)(C)c2ccc(OCC#Cc3ccc(N4COc5ccc(C(C)(C)c6ccc7c(c6)CN(c6ccc(C#CCOc8ccc(C(C)(C)c9ccc(OCC#C)cc9)cc8)cc6)CO7)cc5C4)cc3)cc2)cc1,N2,10,10,372
C/C=C/c1cccc2c1OCN(c1ccc(Oc3ccc(N4COc5c(/C=C/C)cccc5C4)cc3)cc1)C2,N2,10,5,321
C/C=C/c1cccc2c1OCN(c1ccc(Oc3ccc(N4COc5c(/C=C/C)cccc5C4)cc3)cc1)C2,N2,10,10,347
C=CCc1cccc2c1OCN(c1ccc(Oc3ccc(N4COc5c(CC=C)cccc5C4)cc3)cc1)C2,N2,10,5,310
C=CCc1cccc2c1OCN(c1ccc(Oc3ccc(N4COc5c(CC=C)cccc5C4)cc3)cc1)C2,N2,10,10,344
C#Cc1cccc(N2C(=O)c3ccc(C(c4ccc5c(c4)C(=O)N(c4cccc(Oc6cccc(Oc7cccc(N8C(=O)c9ccc(C(c%10ccc%11c(c%10)C(=O)N(c%10cccc(C#C)c%10)C%11=O)(C(F)(F)F)C(F)(F)F)cc9C8=O)c7)c6)c4)C5=O)(C(F)(F)F)C(F)(F)F)cc3C2=O)c1,N2,5,5,513.8
C#Cc1cccc(N2C(=O)c3ccc(C(c4ccc5c(c4)C(=O)N(c4cccc(Oc6cccc(Oc7cccc(N8C(=O)c9ccc(C(c%10ccc%11c(c%10)C(=O)N(c%10cccc(C#C)c%10)C%11=O)(C(F)(F)F)C(F)(F)F)cc9C8=O)c7)c6)c4)C5=O)(C(F)(F)F)C(F)(F)F)cc3C2=O)c1,N2,5,10,540.3
C#Cc1cccc(N2C(=O)c3ccc(C(c4ccc5c(c4)C(=O)N(c4cccc(Oc6cccc(Oc7cccc(N8C(=O)c9ccc(C(c%10ccc%11c(c%10)C(=O)N(c%10cccc(C#C)c%10)C%11=O)(C(F)(F)F)C(F)(F)F)cc9C8=O)c7)c6)c4)C5=O)(C(F)(F)F)C(F)(F)F)cc3C2=O)c1,air,5,5,513.8
C#Cc1cccc(N2C(=O)c3ccc(C(c4ccc5c(c4)C(=O)N(c4cccc(Oc6cccc(Oc7cccc(N8C(=O)c9ccc(C(c%10ccc%11c(c%10)C(=O)N(c%10cccc(C#C)c%10)C%11=O)(C(F)(F)F)C(F)(F)F)cc9C8=O)c7)c6)c4)C5=O)(C(F)(F)F)C(F)(F)F)cc3C2=O)c1,air,5,10,535.7
C#Cc1cccc(N2COc3ccc(N4C(=O)C=CC4=O)cc3C2)c1,N2,10,5,412
C#Cc1cccc(N2COc3ccc(N4C(=O)C=CC4=O)cc3C2)c1,N2,10,10,432
C=CCc1cc(C(C)(C)c2cc(CC=C)c3c(c2)CN(CC24C=CC(O2)C2C(=O)N(c5ccc(Cc6ccc(N7C(=O)C=CC7=O)cc6)cc5)C(=O)C24)CO3)cc2c1OCN(CC13C=CC(O1)C1C(=O)N(c4ccc(Cc5ccc(N6C(=O)C=CC6=O)cc5)cc4)C(=O)C13)C2,N2,10,5,366
C=CCc1cc(C(C)(C)c2cc(CC=C)c3c(c2)CN(CC24C=CC(O2)C2C(=O)N(c5ccc(Cc6ccc(N7C(=O)C=CC7=O)cc6)cc5)C(=O)C24)CO3)cc2c1OCN(CC13C=CC(O1)C1C(=O)N(c4ccc(Cc5ccc(N6C(=O)C=CC6=O)cc5)cc4)C(=O)C13)C2,N2,10,10,440
C=CCc1cc(C(C)(C)c2cc(CC=C)c3c(c2)CN(Cc2ccco2)CO3)cc2c1OCN(Cc1ccco1)C2,N2,10,5,390
C=CCc1cc(C(C)(C)c2cc(CC=C)c3c(c2)CN(Cc2ccco2)CO3)cc2c1OCN(Cc1ccco1)C2,N2,10,10,448
CC(C)(c1ccc2c(c1)CN(CC13C=CC(O1)C1C(=O)N(c4ccc(Cc5ccc(N6C(=O)C=CC6=O)cc5)cc4)C(=O)C13)CO2)c1ccc2c(c1)CN(CC13C=CC(O1)C1C(=O)N(c4ccc(Cc5ccc(N6C(=O)C=CC6=O)cc5)cc4)C(=O)C13)CO2,N2,10,5,349
CC(C)(c1ccc2c(c1)CN(CC13C=CC(O1)C1C(=O)N(c4ccc(Cc5ccc(N6C(=O)C=CC6=O)cc5)cc4)C(=O)C13)CO2)c1ccc2c(c1)CN(CC13C=CC(O1)C1C(=O)N(c4ccc(Cc5ccc(N6C(=O)C=CC6=O)cc5)cc4)C(=O)C13)CO2,N2,10,10,438
C=CCc1cc2c(c(OC)c1)OCN(CC13C=CC(O1)C1C(=O)N(c4ccc(Cc5ccc(N6C(=O)C=CC6=O)cc5)cc4)C(=O)C13)C2,N2,10,5,295
C=CCc1cc2c(c(OC)c1)OCN(CC13C=CC(O1)C1C(=O)N(c4ccc(Cc5ccc(N6C(=O)C=CC6=O)cc5)cc4)C(=O)C13)C2,N2,10,10,410
C=CCc1cc2c(c(OC)c1)OCN(Cc1ccco1)C2,N2,10,10,405
C=CCc1cc2c(c(OC)c1)OCN(Cc1ccco1)C2,N2,10,5,375
C=C1CC(=O)N(c2ccc(Oc3ccc(N4COc5ccccc5C4)cc3)cc2)C1=O,N2,20,5,363
C=C1CC(=O)N(c2ccc(Oc3ccc(N4COc5ccccc5C4)cc3)cc2)C1=O,N2,20,10,390
C=C1CC(=O)N(c2ccc(Oc3ccc(N4COc5cc(C)ccc5C4)cc3)cc2)C1=O,N2,20,5,354
C=C1CC(=O)N(c2ccc(Oc3ccc(N4COc5cc(C)ccc5C4)cc3)cc2)C1=O,N2,20,10,384
C#Cc1cccc(N=C2OC(=O)c3c2cccc3-c2ccc3c(c2)C(=O)O/C3=N\c2cccc(Oc3ccc(N=C4OC(=O)c5c4cccc5-c4ccc5c(c4)C(=O)O/C5=N/c4cccc(C#C)c4)cc3)c2)c1,N2,5,5,518.2
C#Cc1cccc(N=C2OC(=O)c3c2cccc3-c2ccc3c(c2)C(=O)O/C3=N\c2cccc(Oc3ccc(N=C4OC(=O)c5c4cccc5-c4ccc5c(c4)C(=O)O/C5=N/c4cccc(C#C)c4)cc3)c2)c1,N2,5,10,570.5
C#Cc1cccc(N=C2OC(=O)c3c2cccc3-c2ccc3c(c2)C(=O)O/C3=N\c2cccc(Oc3ccc(N=C4OC(=O)c5c4cccc5-c4ccc5c(c4)C(=O)O/C5=N/c4cccc(C#C)c4)cc3)c2)c1,air,5,5,513.7
C#Cc1cccc(N=C2OC(=O)c3c2cccc3-c2ccc3c(c2)C(=O)O/C3=N\c2cccc(Oc3ccc(N=C4OC(=O)c5c4cccc5-c4ccc5c(c4)C(=O)O/C5=N/c4cccc(C#C)c4)cc3)c2)c1,air,5,10,559
O=C1C2C3C=CC(C3)C2C(=O)N1c1ccc(Oc2ccc(N3COc4ccc(-c5nc6ccccc6o5)cc4C3)cc2)cc1,N2,20,5,346
O=C1C2C3C=CC(C3)C2C(=O)N1c1ccc(Oc2ccc(N3COc4ccc(-c5nc6ccccc6o5)cc4C3)cc2)cc1,N2,20,10,384
CCCCCCCCCCCCCCCc1ccc2c(c1)OCN(c1ccc(Oc3ccc(N4C(=O)C5C6C=CC(C6)C5C4=O)cc3)cc1)C2,N2,20,5,343
CCCCCCCCCCCCCCCc1ccc2c(c1)OCN(c1ccc(Oc3ccc(N4C(=O)C5C6C=CC(C6)C5C4=O)cc3)cc1)C2,N2,20,10,382
Cc1ccc2c(c1)OCN(c1ccc(Oc3ccc(N4C(=O)C5C6C=CC(C6)C5C4=O)cc3)cc1)C2,N2,20,5,335
Cc1ccc2c(c1)OCN(c1ccc(Oc3ccc(N4C(=O)C5C6C=CC(C6)C5C4=O)cc3)cc1)C2,N2,20,10,364
C#Cc1cccc(C#C[Si](C#Cc2cccc(C#C)c2)(C#Cc2cccc(C#C)c2)C#Cc2cccc(C=C)c2)c1,N2,10,5,654
O=C1C2C3C=CC(C3)C2C(=O)N1c1ccc(Oc2ccc(N3COc4ccccc4C3)cc2)cc1,N2,20,5,364
O=C1C2C3C=CC(C3)C2C(=O)N1c1ccc(Oc2ccc(N3COc4ccccc4C3)cc2)cc1,N2,20,10,400
C=C1CC(=O)N(c2ccc(Oc3ccc(N4COc5ccc(-c6nc7ccccc7o6)cc5C4)cc3)cc2)C1=O,N2,20,5,358
C=C1CC(=O)N(c2ccc(Oc3ccc(N4COc5ccc(-c6nc7ccccc7o6)cc5C4)cc3)cc2)C1=O,N2,20,10,382
C=C1CC2C(=O)N(c3ccc(Oc4ccc(N5COc6cc(CCCCCCCCCCCCCCC)ccc6C5)cc4)cc3)C(=O)C12,N2,20,5,375
C=C1CC2C(=O)N(c3ccc(Oc4ccc(N5COc6cc(CCCCCCCCCCCCCCC)ccc6C5)cc4)cc3)C(=O)C12,N2,20,10,396
O=C1c2ccc(C#Cc3ccccc3)cc2C(=O)N1c1ccc(Oc2ccc(N3C(=O)c4ccc(Oc5ccc(Oc6ccc7c(c6)C(=O)N(c6ccc(Oc8ccc(N9C(=O)c%10ccc(C#Cc%11ccccc%11)cc%10C9=O)cc8)cc6)C7=O)cc5)cc4C3=O)cc2)cc1,N2,10,5,540
O=C1c2ccc(C#Cc3ccccc3)cc2C(=O)N1c1ccc(Oc2ccc(N3C(=O)c4ccc(Oc5ccc(Oc6ccc7c(c6)C(=O)N(c6ccc(Oc8ccc(N9C(=O)c%10ccc(C#Cc%11ccccc%11)cc%10C9=O)cc8)cc6)C7=O)cc5)cc4C3=O)cc2)cc1,N2,10,30,631
O=C1c2ccc(C#Cc3ccccc3)cc2C(=O)N1c1ccc(Oc2ccc(N3C(=O)c4ccc(Oc5ccc(Oc6ccc7c(c6)C(=O)N(c6ccc(Oc8ccc(N9C(=O)c%10ccc(C#Cc%11ccccc%11)cc%10C9=O)cc8)cc6)C7=O)cc5)cc4C3=O)cc2)cc1,air,10,5,537
O=C1c2ccc(C#Cc3ccccc3)cc2C(=O)N1c1ccc(-c2ccc(N3C(=O)c4ccc(Oc5ccc(Oc6ccc7c(c6)C(=O)N(c6ccc(-c8ccc(N9C(=O)c%10ccc(C#Cc%11ccccc%11)cc%10C9=O)cc8C(F)(F)F)c(C(F)(F)F)c6)C7=O)cc5)cc4C3=O)cc2C(F)(F)F)c(C(F)(F)F)c1,N2,10,5,548
O=C1c2ccc(C#Cc3ccccc3)cc2C(=O)N1c1ccc(-c2ccc(N3C(=O)c4ccc(Oc5ccc(Oc6ccc7c(c6)C(=O)N(c6ccc(-c8ccc(N9C(=O)c%10ccc(C#Cc%11ccccc%11)cc%10C9=O)cc8C(F)(F)F)c(C(F)(F)F)c6)C7=O)cc5)cc4C3=O)cc2C(F)(F)F)c(C(F)(F)F)c1,N2,10,30,640
O=C1c2ccc(C#Cc3ccccc3)cc2C(=O)N1c1ccc(-c2ccc(N3C(=O)c4ccc(Oc5ccc(Oc6ccc7c(c6)C(=O)N(c6ccc(-c8ccc(N9C(=O)c%10ccc(C#Cc%11ccccc%11)cc%10C9=O)cc8C(F)(F)F)c(C(F)(F)F)c6)C7=O)cc5)cc4C3=O)cc2C(F)(F)F)c(C(F)(F)F)c1,air,10,5,537
O=C1c2ccc(C#Cc3ccccc3)cc2C(=O)N1c1ccc(Oc2ccc(N3C(=O)c4ccc(Oc5ccc(Oc6ccc7c(c6)C(=O)N(c6ccc(Oc8ccc(N9C(=O)c%10ccc(C#Cc%11ccccc%11)cc%10C9=O)cc8-c8ccccc8)cc6)C7=O)cc5)cc4C3=O)cc2-c2ccccc2)cc1,N2,10,5,534
O=C1c2ccc(C#Cc3ccccc3)cc2C(=O)N1c1ccc(Oc2ccc(N3C(=O)c4ccc(Oc5ccc(Oc6ccc7c(c6)C(=O)N(c6ccc(Oc8ccc(N9C(=O)c%10ccc(C#Cc%11ccccc%11)cc%10C9=O)cc8-c8ccccc8)cc6)C7=O)cc5)cc4C3=O)cc2-c2ccccc2)cc1,N2,10,30,642
O=C1c2ccc(C#Cc3ccccc3)cc2C(=O)N1c1ccc(Oc2ccc(N3C(=O)c4ccc(Oc5ccc(Oc6ccc7c(c6)C(=O)N(c6ccc(Oc8ccc(N9C(=O)c%10ccc(C#Cc%11ccccc%11)cc%10C9=O)cc8-c8ccccc8)cc6)C7=O)cc5)cc4C3=O)cc2-c2ccccc2)cc1,air,10,5,530
O=C1c2ccc(C#Cc3ccccc3)cc2C(=O)N1c1ccc(Oc2ccc(N3C(=O)c4cccc(Oc5ccc(Oc6cccc7c6C(=O)N(c6ccc(Oc8ccc(N9C(=O)c%10ccc(C#Cc%11ccccc%11)cc%10C9=O)cc8)cc6)C7=O)cc5)c4C3=O)cc2)cc1,N2,10,5,521
O=C1c2ccc(C#Cc3ccccc3)cc2C(=O)N1c1ccc(Oc2ccc(N3C(=O)c4cccc(Oc5ccc(Oc6cccc7c6C(=O)N(c6ccc(Oc8ccc(N9C(=O)c%10ccc(C#Cc%11ccccc%11)cc%10C9=O)cc8)cc6)C7=O)cc5)c4C3=O)cc2)cc1,air,10,5,528
O=C1c2ccc(C#Cc3ccccc3)cc2C(=O)N1c1ccc(-c2ccc(N3C(=O)c4cccc(Oc5ccc(Oc6cccc7c6C(=O)N(c6ccc(-c8ccc(N9C(=O)c%10ccc(C#Cc%11ccccc%11)cc%10C9=O)cc8C(F)(F)F)c(C(F)(F)F)c6)C7=O)cc5)c4C3=O)cc2C(F)(F)F)c(C(F)(F)F)c1,N2,10,5,537
O=C1c2ccc(C#Cc3ccccc3)cc2C(=O)N1c1ccc(-c2ccc(N3C(=O)c4cccc(Oc5ccc(Oc6cccc7c6C(=O)N(c6ccc(-c8ccc(N9C(=O)c%10ccc(C#Cc%11ccccc%11)cc%10C9=O)cc8C(F)(F)F)c(C(F)(F)F)c6)C7=O)cc5)c4C3=O)cc2C(F)(F)F)c(C(F)(F)F)c1,air,10,5,511
O=C1c2ccc(C#Cc3ccccc3)cc2C(=O)N1c1ccc(Oc2ccc(N3C(=O)c4cccc(Oc5ccc(Oc6cccc7c6C(=O)N(c6ccc(Oc8ccc(N9C(=O)c%10ccc(C#Cc%11ccccc%11)cc%10C9=O)cc8-c8ccccc8)cc6)C7=O)cc5)c4C3=O)cc2-c2ccccc2)cc1,N2,10,5,525
O=C1c2ccc(C#Cc3ccccc3)cc2C(=O)N1c1ccc(Oc2ccc(N3C(=O)c4cccc(Oc5ccc(Oc6cccc7c6C(=O)N(c6ccc(Oc8ccc(N9C(=O)c%10ccc(C#Cc%11ccccc%11)cc%10C9=O)cc8-c8ccccc8)cc6)C7=O)cc5)c4C3=O)cc2-c2ccccc2)cc1,air,10,5,515
C#Cc1cccc(/N=C2\OC(=O)c3cccc(-c4ccc5c(c4)/C(=N\c4ccc(Oc6cccc(/N=C7/OC(=O)c8ccc(-c9cccc%10c9/C(=N/c9cccc(C#C)c9)OC%10=O)cc87)c6)cc4)OC5=O)c32)c1,N2,10,5,482
C#Cc1cccc(/N=C2\OC(=O)c3cccc(-c4ccc5c(c4)/C(=N\c4ccc(Oc6cccc(/N=C7/OC(=O)c8ccc(-c9cccc%10c9/C(=N/c9cccc(C#C)c9)OC%10=O)cc87)c6)cc4)OC5=O)c32)c1,N2,10,10,556
C#Cc1cccc(/N=C2\OC(=O)c3cccc(-c4ccc5c(c4)/C(=N\c4ccc(Oc6cccc(/N=C7/OC(=O)c8ccc(-c9cccc%10c9/C(=N/c9cccc(C#C)c9)OC%10=O)cc87)c6)cc4)OC5=O)c32)c1,air,10,5,471
C#Cc1cccc(/N=C2\OC(=O)c3cccc(-c4ccc5c(c4)/C(=N\c4ccc(Oc6cccc(/N=C7/OC(=O)c8ccc(-c9cccc%10c9/C(=N/c9cccc(C#C)c9)OC%10=O)cc87)c6)cc4)OC5=O)c32)c1,air,10,10,551
C#Cc1cccc(/N=C2\OC(=O)c3cccc(-c4ccc5c(c4)/C(=N\c4ccc(Oc6ccc(/N=C7/OC(=O)c8ccc(-c9cccc%10c9/C(=N/c9cccc(C#C)c9)OC%10=O)cc87)cc6)cc4)OC5=O)c32)c1,N2,10,5,485
C#Cc1cccc(/N=C2\OC(=O)c3cccc(-c4ccc5c(c4)/C(=N\c4ccc(Oc6ccc(/N=C7/OC(=O)c8ccc(-c9cccc%10c9/C(=N/c9cccc(C#C)c9)OC%10=O)cc87)cc6)cc4)OC5=O)c32)c1,N2,10,10,566
C#Cc1cccc(/N=C2\OC(=O)c3cccc(-c4ccc5c(c4)/C(=N\c4ccc(Oc6ccc(/N=C7/OC(=O)c8ccc(-c9cccc%10c9/C(=N/c9cccc(C#C)c9)OC%10=O)cc87)cc6)cc4)OC5=O)c32)c1,air,10,5,475
C#Cc1cccc(/N=C2\OC(=O)c3cccc(-c4ccc5c(c4)/C(=N\c4ccc(Oc6ccc(/N=C7/OC(=O)c8ccc(-c9cccc%10c9/C(=N/c9cccc(C#C)c9)OC%10=O)cc87)cc6)cc4)OC5=O)c32)c1,air,10,10,550
C#Cc1cccc(N2C(=O)c3ccc(-c4cccc5c4C(=O)N(c4cccc(Oc6ccc(N7C(=O)c8ccc(-c9cccc%10c9C(=O)N(c9cccc(C#C)c9)C%10=O)cc8C7=O)cc6)c4)C5=O)cc3C2=O)c1,N2,10,5,546
C#Cc1cccc(N2C(=O)c3ccc(-c4cccc5c4C(=O)N(c4cccc(Oc6ccc(N7C(=O)c8ccc(-c9cccc%10c9C(=O)N(c9cccc(C#C)c9)C%10=O)cc8C7=O)cc6)c4)C5=O)cc3C2=O)c1,N2,10,10,578
C#Cc1cccc(N2C(=O)c3ccc(-c4cccc5c4C(=O)N(c4cccc(Oc6ccc(N7C(=O)c8ccc(-c9cccc%10c9C(=O)N(c9cccc(C#C)c9)C%10=O)cc8C7=O)cc6)c4)C5=O)cc3C2=O)c1,air,10,5,513
C#Cc1cccc(N2C(=O)c3ccc(-c4cccc5c4C(=O)N(c4cccc(Oc6ccc(N7C(=O)c8ccc(-c9cccc%10c9C(=O)N(c9cccc(C#C)c9)C%10=O)cc8C7=O)cc6)c4)C5=O)cc3C2=O)c1,air,10,10,552
C#Cc1cccc(N2C(=O)c3ccc(-c4cccc5c4C(=O)N(c4ccc(Oc6ccc(N7C(=O)c8ccc(-c9cccc%10c9C(=O)N(c9cccc(C#C)c9)C%10=O)cc8C7=O)cc6)cc4)C5=O)cc3C2=O)c1,N2,10,5,553
C#Cc1cccc(N2C(=O)c3ccc(-c4cccc5c4C(=O)N(c4ccc(Oc6ccc(N7C(=O)c8ccc(-c9cccc%10c9C(=O)N(c9cccc(C#C)c9)C%10=O)cc8C7=O)cc6)cc4)C5=O)cc3C2=O)c1,N2,10,10,582
C#Cc1cccc(N2C(=O)c3ccc(-c4cccc5c4C(=O)N(c4ccc(Oc6ccc(N7C(=O)c8ccc(-c9cccc%10c9C(=O)N(c9cccc(C#C)c9)C%10=O)cc8C7=O)cc6)cc4)C5=O)cc3C2=O)c1,air,10,5,516
C#Cc1cccc(N2C(=O)c3ccc(-c4cccc5c4C(=O)N(c4ccc(Oc6ccc(N7C(=O)c8ccc(-c9cccc%10c9C(=O)N(c9cccc(C#C)c9)C%10=O)cc8C7=O)cc6)cc4)C5=O)cc3C2=O)c1,air,10,10,560
c1ccc(-c2ccc3c(c2)CC3)cc1,N2,10,5,547
c1ccc(-c2ccc3c(c2)CC3)cc1,N2,10,10,646
c1ccc(-c2ccc3c(c2)CC3)cc1,N2,10,20,834
c1ccc(-c2ccc3c(c2)CC3)cc1,air,10,5,416
c1ccc(-c2ccc3c(c2)CC3)cc1,air,10,10,445
c1ccc(-c2ccc3c(c2)CC3)cc1,air,10,20,480
C#Cc1cccc(C#C[Si](C)(C)C#Cc2cccc(C#C)c2)c1,air,10,5,561.4
C=C[Si](C)(C)c1ccc([Si](C)(C)C=Cc2ccc(C=C[Si](C)(C)c3ccc([Si](C)(C)C=C)c4c3CC4)cc2)c2c1CC2,N2,10,5,442.9
C=C[Si](C)(C)c1ccc([Si](C)(C)C=Cc2ccc(-c3ccc(C=C[Si](C)(C)c4ccc([Si](C)(C)C=C)c5c4CC5)cc3)cc2)c2c1CC2,N2,10,5,467.2
C=C[Si](C)(C)c1ccc([Si](C)(C)C=Cc2ccc(C=C[Si](C)(C)c3ccc([Si](C)(C)C=C)c4c3CC4)c3c2CC3)c2c1CC2,N2,10,5,491.8
C=C[Si](C)(C)c1ccc([Si](C)(C)C=Cc2ccc(C=C[Si](C)(C)c3ccc([Si](C)(C)C=C)cc3)c3c2CC3)cc1,N2,10,5,461.9
C#Cc1cccc(C#C[SiH](C)C#Cc2cccc(C#C[Si](C)(C)O[Si](C)(C)C#Cc3cccc(C#C[SiH](C)C#Cc4cccc(C#C)c4)c3)c2)c1,N2,10,5,670
C#Cc1cccc(C#C[Si]2(C)O[Si]3(C)O[Si]4(C)O[Si@](C)(C#Cc5cccc(C#C)c5)O[Si]5(C)O[Si@](C)(O4)O[Si](C)(O3)O[Si@](C)(O2)O5)c1,N2,10,5,503
C#Cc1cccc(C#C[Si]2(C)O[Si]3(C)O[Si]4(C)O[Si@](C)(C#Cc5cccc(C#C)c5)O[Si]5(C)O[Si@](C)(O4)O[Si](C)(O3)O[Si@](C)(O2)O5)c1,air,10,5,479
C#CCOc1ccc(C(c2ccc(OCC#C[Si](C)(C)C#CCOc3ccc(C(c4ccc(OCC#C)cc4)(C(F)(F)F)C(F)(F)F)cc3)cc2)(C(F)(F)F)C(F)(F)F)cc1,N2,10,5,400
C#Cc1cccc(C#C[SiH](C)C#Cc2cccc(C#C[Si](C)(C)O[Si](C)(C)O[Si](C)(C)O[Si](C)(C)O[Si](C)(C)C#Cc3cccc(C#C[SiH](C)C#Cc4cccc(C#C)c4)c3)c2)c1,N2,10,5,591
C#Cc1cccc(C#C[SiH](C)C#Cc2cccc(C#C[Si](C)(C)O[Si](C)(C)O[Si](C)(C)O[Si](C)(C)O[Si](C)(C)C#Cc3cccc(C#C[SiH](C)C#Cc4cccc(C#C)c4)c3)c2)c1,air,10,5,572
C#Cc1cccc(C#C[Si](C)(C)O[Si](C)(C)O[Si](C)(C)C#Cc2cccc(C#C)c2)c1,N2,10,5,550
C#Cc1cccc(C#C[Si](C)(C)O[Si](C)(C)O[Si](C)(C)C#Cc2cccc(C#C)c2)c1,air,10,5,535
C#Cc1cccc(C#C[Si](C)(C)O[Si](C)(C)O[Si](C)(C)O[Si](C)(C)C#Cc2cccc(C#C)c2)c1,N2,10,5,532
C#Cc1cccc(C#C[Si](C)(C)O[Si](C)(C)O[Si](C)(C)O[Si](C)(C)C#Cc2cccc(C#C)c2)c1,air,10,5,522
C#Cc1cccc(C#C[Si](C)(C)O[Si](C)(C)O[Si](C)(C)O[Si](C)(C)O[Si](C)(C)O[Si](C)(C)C#Cc2cccc(C#C)c2)c1,N2,10,5,505
C#Cc1cccc(C#C[Si](C)(C)O[Si](C)(C)O[Si](C)(C)O[Si](C)(C)O[Si](C)(C)O[Si](C)(C)C#Cc2cccc(C#C)c2)c1,air,10,5,514
C#Cc1ccc(C#C[Si](C)(C)O[Si](C)(C)C#Cc2ccc(C#C)cc2)cc1,N2,10,5,593
C#Cc1ccc(C#C[Si](C)(C)O[Si](C)(C)C#Cc2ccc(C#C)cc2)cc1,air,10,5,539
C#Cc1ccc(C#C[Si](C)(C)O[Si](C)(C)O[Si](C)(C)C#Cc2ccc(C#C)cc2)cc1,N2,10,5,502
C#Cc1ccc(C#C[Si](C)(C)O[Si](C)(C)O[Si](C)(C)C#Cc2ccc(C#C)cc2)cc1,air,10,5,429
C#Cc1ccc(C#C[Si](C)(C)O[Si](C)(C)O[Si](C)(C)O[Si](C)(C)C#Cc2ccc(C#C)cc2)cc1,N2,10,5,497
C#Cc1ccc(C#C[Si](C)(C)O[Si](C)(C)O[Si](C)(C)O[Si](C)(C)C#Cc2ccc(C#C)cc2)cc1,air,10,5,419
C#Cc1ccc(C#C[Si](C)(C)O[Si](C)(C)O[Si](C)(C)O[Si](C)(C)O[Si](C)(C)C#Cc2ccc(C#C)cc2)cc1,N2,10,5,495
C#Cc1ccc(C#C[Si](C)(C)O[Si](C)(C)O[Si](C)(C)O[Si](C)(C)O[Si](C)(C)C#Cc2ccc(C#C)cc2)cc1,air,10,5,417
C#Cc1ccc(C#C[Si](C)(C)O[Si](C)(C)O[Si](C)(C)O[Si](C)(C)O[Si](C)(C)O[Si](C)(C)C#Cc2ccc(C#C)cc2)cc1,N2,10,5,489
C#Cc1ccc(C#C[Si](C)(C)O[Si](C)(C)O[Si](C)(C)O[Si](C)(C)O[Si](C)(C)O[Si](C)(C)C#Cc2ccc(C#C)cc2)cc1,air,10,5,407
C#Cc1cccc(C#C[SiH](C)C#Cc2cccc(C#C[Si](C)(C)C#Cc3cccc(C#C[SiH](C)C#Cc4cccc(C#C)c4)c3)c2)c1,N2,10,5,686
C(#C[Si](OB(O[Si](C#Cc1ccccc1)(c1ccccc1)c1ccccc1)c1ccccc1)(c1ccccc1)c1ccccc1)c1ccccc1,N2,10,0,576
C(#C[Si](OB(O[Si](C#Cc1ccccc1)(c1ccccc1)c1ccccc1)c1ccccc1)(c1ccccc1)c1ccccc1)c1ccccc1,N2,10,5,625
C#Cc1cccc(N[SiH](C)C#Cc2cccc(C#C[SiH](C)Nc3cccc(C#C)c3)c2)c1,N2,10,5,611
C#Cc1cccc(N[SiH](C)C#Cc2cccc(C#C[SiH](C)Nc3cccc(C#C)c3)c2)c1,air,10,5,560
C#Cc1ccc(N[Si](Nc2ccc(C#C)cc2)(c2ccccc2)c2ccccc2)cc1,N2,10,5,474
C#Cc1ccc(N[Si](Nc2ccc(C#Cc3ccc(C#Cc4ccc(N[Si](Nc5ccc(C#C)cc5)(c5ccccc5)c5ccccc5)cc4)cc3)cc2)(c2ccccc2)c2ccccc2)cc1,N2,10,5,394
C#Cc1ccc(N[Si](Nc2ccc(C#Cc3ccc(C#Cc4ccc(N[Si](Nc5ccc(C#C)cc5)(c5ccccc5)c5ccccc5)cc4)cc3)cc2)(c2ccccc2)c2ccccc2)cc1,N2,10,10,427
C#Cc1ccc(N[Si](Nc2ccc(C#Cc3ccc(C#Cc4ccc(N[Si](Nc5ccc(C#C)cc5)(c5ccccc5)c5ccccc5)cc4)cc3)cc2)(c2ccccc2)c2ccccc2)cc1,air,10,5,386
C#Cc1ccc(N[Si](Nc2ccc(C#Cc3ccc(C#Cc4ccc(N[Si](Nc5ccc(C#C)cc5)(c5ccccc5)c5ccccc5)cc4)cc3)cc2)(c2ccccc2)c2ccccc2)cc1,air,10,10,434
C#C[Si](C)(C)O[Si](C)(C)C#C[SiH](C#C[Si](C)(C)O[Si](C)(C)C#C)c1ccccc1,Ar,10,5,514
C#C[Si](C)(C)O[Si](C)(C)C#C[SiH](C#C[Si](C)(C)O[Si](C)(C)C#C)c1ccccc1,air,10,5,537
C#Cc1cccc(C#C[Si](C)(C#Cc2cccc(C#C)c2)C#Cc2cccc(C#C)c2)c1,N2,10,5,575
C#Cc1ccc(N[Si](Nc2ccc(C#Cc3cccc(C#Cc4ccc(N[Si](Nc5ccc(C#C)cc5)(c5ccccc5)c5ccccc5)cc4)c3)cc2)(c2ccccc2)c2ccccc2)cc1,N2,10,5,420
C#Cc1ccc(N[Si](Nc2ccc(C#Cc3cccc(C#Cc4ccc(N[Si](Nc5ccc(C#C)cc5)(c5ccccc5)c5ccccc5)cc4)c3)cc2)(c2ccccc2)c2ccccc2)cc1,air,10,5,403
C#Cc1ccc(-c2cc(-c3ccc(C#C)cc3)cc(-c3ccc(C#C[Si](C#Cc4ccc(-c5cc(-c6ccc(C#C)cc6)cc(-c6ccc(C#C)cc6)c5)cc4)(c4ccccc4)c4ccccc4)cc3)c2)cc1,N2,10,5,510
C#Cc1ccc(-c2cc(-c3ccc(C#C)cc3)cc(-c3ccc(C#C[Si](C)(C#C)C#C)cc3)c2)cc1,N2,10,5,615
C#Cc1ccc(-c2cc(-c3ccc(C#C)cc3)cc(-c3ccc(C#C[Si](C)(C#C)C#C)cc3)c2)cc1,air,10,5,541
C#CCOc1ccc(C(=O)c2cccc(C(=O)c3ccc(OCC#C)cc3)n2)cc1,Ar,10,5,446
C#CCOc1ccc(C(=O)c2cccc(C(=O)c3ccc(OCC#C)cc3)n2)cc1,Ar,10,10,510
C#CCOc1ccc(-c2cc(-c3ccccc3)cc(-c3ccc(OCC#C)cc3)n2)cc1,Ar,10,5,445
C#CCOc1ccc(-c2cc(-c3ccccc3)cc(-c3ccc(OCC#C)cc3)n2)cc1,Ar,10,10,470
C#CCOc1ccc(-c2cc(-c3ccc(C(F)(F)F)cc3)cc(-c3ccc(OCC#C)cc3)n2)cc1,Ar,10,5,447
C#CCOc1ccc(-c2cc(-c3ccc(C(F)(F)F)cc3)cc(-c3ccc(OCC#C)cc3)n2)cc1,Ar,10,10,473
C1C2CC3CC1CC(C2)C3,N2,10,10,421
C#Cc1ccc(N[Si](Nc2ccc(C#Cc3ccc([Si](C)(C)c4ccc(C#Cc5ccc(N[Si](Nc6ccc(C#C)cc6)(c6ccccc6)c6ccccc6)cc5)cc4)cc3)cc2)(c2ccccc2)c2ccccc2)cc1,N2,10,10,457
C#Cc1ccc(N[Si](Nc2ccc(C#Cc3ccc([Si](C)(C)c4ccc(C#Cc5ccc(N[Si](Nc6ccc(C#C)cc6)(c6ccccc6)c6ccccc6)cc5)cc4)cc3)cc2)(c2ccccc2)c2ccccc2)cc1,air,10,10,464
C#Cc1ccc(N[Si](Nc2ccc(C#Cc3ccc([Si](C)(C)O[Si](C)(C)c4ccc(C#Cc5ccc(N[Si](Nc6ccc(C#C)cc6)(c6ccccc6)c6ccccc6)cc5)cc4)cc3)cc2)(c2ccccc2)c2ccccc2)cc1,N2,10,10,407
C#Cc1ccc(N[Si](Nc2ccc(C#Cc3ccc([Si](C)(C)O[Si](C)(C)c4ccc(C#Cc5ccc(N[Si](Nc6ccc(C#C)cc6)(c6ccccc6)c6ccccc6)cc5)cc4)cc3)cc2)(c2ccccc2)c2ccccc2)cc1,air,10,10,404
CCCCC12CC3CC(CC(C3)C1)C2,N2,10,10,486
CCCCCCC1CC2CCC1C2,N2,10,5,384
C#Cc1ccc(N[Si](Nc2ccc(C#Cc3ccc([Si](C)(C)O[Si](C)(C)O[Si](C)(C)c4ccc(C#Cc5ccc(N[Si](Nc6ccc(C#C)cc6)(c6ccccc6)c6ccccc6)cc5)cc4)cc3)cc2)(c2ccccc2)c2ccccc2)cc1,N2,10,10,422
C#Cc1ccc(N[Si](Nc2ccc(C#Cc3ccc([Si](C)(C)O[Si](C)(C)O[Si](C)(C)c4ccc(C#Cc5ccc(N[Si](Nc6ccc(C#C)cc6)(c6ccccc6)c6ccccc6)cc5)cc4)cc3)cc2)(c2ccccc2)c2ccccc2)cc1,air,10,10,410
C#Cc1cccc(C#C[Si](C)(C)[Si](C)(C)C#Cc2cccc(C#C)c2)c1,N2,10,5,631.1
C#Cc1cccc(C#C[Si](C)(C)[Si](C)(C)C#Cc2cccc(C#C)c2)c1,air,10,5,565.3
C#Cc1cccc(C#C[Si](C)(C)C#Cc2cccc(C#CB(C#Cc3cccc(C#C[Si](C)(C)C#Cc4cccc(C#C)c4)c3)C#Cc3cccc(C#C[Si](C)(C)C#Cc4cccc(C#C)c4)c3)c2)c1,N2,10,5,633
C#Cc1cccc(C#C[Si](C)(C)C#Cc2cccc(C#CB(C#Cc3cccc(C#C[Si](C)(C)C#Cc4cccc(C#C)c4)c3)C#Cc3cccc(C#C[Si](C)(C)C#Cc4cccc(C#C)c4)c3)c2)c1,air,10,5,560
Oc1ccc(C#CC#Cc2ccc(O[Si](Oc3ccc(C#CC#Cc4ccc(O)cc4)cc3)(c3ccccc3)c3ccccc3)cc2)cc1,N2,5,5,540
CCc1cccc(OC(C)=O)c1,air,3,1,280
CCc1cccc(OC(C)=O)c1,air,3,50,372
CCc1cccc(OC(C)=O)c1,N2,3,1,295
CCc1cccc(OC(C)=O)c1,N2,3,50,396
CCc1cccc(NC(C)=O)c1,air,3,1,305
CCc1cccc(NC(C)=O)c1,air,3,50,432
CCc1cccc(NC(C)=O)c1,N2,3,1,312
CCc1cccc(NC(C)=O)c1,N2,3,50,417
CCc1ccc(S(=O)(=O)O)cc1,air,5,30,360
CCc1ccc(C([Si](C)(C)C)[Si](C)(C)C)cc1,Ar,10,1,300
CCc1ccc(C([Si](C)(C)C)[Si](C)(C)C)cc1,Ar,10,100,450
CCc1nc(N)nc(N)n1,N2,10,10,235
COC(=O)C(C#N)C(c1ccccc1)C(C)NC=O,N2,10,1,160
COC(=O)C(C#N)C(c1ccccc1)C(C)NC=O,N2,10,50,300
COC(=O)C(C#N)C(c1ccccc1)C(C)NC=O,N2,10,100,500
O=C(O)c1ccccc1/N=C/CCc1ccccc1,N2,10,10,300
CCc1ccc(Cn2c3ccccc3c3ccccc32)cc1,air,10,5,416
CCC(Cc1ccccc1)c1ccccc1,N2,2,0,370
CCCOc1c(F)c(F)c(CC)c(F)c1F,N2,5,20,323
CCCCCCCCOc1c(F)c(F)c(CC)c(F)c1F,N2,5,20,320
CCc1c(F)c(F)c(OC)c(F)c1F,N2,5,20,352
CCc1ccc(C(C)(C)OCOC)cc1,N2,20,0,100
CCc1ccc(C(C)(C)OCOC(C)(C)C)cc1,N2,20,0,100
CCCCOc1ccc(OC(=O)c2ccc(C(=O)Oc3ccc(OCCCC)cc3)c(CC)c2)cc1,N2,10,0,300
CCc1ccc(N(c2ccccc2)c2ccccc2)cc1,N2,10,5,335
C#CCN(CC#C)c1ccc(-c2nc3cc(N(CC#C)CC#C)ccc3o2)cc1,Ar,20,5,418
CC[Si](C)(c1ccccc1)c1cccc2ccccc12,air,10,1,380
I/C=C/c1ccccc1,air,10,10,360
CCS(=O)c1ccccc1,N2,5,0,135
CCS(=O)(=O)c1ccccc1,N2,5,0,240
Br/C=C/Br,N2,10,5,133
Br/C=C/Br,N2,10,10,200
CCP(=O)(O)O,N2,10,20,450
CCCCCCCCC1(CCCCCCCC)c2ccccc2-c2ccc(-c3ccc4c(c3)C(c3ccc(-c5nnc(-c6ccc(C(C)(C)C)cc6)o5)cc3)(c3ccc(-c5nnc(-c6ccc(C(C)(C)C)cc6)o5)cc3)c3ccccc3-4)cc21,N2,10,5,403
CC/C(=C\c1ccccc1)c1ccccc1,N2,2,0,323
C#C[SiH](C)C#CB(C#C[SiH](C)C#C)c1ccccc1,air,10,5,638
C[SiH2]C#C[SiH2]C,N2,10,5,613
C[SiH2]C#C[SiH2]C,air,10,5,603
C#Cc1ccc([Si](C)(C)c2ccc(-c3cn(-c4ccc(-n5cc(-c6ccc([Si](C)(C)c7ccc(C#C)cc7)cc6)nn5)cc4)nn3)cc2)cc1,N2,10,5,322
C#Cc1ccc([Si](C)(C)c2ccc(-c3cn(-c4ccc(-n5cc(-c6ccc([Si](C)(C)c7ccc(C#C)cc7)cc6)nn5)cc4)nn3)cc2)cc1,N2,10,10,350
C#Cc1ccc([Si](C)(C=C)c2ccc(-c3cn(-c4ccc(-n5cc(-c6ccc([Si](C)(C=C)c7ccc(C#C)cc7)cc6)nn5)cc4)nn3)cc2)cc1,N2,10,5,325
C#Cc1ccc([Si](C)(C=C)c2ccc(-c3cn(-c4ccc(-n5cc(-c6ccc([Si](C)(C=C)c7ccc(C#C)cc7)cc6)nn5)cc4)nn3)cc2)cc1,N2,10,10,370
C#Cc1ccc(C(=O)OCC(O)COC(C)CBr)cc1,N2,10,10,270
C(#Cc1ccc(Oc2ccc(C#Cc3ccccc3)cc2)cc1)c1ccccc1,N2,10,5,535
C(#Cc1ccc(Oc2ccc(C#Cc3ccccc3)cc2)cc1)c1ccccc1,air,10,5,525
CC(C)C(=O)OCCn1c2ccccc2c2ccccc21,N2,10,5,305
CCC(=O)OC12CC3CC(CC(C3)C1)C2,N2,10,0,292
CC(=O)OC12CC3CC(CC(C3)C1)C2,N2,10,0,271
CC(=O)OC12CC3CC(C)(CC(C)(C3)C1)C2,N2,10,0,295
CC(CC(=O)OC12CC3CC(CC(C3)C1)C2)C(=O)OC12CC3CC(CC(C3)C1)C2,N2,10,0,291
CC(CC(=O)OC12CC3CC(C)(CC(C)(C3)C1)C2)C(=O)OC12CC3CC(C)(CC(C)(C3)C1)C2,N2,10,0,299
COC(=O)CC(C)C(=O)OC12CC3CC(CC(C3)C1)C2,N2,10,0,271
COC(=O)CC(C)C(=O)OC12CC3CC(C)(CC(C)(C3)C1)C2,N2,10,0,264
CC(C)OC(=O)CC(C)C(=O)OC12CC3CC(CC(C3)C1)C2,N2,10,0,267
CC(C)OC(=O)CC(C)C(=O)OC12CC3CC(C)(CC(C)(C3)C1)C2,N2,10,0,266
CC(C)OC(=O)CC(C)C(=O)OC(C)C,N2,10,0,236
CCCC(=O)OC(C)(C)C,N2,10,0,219
CCCC(=O)OC(C)(C)CC,N2,10,0,206
CCCC(=O)OC,N2,10,0,267
CC(C)C(=O)OC1CCC2CCCCC2C1,N2,10,0,212
CC(C)C(=O)OC1CC2CC1C1C3CCC(C3)C21,N2,10,0,229
CCCC(=O)OC12CC3CC(CC(C3)C1)C2,N2,10,0,305
CCCC(=O)OC12CC3CC(C)(CC(C)(C3)C1)C2,N2,10,0,308
CC(C)COC(=O)CC(C)C(=O)OCC(C)C,N2,5,20,275
BB(B)B(B(B)[B][C])C(B(B)B)([SiH](C)C#Cc1ccccc1)[SiH](C)C#Cc1ccccc1,N2,10,5,762
C[SiH](C#CB(F)F)C#CB(F)F,N2,10,5,624
C[SiH](C#CB(F)F)C#CB(F)F,air,10,5,607
C=CCOC(=O)C(C)C,N2,5,10,275
CCC(=O)NCCc1ccccn1,N2,10,35,100
CCC(=O)NCCc1ccccn1,N2,10,40,155
CCC(=O)OC(Cl)C(Cl)(Cl)Cl,N2,20,0,260
CCC(=O)Oc1c(F)c(F)c(F)c(F)c1F,N2,10,0,290
CC(C)C(=O)Oc1c(F)c(F)c(F)c(F)c1F,N2,10,0,210
CC(C)C(=O)Oc1ccc(C(=O)/C=C/c2ccc(Cl)cc2)cc1,N2,15,10,341
CC(C)C(=O)Oc1ccc(C(=O)/C=C/c2ccc(Cl)cc2)cc1,N2,15,50,414
CC(C)C(=O)Oc1ccc(C(=O)/C=C/c2ccc(Cl)cc2)cc1,N2,15,90,479
CC(C)C(=O)Oc1ccc(C(=O)/C=C/c2ccc(Cl)cc2)cc1,air,15,10,356
CC(C)C(=O)Oc1ccc(C(=O)/C=C/c2ccc(Cl)cc2)cc1,air,15,50,391
CC(C)C(=O)Oc1ccc(C(=O)/C=C/c2ccc(Cl)cc2)cc1,air,15,90,571
CC(C)C(=O)OCC(=O)c1ccccc1,N2,10,0,215
CC(C)C(=O)OCC(=O)c1ccccc1,N2,10,50,325
CCC(C)C(C)C(=O)OC,N2,10,10,382
COC(=O)C(C)CC(C)C,N2,10,10,350
CCC1(COC(=O)C(C)C)COC1,N2,10,10,235
COc1ccc(/C=C/C(=O)c2ccc(OC(=O)C(C)C)cc2)cc1OC,air,20,10,304
CCC(=O)Oc1ccc(C(=O)OCc2ccccc2)cc1,air,15,0,290
CCC(=O)Oc1ccc(C(=O)OCc2ccccc2)cc1,air,15,10,345
CC(C)C(=O)Oc1ccc(/C=C/C(=O)/C=C/c2ccc(O)cc2)cc1,air,10,20,333
CC(C)C(=O)Oc1ccc(/C=C/C(=O)/C=C/c2ccc(O)cc2)cc1,air,10,40,396
CC(C)C(=O)Oc1ccc(/C=C/C(=O)/C=C/c2ccc(O)cc2)cc1,air,10,60,457
CC(C)C(=O)Oc1ccc(/C=C/C(=O)/C=C/c2ccc(O)cc2)cc1,air,10,80,525
CCCC(=O)OCC,N2,10,50,399
CCCOC(=O)CCC,N2,10,50,397
CCCC(=O)OC(C)C,N2,10,50,365
CCCCOC(=O)CCC,N2,10,50,395
CC(C)C(=O)OCC(=O)N1CCOCC1,N2,10,20,245
CC(C)C(=O)OCC(=O)N1CCOCC1,N2,10,35,367.5
CC(C)C(=O)OCC(=O)N1CCCC1,N2,10,20,335
CC(C)C(=O)OCC(=O)N1CCCC1,N2,10,15,259
CC(C)C(=O)OCC(=O)N1CCCC1,N2,10,25,357.5
CC(C)C(=O)OC(COc1cccc2ccccc12)COc1cccc2ccccc12,N2,10,0,355
CC(C)C(=O)OC(COc1ccc(-c2ccccc2)cc1)COc1ccc(-c2ccccc2)cc1,N2,10,0,355
CC(C)C(=O)OC(COc1cc2ccccc2c2ccccc12)COc1cc2ccccc2c2ccccc12,N2,10,0,355
COc1ccc(/C=C/C(=O)c2ccc(NC(=O)C(C)C)cc2)cc1,air,15,10,340
CC(C)C(=O)Oc1ccc(-c2nnc(-c3ccc(C(C)(C)C)cc3)o2)cc1,N2,10,5,323
CCCCCCCCCCCOC(=O)CC,N2,10,5,336
CCCCCCCCCCCCOc1ccc(C(=O)Oc2ccc(C(=O)Oc3cccc(-c4ccc(OC(=O)c5ccc(OCCCCCCCCCCCCOC(=O)CC)cc5)cc4)c3)cc2)cc1,N2,10,5,341
CCCCCCCCCCCCOc1ccc(C(=O)Oc2ccc(C(=O)Oc3cccc(-c4ccc(OC(=O)c5ccc(OCCCCCCOC(=O)C(C)C)cc5)cc4)c3)cc2)cc1,N2,10,5,346
CCCCCCCCCCCCOc1ccc(C(=O)Oc2ccc(C(=O)Oc3cccc(-c4ccc(OC(=O)c5ccc(OCCCCCCCCCCCCOC(=O)C(C)C)cc5)cc4)c3)cc2)cc1,N2,10,5,354
CCC(=O)Oc1ccc(/N=N/c2ccc(N)cc2)cc1,N2,10,0,250
CCC(=O)Oc1ccc(/N=N/c2ccc(OC)cc2)cc1,N2,10,0,250
CC(C)C(=O)Oc1ccc(C(=O)c2ccccc2)cc1,air,15,0,246
CC(C)C(=O)Oc1ccc(C(=O)c2ccccc2)cc1,air,15,10,298
C[Si](C)(C#CB(F)F)C#CB(F)F,N2,10,5,485
C[Si](C)(C#CB(F)F)C#CB(F)F,air,10,5,467
FB(F)C#C[Si](C#CB(F)F)(c1ccccc1)c1ccccc1,N2,10,5,595
FB(F)C#C[Si](C#CB(F)F)(c1ccccc1)c1ccccc1,air,10,5,543
C#Cc1ccc([Si](O[Si](c2ccccc2)(c2ccccc2)c2ccc(C#Cc3ccc(C#Cc4ccc([Si](O[Si](c5ccccc5)(c5ccccc5)c5ccc(C#C)cc5)(c5ccccc5)c5ccccc5)cc4)cc3)cc2)(c2ccccc2)c2ccccc2)cc1,N2,10,5,550
C#Cc1ccc([Si](O[Si](c2ccccc2)(c2ccccc2)c2ccc(C#Cc3ccc(C#Cc4ccc([Si](O[Si](c5ccccc5)(c5ccccc5)c5ccc(C#C)cc5)(c5ccccc5)c5ccccc5)cc4)cc3)cc2)(c2ccccc2)c2ccccc2)cc1,air,10,5,466
C#Cc1ccc([Si](O[Si](c2ccccc2)(c2ccccc2)c2ccc(C#Cc3cccc(C#Cc4ccc([Si](O[Si](c5ccccc5)(c5ccccc5)c5ccc(C#C)cc5)(c5ccccc5)c5ccccc5)cc4)c3)cc2)(c2ccccc2)c2ccccc2)cc1,N2,10,5,558
C#Cc1ccc([Si](O[Si](c2ccccc2)(c2ccccc2)c2ccc(C#Cc3cccc(C#Cc4ccc([Si](O[Si](c5ccccc5)(c5ccccc5)c5ccc(C#C)cc5)(c5ccccc5)c5ccccc5)cc4)c3)cc2)(c2ccccc2)c2ccccc2)cc1,air,10,5,501
C#Cc1ccc([Si](O[Si](c2ccccc2)(c2ccccc2)c2ccc(C#C)cc2)(c2ccccc2)c2ccccc2)cc1,N2,10,5,561
C#Cc1ccc([Si](O[Si](c2ccccc2)(c2ccccc2)c2ccc(C#C)cc2)(c2ccccc2)c2ccccc2)cc1,air,10,5,553
C[Si](C#Cc1ccccc1)(C#Cc1ccccc1)C#Cc1ccccc1,N2,10,5,695
C[Si](C#Cc1ccccc1)(C#Cc1ccccc1)C#Cc1ccccc1,air,10,5,565
C[Si](C)(CCCc1ccccc1OC#N)O[Si](C)(C)CCCc1ccccc1OC#N,N2,10,10,445
C[Si](C)(CCCc1ccccc1OC#N)O[Si](C)(C)O[Si](C)(C)CCCc1ccccc1OC#N,N2,10,10,438
C[Si](C)(CCCc1ccccc1OC#N)O[Si](C)(C)O[Si](C)(C)O[Si](C)(C)CCCc1ccccc1OC#N,N2,10,10,410
N#COc1ccc(C(c2ccc(Oc3cccc(Oc4ccc(C(c5ccc(OC#N)cc5)(C(F)(F)F)C(F)(F)F)cc4)c3)cc2)(C(F)(F)F)C(F)(F)F)cc1,N2,10,5,430
N#COc1ccc(C(c2ccc(Oc3cccc(Oc4ccc(C(c5ccc(OC#N)cc5)(C(F)(F)F)C(F)(F)F)cc4)c3)cc2)(C(F)(F)F)C(F)(F)F)cc1,air,10,5,425
CC1CC(C)(C)c2ccccc21,N2,40,5,450
N#COc1ccc(C2(c3ccc(OC#N)cc3)OC(=O)c3ccccc32)cc1,N2,10,5,414.6
N#COc1ccc(C2(c3ccc(OC#N)cc3)OC(=O)c3ccccc32)cc1,N2,10,10,432.6
N#COc1ccc(C2(c3ccc(OC#N)cc3)OC(=O)c3ccccc32)cc1,N2,10,20,475.2
N#COc1ccc(C2(c3ccc(OC#N)cc3)OC(=O)c3ccccc32)cc1,air,10,5,415.2
N#COc1ccc(C2(c3ccc(OC#N)cc3)OC(=O)c3ccccc32)cc1,air,10,10,433
N#COc1ccc(C2(c3ccc(OC#N)cc3)OC(=O)c3ccccc32)cc1,air,10,20,480
Cc1cc(C2(c3ccc(OC#N)c(C)c3)OC(=O)c3ccccc32)ccc1OC#N,N2,10,5,394
Cc1cc(C2(c3ccc(OC#N)c(C)c3)OC(=O)c3ccccc32)ccc1OC#N,N2,10,10,404.1
Cc1cc(C2(c3ccc(OC#N)c(C)c3)OC(=O)c3ccccc32)ccc1OC#N,N2,10,20,427.5
Cc1cc(C2(c3ccc(OC#N)c(C)c3)OC(=O)c3ccccc32)ccc1OC#N,air,10,5,395.3
Cc1cc(C2(c3ccc(OC#N)c(C)c3)OC(=O)c3ccccc32)ccc1OC#N,air,10,10,404
Cc1cc(C2(c3ccc(OC#N)c(C)c3)OC(=O)c3ccccc32)ccc1OC#N,air,10,20,427.5
Cc1cc(OC#N)c(C(C)C)cc1C1(c2cc(C(C)C)c(OC#N)cc2C)OC(=O)c2ccccc21,N2,10,5,345.1
Cc1cc(OC#N)c(C(C)C)cc1C1(c2cc(C(C)C)c(OC#N)cc2C)OC(=O)c2ccccc21,N2,10,10,362.6
Cc1cc(OC#N)c(C(C)C)cc1C1(c2cc(C(C)C)c(OC#N)cc2C)OC(=O)c2ccccc21,N2,10,20,380.1
Cc1cc(OC#N)c(C(C)C)cc1C1(c2cc(C(C)C)c(OC#N)cc2C)OC(=O)c2ccccc21,air,10,5,347.5
Cc1cc(OC#N)c(C(C)C)cc1C1(c2cc(C(C)C)c(OC#N)cc2C)OC(=O)c2ccccc21,air,10,10,365
Cc1cc(OC#N)c(C(C)C)cc1C1(c2cc(C(C)C)c(OC#N)cc2C)OC(=O)c2ccccc21,air,10,20,378.4
CC(c1ccc(OC#N)cc1)c1ccc(OC#N)cc1,N2,10,5,455
CC(c1ccc(OC#N)cc1)c1ccc(OC#N)cc1,air,10,5,417
C[Si](C)(c1ccc(OC#N)cc1)c1ccc(OC#N)cc1,N2,10,5,418
C[Si](C)(c1ccc(OC#N)cc1)c1ccc(OC#N)cc1,air,10,5,415
CC(C)(c1ccc(O)cc1)c1ccc(OC(=O)c2ccc(Oc3ccc(C=O)cc3)cc2)cc1,Ar,10,10,467
CC(C)(c1ccc(O)cc1)c1ccc(OC(=O)c2ccc(Oc3ccc(C=O)cc3)cc2)cc1,N2,20,5,475
COc1cc(/C=N/c2ccccc2)ccc1OC(=O)c1ccc(C(=O)Oc2ccc(/C=N/c3ccc(O)cc3)cc2OC)cc1,air,10,5,200
c1ccc(-c2ccc(-c3ccc(-c4cnc5cc(Oc6ccc7nccnc7c6)ccc5n4)cc3)cc2)cc1,air,7,0,600
OCC1OCC(O)C(O)C1O,N2,10,10,254
OCC1OCC(O)C(O)C1O,air,15,0,115
Oc1c(Cl)cccc1Cl,N2,10,5,488
CC(C)c1cccc(C(C)C)c1O,N2,5,5,400
O=Cc1cccc(C(=O)Oc2ccc(Oc3ccc(Oc4ccc(Oc5ccc(O)cc5)cc4)cc3)cc2)c1,N2,10,5,478
O=Cc1cccc(C(=O)Oc2ccc(Oc3ccc(Oc4ccc(Oc5ccc(O)cc5)cc4)cc3)cc2)c1,air,10,5,455
O=Cc1ccc(Oc2ccc(C(=O)Oc3ccc(Oc4ccc(Oc5ccc(Oc6ccc(O)cc6)cc5)cc4)cc3)cc2)cc1,N2,10,5,483
O=Cc1ccc(Oc2ccc(C(=O)Oc3ccc(Oc4ccc(Oc5ccc(Oc6ccc(O)cc6)cc5)cc4)cc3)cc2)cc1,air,10,5,489
O=C(Oc1ccc(OC(=O)c2cccc(Oc3ccc(O)cc3)c2)cc1)c1ccccc1,N2,10,5,457
O=C(Oc1ccc(OC(=O)c2cccc(Oc3ccc(O)cc3)c2)cc1)c1ccccc1,air,10,5,443
O=C(Oc1ccc(-c2ccc(OC(=O)c3cccc(Oc4ccc(O)cc4)c3)cc2)cc1)c1ccccc1,N2,10,5,463
O=C(Oc1ccc(-c2ccc(OC(=O)c3cccc(Oc4ccc(O)cc4)c3)cc2)cc1)c1ccccc1,air,10,5,458
CC(C)(c1ccccc1)c1ccc(OP(=O)(O)Oc2ccccc2)cc1,air,10,5,390
CC(C)(c1ccccc1)c1ccc(OP(=O)(O)Oc2ccc(Cl)cc2)cc1,air,10,5,405
CC(C)(c1ccccc1)c1ccc(OP(=O)(O)Oc2c(Cl)cccc2Cl)cc1,air,10,5,345
CC(C)(c1ccccc1)c1ccc(OP(=O)(O)Oc2c(Cl)cc(Cl)cc2Cl)cc1,air,10,5,290
CC(C)(c1ccccc1)c1ccc(OP(=O)(O)Oc2c(Cl)c(Cl)c(Cl)c(Cl)c2Cl)cc1,air,10,5,325
O=P(O)(Oc1ccccc1)Oc1c(Cl)c(Cl)cc(Cl)c1Cl,air,10,5,285
O=S1(=O)c2ccc(-c3nc4ccccc4[nH]3)cc2-c2cc(-c3nc4cc(O)ccc4[nH]3)ccc21,air,10,10,415
c1ccc(-c2nnco2)cc1,air,10,5,450
c1ccc(-c2nnco2)cc1,N2,20,0,400
c1ccc(-c2nc3ccc(-c4ccc5ncoc5c4)cc3o2)cc1,air,3,5,520
c1ccc(-c2nc3cc(-c4ccc5ocnc5c4)ccc3o2)cc1,air,3,5,425
c1ccc(-c2nc3cc(-c4ccc5ocnc5c4)ccc3o2)cc1,N2,10,5,590
CCCCCCCCc1nc2cc(-c3ccc4ocnc4c3)ccc2o1,air,3,5,300
CCCCCCCc1nnco1,N2,3,10,380
c1nnc(C2CCCCC2)o1,N2,3,10,390
c1ccc2cc3c(-c4nc5cc(-c6ccc7ocnc7c6)ccc5o4)cccc3cc2c1,N2,3,5,580
c1ccc2cc3c(-c4nc5cc(-c6ccc7ocnc7c6)ccc5o4)cccc3cc2c1,air,3,5,490
c1ccc2c(c1)CCO2,N2,10,20,270.85
Oc1ccc2[nH]c(-c3ccc4sc5ccc(-c6nc7ccccc7[nH]6)cc5c4c3)nc2c1,air,10,10,418
c1ccc(Oc2ccc(-n3nc(-c4ccccc4)cc3-c3cccc(-c4cc(-c5ccccc5)n[nH]4)c3)cc2)cc1,air,5,10,500
c1ccc(Oc2ccc(-n3nc(-c4ccccc4)cc3-c3cccc(-c4cc(-c5ccccc5)n[nH]4)c3)cc2)cc1,N2,5,10,505
c1ccc(Oc2ccc(-n3nc(-c4ccccc4)cc3-c3ccc(-c4cc(-c5ccccc5)n[nH]4)cc3)cc2)cc1,air,5,10,490
c1ccc(Oc2ccc(-n3nc(-c4ccccc4)cc3-c3ccc(-c4cc(-c5ccccc5)n[nH]4)cc3)cc2)cc1,N2,5,10,512
c1ccc(Oc2ccc(-n3nccc3-c3ccc(-c4ccn[nH]4)cc3)cc2)cc1,air,5,10,459
c1ccc(Oc2ccc(-n3nccc3-c3ccc(-c4ccn[nH]4)cc3)cc2)cc1,N2,5,10,496
c1ccc(Oc2ccc(-n3nccc3-c3cccc(-c4ccn[nH]4)c3)cc2)cc1,air,5,10,483
c1ccc(Oc2ccc(-n3nccc3-c3cccc(-c4ccn[nH]4)c3)cc2)cc1,N2,5,10,512
c1ccoc1,N2,10,0,168
c1ccoc1,N2,10,10,268
O=P(c1ccccc1)(c1ccc(O)cc1)c1ccc(Oc2ccc(-c3ccccc3)cc2)cc1,N2,10,0,535
O=P(c1ccccc1)(c1ccc(O)cc1)c1ccc(Oc2ccc(-c3ccccc3)cc2)cc1,air,10,0,490
CC1CCOC(O)C1,air,10,100,110
COc1ccc(C(C)(C)c2ccc(O)cc2)cc1,air,10,10,398
Cc1cc(C)cc(-c2cc(C)c(O[Si](C)(C)O[Si](C)(C)O)c(C)c2)c1,N2,10,5,490
Cc1cc(C)cc(-c2cc(C)c(O[Si](C)(C)O[Si](C)(C)O)c(C)c2)c1,air,10,5,420
Cc1cc(C)cc(-c2cc(C)c(O[Si](C)(C)O[Si](C)(C)O[Si](C)(C)O)c(C)c2)c1,N2,10,5,430
Cc1cc(C)cc(-c2cc(C)c(O[Si](C)(C)O[Si](C)(C)O[Si](C)(C)O)c(C)c2)c1,air,10,5,410
Cc1cc(C)cc(-c2cc(C)c(O[Si](C)(C)O[Si](C)(C)O[Si](C)(C)O[Si](C)(C)O)c(C)c2)c1,N2,10,5,335
Cc1cc(C)cc(-c2cc(C)c(O[Si](C)(C)O[Si](C)(C)O[Si](C)(C)O[Si](C)(C)O)c(C)c2)c1,air,10,5,330
C[Si](C)(O)O[Si](C)(C)Oc1ccc(-c2ccccc2)cc1,N2,10,5,264
C[Si](C)(O)O[Si](C)(C)Oc1ccc(-c2ccccc2)cc1,air,10,5,290
CCCCCCCc1nc2ccc(-c3ccc4ncoc4c3)cc2o1,N2,20,10,455
CCCCCCCCCc1nc2ccc(-c3ccc4ncoc4c3)cc2o1,N2,20,10,460
CCCCCCCCCCc1nc2ccc(-c3ccc4ncoc4c3)cc2o1,N2,20,10,460
CCCCCCCCCCCc1nc2ccc(-c3ccc4ncoc4c3)cc2o1,N2,20,10,465
CCCCCCCCCCCCc1nc2ccc(-c3ccc4ncoc4c3)cc2o1,N2,20,10,460
CC(C)(c1ccc(O)cc1)c1ccc(Oc2ccc(C(=O)c3ccc(P(=O)(c4ccccc4)c4ccc(C(=O)c5ccccc5)cc4)cc3)cc2)cc1,N2,10,10,538
O=C(c1ccccc1)c1ccc(P(=O)(c2ccccc2)c2ccc(C(=O)c3ccc(Oc4ccc(O)cc4)cc3)cc2)cc1,N2,10,10,549
O=C(c1ccccc1)c1ccc(P(=O)(c2ccccc2)c2ccc(C(=O)c3ccc(Oc4cccc(O)c4)cc3)cc2)cc1,N2,10,10,532
O=C(Nc1ccc(NC(=O)c2ccc(Oc3ccc4ccc(O)cc4c3)cc2)cc1)c1ccccc1,N2,20,10,520
O=C(Nc1ccc(NC(=O)c2ccc(Oc3ccc4ccc(O)cc4c3)cc2)cc1)c1ccccc1,air,20,10,499
O=C(Nc1cccc(NC(=O)c2ccc(Oc3ccc4ccc(O)cc4c3)cc2)c1)c1ccccc1,N2,20,10,504
O=C(Nc1cccc(NC(=O)c2ccc(Oc3ccc4ccc(O)cc4c3)cc2)c1)c1ccccc1,air,20,10,512
O=C(Nc1ccc(Cc2ccc(NC(=O)c3ccc(Oc4ccc5ccc(O)cc5c4)cc3)cc2)cc1)c1ccccc1,N2,20,10,524
O=C(Nc1ccc(Cc2ccc(NC(=O)c3ccc(Oc4ccc5ccc(O)cc5c4)cc3)cc2)cc1)c1ccccc1,air,20,10,519
O=C(Nc1ccc(Oc2ccc(NC(=O)c3ccc(Oc4ccc5ccc(O)cc5c4)cc3)cc2)cc1)c1ccccc1,N2,20,10,519
O=C(Nc1ccc(Oc2ccc(NC(=O)c3ccc(Oc4ccc5ccc(O)cc5c4)cc3)cc2)cc1)c1ccccc1,air,20,10,503
O=C(Nc1ccc(Oc2cccc(NC(=O)c3ccc(Oc4ccc5ccc(O)cc5c4)cc3)c2)cc1)c1ccccc1,N2,20,10,510
O=C(Nc1ccc(Oc2cccc(NC(=O)c3ccc(Oc4ccc5ccc(O)cc5c4)cc3)c2)cc1)c1ccccc1,air,20,10,520
O=C(Nc1ccc(Oc2ccc(Oc3ccc(NC(=O)c4ccc(Oc5ccc6ccc(O)cc6c5)cc4)cc3)cc2)cc1)c1ccccc1,N2,20,10,506
O=C(Nc1ccc(Oc2ccc(Oc3ccc(NC(=O)c4ccc(Oc5ccc6ccc(O)cc6c5)cc4)cc3)cc2)cc1)c1ccccc1,air,20,10,503
CC(C)(c1ccc(NC(=O)c2ccccc2)cc1)c1ccc(C(C)(C)c2ccc(NC(=O)c3ccc(Oc4ccc5ccc(O)cc5c4)cc3)cc2)cc1,N2,20,10,484
CC(C)(c1ccc(NC(=O)c2ccccc2)cc1)c1ccc(C(C)(C)c2ccc(NC(=O)c3ccc(Oc4ccc5ccc(O)cc5c4)cc3)cc2)cc1,air,20,10,495
CC(C)(c1ccc(Oc2ccc(NC(=O)c3ccccc3)cc2)cc1)c1ccc(Oc2ccc(NC(=O)c3ccc(Oc4ccc5ccc(O)cc5c4)cc3)cc2)cc1,N2,20,10,524
CC(C)(c1ccc(Oc2ccc(NC(=O)c3ccccc3)cc2)cc1)c1ccc(Oc2ccc(NC(=O)c3ccc(Oc4ccc5ccc(O)cc5c4)cc3)cc2)cc1,air,20,10,524
O=C(Nc1ccc(Oc2ccc(S(=O)(=O)c3ccc(Oc4ccc(NC(=O)c5ccc(Oc6ccc7ccc(O)cc7c6)cc5)cc4)cc3)cc2)cc1)c1ccccc1,N2,20,10,527
O=C(Nc1ccc(Oc2ccc(S(=O)(=O)c3ccc(Oc4ccc(NC(=O)c5ccc(Oc6ccc7ccc(O)cc7c6)cc5)cc4)cc3)cc2)cc1)c1ccccc1,air,20,10,505
CC(c1ccccc1)(c1ccc(Oc2ccc(NC(=O)c3ccccc3)cc2)cc1)c1ccc(Oc2ccc(NC(=O)c3ccc(Oc4ccc5ccc(O)cc5c4)cc3)cc2)cc1,N2,20,10,523
CC(c1ccccc1)(c1ccc(Oc2ccc(NC(=O)c3ccccc3)cc2)cc1)c1ccc(Oc2ccc(NC(=O)c3ccc(Oc4ccc5ccc(O)cc5c4)cc3)cc2)cc1,air,20,10,525
CC(C)(c1ccc(Oc2ccc(NC(=O)c3ccccc3)cc2)cc1)c1ccc(C(C)(C)c2ccc(Oc3ccc(NC(=O)c4ccc(Oc5ccc6ccc(O)cc6c5)cc4)cc3)cc2)cc1,N2,20,10,516
CC(C)(c1ccc(Oc2ccc(NC(=O)c3ccccc3)cc2)cc1)c1ccc(C(C)(C)c2ccc(Oc3ccc(NC(=O)c4ccc(Oc5ccc6ccc(O)cc6c5)cc4)cc3)cc2)cc1,air,20,10,519
CC(C)(c1ccc(O)cc1)c1ccc(Oc2c(F)c(F)c(C(=O)c3c(F)c(F)cc(F)c3F)c(F)c2F)cc1,N2,10,1,456
CC(C)(c1ccc(O)cc1)c1ccc(Oc2c(F)c(F)c(C(=O)c3c(F)c(F)cc(F)c3F)c(F)c2F)cc1,N2,10,5,487
CC(C)(c1ccc(O)cc1)c1ccc(Oc2c(F)c(F)c(C(=O)c3c(F)c(F)cc(F)c3F)c(F)c2F)cc1,air,20,5,425
O=C(c1c(F)c(F)cc(F)c1F)c1c(F)c(F)c(Oc2ccc(C3(c4ccc(O)cc4)c4ccccc4-c4ccccc43)cc2)c(F)c1F,air,20,5,436
O=C1OC(c2ccc(Oc3c(F)c(F)c(C(=O)c4c(F)c(F)c(Oc5ccccc5)c(F)c4F)c(F)c3F)cc2)c2ccccc21,air,20,5,359
CC(c1ccccc1)(c1ccc(O)cc1)c1ccc(Oc2c(F)c(F)c(C(=O)c3c(F)c(F)cc(F)c3F)c(F)c2F)cc1,air,20,5,442
CC(C)(c1ccccc1)c1ccc(Oc2c(F)c(F)c(-c3c(F)c(F)c(O)c(F)c3F)c(F)c2F)cc1,N2,10,5,537
O=C(Nc1ccccc1)c1ccc(C(=O)Nc2ccc(-c3nnco3)cc2)c(Oc2ccccc2)c1,air,10,5,385
O=C(Nc1ccccc1)c1ccc(C(=O)Nc2ccc(-c3nnco3)cc2)c(Oc2ccccc2)c1,air,10,10,425
O=C(Nc1ccc(Oc2ccccc2)cc1)c1ccc(C(=O)Nc2ccc(Oc3ccc(-c4nnco4)cc3)cc2)c(Oc2ccccc2)c1,air,10,5,375
O=C(Nc1ccc(Oc2ccccc2)cc1)c1ccc(C(=O)Nc2ccc(Oc3ccc(-c4nnco4)cc3)cc2)c(Oc2ccccc2)c1,air,10,10,415
O=C(Nc1ccc(Oc2ccccc2)cc1)c1ccc(C(=O)Nc2ccc(Oc3ccc(-c4nnco4)cc3)cc2)c(Oc2ccccc2)c1,air,10,35,500
O=C(Nc1cccc(Oc2ccccc2)c1)c1ccc(C(=O)Nc2cccc(Oc3ccc(-c4nnco4)cc3)c2)c(Oc2ccccc2)c1,air,10,5,380
O=C(Nc1cccc(Oc2ccccc2)c1)c1ccc(C(=O)Nc2cccc(Oc3ccc(-c4nnco4)cc3)c2)c(Oc2ccccc2)c1,air,10,10,420
O=C(Nc1ccc(-c2nnco2)cc1)c1ccccc1Oc1ccccc1,air,10,5,383
O=C(Nc1ccc(-c2nnco2)cc1)c1ccccc1Oc1ccccc1,air,10,10,410
O=C(c1ccc(Oc2ccccc2)cc1)c1ccc(Oc2ccc(C(=O)c3ccc(Oc4ccc(-c5ccn(-c6ccccc6)n5)cc4)cc3)cc2)cc1,air,5,10,504
O=C(c1ccc(Oc2ccccc2)cc1)c1cccc(C(=O)c2ccc(Oc3ccc(-c4ccn(-c5ccccc5)n4)cc3)cc2)c1,air,5,10,514
O=C(c1ccc(Oc2ccccc2)cc1)c1ccc(Oc2ccc(-c3ccn(-c4ccccc4)n3)cc2)cc1,air,5,10,505
O=C(c1ccc(Oc2ccccc2)cc1)c1ccc(C(=O)c2ccc(Oc3ccc(-c4ccn(-c5ccccc5)n4)cc3)cc2)cc1,air,5,10,508
O=S(=O)(c1ccc(Oc2ccccc2)cc1)c1ccc(Oc2ccc(-c3ccn(-c4ccccc4)n3)cc2)cc1,air,5,10,492
O=P(c1ccccc1)(c1ccc(Oc2ccccc2)cc1)c1ccc(Oc2ccc(-c3ccn(-c4ccccc4)n3)cc2)cc1,air,5,10,519
O=C(c1ccc(Oc2ccccc2)cc1)c1cccc(C(=O)c2ccc(Oc3ccc(-c4cc[nH]n4)cc3)cc2)c1,air,5,10,505
O=C(c1ccc(Oc2ccccc2)cc1)c1ccc(Oc2ccc(-c3cc[nH]n3)cc2)cc1,air,5,10,510
O=C(c1ccc(Oc2ccccc2)cc1)c1ccc(C(=O)c2ccc(Oc3ccc(-c4cc[nH]n4)cc3)cc2)cc1,air,5,10,488
O=S(=O)(c1ccc(Oc2ccccc2)cc1)c1ccc(Oc2ccc(-c3cc[nH]n3)cc2)cc1,air,5,10,485
O=P(c1ccccc1)(c1ccc(Oc2ccccc2)cc1)c1ccc(Oc2ccc(-c3cc[nH]n3)cc2)cc1,air,5,10,511
CC(COC(=O)c1ccc(OC(=O)c2ccc(C=O)cc2)cc1)OCC(C)OCC(C)OC(=O)c1ccc(O)cc1,N2,10,1,330
CC(COC(=O)c1ccc(OC(=O)c2ccc(C=O)cc2)cc1)OCC(C)OCC(C)OC(=O)c1ccc(O)cc1,N2,10,10,370
CC(C)c1cccc(C(=O)c2ccc(Oc3ccc(Oc4ccc(C(=O)c5ccc(Oc6ccc(O)cc6)c(C(C)C)c5)cc4)cc3)cc2)c1,air,10,10,440
CC(C)c1cccc(C(=O)c2ccc(Oc3ccc(Oc4ccc(C(=O)c5ccc(Oc6ccc(O)cc6)c(C(C)C)c5)cc4)cc3)cc2)c1,N2,10,10,470
O=C(c1ccc(Oc2ccccc2)cc1)c1ccc(Oc2ccc(C3OC(=O)c4ccccc43)cc2)cc1,N2,10,5,480
O=C(c1ccc(Oc2ccccc2)cc1)c1ccc(Oc2ccc(C3OC(=O)c4ccccc43)cc2)cc1,air,10,1,454
O=C(c1ccc(Oc2ccccc2)cc1)c1ccc(Oc2ccc(C3NC(=O)c4ccccc43)cc2)cc1,N2,10,5,447
O=C(c1ccccc1)c1ccc(Oc2ccc(C(c3ccc(O)cc3)c3ccccc3C(=O)O)cc2)cc1,N2,10,5,433
O=C(Nc1ccccc1)c1cc(C(=O)Nc2ccc(-c3nnco3)cc2)cc(N2C(=O)c3ccccc3C2=O)c1,air,10,5,400
O=C(Nc1ccccc1)c1cc(C(=O)Nc2ccc(-c3nnco3)cc2)cc(N2C(=O)c3ccccc3C2=O)c1,air,10,10,440
O=C(Nc1ccccc1)c1cc(C(=O)Nc2ccc(-c3nnco3)cc2)cc(N2C(=O)c3ccccc3C2=O)c1,air,10,25,500
O=C(Nc1ccc(Oc2ccccc2)cc1)c1cc(C(=O)Nc2ccc(Oc3ccc(-c4nnco4)cc3)cc2)cc(N2C(=O)c3ccccc3C2=O)c1,air,10,5,405
O=C(Nc1ccc(Oc2ccccc2)cc1)c1cc(C(=O)Nc2ccc(Oc3ccc(-c4nnco4)cc3)cc2)cc(N2C(=O)c3ccccc3C2=O)c1,air,10,10,430
O=C(Nc1ccc(Oc2ccccc2)cc1)c1cc(C(=O)Nc2ccc(Oc3ccc(-c4nnco4)cc3)cc2)cc(N2C(=O)c3ccccc3C2=O)c1,air,10,20,500
O=C(Nc1cccc(Oc2ccccc2)c1)c1cc(C(=O)Nc2cccc(Oc3ccc(-c4nnco4)cc3)c2)cc(N2C(=O)c3ccccc3C2=O)c1,air,10,5,407
O=C(Nc1cccc(Oc2ccccc2)c1)c1cc(C(=O)Nc2cccc(Oc3ccc(-c4nnco4)cc3)c2)cc(N2C(=O)c3ccccc3C2=O)c1,air,10,10,420
O=C(Nc1cccc(Oc2ccccc2)c1)c1cc(C(=O)Nc2cccc(Oc3ccc(-c4nnco4)cc3)c2)cc(N2C(=O)c3ccccc3C2=O)c1,air,10,25,500
O=C(Nc1ccccc1)c1cc(C(=O)Nc2ccc(-c3nnco3)cc2)cc(N2C(=O)c3c(Cl)c(Cl)c(Cl)c(Cl)c3C2=O)c1,air,10,5,390
O=C(Nc1ccccc1)c1cc(C(=O)Nc2ccc(-c3nnco3)cc2)cc(N2C(=O)c3c(Cl)c(Cl)c(Cl)c(Cl)c3C2=O)c1,air,10,10,410
O=C(Nc1ccc(Oc2ccccc2)cc1)c1cc(C(=O)Nc2ccc(Oc3ccc(-c4nnco4)cc3)cc2)cc(N2C(=O)c3c(Cl)c(Cl)c(Cl)c(Cl)c3C2=O)c1,air,10,5,400
O=C(Nc1ccc(Oc2ccccc2)cc1)c1cc(C(=O)Nc2ccc(Oc3ccc(-c4nnco4)cc3)cc2)cc(N2C(=O)c3c(Cl)c(Cl)c(Cl)c(Cl)c3C2=O)c1,air,10,10,420
O=C(Nc1ccc(Oc2ccccc2)cc1)c1cc(C(=O)Nc2ccc(Oc3ccc(-c4nnco4)cc3)cc2)cc(N2C(=O)c3c(Cl)c(Cl)c(Cl)c(Cl)c3C2=O)c1,air,10,25,500
O=C(Nc1cccc(Oc2ccccc2)c1)c1cc(C(=O)Nc2cccc(Oc3ccc(-c4nnco4)cc3)c2)cc(N2C(=O)c3c(Cl)c(Cl)c(Cl)c(Cl)c3C2=O)c1,air,10,5,400
O=C(Nc1cccc(Oc2ccccc2)c1)c1cc(C(=O)Nc2cccc(Oc3ccc(-c4nnco4)cc3)c2)cc(N2C(=O)c3c(Cl)c(Cl)c(Cl)c(Cl)c3C2=O)c1,air,10,10,415
O=C(Nc1ccc(-c2nnco2)cc1)c1cccc(N2C(=O)c3ccccc3C2=O)c1,air,10,5,410
O=C(Nc1ccc(-c2nnco2)cc1)c1cccc(N2C(=O)c3ccccc3C2=O)c1,air,10,10,430
O=C(Nc1ccc(-c2nnco2)cc1)c1cccc(N2C(=O)c3c(Cl)c(Cl)c(Cl)c(Cl)c3C2=O)c1,air,10,5,405
O=C(Nc1ccc(-c2nnco2)cc1)c1cccc(N2C(=O)c3c(Cl)c(Cl)c(Cl)c(Cl)c3C2=O)c1,air,10,10,420
CC(C)(c1ccc(O)cc1)c1ccc(Oc2ccc(C(=O)c3cccc4cccc(C(=O)c5ccccc5)c34)cc2)cc1,N2,20,5,526
CC(C)(c1ccc(O)cc1)c1ccc(Oc2ccc(C(=O)c3cccc4cccc(C(=O)c5ccccc5)c34)cc2)cc1,air,20,5,522
O=C1OC(c2ccc(Oc3ccc(S(=O)(=O)c4ccc(Oc5ccccc5)cc4)cc3)cc2)c2ccccc21,air,10,1,460
O=C(Nc1ccccc1)c1ccc(C(=O)Nc2ccc(Oc3ccc4cccc(O)c4c3)cc2)cc1,air,20,10,500
O=C(Nc1ccccc1)c1ccc(C(=O)Nc2ccc(Oc3ccc4cccc(O)c4c3)cc2)cc1,N2,20,10,507
O=C(Nc1ccccc1)c1cccc(C(=O)Nc2ccc(Oc3ccc4cccc(O)c4c3)cc2)c1,air,20,10,497
O=C(Nc1ccccc1)c1cccc(C(=O)Nc2ccc(Oc3ccc4cccc(O)c4c3)cc2)c1,N2,20,10,501
CC(C)(C)c1cc(C(=O)Nc2ccccc2)cc(C(=O)Nc2ccc(Oc3ccc4cccc(O)c4c3)cc2)c1,air,20,10,489
CC(C)(C)c1cc(C(=O)Nc2ccccc2)cc(C(=O)Nc2ccc(Oc3ccc4cccc(O)c4c3)cc2)c1,N2,20,10,499
O=C(Nc1ccccc1)c1ccc2cc(C(=O)Nc3ccc(Oc4ccc5cccc(O)c5c4)cc3)ccc2c1,air,20,10,484
O=C(Nc1ccccc1)c1ccc2cc(C(=O)Nc3ccc(Oc4ccc5cccc(O)c5c4)cc3)ccc2c1,N2,20,10,519
O=C(Nc1ccccc1)c1ccc(-c2ccc(C(=O)Nc3ccc(Oc4ccc5cccc(O)c5c4)cc3)cc2)cc1,air,20,10,493
O=C(Nc1ccccc1)c1ccc(-c2ccc(C(=O)Nc3ccc(Oc4ccc5cccc(O)c5c4)cc3)cc2)cc1,N2,20,10,542
O=C(Nc1ccccc1)c1ccc(Oc2ccc(C(=O)Nc3ccc(Oc4ccc5cccc(O)c5c4)cc3)cc2)cc1,air,20,10,504
O=C(Nc1ccccc1)c1ccc(Oc2ccc(C(=O)Nc3ccc(Oc4ccc5cccc(O)c5c4)cc3)cc2)cc1,N2,20,10,511
O=C(Nc1ccccc1)c1ccc(S(=O)(=O)c2ccc(C(=O)Nc3ccc(Oc4ccc5cccc(O)c5c4)cc3)cc2)cc1,air,20,10,496
O=C(Nc1ccccc1)c1ccc(S(=O)(=O)c2ccc(C(=O)Nc3ccc(Oc4ccc5cccc(O)c5c4)cc3)cc2)cc1,N2,20,10,501
CC(C)(c1ccc(C(=O)Nc2ccccc2)cc1)c1ccc(C(=O)Nc2ccc(Oc3ccc4cccc(O)c4c3)cc2)cc1,air,20,10,505
CC(C)(c1ccc(C(=O)Nc2ccccc2)cc1)c1ccc(C(=O)Nc2ccc(Oc3ccc4cccc(O)c4c3)cc2)cc1,N2,20,10,525
O=C(Nc1ccccc1)c1ccc(Oc2ccc(Oc3ccc(C(=O)Nc4ccc(Oc5ccc6cccc(O)c6c5)cc4)cc3)cc2)cc1,air,20,10,505
O=C(Nc1ccccc1)c1ccc(Oc2ccc(Oc3ccc(C(=O)Nc4ccc(Oc5ccc6cccc(O)c6c5)cc4)cc3)cc2)cc1,N2,20,10,509
O=C(Nc1ccccc1)c1ccc(Oc2cccc(Oc3ccc(C(=O)Nc4ccc(Oc5ccc6cccc(O)c6c5)cc4)cc3)c2)cc1,air,20,10,521
O=C(Nc1ccccc1)c1ccc(Oc2cccc(Oc3ccc(C(=O)Nc4ccc(Oc5ccc6cccc(O)c6c5)cc4)cc3)c2)cc1,N2,20,10,526
O=C(Nc1ccccc1)c1ccc(Oc2ccccc2Oc2ccc(C(=O)Nc3ccc(Oc4ccc5cccc(O)c5c4)cc3)cc2)cc1,air,20,10,508
O=C(Nc1ccccc1)c1ccc(Oc2ccccc2Oc2ccc(C(=O)Nc3ccc(Oc4ccc5cccc(O)c5c4)cc3)cc2)cc1,N2,20,10,511
O=C(Nc1ccccc1)c1ccc(Oc2ccc(S(=O)(=O)c3ccc(Oc4ccc(C(=O)Nc5ccc(Oc6ccc7cccc(O)c7c6)cc5)cc4)cc3)cc2)cc1,air,20,10,500
O=C(Nc1ccccc1)c1ccc(Oc2ccc(S(=O)(=O)c3ccc(Oc4ccc(C(=O)Nc5ccc(Oc6ccc7cccc(O)c7c6)cc5)cc4)cc3)cc2)cc1,N2,20,10,514
CC(c1ccccc1)(c1ccc(Oc2ccc(C(=O)Nc3ccccc3)cc2)cc1)c1ccc(Oc2ccc(C(=O)Nc3ccc(Oc4ccc5cccc(O)c5c4)cc3)cc2)cc1,air,20,10,516
CC(c1ccccc1)(c1ccc(Oc2ccc(C(=O)Nc3ccccc3)cc2)cc1)c1ccc(Oc2ccc(C(=O)Nc3ccc(Oc4ccc5cccc(O)c5c4)cc3)cc2)cc1,N2,20,10,520
O=C(Nc1ccccc1)c1ccc(C(=O)Nc2ccc(Oc3ccc(O)cc3)cc2)cc1,N2,20,10,485
O=C(Nc1ccccc1)c1ccc(C(=O)Nc2ccc(Oc3cccc(O)c3)cc2)cc1,N2,20,10,485
CC(C)(c1ccc(Oc2ccc(C(=O)Nc3ccccc3)cc2)cc1)c1cccc(C(C)(C)c2ccc(Oc3ccc(C(=O)Nc4ccc(Oc5ccc6cccc(O)c6c5)cc4)cc3)cc2)c1,air,20,10,524
CC(C)(c1ccc(Oc2ccc(C(=O)Nc3ccccc3)cc2)cc1)c1cccc(C(C)(C)c2ccc(Oc3ccc(C(=O)Nc4ccc(Oc5ccc6cccc(O)c6c5)cc4)cc3)cc2)c1,N2,20,10,511
O=C(c1ccccc1)c1cccc2cccc(C(=O)c3ccc(Oc4ccc(O)cc4)cc3)c12,N2,20,5,528
O=C(c1ccccc1)c1cccc2cccc(C(=O)c3ccc(Oc4ccc(O)cc4)cc3)c12,air,20,5,522
O=C(c1ccccc1)c1cccc2cccc(C(=O)c3ccc(Oc4ccc(C5(c6ccc(O)cc6)c6ccccc6-c6ccccc65)cc4)cc3)c12,N2,20,5,534
O=C(c1ccccc1)c1cccc2cccc(C(=O)c3ccc(Oc4ccc(C5(c6ccc(O)cc6)c6ccccc6-c6ccccc65)cc4)cc3)c12,air,20,5,529
O=C(c1ccccc1)c1cccc2cccc(C(=O)c3ccc(Oc4ccc(-c5ccc(O)cc5)cc4)cc3)c12,N2,20,5,537
O=C(c1ccccc1)c1cccc2cccc(C(=O)c3ccc(Oc4ccc(-c5ccc(O)cc5)cc4)cc3)c12,air,20,5,533
CC(C)(C)c1cc(Oc2ccc(C(=O)c3cccc4cccc(C(=O)c5ccccc5)c34)cc2)ccc1O,N2,20,5,476
CC(C)(C)c1cc(Oc2ccc(C(=O)c3cccc4cccc(C(=O)c5ccccc5)c34)cc2)ccc1O,air,20,5,478
CC(C)(c1ccc(Oc2ccc(C(=O)c3ccccc3)cc2)cc1)c1ccc(Oc2ccc(S(=O)(=O)c3ccc(O)cc3)cc2)cc1,N2,10,1,475
CC(C)(c1ccc(Oc2ccc(C(=O)c3ccccc3)cc2)cc1)c1ccc(Oc2ccc(S(=O)(=O)c3ccc(O)cc3)cc2)cc1,N2,10,10,525
O=C(c1ccccc1)c1ccc(Oc2ccc(S(=O)(=O)c3ccc(Oc4ccc(O)cc4)cc3)cc2)cc1,N2,10,1,505
O=C(c1ccccc1)c1ccc(Oc2ccc(S(=O)(=O)c3ccc(Oc4ccc(O)cc4)cc3)cc2)cc1,N2,10,10,562
O=C(c1ccccc1)c1ccc(Oc2ccc(S(=O)(=O)c3ccc(Oc4cccc(O)c4)cc3)cc2)cc1,N2,10,1,462
O=C(c1ccccc1)c1ccc(Oc2ccc(S(=O)(=O)c3ccc(Oc4cccc(O)c4)cc3)cc2)cc1,N2,10,10,527
O=C(c1ccccc1)c1ccc(Oc2ccc(-c3ccc(Oc4ccc(S(=O)(=O)c5ccc(O)cc5)cc4)cc3)cc2)cc1,N2,10,1,506
O=C(c1ccccc1)c1ccc(Oc2ccc(-c3ccc(Oc4ccc(S(=O)(=O)c5ccc(O)cc5)cc4)cc3)cc2)cc1,N2,10,10,558
O=C(c1ccccc1)c1ccc(Oc2ccc(S(=O)(=O)c3ccc(Oc4ccc5cc(O)ccc5c4)cc3)cc2)cc1,N2,10,1,500
O=C(c1ccccc1)c1ccc(Oc2ccc(S(=O)(=O)c3ccc(Oc4ccc5cc(O)ccc5c4)cc3)cc2)cc1,N2,10,10,545
CC(C)c1ccc2oc(-c3ccc(Oc4ccc(-c5nc6ccccc6o5)cc4)cc3)nc2c1,air,10,5,534
CC(C)c1ccc2oc(-c3ccc(Oc4ccc(-c5nc6ccccc6o5)cc4)cc3)nc2c1,N2,10,5,460
CC(c1ccccc1)c1ccc2oc(-c3ccc(Oc4ccc(-c5nc6ccccc6o5)cc4)cc3)nc2c1,air,10,5,547
CC(C)c1ccc2oc(-c3ccc(C(C)(c4ccccc4)c4ccc(-c5nc6ccccc6o5)cc4)cc3)nc2c1,air,10,5,529
CC(c1ccccc1)c1ccc2oc(-c3ccc(C(C)(c4ccccc4)c4ccc(-c5nc6ccccc6o5)cc4)cc3)nc2c1,air,10,5,514
CC(C)c1ccc2oc(-c3cccc(-c4nc5ccccc5o4)c3)nc2c1,air,10,5,512
CC(c1ccccc1)c1ccc2oc(-c3cccc(-c4nc5ccccc5o4)c3)nc2c1,air,10,5,524
CC(C)c1ccc2oc(-c3ccc(-c4nc5ccccc5o4)cc3)nc2c1,air,10,5,531
CC(C)c1ccc2oc(-c3ccc(-c4nc5ccccc5o4)cc3)nc2c1,N2,10,5,521
CC(c1ccccc1)c1ccc2oc(-c3ccc(-c4nc5ccccc5o4)cc3)nc2c1,air,10,5,536
CC(C)c1ccc2oc(-c3ccc(C(C)(C)c4ccc(-c5nc6ccccc6o5)cc4)cc3)nc2c1,air,10,5,531
CC(c1ccccc1)c1ccc2oc(-c3ccc(C(C)(C)c4ccc(-c5nc6ccccc6o5)cc4)cc3)nc2c1,air,10,5,520
CC(C)(c1ccc(O)cc1)c1ccc(Oc2ccc(C(=O)c3c(C(=O)c4ccccc4)c(-c4ccc(F)cc4)c(-c4ccc(F)cc4)c(-c4ccc(F)cc4)c3-c3ccc(F)cc3)cc2)cc1,N2,10,5,524
CC(C)(c1ccc(O)cc1)c1ccc(Oc2ccc(C(=O)c3c(C(=O)c4ccccc4)c(-c4ccc(F)cc4)c(-c4ccc(F)cc4)c(-c4ccc(F)cc4)c3-c3ccc(F)cc3)cc2)cc1,air,10,5,518
O=C(c1ccccc1)c1c(C(=O)c2ccc(Oc3ccc(-c4ccc(O)cc4)cc3)cc2)c(-c2ccc(F)cc2)c(-c2ccc(F)cc2)c(-c2ccc(F)cc2)c1-c1ccc(F)cc1,N2,10,5,548
O=C(c1ccccc1)c1c(C(=O)c2ccc(Oc3ccc(-c4ccc(O)cc4)cc3)cc2)c(-c2ccc(F)cc2)c(-c2ccc(F)cc2)c(-c2ccc(F)cc2)c1-c1ccc(F)cc1,air,10,5,535
O=C(c1ccc(O)cc1)c1ccc(Oc2ccc(C(=O)c3c(C(=O)c4ccccc4)c(-c4ccc(F)cc4)c(-c4ccc(F)cc4)c(-c4ccc(F)cc4)c3-c3ccc(F)cc3)cc2)cc1,N2,10,5,551
O=C(c1ccc(O)cc1)c1ccc(Oc2ccc(C(=O)c3c(C(=O)c4ccccc4)c(-c4ccc(F)cc4)c(-c4ccc(F)cc4)c(-c4ccc(F)cc4)c3-c3ccc(F)cc3)cc2)cc1,air,10,5,539
O=C(c1ccccc1)c1c(C(=O)c2ccc(Oc3ccc(C4(c5ccc(O)cc5)c5ccccc5-c5ccccc54)cc3)cc2)c(-c2ccc(F)cc2)c(-c2ccc(F)cc2)c(-c2ccc(F)cc2)c1-c1ccc(F)cc1,N2,10,5,547
O=C(c1ccccc1)c1c(C(=O)c2ccc(Oc3ccc(C4(c5ccc(O)cc5)c5ccccc5-c5ccccc54)cc3)cc2)c(-c2ccc(F)cc2)c(-c2ccc(F)cc2)c(-c2ccc(F)cc2)c1-c1ccc(F)cc1,air,10,5,520
O=C(c1ccccc1)c1c(C(=O)c2ccc(Oc3ccc(O)cc3)cc2)c(-c2ccc(F)cc2)c(-c2ccc(F)cc2)c(-c2ccc(F)cc2)c1-c1ccc(F)cc1,N2,10,5,545
O=C(c1ccccc1)c1c(C(=O)c2ccc(Oc3ccc(O)cc3)cc2)c(-c2ccc(F)cc2)c(-c2ccc(F)cc2)c(-c2ccc(F)cc2)c1-c1ccc(F)cc1,air,10,5,541
CC(C)(c1ccc(O)cc1)c1ccc(Oc2ccc(C(=O)c3c(C(=O)c4ccccc4)c(-c4ccccc4)c(-c4ccc5ccccc5c4)c(-c4ccc5ccccc5c4)c3-c3ccccc3)cc2)cc1,N2,10,5,535
CC(C)(c1ccc(O)cc1)c1ccc(Oc2ccc(C(=O)c3c(C(=O)c4ccccc4)c(-c4ccccc4)c(-c4ccc5ccccc5c4)c(-c4ccc5ccccc5c4)c3-c3ccccc3)cc2)cc1,air,10,5,529
O=C(c1ccccc1)c1c(C(=O)c2ccc(Oc3ccc(-c4ccc(O)cc4)cc3)cc2)c(-c2ccccc2)c(-c2ccc3ccccc3c2)c(-c2ccc3ccccc3c2)c1-c1ccccc1,N2,10,5,538
O=C(c1ccccc1)c1c(C(=O)c2ccc(Oc3ccc(-c4ccc(O)cc4)cc3)cc2)c(-c2ccccc2)c(-c2ccc3ccccc3c2)c(-c2ccc3ccccc3c2)c1-c1ccccc1,air,10,5,529
O=C(c1ccc(O)cc1)c1ccc(Oc2ccc(C(=O)c3c(C(=O)c4ccccc4)c(-c4ccccc4)c(-c4ccc5ccccc5c4)c(-c4ccc5ccccc5c4)c3-c3ccccc3)cc2)cc1,N2,10,5,530
O=C(c1ccc(O)cc1)c1ccc(Oc2ccc(C(=O)c3c(C(=O)c4ccccc4)c(-c4ccccc4)c(-c4ccc5ccccc5c4)c(-c4ccc5ccccc5c4)c3-c3ccccc3)cc2)cc1,air,10,5,515
O=C(c1ccccc1)c1c(C(=O)c2ccc(Oc3ccc(C4(c5ccc(O)cc5)c5ccccc5-c5ccccc54)cc3)cc2)c(-c2ccccc2)c(-c2ccc3ccccc3c2)c(-c2ccc3ccccc3c2)c1-c1ccccc1,N2,10,5,546
O=C(c1ccccc1)c1c(C(=O)c2ccc(Oc3ccc(C4(c5ccc(O)cc5)c5ccccc5-c5ccccc54)cc3)cc2)c(-c2ccccc2)c(-c2ccc3ccccc3c2)c(-c2ccc3ccccc3c2)c1-c1ccccc1,air,10,5,535
CC(C)(c1ccc(Oc2ccccc2)cc1)c1ccc(Oc2ccc(-c3nncc4c(-c5ccc(F)cc5)c(-c5ccc(F)cc5)c(-c5ccc(F)cc5)c(-c5ccc(F)cc5)c34)cc2)cc1,N2,10,5,536
CC(C)(c1ccc(Oc2ccccc2)cc1)c1ccc(Oc2ccc(-c3nncc4c(-c5ccc(F)cc5)c(-c5ccc(F)cc5)c(-c5ccc(F)cc5)c(-c5ccc(F)cc5)c34)cc2)cc1,air,10,5,518
Fc1ccc(-c2c(-c3ccc(F)cc3)c(-c3ccc(F)cc3)c3c(-c4ccc(Oc5ccc(-c6ccc(Oc7ccccc7)cc6)cc5)cc4)nncc3c2-c2ccc(F)cc2)cc1,N2,10,5,548
Fc1ccc(-c2c(-c3ccc(F)cc3)c(-c3ccc(F)cc3)c3c(-c4ccc(Oc5ccc(-c6ccc(Oc7ccccc7)cc6)cc5)cc4)nncc3c2-c2ccc(F)cc2)cc1,air,10,5,539
O=C(c1ccc(Oc2ccccc2)cc1)c1ccc(Oc2ccc(-c3nncc4c(-c5ccc(F)cc5)c(-c5ccc(F)cc5)c(-c5ccc(F)cc5)c(-c5ccc(F)cc5)c34)cc2)cc1,N2,10,5,537
O=C(c1ccc(Oc2ccccc2)cc1)c1ccc(Oc2ccc(-c3nncc4c(-c5ccc(F)cc5)c(-c5ccc(F)cc5)c(-c5ccc(F)cc5)c(-c5ccc(F)cc5)c34)cc2)cc1,air,10,5,530
Fc1ccc(-c2c(-c3ccc(F)cc3)c(-c3ccc(F)cc3)c3c(-c4ccc(Oc5ccc(C6(c7ccc(Oc8ccccc8)cc7)c7ccccc7-c7ccccc76)cc5)cc4)nncc3c2-c2ccc(F)cc2)cc1,N2,10,5,538
Fc1ccc(-c2c(-c3ccc(F)cc3)c(-c3ccc(F)cc3)c3c(-c4ccc(Oc5ccc(C6(c7ccc(Oc8ccccc8)cc7)c7ccccc7-c7ccccc76)cc5)cc4)nncc3c2-c2ccc(F)cc2)cc1,air,10,5,523
Fc1ccc(-c2c(-c3ccc(F)cc3)c(-c3ccc(F)cc3)c3c(-c4ccc(Oc5ccc(Oc6ccccc6)cc5)cc4)nncc3c2-c2ccc(F)cc2)cc1,N2,10,5,553
Fc1ccc(-c2c(-c3ccc(F)cc3)c(-c3ccc(F)cc3)c3c(-c4ccc(Oc5ccc(Oc6ccccc6)cc5)cc4)nncc3c2-c2ccc(F)cc2)cc1,air,10,5,536
CC(C)(c1ccc(Oc2ccccc2)cc1)c1ccc(Oc2ccc(-c3nncc4c(-c5ccccc5)c(-c5ccc6ccccc6c5)c(-c5ccc6ccccc6c5)c(-c5ccccc5)c34)cc2)cc1,N2,10,5,543
CC(C)(c1ccc(Oc2ccccc2)cc1)c1ccc(Oc2ccc(-c3nncc4c(-c5ccccc5)c(-c5ccc6ccccc6c5)c(-c5ccc6ccccc6c5)c(-c5ccccc5)c34)cc2)cc1,air,10,5,530
c1ccc(Oc2ccc(-c3ccc(Oc4ccc(-c5nncc6c(-c7ccccc7)c(-c7ccc8ccccc8c7)c(-c7ccc8ccccc8c7)c(-c7ccccc7)c56)cc4)cc3)cc2)cc1,N2,10,5,552
c1ccc(Oc2ccc(-c3ccc(Oc4ccc(-c5nncc6c(-c7ccccc7)c(-c7ccc8ccccc8c7)c(-c7ccc8ccccc8c7)c(-c7ccccc7)c56)cc4)cc3)cc2)cc1,air,10,5,528
O=C(c1ccc(Oc2ccccc2)cc1)c1ccc(Oc2ccc(-c3nncc4c(-c5ccccc5)c(-c5ccc6ccccc6c5)c(-c5ccc6ccccc6c5)c(-c5ccccc5)c34)cc2)cc1,N2,10,5,558
O=C(c1ccc(Oc2ccccc2)cc1)c1ccc(Oc2ccc(-c3nncc4c(-c5ccccc5)c(-c5ccc6ccccc6c5)c(-c5ccc6ccccc6c5)c(-c5ccccc5)c34)cc2)cc1,air,10,5,546
c1ccc(Oc2ccc(C3(c4ccc(Oc5ccc(-c6nncc7c(-c8ccccc8)c(-c8ccc9ccccc9c8)c(-c8ccc9ccccc9c8)c(-c8ccccc8)c67)cc5)cc4)c4ccccc4-c4ccccc43)cc2)cc1,N2,10,5,554
c1ccc(Oc2ccc(C3(c4ccc(Oc5ccc(-c6nncc7c(-c8ccccc8)c(-c8ccc9ccccc9c8)c(-c8ccc9ccccc9c8)c(-c8ccccc8)c67)cc5)cc4)c4ccccc4-c4ccccc43)cc2)cc1,air,10,5,542
O=C(O)c1ccc(C(=O)OC2COC3CCOC32)o1,air,10,1,340
O=C(O)c1ccc(C(=O)OC2COC3CCOC32)o1,N2,10,1,350
Cc1cc(O)c(C(C)C)cc1C(c1cc(C(C)C)c(Oc2ccc(C(=O)c3ccccc3)cc2)cc1C)c1ccccc1C(=O)O,N2,10,5,402
O=C(Nc1ccc(NC(=O)c2ccc(Oc3ccc(C(=O)c4ccc(S(=O)(=O)c5ccc(C(=O)c6ccccc6)cc5)cc4)cc3)cc2)cc1)c1ccc(O)cc1,N2,10,10,461
O=C(Nc1ccc(NC(=O)c2ccc(Oc3ccc(C(=O)c4ccc(S(=O)(=O)c5ccc(C(=O)c6ccccc6)cc5)cc4)cc3)cc2)cc1)c1ccc(O)cc1,air,10,10,455
O=C(Nc1cccc(NC(=O)c2ccc(Oc3ccc(C(=O)c4ccc(S(=O)(=O)c5ccc(C(=O)c6ccccc6)cc5)cc4)cc3)cc2)c1)c1ccc(O)cc1,N2,10,10,477
O=C(Nc1cccc(NC(=O)c2ccc(Oc3ccc(C(=O)c4ccc(S(=O)(=O)c5ccc(C(=O)c6ccccc6)cc5)cc4)cc3)cc2)c1)c1ccc(O)cc1,air,10,10,450
O=C(Nc1ccccc1)c1ccc(Oc2ccc(C(=O)c3ccc(S(=O)(=O)c4ccc(C(=O)c5ccc(Oc6ccc(C(=O)Nc7ccc(O)cc7)cc6)cc5)cc4)cc3)cc2)cc1,N2,10,10,500
O=C(Nc1ccccc1)c1ccc(Oc2ccc(C(=O)c3ccc(S(=O)(=O)c4ccc(C(=O)c5ccc(Oc6ccc(C(=O)Nc7ccc(O)cc7)cc6)cc5)cc4)cc3)cc2)cc1,air,10,10,465
O=C(Nc1ccc(Sc2ccc(C(=O)c3ccc(Oc4ccc(C(=O)c5ccc(S(=O)(=O)c6ccc(C(=O)c7ccccc7)cc6)cc5)cc4)cc3)cc2)cc1)c1ccc(O)cc1,N2,10,10,497
O=C(Nc1ccc(Sc2ccc(C(=O)c3ccc(Oc4ccc(C(=O)c5ccc(S(=O)(=O)c6ccc(C(=O)c7ccccc7)cc6)cc5)cc4)cc3)cc2)cc1)c1ccc(O)cc1,air,10,10,440
O=C(Nc1cccc2c(NC(=O)c3ccc(Oc4ccc(C(=O)c5ccc(S(=O)(=O)c6ccc(C(=O)c7ccccc7)cc6)cc5)cc4)cc3)cccc12)c1ccc(O)cc1,N2,10,10,500
O=C(Nc1cccc2c(NC(=O)c3ccc(Oc4ccc(C(=O)c5ccc(S(=O)(=O)c6ccc(C(=O)c7ccccc7)cc6)cc5)cc4)cc3)cccc12)c1ccc(O)cc1,air,10,10,470
O=C(Nc1ccc(NC(=O)c2ccc(Oc3ccc(O)cc3)cc2)cc1)c1ccccc1,N2,20,10,489
O=C(Nc1ccc(NC(=O)c2ccc(Oc3ccc(O)cc3)cc2)cc1)c1ccccc1,air,20,10,461
O=C(Nc1ccc(Oc2ccc(NC(=O)c3ccc(Oc4ccc(O)cc4)cc3)cc2)cc1)c1ccccc1,N2,20,10,490
O=C(Nc1ccc(Oc2ccc(NC(=O)c3ccc(Oc4ccc(O)cc4)cc3)cc2)cc1)c1ccccc1,air,20,10,468
O=C(Nc1ccc(Oc2ccc(-c3ccc(Oc4ccc(NC(=O)c5ccc(Oc6ccc(O)cc6)cc5)cc4)cc3)cc2)cc1)c1ccccc1,N2,20,10,503
O=C(Nc1ccc(Oc2ccc(-c3ccc(Oc4ccc(NC(=O)c5ccc(Oc6ccc(O)cc6)cc5)cc4)cc3)cc2)cc1)c1ccccc1,air,20,10,492
Cc1cc(Oc2ccc(C(=O)Nc3ccc(NC(=O)c4ccccc4)cc3)cc2)ccc1O,N2,20,10,474
Cc1cc(Oc2ccc(C(=O)Nc3ccc(NC(=O)c4ccccc4)cc3)cc2)ccc1O,air,20,10,476
Cc1cc(Oc2ccc(C(=O)Nc3ccc(Oc4ccc(NC(=O)c5ccccc5)cc4)cc3)cc2)ccc1O,N2,20,10,468
Cc1cc(Oc2ccc(C(=O)Nc3ccc(Oc4ccc(NC(=O)c5ccccc5)cc4)cc3)cc2)ccc1O,air,20,10,477
Cc1cc(Oc2ccc(C(=O)Nc3ccc(Cc4ccc(NC(=O)c5ccccc5)cc4)cc3)cc2)ccc1O,N2,20,10,475
Cc1cc(Oc2ccc(C(=O)Nc3ccc(Cc4ccc(NC(=O)c5ccccc5)cc4)cc3)cc2)ccc1O,air,20,10,489
O=C(Nc1ccc(NC(=O)c2ccc(Oc3ccc(O)c(-c4ccccc4)c3)cc2)cc1)c1ccccc1,N2,20,10,511
O=C(Nc1ccc(NC(=O)c2ccc(Oc3ccc(O)c(-c4ccccc4)c3)cc2)cc1)c1ccccc1,air,20,10,491
CC(C)(c1ccccc1)c1ccc(Oc2ccc(NC(=O)c3ccccc3-c3ccccc3C(=O)Nc3ccc(O)cc3)cc2)cc1,N2,10,10,467
CC(C)(c1ccccc1)c1ccc(Oc2ccc(NC(=O)c3ccc4cc(C(=O)Nc5ccc(O)cc5)ccc4c3)cc2)cc1,N2,10,10,512
O=C(c1ccccc1)c1ccc(-c2ccc(C(=O)c3ccc(O)cc3)cc2)cc1,air,10,10,520
O=C(c1ccccc1)c1ccc(-c2ccc(C(=O)c3ccc(O)cc3)cc2)cc1,N2,10,10,530
CC(O)CS(C)(=O)=O,N2,50,0,308
CC(O)CS(C)(=O)=O,N2,50,50,333
CCS(=O)(=O)CC(C)O,N2,50,0,309
CCS(=O)(=O)CC(C)O,N2,50,50,330
CCCS(=O)(=O)CC(C)O,N2,50,0,305
CCCS(=O)(=O)CC(C)O,N2,50,50,331
CC(O)CS(=O)(=O)C(C)C,N2,50,0,326
CC(O)CS(=O)(=O)C(C)C,N2,50,50,342
CCCCS(=O)(=O)CC(C)O,N2,50,0,310
CCCCS(=O)(=O)CC(C)O,N2,50,50,337
CCCCCS(=O)(=O)CC(C)O,N2,50,0,320
CCCCCS(=O)(=O)CC(C)O,N2,50,50,335
CC(CO)(CS(C)(=O)=O)CS(C)(=O)=O,N2,50,0,312
CC(CO)(CS(C)(=O)=O)CS(C)(=O)=O,N2,50,50,348
CC(C)(c1ccccc1)c1ccc(Oc2ccc(S(=O)(=O)c3ccc(O)cc3N)c(N)c2)cc1,N2,10,0,430
Nc1cc(O)ccc1S(=O)(=O)c1ccc(Oc2ccc(-c3ccccc3)cc2)cc1N,N2,10,0,436
CC(C)(c1ccccc1)c1ccc(Oc2ccc(S(=O)(=O)c3ccc(O)cc3N)cc2)cc1,N2,10,0,460
CC(C)(c1cccc(N)c1)c1ccc(Oc2ccc(S(=O)(=O)c3ccc(O)cc3)cc2)c(N)c1,N2,10,0,370
CC(C)(c1cccc(N)c1)c1ccc(Oc2ccc(S(=O)(=O)c3ccc(O)cc3N)cc2)c(N)c1,N2,10,0,367
CC(C)(c1ccccc1)c1ccc(Oc2ccc(P(C)(=O)c3ccc(O)cc3)cc2)cc1,air,10,5,530
CP(=O)(c1ccc(Oc2ccccc2)cc1)c1ccc(Oc2ccc(C3OC(=O)c4ccccc43)cc2)cc1,air,10,5,477
CC(c1ccccc1)(c1ccccc1)c1ccc(Oc2ccc(P(C)(=O)c3ccc(O)cc3)cc2)cc1,air,10,5,505
CC(C)(c1ccc(C(=O)Nc2ccccc2)cc1)c1ccc(C(=O)Nc2ccc(O)cc2)cc1,air,10,10,437.5
CC(C)(c1ccc(C(=O)Nc2ccccc2)cc1)c1ccc(C(=O)Nc2cccc(O)c2)cc1,air,10,10,437.5
CC(C)(c1ccc(C(=O)Nc2ccccc2)cc1)c1ccc(C(=O)Nc2ccc(Oc3ccc(O)cc3)cc2)cc1,air,10,10,437.5
CC(C)(c1ccc(C(=O)Nc2ccccc2)cc1)c1ccc(C(=O)Nc2ccc(Oc3cccc(O)c3)cc2)cc1,air,10,10,437.5
CC(C)(c1ccc(C(=O)Nc2ccccc2)cc1)c1ccc(C(=O)Nc2ccc(Oc3ccc(S(=O)(=O)c4ccc(O)cc4)cc3)cc2)cc1,air,10,10,437.5
CC(C)(c1ccccc1)c1ccc(Oc2ccc(NC(=O)c3ccc(C(C)(C)c4ccc(C(=O)Nc5ccc(O)cc5)cc4)cc3)cc2)cc1,air,10,10,437.5
CC(C)(c1ccc(C(=O)Nc2ccc(O)cc2)cc1)c1ccc(C(=O)Nc2ccc(Oc3ccc(-c4ccccc4)cc3)cc2)cc1,air,10,10,437.5
CP(=O)(c1ccccc1)c1ccc(Oc2ccc(O)cc2)cc1,air,10,5,515
CP(=O)(c1ccccc1)c1ccc(Oc2ccc(S(=O)(=O)c3ccc(O)cc3)cc2)cc1,air,10,5,514
O=P(c1ccccc1)(c1ccccc1)c1ccc(Oc2ccc(S(=O)(=O)c3ccc(O)cc3)cc2)cc1,air,10,5,596
CC(C)(c1ccccc1)c1ccc(Oc2ccc(P(=O)(c3ccccc3)c3ccc(O)cc3)cc2)cc1,air,10,10,530
CC(C)(c1ccccc1)c1ccc(-c2nc3ccc(-c4ccc5ncoc5c4)cc3o2)cc1,air,10,5,534
CC(c1ccccc1)(c1ccccc1)c1ccc(-c2nc3ccc(-c4ccc5ncoc5c4)cc3o2)cc1,air,10,5,509
CC(C)c1ccc2oc(-c3ccc4cc(-c5nc6ccccc6o5)ccc4c3)nc2c1,N2,10,5,520
CC(C)c1ccc2oc(-c3ccc4oc5ccc(-c6nc7ccccc7o6)cc5c4c3)nc2c1,N2,10,5,485
CC(C)c1ccc2oc(-c3ccc(-c4ccc(-c5nc6ccccc6o5)cc4)cc3)nc2c1,N2,10,5,500
c1ccc(Oc2ccc(-c3nc4ccc(-c5ccc6ncoc6c5)cc4o3)cc2)cc1,N2,10,5,540
CC(C)c1ccc2oc(-c3ccc(S(=O)(=O)c4ccc(-c5nc6ccccc6o5)cc4)cc3)nc2c1,N2,10,5,450
C=Nc1cccc(S(=O)(=O)c2cccc(/N=C3/OC(=O)c4ccc(Oc5ccc6c(c5)C(=O)OC6=C)cc43)c2)c1,N2,10,0,260
C=Nc1cccc(S(=O)(=O)c2cccc(/N=C3/OC(=O)c4ccc(Oc5ccc6c(c5)C(=O)OC6=C)cc43)c2)c1,N2,10,10,550
CC(C)(c1ccc(O)cc1)c1ccc(Oc2ccc(C(=O)C(=O)c3ccccc3)cc2)cc1,N2,10,5,548
CC(C)(c1ccc(Oc2ccccc2)cc1)c1ccc(Oc2ccc(-c3cnnc(-c4ccccn4)n3)cc2)cc1,N2,10,5,445
CC(c1ccccc1)(c1ccc(Oc2ccccc2)cc1)c1ccc(Oc2ccc(-c3cnnc(-c4ccccn4)n3)cc2)cc1,N2,10,5,447
CC(c1ccccc1)(c1ccc(O)cc1)c1ccc(Oc2ccc(C(=O)C(=O)c3ccccc3)cc2)cc1,N2,10,5,498
O=C(C(=O)c1ccc(Oc2ccc(C3(c4ccc(O)cc4)c4ccccc4-c4ccccc43)cc2)cc1)c1ccccc1,N2,10,5,521
c1ccc(Oc2ccc(C3(c4ccc(Oc5ccc(-c6cnnc(-c7ccccn7)n6)cc5)cc4)c4ccccc4-c4ccccc43)cc2)cc1,N2,10,5,443
O=C(c1ccc(Oc2ccccc2)cc1)c1ccc(Oc2ccc(-c3cnnc(-c4ccccn4)n3)cc2)cc1,N2,10,5,420
O=C(c1ccc(Oc2ccccc2)cc1)c1ccc(Oc2ccc(-c3cnnc(-c4ccccn4)n3)cc2)cc1,N2,10,10,445
O=C(c1ccc(Oc2ccccc2)cc1)c1cccc(C(=O)c2ccc(Oc3ccc(-c4cnnc(-c5ccccn5)n4)cc3)cc2)c1,N2,10,5,425
O=C(c1ccc(Oc2ccccc2)cc1)c1cccc(C(=O)c2ccc(Oc3ccc(-c4cnnc(-c5ccccn5)n4)cc3)cc2)c1,N2,10,10,455
O=C(Nc1ccccc1)c1ccc(OC(=O)c2ccc(C(=O)Oc3ccc(C(=O)Nc4ccc(O)cc4)cc3)cc2)cc1,air,20,1,408
O=C(Nc1ccccc1)c1ccc(OC(=O)c2cccc(C(=O)Oc3ccc(C(=O)Nc4ccc(O)cc4)cc3)c2)cc1,air,20,1,406
CC(C)(c1ccc(Oc2cccs2)cc1)c1ccc(Oc2ccc(C=O)s2)cc1,N2,10,5,419
CC(C)(c1ccc(Oc2cccs2)cc1)c1ccc(Oc2ccc(C=O)s2)cc1,air,10,5,430
CC(C)(c1ccc(Oc2ccc(C=O)cc2)cc1)c1ccc(Oc2cccs2)cc1,N2,5,1,500
CC(C)(c1ccc(Oc2ccc(C=O)cc2)cc1)c1ccc(Oc2cccs2)cc1,air,10,1,400
O=Cc1ccc(Oc2ccc(C3(c4ccc(Oc5cccs5)cc4)c4ccccc4-c4ccccc43)cc2)cc1,N2,5,1,435
Cc1cc(C)cc(C(C)(C)c2cc(C)c(Oc3ccc(S(=O)(=O)c4ccc(O)cc4)cc3)c(C)c2)c1,N2,10,1,424.4
C=C(c1ccccc1)c1ccc(Oc2ccc(S(=O)(=O)c3ccc(O)cc3)cc2)cc1,N2,10,5,488
C=C(c1ccccc1)c1ccc(Oc2ccc(S(=O)(=O)c3ccc(O)cc3)cc2)cc1,air,10,5,483
O=S(=O)(c1ccc(O)cc1)c1ccc(Oc2ccc(/C=C/c3ccccc3)cc2)cc1,N2,10,5,500
O=S(=O)(c1ccc(O)cc1)c1ccc(Oc2ccc(/C=C/c3ccccc3)cc2)cc1,air,10,5,450
N#CC(C#N)=C(Nc1ccccc1)c1ccc(-c2ccc(C(Nc3ccc(O)cc3)=C(C#N)C#N)cc2)cc1,N2,10,10,600
N#CC(C#N)=C(Nc1ccccc1)c1ccc(-c2ccc(C(Nc3ccc(O)cc3)=C(C#N)C#N)cc2)cc1,air,10,10,530
N#CC(C#N)=C(Nc1ccccc1)c1ccc(-c2ccc(C(Nc3ccc(Oc4ccc(O)cc4)cc3)=C(C#N)C#N)cc2)cc1,N2,10,10,520
N#CC(C#N)=C(Nc1ccccc1)c1ccc(-c2ccc(C(Nc3ccc(Oc4ccc(O)cc4)cc3)=C(C#N)C#N)cc2)cc1,air,10,10,500
N#CC(C#N)=C(Nc1ccccc1)c1ccc(-c2ccc(-c3ccc(C(Nc4ccc(O)cc4)=C(C#N)C#N)cc3)cc2)cc1,N2,10,10,640
N#CC(C#N)=C(Nc1ccccc1)c1ccc(-c2ccc(-c3ccc(C(Nc4ccc(O)cc4)=C(C#N)C#N)cc3)cc2)cc1,air,10,10,570
N#CC(C#N)=C(Nc1ccccc1)c1ccc(-c2ccc(-c3ccc(C(Nc4ccc(Oc5ccc(O)cc5)cc4)=C(C#N)C#N)cc3)cc2)cc1,N2,10,10,550
N#CC(C#N)=C(Nc1ccccc1)c1ccc(-c2ccc(-c3ccc(C(Nc4ccc(Oc5ccc(O)cc5)cc4)=C(C#N)C#N)cc3)cc2)cc1,air,10,10,545
O=C1/C(=C/c2ccccc2)CC/C1=C\c1ccc(OP(=O)(O)Oc2ccccc2)cc1,air,7,30,367
O=C1/C(=C/c2ccccc2)CCC/C1=C\c1ccc(OP(=O)(O)Oc2ccccc2)cc1,air,7,30,316
O=C1/C(=C/c2ccccc2)CCCC/C1=C\c1ccc(OP(=O)(O)Oc2ccccc2)cc1,air,7,30,328
COc1cccc(/C=C2\CC/C(=C\c3ccc(OP(=O)(O)Oc4ccccc4)c(OC)c3)C2=O)c1,air,7,30,360
COc1cccc(/C=C2\CCC/C(=C\c3ccc(OP(=O)(O)Oc4ccccc4)c(OC)c3)C2=O)c1,air,7,30,328
COc1ccc(/C=C2\CC/C(=C\c3ccc(OCc4nnc(-c5ccc(-c6ccc(-c7nnco7)cc6)cc5)o4)cc3)C2=O)cc1,air,10,10,430
COc1ccc(/C=C2\CC/C(=C\c3ccc(OCc4nnc(-c5ccc(-c6nnco6)cc5)o4)cc3)C2=O)cc1,air,10,10,445
COc1ccc(/C=C2\CC/C(=C\c3ccc(OCc4nnc(-c5ccc(-c6ccc(-c7nncn7-c7ccccc7)cc6)cc5)n4-c4ccccc4)cc3)C2=O)cc1,air,10,10,375
COc1ccc(/C=C2\CC/C(=C\c3ccc(OCc4nnc(-c5ccc(-c6ccc(-c7nncn7C7CCCCC7)cc6)cc5)n4C4CCCCC4)cc3)C2=O)cc1,air,10,10,385
COc1ccc(/C=C2\CC/C(=C\c3ccc(OCc4nnc(-c5ccc(-c6ccc(-c7nncn7-c7cccnc7)cc6)cc5)n4-c4cccnc4)cc3)C2=O)cc1,air,10,10,390
COc1ccc(/C=C2\CC/C(=C\c3ccc(OCc4nnc(-c5ccc(-c6nncn6-c6ccccc6)cc5)n4-c4ccccc4)cc3)C2=O)cc1,air,10,10,400
COc1ccc(/C=C2\CC/C(=C\c3ccc(OCc4nnc(-c5ccc(-c6nncn6C6CCCCC6)cc5)n4C4CCCCC4)cc3)C2=O)cc1,air,10,10,415
COc1ccc(/C=C2\CC/C(=C\c3ccc(OCc4nnc(-c5ccc(-c6nncn6-c6cccnc6)cc5)n4-c4cccnc4)cc3)C2=O)cc1,air,10,10,425
C=C(C)COCC(=C)COC(=O)O,N2,10,10,297
CC(O)CN1C(=O)C2C3C=CC(C3)C2C1=O,N2,10,20,287
CC(O)COC(=O)CCCCCN1C(=O)C2C3C=CC(C3)C2C1=O,N2,10,35,310
CC(O)COC(=O)CCCCCCCCCCN1C(=O)C2C3C=CC(C3)C2C1=O,N2,10,40,292
O=P(c1ccccc1)(c1ccc(Oc2ccccc2)cc1)c1ccc(Oc2ccc(-c3c[nH]c(-c4ccccc4)n3)cc2)cc1,air,5,0,300
O=P(c1ccccc1)(c1ccc(Oc2ccccc2)cc1)c1ccc(Oc2ccc(-c3c[nH]c(-c4ccccc4)n3)cc2)cc1,air,5,5,400
O=P(c1ccccc1)(c1ccc(Oc2ccccc2)cc1)c1ccc(Oc2ccc(-c3c[nH]c(-c4ccccc4)n3)cc2)cc1,N2,5,0,300
O=P(c1ccccc1)(c1ccc(Oc2ccccc2)cc1)c1ccc(Oc2ccc(-c3c[nH]c(-c4ccccc4)n3)cc2)cc1,N2,5,5,500
O=S(=O)(c1ccc(Oc2ccccc2)cc1)c1ccc(Oc2ccc(-c3c[nH]c(-c4ccccc4)n3)cc2)cc1,air,5,0,300
O=S(=O)(c1ccc(Oc2ccccc2)cc1)c1ccc(Oc2ccc(-c3c[nH]c(-c4ccccc4)n3)cc2)cc1,air,5,5,400
O=S(=O)(c1ccc(Oc2ccccc2)cc1)c1ccc(Oc2ccc(-c3c[nH]c(-c4ccccc4)n3)cc2)cc1,N2,5,0,300
O=S(=O)(c1ccc(Oc2ccccc2)cc1)c1ccc(Oc2ccc(-c3c[nH]c(-c4ccccc4)n3)cc2)cc1,N2,5,5,500
O=C(c1ccc(Oc2ccccc2)cc1)c1ccc(Oc2ccc(-c3c[nH]c(-c4ccccc4)n3)cc2)cc1,air,5,0,300
O=C(c1ccc(Oc2ccccc2)cc1)c1ccc(Oc2ccc(-c3c[nH]c(-c4ccccc4)n3)cc2)cc1,air,5,5,400
O=C(c1ccc(Oc2ccccc2)cc1)c1ccc(Oc2ccc(-c3c[nH]c(-c4ccccc4)n3)cc2)cc1,N2,5,0,300
O=C(c1ccc(Oc2ccccc2)cc1)c1ccc(Oc2ccc(-c3c[nH]c(-c4ccccc4)n3)cc2)cc1,N2,5,5,500
O=C(c1ccc(Oc2ccccc2)cc1)c1ccc(C(=O)c2ccc(Oc3ccc(-c4c[nH]c(-c5ccccc5)n4)cc3)cc2)cc1,air,5,0,300
O=C(c1ccc(Oc2ccccc2)cc1)c1ccc(C(=O)c2ccc(Oc3ccc(-c4c[nH]c(-c5ccccc5)n4)cc3)cc2)cc1,air,5,5,400
O=C(c1ccc(Oc2ccccc2)cc1)c1ccc(C(=O)c2ccc(Oc3ccc(-c4c[nH]c(-c5ccccc5)n4)cc3)cc2)cc1,N2,5,0,300
O=C(c1ccc(Oc2ccccc2)cc1)c1ccc(C(=O)c2ccc(Oc3ccc(-c4c[nH]c(-c5ccccc5)n4)cc3)cc2)cc1,N2,5,5,500
O=C(c1ccc(Oc2ccccc2)cc1)c1cccc(C(=O)c2ccc(Oc3ccc(-c4c[nH]c(-c5ccccc5)n4)cc3)cc2)c1,air,5,0,300
O=C(c1ccc(Oc2ccccc2)cc1)c1cccc(C(=O)c2ccc(Oc3ccc(-c4c[nH]c(-c5ccccc5)n4)cc3)cc2)c1,air,5,5,400
O=C(c1ccc(Oc2ccccc2)cc1)c1cccc(C(=O)c2ccc(Oc3ccc(-c4c[nH]c(-c5ccccc5)n4)cc3)cc2)c1,N2,5,0,300
O=C(c1ccc(Oc2ccccc2)cc1)c1cccc(C(=O)c2ccc(Oc3ccc(-c4c[nH]c(-c5ccccc5)n4)cc3)cc2)c1,N2,5,5,500
O=C(c1ccc(Oc2ccccc2)cc1)c1ccc(-c2ccc(C(=O)c3ccc(Oc4ccc(-c5c[nH]c(-c6ccccc6)n5)cc4)cc3)cc2)cc1,air,5,0,300
O=C(c1ccc(Oc2ccccc2)cc1)c1ccc(-c2ccc(C(=O)c3ccc(Oc4ccc(-c5c[nH]c(-c6ccccc6)n5)cc4)cc3)cc2)cc1,air,5,5,400
O=C(c1ccc(Oc2ccccc2)cc1)c1ccc(-c2ccc(C(=O)c3ccc(Oc4ccc(-c5c[nH]c(-c6ccccc6)n5)cc4)cc3)cc2)cc1,N2,5,0,300
O=C(c1ccc(Oc2ccccc2)cc1)c1ccc(-c2ccc(C(=O)c3ccc(Oc4ccc(-c5c[nH]c(-c6ccccc6)n5)cc4)cc3)cc2)cc1,N2,5,5,500
O=C(c1ccc(Oc2ccccc2)cc1)c1ccc(C(=O)c2ccc(C(=O)c3ccc(Oc4ccc(-c5c[nH]c(-c6ccccc6)n5)cc4)cc3)cc2)cc1,air,5,0,300
O=C(c1ccc(Oc2ccccc2)cc1)c1ccc(C(=O)c2ccc(C(=O)c3ccc(Oc4ccc(-c5c[nH]c(-c6ccccc6)n5)cc4)cc3)cc2)cc1,air,5,5,400
O=C(c1ccc(Oc2ccccc2)cc1)c1ccc(C(=O)c2ccc(C(=O)c3ccc(Oc4ccc(-c5c[nH]c(-c6ccccc6)n5)cc4)cc3)cc2)cc1,N2,5,0,300
O=C(c1ccc(Oc2ccccc2)cc1)c1ccc(C(=O)c2ccc(C(=O)c3ccc(Oc4ccc(-c5c[nH]c(-c6ccccc6)n5)cc4)cc3)cc2)cc1,N2,5,5,500
O=C(c1ccc(Cc2ccc(C(=O)c3ccc(Oc4ccc(-c5c[nH]c(-c6ccccc6)n5)cc4)cc3)cc2)cc1)c1ccc(Oc2ccccc2)cc1,air,5,0,300
O=C(c1ccc(Cc2ccc(C(=O)c3ccc(Oc4ccc(-c5c[nH]c(-c6ccccc6)n5)cc4)cc3)cc2)cc1)c1ccc(Oc2ccccc2)cc1,air,5,5,400
O=C(c1ccc(Cc2ccc(C(=O)c3ccc(Oc4ccc(-c5c[nH]c(-c6ccccc6)n5)cc4)cc3)cc2)cc1)c1ccc(Oc2ccccc2)cc1,N2,5,0,300
O=C(c1ccc(Cc2ccc(C(=O)c3ccc(Oc4ccc(-c5c[nH]c(-c6ccccc6)n5)cc4)cc3)cc2)cc1)c1ccc(Oc2ccccc2)cc1,N2,5,5,500
O=C(c1ccc(Oc2ccccc2)cc1)c1ccc(Oc2ccc(C(=O)c3ccc(Oc4ccc(-c5c[nH]c(-c6ccccc6)n5)cc4)cc3)cc2)cc1,air,5,0,300
O=C(c1ccc(Oc2ccccc2)cc1)c1ccc(Oc2ccc(C(=O)c3ccc(Oc4ccc(-c5c[nH]c(-c6ccccc6)n5)cc4)cc3)cc2)cc1,air,5,5,400
O=C(c1ccc(Oc2ccccc2)cc1)c1ccc(Oc2ccc(C(=O)c3ccc(Oc4ccc(-c5c[nH]c(-c6ccccc6)n5)cc4)cc3)cc2)cc1,N2,5,0,300
O=C(c1ccc(Oc2ccccc2)cc1)c1ccc(Oc2ccc(C(=O)c3ccc(Oc4ccc(-c5c[nH]c(-c6ccccc6)n5)cc4)cc3)cc2)cc1,N2,5,5,500
O=C(c1ccc(Oc2ccccc2)cc1)c1ccc2cc(C(=O)c3ccc(Oc4ccc(-c5c[nH]c(-c6ccccc6)n5)cc4)cc3)ccc2c1,air,5,0,300
O=C(c1ccc(Oc2ccccc2)cc1)c1ccc2cc(C(=O)c3ccc(Oc4ccc(-c5c[nH]c(-c6ccccc6)n5)cc4)cc3)ccc2c1,air,5,5,400
O=C(c1ccc(Oc2ccccc2)cc1)c1ccc2cc(C(=O)c3ccc(Oc4ccc(-c5c[nH]c(-c6ccccc6)n5)cc4)cc3)ccc2c1,N2,5,0,300
O=C(c1ccc(Oc2ccccc2)cc1)c1ccc2cc(C(=O)c3ccc(Oc4ccc(-c5c[nH]c(-c6ccccc6)n5)cc4)cc3)ccc2c1,N2,5,5,500
CP(=O)(c1ccccc1)c1ccc(O)cc1,air,10,5,518
CP(=O)(c1ccc(O)cc1)c1ccc(Oc2ccc(P(=O)(c3ccccc3)c3ccccc3)cc2)cc1,air,10,5,530
O=P(c1ccccc1)(c1ccccc1)c1ccc(O)cc1,air,10,5,567
Oc1ccc(-c2ccc(Oc3ccc(/C(=N/c4ccc(N=C(c5ccccc5)c5ccccc5)cc4)c4ccccc4)cc3)cc2)cc1,air,10,5,544
Oc1ccc(Oc2ccc(/C(=N/c3ccc(N=C(c4ccccc4)c4ccccc4)cc3)c3ccccc3)cc2)cc1,air,10,5,507
CC(C)(c1ccccc1)c1ccc(Oc2ccc(/C(=N/c3ccc(/N=C(\c4ccccc4)c4ccc(O)cc4)cc3)c3ccccc3)cc2)cc1,air,10,5,487
Oc1ccc2ccc(Oc3ccc(/C(=N/c4ccc(N=C(c5ccccc5)c5ccccc5)cc4)c4ccccc4)cc3)cc2c1,air,10,5,512
Oc1ccc(/C(=N/c2ccc(/N=C(\c3ccccc3)c3ccc(Oc4ccc(C(c5ccccc5)(c5ccccc5)c5ccccc5)cc4)cc3)cc2)c2ccccc2)cc1,air,10,5,486
Oc1ccc(/N=C(\c2ccccc2)c2ccc(Oc3ccc(-c4ccc(Oc5ccc(/C(=N/c6ccccc6)c6ccccc6)cc5)cc4)cc3)cc2)cc1,air,10,5,530
Oc1ccc(Oc2ccc(/C(=N/c3ccc(Oc4ccc(N=C(c5ccccc5)c5ccccc5)cc4)cc3)c3ccccc3)cc2)cc1,air,10,5,485
CC(C)(c1ccc(Oc2ccc(/C(=N/c3ccccc3)c3ccccc3)cc2)cc1)c1ccc(Oc2ccc(/C(=N/c3ccc(O)cc3)c3ccccc3)cc2)cc1,air,10,5,485
Oc1ccc2ccc(Oc3ccc(/C(=N/c4ccc(Oc5ccc(N=C(c6ccccc6)c6ccccc6)cc5)cc4)c4ccccc4)cc3)cc2c1,air,10,5,513
Oc1ccc(/N=C(\c2ccccc2)c2ccc(Oc3ccc(C(c4ccccc4)(c4ccccc4)c4ccc(Oc5ccc(/C(=N/c6ccccc6)c6ccccc6)cc5)cc4)cc3)cc2)cc1,air,10,5,497
C/C(=N\c1ccc(/N=C(\C)c2ccc(Oc3ccc(C(C)(C)c4ccccc4)cc3)cc2)cc1)c1ccc(O)cc1,air,10,5,488
C/C(=N\c1ccc(/N=C(\C)c2ccc(Oc3ccc(C(c4ccccc4)(c4ccccc4)c4ccccc4)cc3)cc2)cc1)c1ccc(O)cc1,air,10,5,463
C/C(=N\c1ccccc1)c1ccc(Oc2ccc(C(C)(C)c3ccc(Oc4ccc(/C(C)=N/c5ccc(O)cc5)cc4)cc3)cc2)cc1,air,10,5,446
C/C(=N\c1ccccc1)c1ccc(Oc2ccc(C(c3ccccc3)(c3ccccc3)c3ccc(Oc4ccc(/C(C)=N/c5ccc(O)cc5)cc4)cc3)cc2)cc1,air,10,5,469
Oc1ccc(/C=N/c2ccc(/N=C/c3ccc(Oc4ccc(C(c5ccccc5)(c5ccccc5)c5ccccc5)cc4)cc3)cc2)cc1,air,10,5,457
Oc1ccc(/N=C/c2ccc(Oc3ccc(C(c4ccccc4)(c4ccccc4)c4ccc(Oc5ccc(/C=N/c6ccccc6)cc5)cc4)cc3)cc2)cc1,air,10,5,445
C/C(=N\c1ccc(-c2ccc(/N=C(\C)c3ccc(Oc4ccc(O)cc4)cc3)cc2)cc1)c1ccccc1,N2,10,0,442
C/C(=N\c1ccc(-c2ccc(/N=C(\C)c3ccc(Oc4ccc(O)cc4)cc3)cc2)cc1)c1ccccc1,N2,10,10,480
C/C(=N\c1ccc(-c2ccc(/N=C(\C)c3ccc(Oc4ccc(O)cc4)cc3)cc2)cc1)c1ccccc1,air,10,0,396
C/C(=N\c1ccc(-c2ccc(/N=C(\C)c3ccc(Oc4ccc(O)cc4)cc3)cc2)cc1)c1ccccc1,air,10,10,432
C/C(=N\c1ccc(Oc2ccc(/N=C(\C)c3ccc(Oc4ccc(O)cc4)cc3)cc2)cc1)c1ccccc1,N2,10,0,417
C/C(=N\c1ccc(Oc2ccc(/N=C(\C)c3ccc(Oc4ccc(O)cc4)cc3)cc2)cc1)c1ccccc1,N2,10,10,454
C/C(=N\c1ccc(Oc2ccc(/N=C(\C)c3ccc(Oc4ccc(O)cc4)cc3)cc2)cc1)c1ccccc1,air,10,0,389
C/C(=N\c1ccc(Oc2ccc(/N=C(\C)c3ccc(Oc4ccc(O)cc4)cc3)cc2)cc1)c1ccccc1,air,10,10,426
C/C(=N\c1ccc(Cc2ccc(/N=C(\C)c3ccc(Oc4ccc(O)cc4)cc3)cc2)cc1)c1ccccc1,N2,10,0,413
C/C(=N\c1ccc(Cc2ccc(/N=C(\C)c3ccc(Oc4ccc(O)cc4)cc3)cc2)cc1)c1ccccc1,N2,10,10,453
C/C(=N\c1ccc(Cc2ccc(/N=C(\C)c3ccc(Oc4ccc(O)cc4)cc3)cc2)cc1)c1ccccc1,air,10,0,367
C/C(=N\c1ccc(Cc2ccc(/N=C(\C)c3ccc(Oc4ccc(O)cc4)cc3)cc2)cc1)c1ccccc1,air,10,10,402
C/C(=N\c1ccccc1/N=C(\C)c1ccc(Oc2ccc(O)cc2)cc1)c1ccccc1,N2,10,0,416
C/C(=N\c1ccccc1/N=C(\C)c1ccc(Oc2ccc(O)cc2)cc1)c1ccccc1,N2,10,10,456
C/C(=N\c1ccccc1/N=C(\C)c1ccc(Oc2ccc(O)cc2)cc1)c1ccccc1,air,10,0,332
C/C(=N\c1ccccc1/N=C(\C)c1ccc(Oc2ccc(O)cc2)cc1)c1ccccc1,air,10,10,380
C/C(=N\CCC/N=C(\C)c1ccc(Oc2ccc(O)cc2)cc1)c1ccccc1,N2,10,0,358
C/C(=N\CCC/N=C(\C)c1ccc(Oc2ccc(O)cc2)cc1)c1ccccc1,N2,10,10,428
C/C(=N\CCC/N=C(\C)c1ccc(Oc2ccc(O)cc2)cc1)c1ccccc1,air,10,0,333
C/C(=N\CCC/N=C(\C)c1ccc(Oc2ccc(O)cc2)cc1)c1ccccc1,air,10,10,362
C/C(=N\CCCCCC/N=C(\C)c1ccc(Oc2ccc(O)cc2)cc1)c1ccccc1,N2,10,0,347
C/C(=N\CCCCCC/N=C(\C)c1ccc(Oc2ccc(O)cc2)cc1)c1ccccc1,N2,10,10,429
C/C(=N\CCCCCC/N=C(\C)c1ccc(Oc2ccc(O)cc2)cc1)c1ccccc1,air,10,0,324
C/C(=N\CCCCCC/N=C(\C)c1ccc(Oc2ccc(O)cc2)cc1)c1ccccc1,air,10,10,353
O=S(=O)(c1ccc(O)cc1)c1cccc2c(S(=O)(=O)c3ccc(Oc4ccc(-c5ccccc5)cc4)cc3)cccc12,N2,10,10,475
O=S(=O)(c1ccc(O)cc1)c1cccc2c(S(=O)(=O)c3ccc(Oc4ccc(-c5ccccc5)cc4)cc3)cccc12,air,10,10,450
Cc1cc(C)cc(-c2cc(C)c(Oc3ccc(S(=O)(=O)c4cccc5c(S(=O)(=O)c6ccc(O)cc6)cccc45)cc3)c(C)c2)c1,N2,10,10,425
Cc1cc(C)cc(-c2cc(C)c(Oc3ccc(S(=O)(=O)c4cccc5c(S(=O)(=O)c6ccc(O)cc6)cccc45)cc3)c(C)c2)c1,air,10,10,390
Cc1cc(C)c(C)c(-c2cc(C)c(Oc3ccc(S(=O)(=O)c4cccc5c(S(=O)(=O)c6ccc(O)cc6)cccc45)cc3)c(C)c2C)c1,N2,10,10,350
Cc1cc(C)c(C)c(-c2cc(C)c(Oc3ccc(S(=O)(=O)c4cccc5c(S(=O)(=O)c6ccc(O)cc6)cccc45)cc3)c(C)c2C)c1,air,10,10,330
O=S(=O)(c1ccc(O)cc1)c1ccc2cc(S(=O)(=O)c3ccc(Oc4ccc(-c5ccccc5)cc4)cc3)ccc2c1,N2,10,10,530
O=S(=O)(c1ccc(O)cc1)c1ccc2cc(S(=O)(=O)c3ccc(Oc4ccc(-c5ccccc5)cc4)cc3)ccc2c1,air,10,10,510
Cc1cc(C)cc(-c2cc(C)c(Oc3ccc(S(=O)(=O)c4ccc5cc(S(=O)(=O)c6ccc(O)cc6)ccc5c4)cc3)c(C)c2)c1,N2,10,10,425
Cc1cc(C)cc(-c2cc(C)c(Oc3ccc(S(=O)(=O)c4ccc5cc(S(=O)(=O)c6ccc(O)cc6)ccc5c4)cc3)c(C)c2)c1,air,10,10,400
Cc1cc(C)c(C)c(-c2cc(C)c(Oc3ccc(S(=O)(=O)c4ccc5cc(S(=O)(=O)c6ccc(O)cc6)ccc5c4)cc3)c(C)c2C)c1,N2,10,10,415
Cc1cc(C)c(C)c(-c2cc(C)c(Oc3ccc(S(=O)(=O)c4ccc5cc(S(=O)(=O)c6ccc(O)cc6)ccc5c4)cc3)c(C)c2C)c1,air,10,10,390
O=C(c1ccccc1)c1ccc2cc(C(=O)c3ccc(Oc4ccc(-c5ccc(O)cc5)cc4)cc3)ccc2c1,N2,10,10,540
O=C(c1ccccc1)c1ccc2cc(C(=O)c3ccc(Oc4ccc(-c5ccc(O)cc5)cc4)cc3)ccc2c1,air,10,10,490
Cc1cc(-c2cc(C)c(Oc3ccc(C(=O)c4ccc5cc(C(=O)c6ccccc6)ccc5c4)cc3)c(C)c2)cc(C)c1O,N2,10,10,465
Cc1cc(-c2cc(C)c(Oc3ccc(C(=O)c4ccc5cc(C(=O)c6ccccc6)ccc5c4)cc3)c(C)c2)cc(C)c1O,air,10,10,380
Cc1cc(-c2cc(C)c(Oc3ccc(C(=O)c4ccc5cc(C(=O)c6ccccc6)ccc5c4)cc3)c(C)c2C)c(C)c(C)c1O,N2,10,10,350
Cc1cc(-c2cc(C)c(Oc3ccc(C(=O)c4ccc5cc(C(=O)c6ccccc6)ccc5c4)cc3)c(C)c2C)c(C)c(C)c1O,air,10,10,330
O=Cc1ccc(Oc2ccc(-c3ccc(Oc4ccc(C(=O)c5ccc6ncccc6c5)cc4)cc3)cc2)cc1,N2,10,10,565
O=Cc1ccc(Oc2ccc(-c3ccc(Oc4ccc(C(=O)c5ccc6ncccc6c5)cc4)cc3)cc2)cc1,air,10,10,460
Cc1cc(-c2cc(C)c(Oc3ccc(C(=O)c4ccc5ncccc5c4)cc3)c(C)c2)cc(C)c1Oc1ccc(C=O)cc1,N2,10,10,425
Cc1cc(-c2cc(C)c(Oc3ccc(C(=O)c4ccc5ncccc5c4)cc3)c(C)c2)cc(C)c1Oc1ccc(C=O)cc1,air,10,10,415
Cc1cc(-c2cc(C)c(Oc3ccc(C(=O)c4ccc5ncccc5c4)cc3)c(C)c2C)c(C)c(C)c1Oc1ccc(C=O)cc1,N2,10,10,370
Cc1cc(-c2cc(C)c(Oc3ccc(C(=O)c4ccc5ncccc5c4)cc3)c(C)c2C)c(C)c(C)c1Oc1ccc(C=O)cc1,air,10,10,360
CCOCCOc1ccc(N/C=N/c2ccc(O)cc2)cc1,N2,10,5,342
CCOCCOc1ccc(N/C=N/c2ccc(O)cc2)cc1,N2,10,10,366
CCOCCOC(=O)c1ccc(N/C=N/c2ccc(C(=O)O)cc2)cc1,N2,10,5,345
CCOCCOC(=O)c1ccc(N/C=N/c2ccc(C(=O)O)cc2)cc1,N2,10,10,372
Oc1ccc(/N=C/Nc2ccccc2)cc1,N2,10,5,310
Oc1ccc(/N=C/Nc2ccccc2)cc1,N2,10,10,362
O=C(Nc1ccc(O)cc1)c1ccc(C(=O)Nc2ccc(Oc3ccc(C(=O)c4ccccc4)cc3)cc2)cc1,N2,10,0,420
O=C(Nc1ccc(O)cc1)c1cccc(C(=O)Nc2ccc(Oc3ccc(C(=O)c4ccccc4)cc3)cc2)c1,N2,10,0,390
O=CNc1ccc(Oc2ccc(C(=O)c3ccc(Oc4ccc(NC(=O)c5cccnc5)cc4)cc3)cc2)cc1,N2,10,0,410
O=C(Nc1ccc(Oc2ccc(C(=O)c3ccccc3)cc2)cc1)c1ccc(C(=O)Nc2cccc(O)c2)cc1,N2,10,0,380
O=C(Nc1ccc(Oc2ccc(C(=O)c3ccccc3)cc2)cc1)c1ccc(C(=O)Nc2cccc(O)c2)cc1,N2,10,20,500
O=C(Nc1ccc(Oc2ccc(C(=O)c3ccccc3)cc2)cc1)c1cccc(C(=O)Nc2cccc(O)c2)c1,N2,10,0,360
O=CNc1cccc(Oc2ccc(C(=O)c3ccc(Oc4cccc(NC(=O)c5cccnc5)c4)cc3)cc2)c1,N2,10,0,350
c1ccc(Oc2ccc(-c3ccc(Oc4ccc(-c5ncnc(-c6ccccc6)n5)cc4)cc3)cc2)cc1,air,10,1,548
c1ccc(Oc2ccc(-c3ccc(Oc4ccc(-c5ncnc(-c6ccccc6)n5)cc4)cc3)cc2)cc1,air,10,5,602
c1ccc(Oc2ccc(Oc3ccc(-c4ncnc(-c5ccccc5)n4)cc3)cc2)cc1,air,10,1,503
c1ccc(Oc2ccc(Oc3ccc(-c4ncnc(-c5ccccc5)n4)cc3)cc2)cc1,air,10,5,585
CC(C)(c1ccc(Oc2ccccc2)cc1)c1ccc(Oc2ccc(-c3ncnc(-c4ccccc4)n3)cc2)cc1,air,10,1,450
CC(C)(c1ccc(Oc2ccccc2)cc1)c1ccc(Oc2ccc(-c3ncnc(-c4ccccc4)n3)cc2)cc1,air,10,5,494
CC(C)(c1ccc(Oc2ccccc2)cc1)c1ccc(Oc2ccc(-c3ncnc(-c4ccccc4)n3)cc2)cc1,N2,10,0,466
c1ccc(Oc2ccc3ccc(Oc4ccc(-c5ncnc(-c6ccccc6)n5)cc4)cc3c2)cc1,air,10,1,482
c1ccc(Oc2ccc3ccc(Oc4ccc(-c5ncnc(-c6ccccc6)n5)cc4)cc3c2)cc1,air,10,5,580
c1ccc(Oc2ccc(Sc3ccc(Oc4ccc(-c5ncnc(-c6ccccc6)n5)cc4)cc3)cc2)cc1,air,10,1,462
c1ccc(Oc2ccc(Sc3ccc(Oc4ccc(-c5ncnc(-c6ccccc6)n5)cc4)cc3)cc2)cc1,air,10,5,546
c1ccc(Oc2ccc(Oc3ccc(Oc4ccc(-c5ncnc(-c6ccccc6)n5)cc4)cc3)cc2)cc1,air,10,1,464
c1ccc(Oc2ccc(Oc3ccc(Oc4ccc(-c5ncnc(-c6ccccc6)n5)cc4)cc3)cc2)cc1,air,10,5,559
c1ccc(Oc2ccc(C(c3ccccc3)(c3ccccc3)c3ccc(Oc4ccc(-c5ncnc(-c6ccccc6)n5)cc4)cc3)cc2)cc1,air,10,1,479
c1ccc(Oc2ccc(C(c3ccccc3)(c3ccccc3)c3ccc(Oc4ccc(-c5ncnc(-c6ccccc6)n5)cc4)cc3)cc2)cc1,air,10,5,547
O=C(Nc1ccc(C(=O)c2ccccc2)cc1)c1ccc(C(=O)Nc2ccc(C(=O)c3ccc(O)cc3)cc2)cc1,air,10,10,475
O=C(Nc1ccc(C(=O)c2ccccc2)cc1)c1ccc(C(=O)Nc2cccc(C(=O)c3ccc(O)cc3)c2)cc1,air,10,10,395
O=C(Nc1cccc(C(=O)c2ccccc2)c1)c1ccc(C(=O)Nc2cccc(C(=O)c3ccc(O)cc3)c2)cc1,air,10,10,565
O=C(Nc1ccc(C(=O)c2ccccc2)cc1)c1ccc(C(=O)Nc2ccc(C(=O)c3ccc(Oc4ccc(O)cc4)cc3)cc2)cc1,air,10,10,577
O=C(Nc1cccc(C(=O)c2ccccc2)c1)c1ccc(C(=O)Nc2cccc(C(=O)c3ccc(Oc4ccc(O)cc4)cc3)c2)cc1,air,10,10,525
O=C(Nc1ccc(C(=O)c2ccccc2)cc1)c1ccc(C(=O)Nc2ccc(C(=O)c3ccc(Oc4cccc(O)c4)cc3)cc2)cc1,air,10,10,572
O=C(Nc1ccc(C(=O)c2ccccc2)cc1)c1cccc(C(=O)Nc2ccc(C(=O)c3ccc(O)cc3)cc2)c1,air,10,10,500
O=C(Nc1ccc(C(=O)c2ccccc2)cc1)c1cccc(C(=O)Nc2cccc(C(=O)c3ccc(O)cc3)c2)c1,air,10,10,395
O=C(Nc1cccc(C(=O)c2ccccc2)c1)c1cccc(C(=O)Nc2cccc(C(=O)c3ccc(O)cc3)c2)c1,air,10,10,500
O=C(Nc1ccc(C(=O)c2ccccc2)cc1)c1cccc(C(=O)Nc2ccc(C(=O)c3ccc(Oc4ccc(O)cc4)cc3)cc2)c1,air,10,10,533
O=C(Nc1cccc(C(=O)c2ccccc2)c1)c1cccc(C(=O)Nc2cccc(C(=O)c3ccc(Oc4ccc(O)cc4)cc3)c2)c1,air,10,10,540
O=C(Nc1ccc(C(=O)c2ccccc2)cc1)c1cccc(C(=O)Nc2ccc(C(=O)c3ccc(Oc4cccc(O)c4)cc3)cc2)c1,air,10,10,475
O=C(CCCCCCCCC(=O)Nc1ccc(C(=O)c2ccc(O)cc2)cc1)Nc1ccc(C(=O)c2ccccc2)cc1,air,10,10,500
O=C(CCCCCCCCC(=O)Nc1cccc(C(=O)c2ccc(O)cc2)c1)Nc1ccc(C(=O)c2ccccc2)cc1,air,10,10,268
O=C(CCCCCCCCC(=O)Nc1cccc(C(=O)c2ccc(O)cc2)c1)Nc1cccc(C(=O)c2ccccc2)c1,air,10,10,354
O=C(CCCCCCCCC(=O)Nc1ccc(C(=O)c2ccc(Oc3ccc(O)cc3)cc2)cc1)Nc1ccc(C(=O)c2ccccc2)cc1,air,10,10,420
O=C(CCCCCCCCC(=O)Nc1cccc(C(=O)c2ccc(Oc3ccc(O)cc3)cc2)c1)Nc1cccc(C(=O)c2ccccc2)c1,air,10,10,400
O=C(CCCCCCCCC(=O)Nc1ccc(C(=O)c2ccc(Oc3cccc(O)c3)cc2)cc1)Nc1ccc(C(=O)c2ccccc2)cc1,air,10,10,432
CC(C)(c1ccccc1)c1cccc(C(C)(C)c2ccc(Oc3ccc(NC(=O)c4cccc(C(=O)Nc5ccc(O)cc5)c4)cc3)cc2)c1,air,10,5,442
c1ccc(-c2cc(-c3ccc(-c4nc5cc6ncoc6cc5o4)cc3)c(-c3ccccc3)c(-c3ccccc3)c2-c2ccccc2)cc1,air,20,10,543
c1ccc(-c2cc(-c3ccc(-c4nc5cc6ncoc6cc5o4)cc3)c(-c3ccccc3)c(-c3ccccc3)c2-c2ccccc2)cc1,N2,20,10,614
CCCCCOc1cccc(NC(=O)c2cccc(C(=O)Nc3cccc(O)c3)c2)c1,N2,10,0,425
CCCCCCCCOc1cccc(NC(=O)c2ccc(C(=O)Nc3cccc(O)c3)cc2)c1,N2,10,0,435
CCCCCOc1ccc(NC(=O)c2cccc(C(=O)Nc3ccc(O)cc3)c2)cc1,N2,10,0,440
CCCCCCCCOc1ccc(NC(=O)c2ccc(C(=O)Nc3ccc(O)cc3)cc2)cc1,N2,10,0,450
O=P(O)(Oc1ccccc1)OC(CCl)COc1ccc(S(=O)(=O)c2ccc(OCCCCl)cc2)cc1,N2,10,10,278
O=P(O)(Oc1ccc(Br)cc1)OC(CCl)COc1ccc(S(=O)(=O)c2ccc(OCCCCl)cc2)cc1,N2,10,10,263
O=C(Nc1ccccc1)Oc1ccc(-c2ccc(OC(=O)Nc3ccc(OP(=O)(O)c4ccccc4)cc3)cc2)cc1,N2,10,1,178
O=C(Nc1ccccc1)Oc1ccc(-c2ccc(OC(=O)Nc3ccc(OP(=O)(O)c4ccccc4)cc3)cc2)cc1,air,10,1,178
O=C(Nc1ccccc1)OCCCCCCOC(=O)Nc1ccc(OP(=O)(O)c2ccccc2)cc1,N2,10,1,176
O=C(Nc1ccccc1)OCCCCCCOC(=O)Nc1ccc(OP(=O)(O)c2ccccc2)cc1,air,10,1,176
CC(C)(c1ccc(OC(=O)Nc2ccccc2)cc1)c1ccc(OC(=O)Nc2ccc(OP(=O)(O)c3ccccc3)cc2)cc1,N2,10,1,180
CC(C)(c1ccc(OC(=O)Nc2ccccc2)cc1)c1ccc(OC(=O)Nc2ccc(OP(=O)(O)c3ccccc3)cc2)cc1,air,10,1,180
CC(C)(c1ccc(Oc2cccc3ccccc23)cc1)c1ccc(Oc2ccc(-c3nnco3)c3ccccc23)cc1,N2,10,0,415
CC(C)(C)c1cc(C(=O)Nc2ccc(O)cc2)cc(C(=O)Nc2ccc(Oc3ccc(C(C)(C)c4ccccc4)cc3)cc2)c1,N2,10,10,474
CC(C)(C)c1cc(C(=O)Nc2ccc(O)cc2)cc(C(=O)Nc2ccc(Oc3ccc(C(C)(C)c4ccccc4)cc3)cc2)c1,air,10,10,474
O=C(c1ccccc1)c1ccc(Oc2ccc(O)c(-c3ccccc3)c2)cc1,air,10,0,500
O=C(c1ccccc1)c1ccccc1-c1ccccc1C(=O)c1ccc(Oc2ccc(C3(c4ccc(O)cc4)c4ccccc4-c4ccccc43)cc2)cc1,air,10,5,521
O=C(c1ccccc1)c1ccccc1-c1ccccc1C(=O)c1ccc(Oc2ccc(C3(c4ccc(O)cc4)c4ccccc4-c4ccccc43)cc2)cc1,N2,10,5,523
O=C(c1ccccc1)c1ccccc1-c1cc(Oc2ccc(C3(c4ccc(O)cc4)c4ccccc4-c4ccccc43)cc2)ccc1C(=O)c1ccccc1,air,10,5,460
O=C(c1ccccc1)c1ccccc1-c1cc(Oc2ccc(C3(c4ccc(O)cc4)c4ccccc4-c4ccccc43)cc2)ccc1C(=O)c1ccccc1,N2,10,5,490
O=C(c1ccccc1)c1cccc(-c2cccc(C(=O)c3ccc(O)cc3)c2)c1,air,10,10,550
O=C(c1ccccc1)c1cccc(-c2cccc(C(=O)c3ccc(O)cc3)c2)c1,N2,10,10,560
CCCCCCCCOc1ccc(OCCCCCCCC)c(-c2nnc(-c3cc(CCCCCCCC)c(-c4ccc(-c5sc(-c6nnco6)cc5CCCCCCCC)s4)s3)o2)c1,N2,10,0,325
CCCCCCCCOc1ccc(OCCCCCCCC)c(-c2nnc(-c3cc(CCCCCCCC)c(-c4ccc(-c5sc(-c6nnco6)cc5CCCCCCCC)s4)s3)o2)c1,N2,10,10,425
Cc1cc(-c2ccc(C(=O)Nc3ccc(Oc4ccc(O)cc4)cc3)c(C)c2)ccc1C(=O)Nc1ccccc1,N2,10,5,456
Cc1cc(-c2ccc(C(=O)Nc3ccc(Oc4cccc(O)c4)cc3)c(C)c2)ccc1C(=O)Nc1ccccc1,N2,10,5,454
Cc1cc(-c2ccc(C(=O)Nc3ccc(Oc4ccc(Oc5ccc(O)cc5)cc4)cc3)c(C)c2)ccc1C(=O)Nc1ccccc1,N2,10,5,456
Cc1cc(-c2ccc(C(=O)Nc3ccc(Oc4ccc(S(=O)(=O)c5ccc(O)cc5)cc4)cc3)c(C)c2)ccc1C(=O)Nc1ccccc1,N2,10,5,447
Cc1cc(-c2ccc(C(=O)Nc3cccc(Oc4ccc(S(=O)(=O)c5ccc(O)cc5)cc4)c3)c(C)c2)ccc1C(=O)Nc1ccccc1,N2,10,5,449
Cc1cc(-c2ccc(C(=O)Nc3ccc(Oc4ccc(C(C)(C)c5ccccc5)cc4)cc3)c(C)c2)ccc1C(=O)Nc1ccc(O)cc1,N2,10,5,462
Cc1cccc(C(=O)c2ccc(C(=O)c3ccc(Oc4ccc(C(C)(C)c5ccc(O)cc5)cc4)c(C)c3)cc2)c1,N2,10,5,500
Cc1cccc(C(=O)c2ccc(C(=O)c3ccc(Oc4ccc(C5(c6ccc(O)cc6)c6ccccc6-c6ccccc65)cc4)c(C)c3)cc2)c1,N2,10,5,502
Cc1cccc(C(=O)c2ccc(C(=O)c3ccc(Oc4ccc(-c5ccc(O)cc5)cc4)c(C)c3)cc2)c1,N2,10,5,521
O=S(=O)(c1ccc(O)cc1)c1ccc(Oc2ccc(C3(c4ccccc4)CCCC3)cc2)cc1,air,12,10,400
O=S(=O)(c1ccc(O)cc1)c1ccc(Oc2ccc(C3(c4ccccc4)CCCCCC3)cc2)cc1,air,12,10,460
CC(C)(c1ccc(O)cc1)c1ccc(OC(=O)c2ccc(OCCCCCCCCCCOc3ccc(C=O)cc3)cc2)cc1,N2,20,5,402
CC(C)(c1cc(Br)c(O)c(Br)c1)c1cc(Br)c(OC(=O)c2ccc(OCCCCCCCCCCOc3ccc(C=O)cc3)cc2)c(Br)c1,N2,20,5,398
CC(C)(c1cc(Cl)c(O)c(Cl)c1)c1cc(Cl)c(OC(=O)c2ccc(OCCCCCCCCCCOc3ccc(C=O)cc3)cc2)c(Cl)c1,N2,20,5,365
O=C(Oc1ccccc1)c1ccc(C(=O)Oc2ccc(-c3nnc(-c4ccc(-c5nnco5)cc4)o3)cc2)cc1,air,12,5,380
O=C(Oc1ccccc1)c1cccc(C(=O)Oc2ccc(-c3nnc(-c4ccc(-c5nnco5)cc4)o3)cc2)c1,air,12,5,370
O=C(Oc1ccccc1)c1ccc(C(=O)Oc2ccc(-c3nnc(-c4ccc(-c5nnco5)c(Oc5ccccc5)c4)o3)cc2)cc1,air,12,5,360
O=C(Oc1ccccc1)c1cccc(C(=O)Oc2ccc(-c3nnc(-c4ccc(-c5nnco5)c(Oc5ccccc5)c4)o3)cc2)c1,air,12,5,365
O=C(c1ccccc1)c1cc(Oc2ccccc2)c(C(=O)c2ccccc2)cc1O,N2,10,10,470
CCOCCOc1cccc(NC(=O)c2cccc(C(=O)Nc3cccc(O)c3)c2)c1,N2,10,0,440
CCOCCOc1cccc(NC(=O)c2ccc(C(=O)Nc3cccc(O)c3)cc2)c1,N2,10,0,435
CCOCCOc1ccc(NC(=O)c2cccc(C(=O)Nc3ccc(O)cc3)c2)cc1,N2,10,0,440
CCOCCOc1ccc(NC(=O)c2ccc(C(=O)Nc3ccc(O)cc3)cc2)cc1,N2,10,0,450
CCOCCOCCOc1cccc(NC(=O)c2cccc(C(=O)Nc3cccc(O)c3)c2)c1,N2,10,0,440
CCOCCOCCOc1cccc(NC(=O)c2ccc(C(=O)Nc3cccc(O)c3)cc2)c1,N2,10,0,435
CCOCCOCCOc1ccc(NC(=O)c2cccc(C(=O)Nc3ccc(O)cc3)c2)cc1,N2,10,0,435
CCOCCOCCOc1ccc(NC(=O)c2ccc(C(=O)Nc3ccc(O)cc3)cc2)cc1,N2,10,0,445
CCCCCOc1cccc(NC(=O)c2ccc(C(=O)Nc3cccc(O)c3)cc2)c1,N2,10,0,430
CCCCCOc1ccc(NC(=O)c2ccc(C(=O)Nc3ccc(O)cc3)cc2)cc1,N2,10,0,450
CCCCCCCCOc1cccc(NC(=O)c2cccc(C(=O)Nc3cccc(O)c3)c2)c1,N2,10,0,445
CCCCCCCCOc1ccc(NC(=O)c2cccc(C(=O)Nc3ccc(O)cc3)c2)cc1,N2,10,0,435
CC(=O)Oc1ccc(C(=O)Nc2cc(C(=O)Nc3ccccc3)cc(C(=O)Nc3ccc(O)cc3)c2)cc1,air,10,5,295
CC(=O)Oc1ccc(C(=O)Nc2cc(C(=O)Nc3ccccc3)cc(C(=O)Nc3ccc(O)cc3)c2)cc1,air,10,10,340
CC(=O)Oc1ccc(C(=O)Nc2cc(C(=O)Nc3ccccc3)cc(C(=O)Nc3cccc(O)c3)c2)cc1,air,10,5,270
CC(=O)Oc1ccc(C(=O)Nc2cc(C(=O)Nc3ccccc3)cc(C(=O)Nc3cccc(O)c3)c2)cc1,air,10,10,320
CC(=O)Oc1ccc(C(=O)Nc2cc(C(=O)Nc3ccccc3)cc(C(=O)Nc3ccc(Oc4ccc(O)cc4)cc3)c2)cc1,air,10,5,290
CC(=O)Oc1ccc(C(=O)Nc2cc(C(=O)Nc3ccccc3)cc(C(=O)Nc3ccc(Oc4ccc(O)cc4)cc3)c2)cc1,air,10,10,360
CC(=O)Oc1ccc(C(=O)Nc2cc(C(=O)Nc3ccccc3)cc(C(=O)Nc3ccc(Oc4cccc(O)c4)cc3)c2)cc1,air,10,5,275
CC(=O)Oc1ccc(C(=O)Nc2cc(C(=O)Nc3ccccc3)cc(C(=O)Nc3ccc(Oc4cccc(O)c4)cc3)c2)cc1,air,10,10,345
CC(=O)Oc1ccc(C(=O)Nc2cc(C(=O)Nc3ccccc3)cc(C(=O)Nc3ccc(Oc4ccc(S(=O)(=O)c5ccc(O)cc5)cc4)cc3)c2)cc1,air,10,5,305
CC(=O)Oc1ccc(C(=O)Nc2cc(C(=O)Nc3ccccc3)cc(C(=O)Nc3ccc(Oc4ccc(S(=O)(=O)c5ccc(O)cc5)cc4)cc3)c2)cc1,air,10,10,370
CC(=O)Oc1ccc(C(=O)Nc2cc(C(=O)Nc3ccc(O)cc3)cc(C(=O)Nc3ccc(Oc4ccc(C(C)(C)c5ccccc5)cc4)cc3)c2)cc1,air,10,5,310
CC(=O)Oc1ccc(C(=O)Nc2cc(C(=O)Nc3ccc(O)cc3)cc(C(=O)Nc3ccc(Oc4ccc(C(C)(C)c5ccccc5)cc4)cc3)c2)cc1,air,10,10,380
CC(=O)Oc1ccc(C(=O)Nc2cc(C(=O)Nc3ccc(O)cc3)cc(C(=O)Nc3ccc(Oc4ccc(-c5ccccc5)cc4)cc3)c2)cc1,air,10,5,290
CC(=O)Oc1ccc(C(=O)Nc2cc(C(=O)Nc3ccc(O)cc3)cc(C(=O)Nc3ccc(Oc4ccc(-c5ccccc5)cc4)cc3)c2)cc1,air,10,10,360
CCCCCCCCCCOc1ccc(-c2cc(-c3ccccc3)c(-c3ccc(NC(=O)c4ccc(C(=O)Nc5ccc(-c6c(-c7ccccc7)cc(-c7ccc(O)cc7)cc6-c6ccccc6)cc5)cc4)cc3)c(-c3ccccc3)c2)cc1,N2,20,20,563
CCCCCCCCCCOc1ccc(-c2cc(-c3ccccc3)c(-c3ccc(NC(=O)c4ccc(C(=O)Nc5ccc(-c6c(-c7ccccc7)cc(-c7ccc(O)cc7)cc6-c6ccccc6)cc5)cc4)cc3)c(-c3ccccc3)c2)cc1,air,20,20,435
CCCCCCOc1ccc(-c2cc(-c3ccc(-c4ccccc4)cc3)c(-c3ccc(NC(=O)c4ccc(C(=O)Nc5ccc(-c6c(-c7ccc(-c8ccccc8)cc7)cc(-c7ccc(O)cc7)cc6-c6ccc(-c7ccccc7)cc6)cc5)cc4)cc3)c(-c3ccc(-c4ccccc4)cc3)c2)cc1,air,20,20,476
O=C(Nc1ccc(O)cc1)c1ccc2cc(C(=O)Nc3ccc(Oc4ccc(C5(c6ccccc6)CC6CCC5C6)cc4)cc3)ccc2c1,N2,20,10,504
O=C(Nc1ccc(O)cc1)c1ccc2cc(C(=O)Nc3ccc(Oc4ccc(C5(c6ccccc6)CC6CCC5C6)cc4)cc3)ccc2c1,N2,20,0,450
O=C(Nc1ccc(O)cc1)c1ccc2cc(C(=O)Nc3ccc(Oc4ccc(C5(c6ccccc6)CC6CCC5C6)cc4)cc3)ccc2c1,air,20,10,509
O=C(Nc1ccc(O)cc1)c1ccc2cc(C(=O)Nc3ccc(Oc4ccc(C5(c6ccccc6)CC6CCC5C6)cc4)cc3)ccc2c1,air,20,0,450
O=C(Nc1ccc(O)cc1)c1ccc(-c2ccc(C(=O)Nc3ccc(Oc4ccc(C5(c6ccccc6)CC6CCC5C6)cc4)cc3)cc2)cc1,N2,20,10,500
O=C(Nc1ccc(O)cc1)c1ccc(-c2ccc(C(=O)Nc3ccc(Oc4ccc(C5(c6ccccc6)CC6CCC5C6)cc4)cc3)cc2)cc1,N2,20,0,450
O=C(Nc1ccc(O)cc1)c1ccc(-c2ccc(C(=O)Nc3ccc(Oc4ccc(C5(c6ccccc6)CC6CCC5C6)cc4)cc3)cc2)cc1,air,20,10,520
O=C(Nc1ccc(O)cc1)c1ccc(-c2ccc(C(=O)Nc3ccc(Oc4ccc(C5(c6ccccc6)CC6CCC5C6)cc4)cc3)cc2)cc1,air,20,0,450
O=C(Nc1ccc(O)cc1)c1ccc(S(=O)(=O)c2ccc(C(=O)Nc3ccc(Oc4ccc(C5(c6ccccc6)CC6CCC5C6)cc4)cc3)cc2)cc1,N2,20,10,489
O=C(Nc1ccc(O)cc1)c1ccc(S(=O)(=O)c2ccc(C(=O)Nc3ccc(Oc4ccc(C5(c6ccccc6)CC6CCC5C6)cc4)cc3)cc2)cc1,N2,20,0,450
O=C(Nc1ccc(O)cc1)c1ccc(S(=O)(=O)c2ccc(C(=O)Nc3ccc(Oc4ccc(C5(c6ccccc6)CC6CCC5C6)cc4)cc3)cc2)cc1,air,20,10,494
O=C(Nc1ccc(O)cc1)c1ccc(S(=O)(=O)c2ccc(C(=O)Nc3ccc(Oc4ccc(C5(c6ccccc6)CC6CCC5C6)cc4)cc3)cc2)cc1,air,20,0,450
O=C(Nc1ccc(O)cc1)c1ccc(C(=O)Nc2ccc(Oc3ccc(C4(c5ccccc5)CC5CCC4C5)cc3)cc2)cc1,N2,20,10,495
O=C(Nc1ccc(O)cc1)c1ccc(C(=O)Nc2ccc(Oc3ccc(C4(c5ccccc5)CC5CCC4C5)cc3)cc2)cc1,N2,20,0,450
O=C(Nc1ccc(O)cc1)c1ccc(C(=O)Nc2ccc(Oc3ccc(C4(c5ccccc5)CC5CCC4C5)cc3)cc2)cc1,air,20,10,500
O=C(Nc1ccc(O)cc1)c1ccc(C(=O)Nc2ccc(Oc3ccc(C4(c5ccccc5)CC5CCC4C5)cc3)cc2)cc1,air,20,0,450
O=C(Nc1ccc(O)cc1)c1cccc(C(=O)Nc2ccc(Oc3ccc(C4(c5ccccc5)CC5CCC4C5)cc3)cc2)c1,N2,20,10,496
O=C(Nc1ccc(O)cc1)c1cccc(C(=O)Nc2ccc(Oc3ccc(C4(c5ccccc5)CC5CCC4C5)cc3)cc2)c1,N2,20,0,450
O=C(Nc1ccc(O)cc1)c1cccc(C(=O)Nc2ccc(Oc3ccc(C4(c5ccccc5)CC5CCC4C5)cc3)cc2)c1,air,20,10,509
O=C(Nc1ccc(O)cc1)c1cccc(C(=O)Nc2ccc(Oc3ccc(C4(c5ccccc5)CC5CCC4C5)cc3)cc2)c1,air,20,0,450
CC(C)(C)c1cc(C(=O)Nc2ccc(O)cc2)cc(C(=O)Nc2ccc(Oc3ccc(C4(c5ccccc5)CC5CCC4C5)cc3)cc2)c1,N2,20,10,497
CC(C)(C)c1cc(C(=O)Nc2ccc(O)cc2)cc(C(=O)Nc2ccc(Oc3ccc(C4(c5ccccc5)CC5CCC4C5)cc3)cc2)c1,N2,20,0,450
CC(C)(C)c1cc(C(=O)Nc2ccc(O)cc2)cc(C(=O)Nc2ccc(Oc3ccc(C4(c5ccccc5)CC5CCC4C5)cc3)cc2)c1,air,20,10,483
CC(C)(C)c1cc(C(=O)Nc2ccc(O)cc2)cc(C(=O)Nc2ccc(Oc3ccc(C4(c5ccccc5)CC5CCC4C5)cc3)cc2)c1,air,20,0,450
Cc1cc(-c2ccc(-c3ccc(Oc4ccc(C(C)(C)c5ccccc5)cc4)c(C)c3)cc2)ccc1O,air,10,5,500
Cc1cc(-c2ccc(-c3ccc(Oc4ccc(C(C)(C)c5ccccc5)cc4)c(C)c3)cc2)ccc1O,N2,10,5,520
Cc1cccc(-c2ccc(-c3ccc(Oc4ccc(C5(c6ccc(O)cc6)c6ccccc6-c6ccccc65)cc4)c(C)c3)cc2)c1,air,10,5,530
Cc1cccc(-c2ccc(-c3ccc(Oc4ccc(-c5ccc(O)cc5)cc4)c(C)c3)cc2)c1,air,10,5,514
Cc1cccc(-c2ccc(-c3ccc(Oc4ccc(S(=O)(=O)c5ccc(O)cc5)cc4)c(C)c3)cc2)c1,air,10,5,422
Cc1ccccc1Oc1ccc(C(C)(C)c2ccc(Oc3ccc(-c4ccccn4)cc3C)cc2)cc1,air,10,5,503
Cc1ccccc1Oc1ccc(C(C)(C)c2ccc(Oc3ccc(-c4ccccn4)cc3C)cc2)cc1,N2,10,5,512
Cc1ccccc1Oc1ccc(C2(c3ccc(Oc4ccc(-c5ccccn5)cc4C)cc3)c3ccccc3-c3ccccc32)cc1,air,10,5,536
Cc1ccccc1Oc1ccc(C(C)(C)c2ccc(Oc3ccc(-c4cccs4)cc3C)cc2)cc1,air,10,5,486
Cc1ccccc1Oc1ccc(C(C)(C)c2ccc(Oc3ccc(-c4cccs4)cc3C)cc2)cc1,N2,10,5,521
Cc1ccccc1Oc1ccc(C2(c3ccc(Oc4ccc(-c5cccs5)cc4C)cc3)c3ccccc3-c3ccccc32)cc1,air,10,5,494
CCCCCCCCCCCCOc1ccc(C(C)(C)c2ccc(OCOc3ccc(C(C)(C)c4ccc(O)cc4)cc3)cc2)cc1,N2,10,0,425
O=C1/C(=C/c2ccccc2)CC/C1=C\c1ccc(Oc2ccc(S(=O)(=O)c3ccc(O)cc3)cc2)cc1,air,12,10,368
O=C1/C(=C/c2ccccc2)CCC/C1=C\c1ccc(Oc2ccc(S(=O)(=O)c3ccc(O)cc3)cc2)cc1,air,12,10,390
O=C1/C(=C/c2ccccc2)CCCC/C1=C\c1ccc(Oc2ccc(S(=O)(=O)c3ccc(O)cc3)cc2)cc1,air,12,10,427
CC(C)(c1ccccc1)c1ccc(Oc2ccc(S(=O)(=O)c3ccc(Oc4ccc(/C=C5\CCC/C(=C\c6ccc(Oc7ccc(S(=O)(=O)c8ccc(O)cc8)cc7)cc6)C5=O)cc4)cc3)cc2)cc1,air,12,10,435
CC(C)(c1ccccc1)c1ccc(Oc2ccc(S(=O)(=O)c3ccc(Oc4ccc(/C=C5\CCCC/C(=C\c6ccc(Oc7ccc(S(=O)(=O)c8ccc(O)cc8)cc7)cc6)C5=O)cc4)cc3)cc2)cc1,air,12,10,395
O=C1/C(=C/c2ccccc2)CC/C1=C\c1ccc(Oc2ccc(S(=O)(=O)c3ccc(Oc4ccc(C5(c6ccc(Oc7ccc(S(=O)(=O)c8ccc(O)cc8)cc7)cc6)CCCC5)cc4)cc3)cc2)cc1,air,12,10,418
O=C1/C(=C/c2ccccc2)CCC/C1=C\c1ccc(Oc2ccc(S(=O)(=O)c3ccc(Oc4ccc(C5(c6ccc(Oc7ccc(S(=O)(=O)c8ccc(O)cc8)cc7)cc6)CCCCC5)cc4)cc3)cc2)cc1,air,12,10,425
O=C1/C(=C/c2ccccc2)CCCC/C1=C\c1ccc(Oc2ccc(S(=O)(=O)c3ccc(Oc4ccc(C5(c6ccc(Oc7ccc(S(=O)(=O)c8ccc(O)cc8)cc7)cc6)CCCCCC5)cc4)cc3)cc2)cc1,air,12,10,413
Cc1ccc(OCc2ccc(COc3cccc4cccnc34)cc2)c2ncccc12,air,10,20,320
Cc1ccc(OCc2ccc(Oc3ccc(COc4cccc5cccnc45)cc3)cc2)c2ncccc12,air,10,20,350
Cc1ccc(OCC(=O)c2ccc(-c3ccc(C(=O)COc4cccc5cccnc45)cc3)cc2)c2ncccc12,air,10,20,325
Cc1ccc(OCOc2cccc3cccnc23)c2ncccc12,air,10,20,422
C1=Nc2cc3c(cc2=N1)N=C(c1ccco1)N=3,air,5,5,400
C1=Nc2cc3c(cc2=N1)N=C(c1ccco1)N=3,N2,5,5,515
O=C(Nc1ccc(O)cc1)c1ccc(C(=O)Nc2ccc(Oc3ccc(C4(c5ccccc5)C5CC6CC(C5)CC4C6)cc3)cc2)cc1,N2,20,10,462
O=C(Nc1ccc(O)cc1)c1ccc(C(=O)Nc2ccc(Oc3ccc(C4(c5ccccc5)C5CC6CC(C5)CC4C6)cc3)cc2)cc1,air,20,10,472
O=C(Nc1ccc(O)cc1)c1cccc(C(=O)Nc2ccc(Oc3ccc(C4(c5ccccc5)C5CC6CC(C5)CC4C6)cc3)cc2)c1,N2,20,10,470
O=C(Nc1ccc(O)cc1)c1cccc(C(=O)Nc2ccc(Oc3ccc(C4(c5ccccc5)C5CC6CC(C5)CC4C6)cc3)cc2)c1,air,20,10,479
O=C(Nc1ccc(O)cc1)c1ccc(-c2ccc(C(=O)Nc3ccc(Oc4ccc(C5(c6ccccc6)C6CC7CC(C6)CC5C7)cc4)cc3)cc2)cc1,N2,20,10,515
O=C(Nc1ccc(O)cc1)c1ccc(-c2ccc(C(=O)Nc3ccc(Oc4ccc(C5(c6ccccc6)C6CC7CC(C6)CC5C7)cc4)cc3)cc2)cc1,air,20,10,516
O=C(Nc1ccc(O)cc1)c1ccc(Oc2ccc(C(=O)Nc3ccc(Oc4ccc(C5(c6ccccc6)C6CC7CC(C6)CC5C7)cc4)cc3)cc2)cc1,N2,20,10,480
O=C(Nc1ccc(O)cc1)c1ccc(Oc2ccc(C(=O)Nc3ccc(Oc4ccc(C5(c6ccccc6)C6CC7CC(C6)CC5C7)cc4)cc3)cc2)cc1,air,20,10,488
O=C(Nc1ccc(O)cc1)c1ccc(S(=O)(=O)c2ccc(C(=O)Nc3ccc(Oc4ccc(C5(c6ccccc6)C6CC7CC(C6)CC5C7)cc4)cc3)cc2)cc1,N2,20,10,463
O=C(Nc1ccc(O)cc1)c1ccc(S(=O)(=O)c2ccc(C(=O)Nc3ccc(Oc4ccc(C5(c6ccccc6)C6CC7CC(C6)CC5C7)cc4)cc3)cc2)cc1,air,20,10,480
CC(C)(c1ccc(C(=O)Nc2ccc(O)cc2)cc1)c1ccc(C(=O)Nc2ccc(Oc3ccc(C4(c5ccccc5)C5CC6CC(C5)CC4C6)cc3)cc2)cc1,N2,20,10,476
CC(C)(c1ccc(C(=O)Nc2ccc(O)cc2)cc1)c1ccc(C(=O)Nc2ccc(Oc3ccc(C4(c5ccccc5)C5CC6CC(C5)CC4C6)cc3)cc2)cc1,air,20,10,497
O=C(Nc1ccc(O)cc1)c1ccc2cc(C(=O)Nc3ccc(Oc4ccc(C5(c6ccccc6)C6CC7CC(C6)CC5C7)cc4)cc3)ccc2c1,N2,20,10,472
O=C(Nc1ccc(O)cc1)c1ccc2cc(C(=O)Nc3ccc(Oc4ccc(C5(c6ccccc6)C6CC7CC(C6)CC5C7)cc4)cc3)ccc2c1,air,20,10,487
O=C(Nc1ccc(O)cc1)c1ccc(C(=O)Nc2ccc(Oc3ccc(C4(c5ccccc5)C5CC6CC(C5)CC4C6)cc3)cc2)c2ccccc12,N2,20,10,455
O=C(Nc1ccc(O)cc1)c1ccc(C(=O)Nc2ccc(Oc3ccc(C4(c5ccccc5)C5CC6CC(C5)CC4C6)cc3)cc2)c2ccccc12,air,20,10,471
O=C(/C=C/Nc1ccccc1)c1cccc(C(=O)/C=C/Nc2ccc(O)cc2)c1,air,5,10,355
O=C(/C=C/Nc1ccccc1)c1ccc(C(=O)/C=C/Nc2ccc(O)cc2)cc1,air,5,10,377
O=c1[nH]nc(-c2ccccc2)c2ccc(Oc3ccc4c(-c5ccccc5)nn(-c5ccc(S(=O)(=O)c6ccccc6)cc5)c(=O)c4c3)cc12,air,20,5,485
O=c1[nH]nc(-c2ccccc2)c2ccc(Oc3ccc4c(-c5ccccc5)nn(-c5ccc(S(=O)(=O)c6ccccc6)cc5)c(=O)c4c3)cc12,N2,20,5,499
CC(C)(c1ccc(Oc2ccc3c(=O)n(-c4ccc(S(=O)(=O)c5ccccc5)cc4)nc(-c4ccccc4)c3c2)cc1)c1ccc(Oc2ccc3c(-c4ccccc4)n[nH]c(=O)c3c2)cc1,air,20,5,471
CC(C)(c1ccc(Oc2ccc3c(=O)n(-c4ccc(S(=O)(=O)c5ccccc5)cc4)nc(-c4ccccc4)c3c2)cc1)c1ccc(Oc2ccc3c(-c4ccccc4)n[nH]c(=O)c3c2)cc1,N2,20,5,489
O=C(c1ccccc1)c1ccc(-n2nc(-c3ccccc3)c3cc(Oc4ccc5c(-c6ccccc6)n[nH]c(=O)c5c4)ccc3c2=O)cc1,air,20,5,512
O=C(c1ccccc1)c1ccc(-n2nc(-c3ccccc3)c3cc(Oc4ccc5c(-c6ccccc6)n[nH]c(=O)c5c4)ccc3c2=O)cc1,N2,20,5,497
CC(C)(c1ccc(Oc2ccc3c(=O)n(-c4ccc(C(=O)c5ccccc5)cc4)nc(-c4ccccc4)c3c2)cc1)c1ccc(Oc2ccc3c(-c4ccccc4)n[nH]c(=O)c3c2)cc1,air,20,5,465
CC(C)(c1ccc(Oc2ccc3c(=O)n(-c4ccc(C(=O)c5ccccc5)cc4)nc(-c4ccccc4)c3c2)cc1)c1ccc(Oc2ccc3c(-c4ccccc4)n[nH]c(=O)c3c2)cc1,N2,20,5,486
N#Cc1ccccc1-n1nc(-c2ccccc2)c2cc(Oc3ccc4c(-c5ccccc5)n[nH]c(=O)c4c3)ccc2c1=O,air,20,5,531
N#Cc1ccccc1-n1nc(-c2ccccc2)c2cc(Oc3ccc4c(-c5ccccc5)n[nH]c(=O)c4c3)ccc2c1=O,N2,20,5,526
CC(C)(c1ccc(Oc2ccc3c(=O)n(-c4ccccc4C#N)nc(-c4ccccc4)c3c2)cc1)c1ccc(Oc2ccc3c(-c4ccccc4)n[nH]c(=O)c3c2)cc1,air,20,5,469
CC(C)(c1ccc(Oc2ccc3c(=O)n(-c4ccccc4C#N)nc(-c4ccccc4)c3c2)cc1)c1ccc(Oc2ccc3c(-c4ccccc4)n[nH]c(=O)c3c2)cc1,N2,20,5,501
O=c1[nH]nc(-c2ccc(Oc3ccc(-c4nn(-c5ccc(S(=O)(=O)c6ccccc6)cc5)c(=O)c5ccccc45)cc3)cc2)c2ccccc12,air,20,5,477
O=c1[nH]nc(-c2ccc(Oc3ccc(-c4nn(-c5ccc(S(=O)(=O)c6ccccc6)cc5)c(=O)c5ccccc45)cc3)cc2)c2ccccc12,N2,20,5,476
O=C(c1ccccc1)c1ccc(-n2nc(-c3ccc(Oc4ccc(-c5n[nH]c(=O)c6ccccc56)cc4)cc3)c3ccccc3c2=O)cc1,air,20,5,467
O=C(c1ccccc1)c1ccc(-n2nc(-c3ccc(Oc4ccc(-c5n[nH]c(=O)c6ccccc56)cc4)cc3)c3ccccc3c2=O)cc1,N2,20,5,468
COc1ccc(C2NC(=O)N3C(c4ccc(OC)cc4)N(c4ccc(Oc5ccccc5)cc4)C(=O)N23)cc1,N2,10,5,244
Cc1ccccc1Oc1ccc(C(C)(C)c2ccc(Oc3ccc(-c4ncco4)cc3C)cc2)cc1,air,10,5,443
Cc1ccccc1Oc1ccc(-c2ccc(Oc3ccc(-c4ncco4)cc3C)cc2)cc1,air,10,5,460
Cc1ccccc1Oc1ccc(S(=O)(=O)c2ccc(Oc3ccc(-c4ncco4)cc3C)cc2)cc1,air,10,5,441
O=C(c1ccccc1)c1ccc(Oc2ccc(-c3n[nH]c(=O)c4ccccc34)cc2)cc1,air,10,0,470
O=C(c1ccccc1)c1ccc(Oc2ccc(-c3n[nH]c(=O)c4ccccc34)cc2)cc1,air,10,5,487
O=C(Nc1ccccc1)Nc1ccc(CCc2ccc(NC(=O)Nc3ccc(O)cc3)cc2)cc1,air,12,5,315
O=C(Nc1ccccc1)Nc1ccc(CCc2ccccc2NC(=O)Nc2ccc(O)cc2)cc1,air,12,5,300
O=C(Nc1ccccc1)Nc1ccccc1CCc1ccccc1NC(=O)Nc1ccc(O)cc1,air,12,5,290
Oc1ccc(-c2ccc(Oc3ccccc3)c3ccccc23)c2ccccc12,N2,30,0,539
Oc1ccc(-c2ccc(Oc3ccc(Oc4ccc(Oc5ccccc5)cc4)cc3)c3ccccc23)c2ccccc12,N2,30,0,490
Cc1c(Oc2ccccc2)cccc1Oc1ccc(Oc2ccc(-c3ccc(O)c4ccccc34)c3ccccc23)cc1,N2,30,0,458
CCCCCCc1ccc(Oc2ccccc2)cc1Oc1ccc(Oc2ccc(-c3ccc(O)c4ccccc34)c3ccccc23)cc1,N2,30,0,472
O=C1OC(c2ccc(Oc3ccc(Oc4ccc(-c5ccc(Oc6ccc(Oc7ccccc7)cc6)c6ccccc56)c5ccccc45)cc3)cc2)c2ccccc21,N2,30,0,462
O=S(=O)(c1ccc(Oc2ccccc2)cc1)c1ccc(Oc2ccc(Oc3ccc(-c4ccc(O)c5ccccc45)c4ccccc34)cc2)cc1,N2,30,0,575
NC1COC(CO)C(O)C1O,N2,20,20,666
NC1COC(CO)C(O)C1O,N2,20,10,305
CC(=O)NC1COC(CO)C(O)C1O,air,10,10,300
O=C(c1ccccc1)c1ccc(Oc2ccc(O)c(S(=O)(=O)O)c2)cc1,air,10,5,310
N#CC(C#N)=C(Nc1ccccc1)c1ccc(C(Nc2ccc(O)cc2)=C(C#N)C#N)cc1,N2,10,10,566
N#CC(C#N)=C(Nc1ccccc1)c1ccc2cc(C(Nc3ccc(O)cc3)=C(C#N)C#N)ccc2c1,N2,10,10,574
N#CC(C#N)=C(Nc1ccccc1)c1ccc(C(Nc2ccc(Oc3ccc(O)cc3)cc2)=C(C#N)C#N)cc1,N2,10,10,509
N#CC(C#N)=C(Nc1ccccc1)c1cccc(C(Nc2ccc(Oc3ccc(O)cc3)cc2)=C(C#N)C#N)c1,N2,10,10,506
CCCCCCCCCCOc1ccc(/C=C2\CC/C(=C\c3ccc(O)c(OC)c3)C2=O)cc1OC,air,10,10,265
C[SiH](C)COC(=O)CCCCCCCCC(=O)Oc1ccc(S(=O)(=O)c2ccc(Oc3ccc(/C=C4\CC/C(=C\c5ccc(Oc6ccc(S(=O)(=O)c7ccc(OC(=O)CCCCCCCCC(=O)OC[Si](C)(C)O)cc7)cc6)cc5)C4=O)cc3)cc2)cc1,air,9,10,300
C[SiH](C)COC(=O)CCCCCCCCC(=O)Oc1ccc(S(=O)(=O)c2ccc(Oc3ccc(/C=C4\CCC/C(=C\c5ccc(Oc6ccc(S(=O)(=O)c7ccc(OC(=O)CCCCCCCCC(=O)OC[Si](C)(C)O)cc7)cc6)cc5)C4=O)cc3)cc2)cc1,air,9,10,320
C[Si](C)(O)O[Si](C)(C)O[Si](C)(C)O[Si](C)(C)O[Si](C)(C)O[Si](C)(C)Oc1cc2ccccc2c2ccccc12,N2,4,0,200
C[Si](C)(O)O[Si](C)(C)O[Si](C)(C)O[Si](C)(C)O[Si](C)(C)O[Si](C)(C)Oc1cc2ccccc2c2ccccc12,air,4,0,150
C[Si](C)(O)O[Si](C)(C)O[Si](C)(C)O[Si](C)(C)O[Si](C)(C)Oc1cc2ccccc2c2ccccc12,N2,4,0,200
C[Si](C)(O)O[Si](C)(C)O[Si](C)(C)O[Si](C)(C)O[Si](C)(C)Oc1cc2ccccc2c2ccccc12,air,4,0,150
C[Si](C)(O)O[Si](C)(C)O[Si](C)(C)O[Si](C)(C)Oc1cc2ccccc2c2ccccc12,N2,4,0,225
C[Si](C)(O)O[Si](C)(C)O[Si](C)(C)O[Si](C)(C)Oc1cc2ccccc2c2ccccc12,air,4,0,225
C(=C/c1ccc(Oc2ccc(-c3nnco3)cc2)cc1)\c1ccc(Oc2ccccc2)cc1,N2,20,5,473
C(=C/c1ccc(Oc2ccc(-c3nnco3)cc2)c2ccccc12)\c1ccc(Oc2ccccc2)cc1,N2,20,5,480
C(=C/c1ccc(Oc2ccc(-c3nnco3)c3ccccc23)cc1)\c1ccc(Oc2cccc3ccccc23)cc1,N2,20,5,482
C(=C/c1ccc(Oc2ccc(-c3nnco3)c3ccccc23)c2ccccc12)\c1ccc(Oc2cccc3ccccc23)cc1,N2,20,5,490
CCCCCCOc1ccc(/C=C/c2ccc(O)cc2)cc1,N2,20,5,387
CCCCCCOc1ccc(/C=C/c2ccc(O)c3ccccc23)cc1,N2,20,5,402
CC(C)(C)C1CCC(c2ccc(Oc3ccc(C=O)cc3)cc2)(c2ccc(Oc3ccc(C(=O)Oc4ccc(C56CC7CC(CC(C7)C5)C6)c(O)c4)cc3)cc2)CC1,N2,20,10,450
Cc1cc(O)ccc1-c1ccc(OC(=O)c2ccc(Oc3ccc(C4(c5ccc(Oc6ccc(C=O)cc6)cc5)CCC(C(C)(C)C)CC4)cc3)cc2)cc1C,N2,20,10,432
CC(C)(C)C1CCC(c2ccc(Oc3ccc(C=O)cc3)cc2)(c2ccc(Oc3ccc(C(=O)Oc4ccc(C5(c6ccc(O)cc6)C6CC7CC(C6)CC5C7)cc4)cc3)cc2)CC1,N2,20,10,453
CC(C)(C)C1CCC(c2ccc(O)cc2)(c2ccc(Oc3ccc(C(=O)Oc4ccc(C5(c6ccc(OC(=O)c7ccccc7)cc6)CCC(c6ccccc6)CC5)cc4)cc3)cc2)CC1,N2,20,10,440
CC(C)(C)C1CCC(c2ccc(Oc3ccc(C=O)cc3)cc2)(c2ccc(Oc3ccc(C(=O)Oc4ccc(C5(c6ccc(O)cc6)CCCCCCCCCCC5)cc4)cc3)cc2)CC1,N2,20,10,426
CC(C)(c1ccc(OC(=O)c2ccccc2)cc1)c1ccc(OC(=O)c2ccc(Oc3ccc(C4(c5ccc(O)cc5)CCC(C(C)(C)C)CC4)cc3)cc2)cc1,N2,20,10,437
Cc1cc(C(C)(C)c2cc(C)c(OC(=O)c3ccc(Oc4ccc(C5(c6ccc(O)cc6)CCC(C(C)(C)C)CC5)cc4)cc3)c(C)c2)cc(C)c1OC(=O)c1ccccc1,N2,20,10,451
CC(C)(C)C1CCC(c2ccc(Oc3ccc(C=O)cc3)cc2)(c2ccc(Oc3ccc(C(=O)Oc4ccc(C5(c6ccc(O)cc6)CC6CC5C5CCCC65)cc4)cc3)cc2)CC1,N2,20,10,427
C[Si](C)(O)O[Si](C)(C)O[Si](C)(C)O[Si](C)(C)O[Si](C)(C)O[Si](C)(C)OC1=Cc2cccc3cccc1c23,N2,4,0,200
C[Si](C)(O)O[Si](C)(C)O[Si](C)(C)O[Si](C)(C)O[Si](C)(C)O[Si](C)(C)OC1=Cc2cccc3cccc1c23,air,4,0,180
C[Si](C)(O)O[Si](C)(C)O[Si](C)(C)O[Si](C)(C)O[Si](C)(C)OC1=Cc2cccc3cccc1c23,N2,4,0,150
C[Si](C)(O)O[Si](C)(C)O[Si](C)(C)O[Si](C)(C)O[Si](C)(C)OC1=Cc2cccc3cccc1c23,air,4,0,125
C[Si](C)(O)O[Si](C)(C)O[Si](C)(C)O[Si](C)(C)OC1=Cc2cccc3cccc1c23,N2,4,0,225
C[Si](C)(O)O[Si](C)(C)O[Si](C)(C)O[Si](C)(C)OC1=Cc2cccc3cccc1c23,air,4,0,200
C=C(C)C(=O)OCC(C)(CC)CO,N2,10,10,282
O=C(O)c1ccc(/N=N/c2ccc(C(=O)OC3COC4CCOC43)cc2)cc1,N2,10,0,320
COC1OC(COP(=O)(O)OC2OCC(O)C(O)C2O)C(O)C(O)C1O,N2,10,10,242
O=C(Nc1ccc(CC(O)c2cccc(NC(=O)c3ccc(O)cc3)c2)cc1)c1ccccc1,Ar,5,5,359
O=C(Nc1ccc(CC(O)c2cccc(NC(=O)c3ccc(O)cc3)c2)cc1)c1ccccc1,Ar,5,10,430
CCCCCCCCOc1cc(C#Cc2ccc(-c3nnco3)cc2)c(OCCCCCCCC)cc1C#Cc1ccccc1,N2,10,0,230
CCCCCCCCOc1cc(C#Cc2ccc(-c3nnco3)cc2)c(OCCCCCCCC)cc1C#Cc1ccccc1,N2,10,10,322
CCOc1ccccc1-c1nnco1,N2,20,0,326
CCCCCOc1ccccc1-c1nnco1,N2,20,0,320
CCCCCCCCOc1ccccc1-c1nnco1,N2,20,0,280
CN1C(=O)c2ccccc2C1c1ccc(Oc2ccc(C(=O)c3ccc(Oc4ccccc4)cc3)cc2)cc1,N2,10,5,525
O=C(NCCCCCCNC(=O)Nc1ccc(O)cc1)Nc1ccccc1,air,12,5,300
O=C(O)c1ccccc1C(=O)Nc1ccc(Oc2ccc(-c3ccc(Oc4ccc(NC(=O)c5cc(Oc6cccc(O)c6)ccc5C(=O)O)cc4)cc3)cc2)cc1,air,10,10,180
CCCCCCC1(CCCCCC)c2cc(/C=C/c3ccccc3)ccc2-c2ccc(/C=C/c3ccc(Oc4ccc(-c5ccc(-c6ccc(-c7ccc(O)c(C)c7)cc6)cc5)cc4C)cc3)cc21,N2,20,5,578
CCCCCCC1(CCCCCC)c2cc(/C=C/c3ccccc3)ccc2-c2ccc(/C=C/c3ccc(Oc4ccc(-c5ccc(-c6ccc(-c7ccc(O)c(C#N)c7)cc6)cc5)cc4C#N)cc3)cc21,N2,20,5,501
CC(C)(c1ccccc1)c1ccc(Oc2c(F)c(F)c(Sc3c(F)c(F)c(O)c(F)c3F)c(F)c2F)cc1,air,10,5,489
O=C(c1ccccc1)c1ccc(C(=O)c2ccc(Oc3ccc(-c4ccc(O)cc4)cc3)cc2)cc1,air,20,5,523
O=Cc1ccc(Oc2ccc(C(=O)Oc3ccc(O)c4ccccc34)cc2)cc1,N2,20,0,350
O=Cc1ccc(Oc2ccc(C(=O)Oc3cccc4c(O)cccc34)cc2)cc1,N2,20,0,418
O=Cc1ccc(Oc2ccc(C(=O)Oc3ccc4c(O)cccc4c3)cc2)cc1,N2,20,0,449
O=Cc1ccc(Oc2ccc(C(=O)Oc3cc4ccccc4cc3O)cc2)cc1,N2,20,0,403
O=Cc1ccc(Oc2ccc(C(=O)Oc3ccc4cc(O)ccc4c3)cc2)cc1,N2,20,0,493
O=Cc1ccc(Oc2ccc(C(=O)Oc3ccc4ccc(O)cc4c3)cc2)cc1,N2,20,0,410
O=C1OC(c2cc(Br)c(OP(=O)(Oc3c(Br)cccc3Br)c3ccccc3)c(Br)c2)c2ccccc21,air,10,10,273
O=C1OC(c2cc(Br)c(OP(=O)(Oc3c(Br)cccc3Br)c3ccccc3)c(Br)c2)c2ccccc21,air,10,50,362
Cc1cc(-c2cc(Oc3ccc(C(=O)c4ccc(C(=O)c5ccccc5)cc4)cc3)ccc2O)ccc1Cl,air,20,5,524
CC(O)COC(=O)/C=C/C(=O)Oc1ccc(C(C)(C)c2ccc(O)cc2)cc1,air,12,0,100
CCOCCOCCOc1ccc(/C=C/c2ccc(/C=C/c3ccc(O)c4ccccc34)cc2)c2ccccc12,N2,10,0,388
CCOCCOCCOc1ccc(/C=C/c2cc(OC)c(/C=C/c3ccc(O)c4ccccc34)cc2OC)c2ccccc12,N2,10,0,394
C[SiH](C)CCCC(=O)Oc1ccc(/C=N/c2ccc(Oc3ccc(/N=C/c4ccc(OC(=O)CCC[Si](C)(C)O)cc4)cc3)cc2)cc1,air,12,10,298
CCCCCCOc1ccc(N(c2ccccc2)c2ccc(-c3ccc(N(c4ccccc4)c4ccc(O)cc4)cc3)cc2)cc1,N2,10,5,430
CCCCCCCCCCCCOc1ccc(N(c2ccccc2)c2ccc(-c3ccc(N(c4ccccc4)c4ccc(O)cc4)cc3)cc2)cc1,N2,10,5,420
O=C(CCN1C(=O)c2ccccc2C1=O)Nc1cc(C(=O)Nc2ccccc2)cc(C(=O)Nc2ccc(O)cc2)c1,N2,10,0,330
O=C(CCN1C(=O)c2ccccc2C1=O)Nc1cc(C(=O)Nc2ccccc2)cc(C(=O)Nc2ccc(O)cc2)c1,N2,10,10,355
O=C(CCCN1C(=O)c2ccccc2C1=O)Nc1cc(C(=O)Nc2ccccc2)cc(C(=O)Nc2ccc(O)cc2)c1,N2,10,0,360
O=C(CCCN1C(=O)c2ccccc2C1=O)Nc1cc(C(=O)Nc2ccccc2)cc(C(=O)Nc2ccc(O)cc2)c1,N2,10,10,380
O=C(CCCCCN1C(=O)c2ccccc2C1=O)Nc1cc(C(=O)Nc2ccccc2)cc(C(=O)Nc2ccc(O)cc2)c1,N2,10,0,390
O=C(CCCCCN1C(=O)c2ccccc2C1=O)Nc1cc(C(=O)Nc2ccccc2)cc(C(=O)Nc2ccc(O)cc2)c1,N2,10,10,410
O=C(CCCCCCCCCCN1C(=O)c2ccccc2C1=O)Nc1cc(C(=O)Nc2ccccc2)cc(C(=O)Nc2ccc(O)cc2)c1,N2,10,0,410
O=C(CCCCCCCCCCN1C(=O)c2ccccc2C1=O)Nc1cc(C(=O)Nc2ccccc2)cc(C(=O)Nc2ccc(O)cc2)c1,N2,10,10,420
Oc1cccc2c(OC3(F)C(F)C(F)(F)C3(F)F)cccc12,N2,10,5,407
Oc1ccc(OC2(F)C(F)C(F)(F)C2(F)F)cc1,N2,10,5,397
Oc1ccc(SSc2ccccc2)cc1,N2,20,10,420.6
CCCCC(CC)Cn1c2ccccc2c2cc(Oc3ccc(-c4ccc(-c5ccc(-c6ccc(O)c(C#N)c6)cc5)cc4)cc3C#N)ccc21,N2,20,5,435
CCCCC(CC)Cn1c2ccccc2c2cc(Oc3ccc(-c4ccc(-c5ccc(-c6ccc(O)c(C)c6)cc5)cc4)cc3C)ccc21,N2,20,5,505
CC(C)(c1cccc(Br)c1)c1ccc(Oc2ccc(S(=O)(=O)c3ccc(O)cc3)cc2)c(Br)c1,N2,10,1,464.3
CC(C)(c1cccc([Si](C)(C)C)c1)c1ccc(Oc2ccc(S(=O)(=O)c3ccc(O)cc3)cc2)c([Si](C)(C)C)c1,N2,10,1,397.62
CC(C)(c1ccccc1)c1ccc(Oc2ccc(S(=O)(=O)c3ccc(O)cc3[Si](C)(C)C)c([Si](C)(C)C)c2)cc1,N2,10,1,376.1
CC(C)(c1cccc([Si](C)(C)C)c1)c1ccc(Oc2ccc(S(=O)(=O)c3ccc(O)cc3[Si](C)(C)C)c([Si](C)(C)C)c2)c([Si](C)(C)C)c1,N2,10,1,388
Cc1cc(C)cc(C(C)(C)c2cc(C)c(Oc3ccc(S(=O)(=O)c4ccc(O)c(Br)c4)cc3Br)c(C)c2)c1,N2,10,1,286.4
Cc1cc(C)cc(C(C)(C)c2cc(C)c(Oc3ccc(S(=O)(=O)c4ccc(O)cc4[Si](C)(C)C)c([Si](C)(C)C)c3)c(C)c2)c1,N2,10,1,323.1
Oc1ccc(Oc2ccc(/C=N/CCCCCC/N=C/c3ccccc3)cc2)cc1,N2,20,50,473.5
O=C(CS)N/N=C/c1ccc(OCCOc2ccc(/C=N/NC(=O)CSc3nncs3)cc2)cc1,air,10,10,380
O=C(CS)N/N=C/c1ccc(OCCCCOc2ccc(/C=N/NC(=O)CSc3nncs3)cc2)cc1,air,10,10,395
O=C(CS)N/N=C/c1ccc(OCCCCCCOc2ccc(/C=N/NC(=O)CSc3nncs3)cc2)cc1,air,10,10,365
O=C(CS)N/N=C/c1ccc(OCCCCCCCCCCOc2ccc(/C=N/NC(=O)CSc3nncs3)cc2)cc1,air,10,10,330
COc1cc(/C=N/NC(=O)CS)ccc1OCCOc1ccc(/C=N/NC(=O)CSc2nncs2)cc1OC,air,10,10,305
COc1cc(/C=N/NC(=O)CS)ccc1OCCCCOc1ccc(/C=N/NC(=O)CSc2nncs2)cc1OC,air,10,10,285
COc1cc(/C=N/NC(=O)CS)ccc1OCCCCCCOc1ccc(/C=N/NC(=O)CSc2nncs2)cc1OC,air,10,10,360
COc1cc(/C=N/NC(=O)CS)ccc1OCCCCCCCCCCOc1ccc(/C=N/NC(=O)CSc2nncs2)cc1OC,air,10,10,295
O=Cc1cccc(Cc2ccc(Oc3c(F)c(F)c(-c4c(F)c(F)c(O)c(F)c4F)c(F)c3F)c(C=O)c2)c1,air,20,5,347
CC(C)(CO)COCCC#N,N2,20,0,300
COCCOCCOCCOCC(C)(C)CO,N2,20,0,300
CC(CCC(=O)O)(c1ccccc1)c1ccc(Oc2ccc(S(=O)(=O)c3ccc(O)cc3)cc2)cc1,air,20,5,394
CC(CCC(=O)O)(c1ccccc1)c1ccc(Oc2ccc(S(=O)(=O)c3ccc(O)cc3)cc2)cc1,Ar,20,5,424
CCOC(=O)NCCCCCCNC(=O)OCCOc1ccc(/N=C/c2ccc(C(=O)Oc3ccc(/C=N/c4ccc(O)cc4)cc3)cc2)cc1,N2,10,5,310
CCCCOC(=O)NCCCCCCNC(=O)OCCCCOc1ccc(/N=C/c2ccc(C(=O)Oc3ccc(/C=N/c4ccc(O)cc4)cc3)cc2)cc1,N2,10,5,308
CCCCCCOC(=O)NCCCCCCNC(=O)OCCCCCCOc1ccc(/N=C/c2ccc(C(=O)Oc3ccc(/C=N/c4ccc(O)cc4)cc3)cc2)cc1,N2,10,5,312
CCCCCCCCOC(=O)NCCCCCCNC(=O)OCCCCCCCCOc1ccc(/N=C/c2ccc(C(=O)Oc3ccc(/C=N/c4ccc(O)cc4)cc3)cc2)cc1,N2,10,5,323
CCCCCCCCCCOC(=O)NCCCCCCNC(=O)OCCCCCCCCCCOc1ccc(/N=C/c2ccc(C(=O)Oc3ccc(/C=N/c4ccc(O)cc4)cc3)cc2)cc1,N2,10,5,320
CCOC(=O)NC1CCC(CC2CCC(NC(=O)OCCOc3ccc(/N=C/c4ccc(C(=O)Oc5ccc(/C=N/c6ccc(O)cc6)cc5)cc4)cc3)CC2)CC1,N2,10,5,316
CCCCOC(=O)NC1CCC(CC2CCC(NC(=O)OCCCCOc3ccc(/N=C/c4ccc(C(=O)Oc5ccc(/C=N/c6ccc(O)cc6)cc5)cc4)cc3)CC2)CC1,N2,10,5,314
CCCCCCOC(=O)NC1CCC(CC2CCC(NC(=O)OCCCCCCOc3ccc(/N=C/c4ccc(C(=O)Oc5ccc(/C=N/c6ccc(O)cc6)cc5)cc4)cc3)CC2)CC1,N2,10,5,319
CCCCCCCCOC(=O)NC1CCC(CC2CCC(NC(=O)OCCCCCCCCOc3ccc(/N=C/c4ccc(C(=O)Oc5ccc(/C=N/c6ccc(O)cc6)cc5)cc4)cc3)CC2)CC1,N2,10,5,322
CCCCCCCCCCOC(=O)NC1CCC(CC2CCC(NC(=O)OCCCCCCCCCCOc3ccc(/N=C/c4ccc(C(=O)Oc5ccc(/C=N/c6ccc(O)cc6)cc5)cc4)cc3)CC2)CC1,N2,10,5,312
O=C(c1ccccc1)c1ccc(C(=O)c2ccc(Oc3ccc(-c4n[nH]c(=O)c5ccccc45)c(F)c3)cc2)cc1,N2,10,5,537
O=C(c1ccccc1)c1ccc(Oc2ccc(-c3n[nH]c(=O)c4ccccc34)c(F)c2)cc1,N2,10,5,543
O=c1[nH]nc(-c2ccc(Oc3ccc(S(=O)(=O)c4ccccc4)cc3)cc2F)c2ccccc12,N2,10,5,505
O=c1[nH]nc(-c2ccc(Oc3c(F)c(F)c(-c4c(F)c(F)cc(F)c4F)c(F)c3F)cc2F)c2ccccc12,N2,10,5,534
CN(C)c1ccc(/C=C/C(=O)OCCOC(=O)c2cc(NC(=O)c3ccccc3)cc(NC(=O)c3ccc(O)cc3)c2)cc1,air,10,0,248
COC(COC(=O)O)C(COC(=O)OC1COC2CCOC21)OC,N2,10,5,293
O=C(O)OCC(O)C(O)COC(=O)OC1COC2CCOC21,N2,10,5,192
CC1(C)OC(COC(=O)O)C(COC(=O)OC2COC3CCOC32)O1,N2,10,5,350
O=C(Nc1ccc(-c2ccc(NC(=O)c3ccc(Oc4ncnc(Sc5ccccc5)n4)cc3)cc2)cc1)c1ccc(O)cc1,N2,10,0,360
O=C(Nc1ccc(S(=O)(=O)c2ccc(NC(=O)c3ccc(Oc4ncnc(Sc5ccccc5)n4)cc3)cc2)cc1)c1ccc(O)cc1,N2,10,0,355
O=C(Nc1ccc(Oc2ccc(NC(=O)c3ccc(Oc4ncnc(Sc5ccccc5)n4)cc3)cc2)cc1)c1ccc(O)cc1,N2,10,0,345
O=C(Nc1ccc(Cc2ccc(NC(=O)c3ccc(Oc4ncnc(Sc5ccccc5)n4)cc3)cc2)cc1)c1ccc(O)cc1,N2,10,0,355
O=C(Nc1ccc(-c2ccc(NC(=O)c3cccc(Oc4ncnc(Sc5ccccc5)n4)c3)cc2)cc1)c1cccc(O)c1,N2,10,0,350
O=C(Nc1ccc(S(=O)(=O)c2ccc(NC(=O)c3cccc(Oc4ncnc(Sc5ccccc5)n4)c3)cc2)cc1)c1cccc(O)c1,N2,10,0,355
O=C(Nc1ccc(Oc2ccc(NC(=O)c3cccc(Oc4ncnc(Sc5ccccc5)n4)c3)cc2)cc1)c1cccc(O)c1,N2,10,0,351
O=C(Nc1ccc(Cc2ccc(NC(=O)c3cccc(Oc4ncnc(Sc5ccccc5)n4)c3)cc2)cc1)c1cccc(O)c1,N2,10,0,345
O=P(O)(Oc1ccc(C2(c3ccccc3)CCCCC2)cc1)c1ccccc1,air,10,10,350
O=P(O)(Oc1ccc(C2(c3ccccc3)CCCCC2)cc1)c1ccccc1,air,10,0,325
CCCCc1ccc(N(c2ccccc2)c2ccc(-c3scc4c3OCCO4)cc2)cc1,N2,20,5,278
CC(C)(c1ccc(C=O)cc1)c1ccc(C(=O)Oc2ccc(Oc3ccc(O)cc3)cc2)cc1,Ar,10,10,473
O=Cc1ccccc1-c1ccccc1C(=O)Oc1ccc(Oc2ccc(O)cc2)cc1,Ar,10,10,438
O=C(c1ccccc1)c1ccc(Oc2ccc(-c3n[nH]c(=O)c4ccccc34)cc2Br)cc1,air,20,5,514
O=C(c1ccccc1)c1ccc(Oc2ccc(-c3n[nH]c(=O)c4ccccc34)cc2Br)cc1,Ar,20,5,530
CC(C)(c1ccc(Oc2ccc(/C=N/c3ccc(O)cc3)cc2)cc1)c1ccc(Oc2ccc(/C=N/c3ccc(Oc4ccc(-c5ccccc5)cc4)cc3)cc2)cc1,air,9,0,282
CC(C)(c1ccc(Oc2ccc(/C=N/c3ccc(O)cc3)cc2)cc1)c1ccc(Oc2ccc(/C=N/c3ccc(Oc4ccc(-c5ccccc5)cc4)cc3)cc2)cc1,air,9,10,438
O=S(=O)(c1ccc(O)cc1)c1ccc(Oc2ccc(/C=N/c3ccc(Oc4ccc(-c5ccc(Oc6ccc(/N=C/c7ccccc7)cc6)cc5)cc4)cc3)cc2)cc1,air,9,0,210
O=S(=O)(c1ccc(O)cc1)c1ccc(Oc2ccc(/C=N/c3ccc(Oc4ccc(-c5ccc(Oc6ccc(/N=C/c7ccccc7)cc6)cc5)cc4)cc3)cc2)cc1,air,9,10,470
O=S(=O)(c1ccc(O)cc1)c1ccc(Oc2ccc(/C=N/c3ccc(Oc4ccc(/N=C/c5ccccc5)cc4)cc3)cc2)cc1,air,9,0,205
O=S(=O)(c1ccc(O)cc1)c1ccc(Oc2ccc(/C=N/c3ccc(Oc4ccc(/N=C/c5ccccc5)cc4)cc3)cc2)cc1,air,9,10,475
O=S(=O)(c1ccc(O)cc1)c1ccc(Oc2ccc(/N=C/c3ccc(/C=N/c4ccccc4)cc3)cc2)cc1,air,9,0,207
O=S(=O)(c1ccc(O)cc1)c1ccc(Oc2ccc(/N=C/c3ccc(/C=N/c4ccccc4)cc3)cc2)cc1,air,9,10,378
O=S(=O)(c1ccc(O)cc1)c1ccc(Oc2ccc(/N=C/c3ccccc3)cc2)cc1,air,9,0,203
O=S(=O)(c1ccc(O)cc1)c1ccc(Oc2ccc(/N=C/c3ccccc3)cc2)cc1,air,9,10,420
O=Cc1cccc(C(=O)c2ccc(/C=C3\CC/C(=C\c4ccco4)C3=O)o2)c1,air,10,10,315
O=Cc1cccc(C(=O)c2ccc(/C=C3\CC/C(=C\c4ccco4)C3=O)o2)c1,air,10,20,350
O=Cc1cccc(C(=O)c2ccc(/C=C3\CC/C(=C\c4ccco4)C3=O)o2)c1,air,10,30,385
O=Cc1cccc(C(=O)c2ccc(/C=C3\CC/C(=C\c4ccco4)C3=O)o2)c1,air,10,40,445
O=Cc1cccc(C(=O)c2ccc(/C=C3\CC/C(=C\c4ccco4)C3=O)o2)c1,air,10,50,470
O=Cc1ccc(C(=O)c2ccc(/C=C3\CC/C(=C\c4ccco4)C3=O)o2)cc1,air,10,10,245
O=Cc1ccc(C(=O)c2ccc(/C=C3\CC/C(=C\c4ccco4)C3=O)o2)cc1,air,10,20,265
O=Cc1ccc(C(=O)c2ccc(/C=C3\CC/C(=C\c4ccco4)C3=O)o2)cc1,air,10,30,280
O=Cc1ccc(C(=O)c2ccc(/C=C3\CC/C(=C\c4ccco4)C3=O)o2)cc1,air,10,40,310
O=Cc1ccc(C(=O)c2ccc(/C=C3\CC/C(=C\c4ccco4)C3=O)o2)cc1,air,10,50,370
O=CCCCCC(=O)c1ccc(/C=C2\CC/C(=C\c3ccco3)C2=O)o1,air,10,10,210
O=CCCCCC(=O)c1ccc(/C=C2\CC/C(=C\c3ccco3)C2=O)o1,air,10,20,255
O=CCCCCC(=O)c1ccc(/C=C2\CC/C(=C\c3ccco3)C2=O)o1,air,10,30,280
O=CCCCCC(=O)c1ccc(/C=C2\CC/C(=C\c3ccco3)C2=O)o1,air,10,40,310
O=CCCCCC(=O)c1ccc(/C=C2\CC/C(=C\c3ccco3)C2=O)o1,air,10,50,355
O=CCCCCCCCCC(=O)c1ccc(/C=C2\CC/C(=C\c3ccco3)C2=O)o1,air,10,10,205
O=CCCCCCCCCC(=O)c1ccc(/C=C2\CC/C(=C\c3ccco3)C2=O)o1,air,10,20,250
O=CCCCCCCCCC(=O)c1ccc(/C=C2\CC/C(=C\c3ccco3)C2=O)o1,air,10,30,275
O=CCCCCCCCCC(=O)c1ccc(/C=C2\CC/C(=C\c3ccco3)C2=O)o1,air,10,40,305
O=CCCCCCCCCC(=O)c1ccc(/C=C2\CC/C(=C\c3ccco3)C2=O)o1,air,10,50,340
Cc1cc(C)cc(-c2cc(Oc3ccc(C(=O)c4ccccc4)cc3)ccc2O)c1,N2,10,0,520
Cc1cc(C)cc(-c2cc(Oc3ccc(C(=O)c4ccccc4)cc3)ccc2O)c1,N2,10,5,527
Cc1cccc(-c2cc(Oc3ccc(C(=O)c4ccccc4)cc3)ccc2O)c1,N2,10,0,525
Cc1cccc(-c2cc(Oc3ccc(C(=O)c4ccccc4)cc3)ccc2O)c1,N2,10,5,533
O=C(c1ccccc1)c1ccc(Oc2ccc(O)c(-c3ccc(Oc4ccccc4)cc3)c2)cc1,N2,10,0,516
O=C(c1ccccc1)c1ccc(Oc2ccc(O)c(-c3ccc(Oc4ccccc4)cc3)c2)cc1,N2,10,5,523
Cc1cccc(-c2cc(Oc3ccc(C(=O)c4ccc(C(=O)c5ccccc5)cc4)cc3)ccc2O)c1,N2,10,0,462
Cc1cccc(-c2cc(Oc3ccc(C(=O)c4ccc(C(=O)c5ccccc5)cc4)cc3)ccc2O)c1,N2,10,5,478
Cc1cccc(-c2cc(Oc3ccc(C(=O)c4ccc(-c5ccc(C(=O)c6ccccc6)cc5)cc4)cc3)ccc2O)c1,N2,10,0,454
Cc1cccc(-c2cc(Oc3ccc(C(=O)c4ccc(-c5ccc(C(=O)c6ccccc6)cc5)cc4)cc3)ccc2O)c1,N2,10,5,472
O=C(c1ccccc1)c1ccc(C(=O)c2ccc(Oc3ccc(O)c(-c4ccccc4)c3)cc2)cc1,N2,10,0,496
O=C(c1ccccc1)c1ccc(C(=O)c2ccc(Oc3ccc(O)c(-c4ccccc4)c3)cc2)cc1,N2,10,5,506
O=C(c1ccccc1)c1ccc(-c2ccc(C(=O)c3ccc(Oc4ccc(O)c(-c5ccccc5)c4)cc3)cc2)cc1,N2,10,0,502
O=C(c1ccccc1)c1ccc(-c2ccc(C(=O)c3ccc(Oc4ccc(O)c(-c5ccccc5)c4)cc3)cc2)cc1,N2,10,5,522
Cc1cc(-c2cc(Oc3ccc(C(=O)c4ccc(C(=O)c5ccccc5)cc4)cc3)ccc2O)ccc1S(=O)(=O)O,N2,10,0,206
Cc1cc(-c2cc(Oc3ccc(C(=O)c4ccc(C(=O)c5ccccc5)cc4)cc3)ccc2O)ccc1S(=O)(=O)O,N2,10,5,240
Cc1cc(-c2cc(Oc3ccc(C(=O)c4ccc(-c5ccc(C(=O)c6ccccc6)cc5)cc4)cc3)ccc2O)ccc1S(=O)(=O)O,N2,10,0,214
Cc1cc(-c2cc(Oc3ccc(C(=O)c4ccc(-c5ccc(C(=O)c6ccccc6)cc5)cc4)cc3)ccc2O)ccc1S(=O)(=O)O,N2,10,5,276
O=C(c1ccccc1)c1ccc(C(=O)c2ccc(Oc3ccc(O)c(-c4ccc(S(=O)(=O)O)cc4)c3)cc2)cc1,N2,10,0,204
O=C(c1ccccc1)c1ccc(C(=O)c2ccc(Oc3ccc(O)c(-c4ccc(S(=O)(=O)O)cc4)c3)cc2)cc1,N2,10,5,251
O=C(c1ccccc1)c1ccc(-c2ccc(C(=O)c3ccc(Oc4ccc(O)c(-c5ccc(S(=O)(=O)O)cc5)c4)cc3)cc2)cc1,N2,10,0,212
O=C(c1ccccc1)c1ccc(-c2ccc(C(=O)c3ccc(Oc4ccc(O)c(-c5ccc(S(=O)(=O)O)cc5)c4)cc3)cc2)cc1,N2,10,5,262
CC1OC(C)(F)C(F)(F)O1,N2,10,0,350
CC1OC(C)(F)C(C)(F)O1,N2,10,0,350
O=C(c1cccc(S(=O)(=O)O)c1)c1ccc(-n2nc(-c3ccc(Oc4ccc(-c5ccc(Oc6ccc(-c7n[nH]c(=O)c8ccccc78)cc6)cc5)cc4)cc3)c3ccccc3c2=O)c(S(=O)(=O)O)c1,N2,20,20,300
O=C(c1ccccc1)c1ccc(Oc2ccc(Nc3ccc(Nc4ccc(Nc5ccc(Nc6ccc(O)cc6)cc5)cc4)cc3)cc2)cc1,N2,0,5,250
CC(=O)Nc1ccc(NC(=O)COc2ccc3ccccc3c2Sc2c(O)ccc3ccccc23)cc1,Ar,10,10,479
CC(=O)Nc1ccc(NC(=O)COc2ccc3ccccc3c2Sc2c(O)ccc3ccccc23)cc1,Ar,10,50,485
CC(=O)Nc1cccc(NC(=O)COc2ccc3ccccc3c2Sc2c(O)ccc3ccccc23)c1,Ar,10,10,449
CC(=O)Nc1cccc(NC(=O)COc2ccc3ccccc3c2Sc2c(O)ccc3ccccc23)c1,Ar,10,50,468
CC(=O)Nc1ccc(Cc2ccc(NC(=O)COc3ccc4ccccc4c3Sc3c(O)ccc4ccccc34)cc2)cc1,Ar,10,10,441
CC(=O)Nc1ccc(Cc2ccc(NC(=O)COc3ccc4ccccc4c3Sc3c(O)ccc4ccccc34)cc2)cc1,Ar,10,50,456
CC(=O)Nc1ccc(Oc2ccc(NC(=O)COc3ccc4ccccc4c3Sc3c(O)ccc4ccccc34)cc2)cc1,Ar,10,10,465
CC(=O)Nc1ccc(Oc2ccc(NC(=O)COc3ccc4ccccc4c3Sc3c(O)ccc4ccccc34)cc2)cc1,Ar,10,50,479
CC(=O)Nc1cccc2c(NC(=O)COc3ccc4ccccc4c3Sc3c(O)ccc4ccccc34)cccc12,Ar,10,10,466
CC(=O)Nc1cccc2c(NC(=O)COc3ccc4ccccc4c3Sc3c(O)ccc4ccccc34)cccc12,Ar,10,50,482
CC(C)(c1ccccc1)c1ccc(Oc2cc(O)cc(C(=O)Oc3ccc(/N=N/c4ccc(C#N)cc4)cc3)c2)cc1,N2,10,5,403
CC(C)(c1ccccc1)c1ccc(Oc2cc(O)cc(C(=O)Oc3ccc(/N=N/c4ccc(C#N)cc4)cc3)c2)cc1,N2,10,10,417
N#COc1ccc(C(c2ccc(OC#N)cc2)(C(F)(F)F)C(F)(F)F)cc1,N2,10,10,461
N#COc1ccc(C(c2ccc(OC#N)cc2)(C(F)(F)F)C(F)(F)F)cc1,N2,10,5,453
N#COCC(F)(F)COC#N,N2,10,10,479
c1ccsc1,N2,10,0,128
Cc1ccsc1,N2,10,20,558.85
O=S1(=O)c2ccccc2-c2cc(-c3nc4cc(-c5ccc6[nH]cnc6c5)ccc4[nH]3)ccc21,air,10,10,420
Cc1ccc2[nH]c(-c3ccc4c(c3)-c3cc(-c5nc6ccccc6[nH]5)ccc3S4(=O)=O)nc2c1,air,10,10,422
c1ccc(-c2nc3ccc(-c4ccc5ncsc5c4)cc3s2)cc1,air,3,5,500
c1ccc2cc3c(-c4nc5ccc(-c6ccc7ncsc7c6)cc5s4)cccc3cc2c1,N2,3,5,475
c1ccc2cc3c(-c4nc5ccc(-c6ccc7ncsc7c6)cc5s4)cccc3cc2c1,air,3,5,460
c1ccc2c(c1)sc1ccc(-c3nc4cc(-c5ccc6[nH]cnc6c5)ccc4[nH]3)cc12,air,10,10,410
Cc1ccc2[nH]c(-c3ccc4sc5ccc(-c6nc7ccccc7[nH]6)cc5c4c3)nc2c1,air,10,10,427
O=P(c1ccccc1)(c1ccc(S)cc1)c1ccc(Sc2ccc(-c3ccccc3)cc2)cc1,N2,10,0,480
O=P(c1ccccc1)(c1ccc(S)cc1)c1ccc(Sc2ccc(-c3ccccc3)cc2)cc1,air,10,0,470
CCCCCCCCCCCCc1ccsc1,N2,10,0,414
CCCCCCCCCCCCc1ccsc1,air,10,0,263
CCCCCCc1ccsc1,air,20,40,500
CCCCCCc1ccsc1,N2,10,10,385
O=[SH]c1ccc(Sc2ccc(Sc3ccc(Sc4ccccc4)cc3)cc2)cc1,N2,20,5,386
O=[SH]c1ccc(Sc2cccc(Sc3ccccc3)c2)cc1,N2,20,5,356
CC(C)(c1ccc(C(=O)c2ccccc2)cc1)c1ccc(C(=O)c2ccc(S)cc2)cc1,N2,20,10,549
CC(C)(c1ccc(C(=O)c2ccccc2)cc1)c1ccc(C(=O)c2ccc(S)cc2)cc1,air,20,10,533
CCCCCCCCCCCCn1cccc1-c1ccc(-c2ccc(-c3cccs3)s2)s1,N2,20,20,475
CCCCCCCCCCCCn1cccc1-c1ccc(-c2ccc(-c3ccc(-c4cccs4)s3)s2)s1,N2,20,20,450
CCCCOc1ccc(OCCCC)c(-c2nc3cc4scnc4cc3s2)c1,N2,10,5,370
CCCCOc1ccc(OCCCC)c(-c2nc3cc4scnc4cc3s2)c1,air,10,5,333
CCCCCCOc1ccc(OCCCCCC)c(-c2nc3cc4scnc4cc3s2)c1,N2,10,5,373
CCCCCCOc1ccc(OCCCCCC)c(-c2nc3cc4scnc4cc3s2)c1,air,10,5,322
CCCCCCCCOc1ccc(OCCCCCCCC)c(-c2nc3cc4scnc4cc3s2)c1,N2,10,5,356
CCCCCCCCOc1ccc(OCCCCCCCC)c(-c2nc3cc4scnc4cc3s2)c1,air,10,5,324
CCCCCCCCCCOc1ccc(OCCCCCCCCCC)c(-c2nc3cc4scnc4cc3s2)c1,N2,10,5,350
CCCCCCCCCCOc1ccc(OCCCCCCCCCC)c(-c2nc3cc4scnc4cc3s2)c1,air,10,5,318
CCCCCCCCCCCCOc1ccc(OCCCCCCCCCCCC)c(-c2nc3cc4scnc4cc3s2)c1,N2,10,5,336
CCCCCCCCCCCCOc1ccc(OCCCCCCCCCCCC)c(-c2nc3cc4scnc4cc3s2)c1,air,10,5,306
CCCCCCCCCCCCOc1cccc(-c2nc3cc4scnc4cc3s2)c1,N2,10,5,365
CCCCCCCCCCCCOc1cccc(-c2nc3cc4scnc4cc3s2)c1,air,10,5,320
CCCCCCCCCCOc1cccc(-c2nc3cc4scnc4cc3s2)c1,N2,10,5,375
CCCCCCCCCCOc1cccc(-c2nc3cc4scnc4cc3s2)c1,air,10,5,323
C#CC#Cc1cccs1,N2,10,20,515
C#CC#Cc1cccs1,air,10,20,352
O=[SH](=O)c1ccc(Sc2ccccc2)cc1,air,10,0,500
O=P(c1ccccc1)(c1ccccc1)c1ccc(S)cc1,air,10,0,500
O=CCCSc1ccc(NC(=O)c2ccc(O)cc2)cc1,N2,10,10,330
O=CCCSc1ccc(NC(=O)c2ccc(O)cc2)cc1,air,10,10,325
CCCCc1ccsc1,N2,10,0,410
CCCCCCCOc1cscc1C,N2,10,10,313
CCCCOCCOc1cscc1C,N2,10,10,213
C[Si](C)(C#Cc1ccccc1)C#Cc1ccccc1,N2,10,5,610.8
C[Si](C)(C#Cc1ccccc1)C#Cc1ccccc1,air,10,5,513.4
C(#Cc1cccc(C#C[SiH2]c2ccccc2)c1)[SiH2]c1ccccc1,Ar,10,5,860
C(#Cc1cccc(C#C[SiH2]c2ccccc2)c1)[SiH2]c1ccccc1,air,10,5,567
C#Cc1cccs1,N2,10,20,500
C#Cc1cccs1,air,10,20,374
CCCCc1csc(-c2ccc(-c3cccs3)s2)c1CCCC,N2,5,1,380
CCCCSc1csc(-c2ccc(-c3ccccc3)cc2)c1,air,10,10,380
CCCCSc1csc(-c2ccc(-c3ccccc3)cc2)c1,N2,10,10,380
CCCCCCCCCCSc1csc(-c2ccc(-c3ccccc3)cc2)c1,air,10,10,380
CCCCCCCCCCSc1csc(-c2ccc(-c3ccccc3)cc2)c1,N2,10,10,380
CCCCCCCCCCCCCCCCCCSc1csc(-c2ccc(-c3ccccc3)cc2)c1,air,10,10,380
CCCCCCCCCCCCCCCCCCSc1csc(-c2ccc(-c3ccccc3)cc2)c1,N2,10,10,400
c1ccc(-c2ccc(-c3nc4cc5scnc5cc4s3)cc2)cc1,N2,10,10,735
c1ccc2cc(-c3nc4cc5scnc5cc4s3)ccc2c1,N2,10,10,735
SSc1ccc(/N=C/Nc2ccccc2)cc1,N2,10,5,295
SSc1ccc(/N=C/Nc2ccccc2)cc1,N2,10,10,327
C(=N/c1cccc(/N=C/c2ccc(-c3cccs3)cc2)c1)\c1ccccc1,N2,10,10,490
C(=N/c1ccc(C(c2ccccc2)c2ccc(/N=C/c3ccc(-c4cccs4)cc3)cc2)cc1)\c1ccccc1,N2,10,10,490
Cc1nc2cc3scnc3cc2s1,air,10,0,495
CCc1nc2cc3scnc3cc2s1,air,10,0,515
CCCc1nc2cc3scnc3cc2s1,air,10,0,420
CCCCc1nc2cc3scnc3cc2s1,air,10,0,465
CCCCCc1nc2cc3scnc3cc2s1,air,10,0,462
CCCCCCc1nc2cc3scnc3cc2s1,air,10,0,453
CCCCCCCCc1nc2cc3scnc3cc2s1,air,10,0,463
CCCCCCCCCCc1nc2cc3scnc3cc2s1,air,10,0,453
CCCCCCCCCCCCc1nc2cc3scnc3cc2s1,air,10,0,457
Cc1csc(Nc2ccccc2)c1,air,10,20,420
CCCCc1csc(-c2cc(CCCC)c(-c3ccccc3)s2)c1,N2,10,10,466
CCCCc1csc(-c2cc(CCCC)c(-c3ccccc3)s2)c1,N2,10,0,360
CCCCc1csc(-c2cc(CCCC)c(-c3ccccc3)s2)c1,air,10,10,354
CCCCc1csc(-c2cc(CCCC)c(-c3ccccc3)s2)c1,air,10,0,260
CCCCCCCCc1csc(-c2cc(CCCCCCCC)c(-c3ccccc3)s2)c1,N2,10,10,452
CCCCCCCCc1csc(-c2cc(CCCCCCCC)c(-c3ccccc3)s2)c1,N2,10,0,360
CCCCCCCCc1csc(-c2cc(CCCCCCCC)c(-c3ccccc3)s2)c1,air,10,10,315
CCCCCCCCc1csc(-c2cc(CCCCCCCC)c(-c3ccccc3)s2)c1,air,10,0,260
CCCCCCCCCCCCc1csc(-c2cc(CCCCCCCCCCCC)c(-c3ccccc3)s2)c1,N2,10,10,438
CCCCCCCCCCCCc1csc(-c2cc(CCCCCCCCCCCC)c(-c3ccccc3)s2)c1,N2,10,0,360
CCCCCCCCCCCCc1csc(-c2cc(CCCCCCCCCCCC)c(-c3ccccc3)s2)c1,air,10,10,300
CCCCCCCCCCCCc1csc(-c2cc(CCCCCCCCCCCC)c(-c3ccccc3)s2)c1,air,10,0,260
c1ccc(-c2ccc(-c3cccs3)s2)cc1,N2,10,0,360
c1ccc(-c2ccc(-c3cccs3)s2)cc1,air,10,0,260
Fc1cc(F)c(F)c(S)c1F,N2,20,0,420
Sc1ccc(Nc2ccc(Nc3ccccc3)cc2)cc1,N2,10,0,340
BrCCCCCCc1ccsc1,N2,10,0,186.85
CCSCc1ccc(Cc2ccc(CSCCOC(=O)CSCc3ccc(Cc4ccc(CSCC(=O)O)cc4)cc3)cc2)cc1,air,10,0,265
CCSCc1ccc(Cc2ccc(CSCCOC(=O)CCSCc3ccc(Cc4ccc(CSCCC(=O)O)cc4)cc3)cc2)cc1,air,10,0,280
O=c1c2ccccc2cnn1-c1ccc(S(=O)(=O)c2ccc(-n3nc(-c4ccc(Sc5ccccc5)cc4)c4ccccc4c3=O)cc2)cc1,air,20,5,465
O=c1c2ccccc2cnn1-c1ccc(S(=O)(=O)c2ccc(-n3nc(-c4ccc(Sc5ccccc5)cc4)c4ccccc4c3=O)cc2)cc1,N2,20,5,471
O=C(c1ccccc1)c1ccc(-n2nc(-c3ccc(Sc4ccc(-c5n[nH]c(=O)c6ccccc56)cc4)cc3)c3ccccc3c2=O)cc1,air,20,5,459
O=C(c1ccccc1)c1ccc(-n2nc(-c3ccc(Sc4ccc(-c5n[nH]c(=O)c6ccccc56)cc4)cc3)c3ccccc3c2=O)cc1,N2,20,5,461
CCCCCCCCc1cc(-c2cc(OC)c(-c3ccccc3)s2)c(CCCCCCCC)cc1-c1cc(OC)cs1,air,10,20,388
CCCCCCCCc1cc(-c2ccc(-c3ccccc3)s2)c(CCCCCCCC)cc1-c1cccs1,air,10,20,485
CCCCCCCCc1ccc(CCCCCCCC)c(-c2cc(Cl)c(-c3ccc(-c4sccc4Cl)cc3)s2)c1,air,10,20,485
CCCCCCCCc1ccc(CCCCCCCC)c(-c2cc(Br)c(-c3ccc(-c4sccc4Br)cc3)s2)c1,air,10,20,360
CCCCCCCCc1ccc(CCCCCCCC)c(-c2cc(C#N)c(-c3ccc(-c4sccc4C#N)cc3)s2)c1,air,10,20,526
O=C(O)Cc1ccsc1,N2,10,10,264
O=C(O)Cc1ccsc1,air,5,5,105
CCCCCCSc1ccsc1,N2,10,10,300
CCCCCCSc1ccsc1,air,10,10,300
CCCCCCCCCCCCSc1ccsc1,N2,10,10,300
CCCCCCCCCCCCSc1ccsc1,air,10,10,300
CCCCOC(=O)c1ccsc1,air,10,0,493
CCCCCCCCC1(CCCCCCCC)c2cc(-c3cccs3)ccc2-c2ccc(-c3ccc(-c4cccnc4)s3)cc21,N2,10,5,412
CCCCc1ccc(N(c2ccccc2)c2ccc(-c3cccs3)cc2)cc1,N2,20,5,466
Fc1ccc(-c2ccsc2)cc1,N2,10,20,568.85
NCc1cc(C(=O)O)cc(CNc2nc(-c3cscn3)cs2)c1N,N2,10,0,300
NCc1cc(C(=O)O)cc(CNc2nc(-c3cscn3)cs2)c1N,N2,10,10,372
COCC(=O)OCCCCCCc1ccsc1,air,10,0,244
COCC(=O)OCCCCCCc1ccsc1,N2,10,0,380
O=C(Cc1ccccc1)OCCCCCCc1ccsc1,air,10,0,270
O=C(Cc1ccccc1)OCCCCCCc1ccsc1,N2,10,0,380
O=C(COc1ccccc1)OCCCCCCc1ccsc1,air,10,0,298
O=C(COc1ccccc1)OCCCCCCc1ccsc1,N2,10,0,380
BrCCCCCCc1csc(-c2cccs2)c1,air,10,0,335
BrCCCCCCc1csc(-c2cccs2)c1,N2,10,0,400
O=C(COc1ccccc1)OCCCCCCc1csc(-c2cccs2)c1,air,10,0,375
O=C(COc1ccccc1)OCCCCCCc1csc(-c2cccs2)c1,N2,10,0,400
COc1ccc(-c2ccsc2)cc1,air,20,5,330
CCCCOc1ccc(-c2ccsc2)cc1,air,20,5,315
CCCCCCOc1ccc(-c2ccsc2)cc1,air,20,5,305
CCCCCCCCOc1ccc(-c2ccsc2)cc1,air,20,5,300
C[Si](C)(C)C#Cc1cccc(C#C[SiH](C#Cc2cccc(C#C[Si](C)(C)C)c2)c2ccccc2)c1,Ar,10,5,894
C[Si](C)(C)C#Cc1cccc(C#C[SiH](C#Cc2cccc(C#C[Si](C)(C)C)c2)c2ccccc2)c1,air,10,5,573
C[Si](C)(C)C#Cc1ccc(C#C[SiH](C#Cc2ccc(C#C[Si](C)(C)C)cc2)c2ccccc2)cc1,Ar,10,5,577
C[Si](C)(C)C#Cc1ccc(C#C[SiH](C#Cc2ccc(C#C[Si](C)(C)C)cc2)c2ccccc2)cc1,air,10,5,476
C[Si](C)(C)C#Cc1ccccc1C#C[SiH](C#Cc1ccccc1C#C[Si](C)(C)C)c1ccccc1,Ar,10,5,561
C[Si](C)(C)C#Cc1ccccc1C#C[SiH](C#Cc1ccccc1C#C[Si](C)(C)C)c1ccccc1,air,10,5,567
C[SiH](C#Cc1cccc(C#C[Si](C)(C)C)c1)C#Cc1cccc(C#C[Si](C)(C)C)c1,air,10,5,546
C[Si](C)(C)C#Cc1cccc(C#C[SiH2]C#Cc2cccc(C#C[Si](C)(C)C)c2)c1,air,10,5,572
C#Cc1cccc(C#C[SiH2]c2ccccc2)c1,Ar,10,5,894
C#Cc1cccc(C#C[SiH2]c2ccccc2)c1,air,10,5,573
CC(c1ccccc1)(c1ccc(O)cc1)c1ccc(OC(=O)c2cccc(C=O)c2)cc1,N2,10,0,475.9
COc1cc(/C=N/c2cccc3c(/N=C/c4ccc(OC(=O)CCCCC=O)c(OC)c4)cccc23)ccc1O,air,10,5,200
COc1cc(/C=N/c2ccc(/N=C/c3ccc(OC(=O)c4ccc(C=O)cc4)c(OC)c3)cc2)ccc1O,air,10,5,230
COc1cc(/C=N/c2ccc(-c3ccc(/N=C/c4ccc(OC(=O)c5ccc(C=O)cc5)c(OC)c4)cc3)cc2)ccc1O,air,10,5,230
COc1cc(/C=N/c2ccc(-c3ccc(/N=C/c4ccc(OC(=O)c5cccc(C=O)c5)c(OC)c4)cc3)cc2)ccc1O,air,10,5,200
CC(C)(c1ccc(O)cc1)c1ccc(OC(=O)c2c(Cl)c(Cl)c(C=O)c(Cl)c2Cl)cc1,N2,20,5,426
CC(C)(c1ccc(O)cc1)c1ccc(OC(=O)c2c(F)c(F)c(C=O)c(F)c2F)cc1,N2,20,5,264
CC1(C)CC(C)(c2ccc(OC(=O)c3cccc(C=O)c3)cc2)c2cc(O)ccc21,N2,10,10,475
CC1(C)CC(C)(c2ccc(OC(=O)c3ccc(C=O)cc3)cc2)c2cc(O)ccc21,N2,10,10,480
O=Cc1ccc(C(=O)Oc2ccc(O)cc2)c(Sc2ccc3ccccc3c2)c1,air,10,5,441
O=Cc1ccc(C(=O)Oc2ccc(-c3ccc(O)cc3)cc2)c(Sc2ccc3ccccc3c2)c1,air,10,5,441
CC(C)(c1ccc(O)cc1)c1ccc(OC(=O)c2ccccc2-c2ccccc2C=O)cc1,Ar,10,10,448
O=Cc1ccc(-c2ccc(C(=O)Oc3ccc(-c4ccc(O)cc4)cc3)cc2)cc1,N2,10,5,530
O=Cc1ccc(-c2ccc(O)cc2)cc1,air,10,5,528
O=Cc1ccc(-c2ccc(O)cc2)cc1,air,10,1,390
O=Cc1ccc(-c2ccc(O)cc2)cc1,air,10,10,560
O=Cc1ccc(C(=O)Oc2ccc(C(=O)OCCCCCCCOC(=O)c3ccc(O)cc3)cc2)cc1,N2,10,1,350
O=Cc1ccc2cc(O)ccc2c1,air,10,5,510
O=CCCCCCCC(=O)OC1CCC(C2CCC(O)CC2)CC1,N2,20,0,310
O=CCCCCCCCC(=O)OC1CCC(C2CCC(O)CC2)CC1,N2,20,0,310
O=CCCCCCCCCC(=O)OC1CCC(C2CCC(O)CC2)CC1,N2,20,0,310
O=CCCCCCCCCCC(=O)OC1CCC(C2CCC(O)CC2)CC1,N2,20,0,310
O=CCCCCCCCCCCC(=O)OC1CCC(C2CCC(O)CC2)CC1,N2,20,0,310
O=CCCCCCCCCCCCC(=O)OC1CCC(C2CCC(O)CC2)CC1,N2,20,0,310
O=CCCCCCCCCCCCCC(=O)OC1CCC(C2CCC(O)CC2)CC1,N2,20,0,310
CCCc1cc(C=O)ccc1O,N2,10,1,350
CCCc1cc(C=O)ccc1O,air,10,1,190
CCCCCc1cc(C=O)ccc1O,N2,10,1,350
CCCCCc1cc(C=O)ccc1O,air,10,1,190
CCCCCCc1cc(C=O)ccc1O,N2,10,1,350
CCCCCCc1cc(C=O)ccc1O,air,10,1,190
CCCCCCCCCCc1cc(C=O)ccc1O,N2,10,1,350
CCCCCCCCCCc1cc(C=O)ccc1O,air,10,1,190
CCCCCCCCCCCCc1cc(C=O)ccc1O,N2,10,1,350
CCCCCCCCCCCCc1cc(C=O)ccc1O,air,10,1,190
CCCCCCCCCCCCCCc1cc(C=O)ccc1O,N2,10,1,350
CCCCCCCCCCCCCCc1cc(C=O)ccc1O,air,10,1,190
CCCCCCCCCCCCCCCCc1cc(C=O)ccc1O,N2,10,1,350
CCCCCCCCCCCCCCCCc1cc(C=O)ccc1O,air,10,1,190
CCCCCCCCCCCCCCCCCCc1cc(C=O)ccc1O,N2,10,1,350
CCCCCCCCCCCCCCCCCCc1cc(C=O)ccc1O,air,10,1,190
CCCCCCOc1cc(-c2ccc(OC(=O)c3ccc(C=O)cc3)cc2)c(OCCCCCC)cc1-c1ccc(O)cc1,air,10,35,400
O=Cc1ccc(C(=O)Oc2ccc(O)cc2)c(Oc2ccccc2)c1,air,10,5,388
O=Cc1ccc(C(=O)Oc2ccc(O)cc2)c(Oc2ccc(Cl)cc2)c1,air,10,5,420
Cc1c(C)c(C)c(CSC(=O)CCC(=O)S)c(C)c1C,air,4,5,250
Cc1c(C)c(C)c(CSC(=O)CCCCCCC(=O)S)c(C)c1C,air,4,1,300
O=Cc1ccc(C(=O)Oc2ccc(O)cc2)c(Oc2ccc(Br)cc2)c1,air,10,5,425
O=Cc1ccc(C(=O)Oc2ccc(O)cc2)c(Oc2ccc(F)cc2)c1,air,10,5,400
O=Cc1ccc(C(=O)Oc2ccc(O)cc2)c(Oc2ccc(C3CCCCC3)cc2)c1,air,10,5,421
CC(C)(c1ccc(NC(=O)c2ccc(O)cc2)cc1)c1ccc(NC(=O)c2ccc(OC(=O)c3ccc(C=O)cc3)cc2)cc1,air,20,1,408
CC(C)(c1ccc(NC(=O)c2ccc(O)cc2)cc1)c1ccc(NC(=O)c2ccc(OC(=O)c3cccc(C=O)c3)cc2)cc1,air,20,1,414
Cc1ccc(C(C)(C)c2ccc(C)c(NC(=O)c3ccc(OC(=O)c4ccc(C=O)cc4)cc3)c2)cc1NC(=O)c1ccc(O)cc1,air,20,1,407
Cc1ccc(C(C)(C)c2ccc(C)c(NC(=O)c3ccc(OC(=O)c4cccc(C=O)c4)cc3)c2)cc1NC(=O)c1ccc(O)cc1,air,20,1,403
O=Cc1ccc(/N=C/c2ccc(/C=N/c3ccc(C(=O)Oc4ccc(/C=C5\CC/C(=C\c6ccc(O)cc6)C5=O)cc4)cc3)cc2)cc1,air,10,10,275
COc1cc(/C=C2\CC/C(=C\c3ccc(OC(=O)c4ccc(/N=C/c5ccc(/C=N/c6ccc(C=O)cc6)cc5)cc4)c(OC)c3)C2=O)ccc1O,air,10,10,270
O=Cc1ccc(/N=C/c2ccc(/C=N/c3ccc(C(=O)Oc4ccc(/C=C5\CCC/C(=C\c6ccc(O)cc6)C5=O)cc4)cc3)cc2)cc1,air,10,10,250
COc1cc(/C=C2\CCC/C(=C\c3ccc(OC(=O)c4ccc(/N=C/c5ccc(/C=N/c6ccc(C=O)cc6)cc5)cc4)c(OC)c3)C2=O)ccc1O,air,10,10,235
Cc1ccc(-c2ccc(CSC(=O)C(=O)S)cc2)cc1,air,10,1,240
Cc1ccc(-c2ccc(CSC(=O)CCCCC(=O)S)cc2)cc1,air,10,1,290
Cc1ccc(-c2ccc(CSC(=O)CCCCCCCCC(=O)S)cc2)cc1,air,10,1,320
C#Cc1cccc(C#C[SiH](c2ccccc2)c2ccccc2)c1,Ar,10,5,547
O=CCCCCCCC(=O)Sc1ccc(-c2ccc(S)cc2)cc1,air,10,10,350
CCOC(=O)c1ccc(C(=O)O)c2c1CC2,N2,10,5,395
O=Cc1ccc(-c2ccc(C(=O)Oc3ccc(/C=C4\CCC/C(=C\c5ccc(O)cc5)C4=O)cc3)cc2)cc1,air,10,10,345
O=Cc1ccc(C(=O)Oc2ccc(/C=C3\CCC/C(=C\c4ccc(O)cc4)C3=O)cc2)cc1,air,10,10,320
O=Cc1cccc(C(=O)Oc2ccc(/C=C3\CCC/C(=C\c4ccc(O)cc4)C3=O)cc2)c1,air,10,10,305
O=CCCCCC(=O)Oc1ccc(/C=C2\CCC/C(=C\c3ccc(O)cc3)C2=O)cc1,air,10,10,290
O=CCCCCCCCCC(=O)Oc1ccc(/C=C2\CCC/C(=C\c3ccc(O)cc3)C2=O)cc1,air,10,10,280
COc1cc(/C=C2\CCC/C(=C\c3ccc(OC(=O)c4ccc(-c5ccc(C=O)cc5)cc4)c(OC)c3)C2=O)ccc1O,air,10,10,350
COc1cc(/C=C2\CCC/C(=C\c3ccc(OC(=O)c4cccc(C=O)c4)c(OC)c3)C2=O)ccc1O,air,10,10,325
COc1cc(/C=C2\CCC/C(=C\c3ccc(OC(=O)c4ccc(C=O)cc4)c(OC)c3)C2=O)ccc1O,air,10,10,330
COc1cc(/C=C2\CCC/C(=C\c3ccc(OC(=O)CCCCC=O)c(OC)c3)C2=O)ccc1O,air,10,10,305
COc1cc(/C=C2\CCC/C(=C\c3ccc(OC(=O)CCCCCCCCC=O)c(OC)c3)C2=O)ccc1O,air,10,10,295
O=Cc1ccc(/N=N/c2ccc(C(=O)Oc3ccc(/C=C4\CC/C(=C\c5ccc(O)cc5)C4=O)cc3)cc2)cc1,air,10,10,305
COc1cc(/C=C2\CC/C(=C\c3ccc(OC(=O)c4ccc(/N=N/c5ccc(C=O)cc5)cc4)c(OC)c3)C2=O)ccc1O,air,10,10,315
O=Cc1ccc(/N=N/c2ccc(C(=O)Oc3ccc(/C=C4\CCC/C(=C\c5ccc(O)cc5)C4=O)cc3)cc2)cc1,air,10,10,340
COc1cc(/C=C2\CCC/C(=C\c3ccc(OC(=O)c4ccc(/N=N/c5ccc(C=O)cc5)cc4)c(OC)c3)C2=O)ccc1O,air,10,10,310
O=Cc1cccc(/N=N/c2cccc(C(=O)Oc3ccc(/C=C4\CC/C(=C\c5ccc(O)cc5)C4=O)cc3)c2)c1,air,10,10,295
COc1cc(/C=C2\CC/C(=C\c3ccc(OC(=O)c4cccc(/N=N/c5cccc(C=O)c5)c4)c(OC)c3)C2=O)ccc1O,air,10,10,300
O=Cc1cccc(/N=N/c2cccc(C(=O)Oc3ccc(/C=C4\CCC/C(=C\c5ccc(O)cc5)C4=O)cc3)c2)c1,air,10,10,335
COc1cc(/C=C2\CCC/C(=C\c3ccc(OC(=O)c4cccc(/N=N/c5cccc(C=O)c5)c4)c(OC)c3)C2=O)ccc1O,air,10,10,305
CCCCOC(=O)c1ccc(N/C=N/c2ccc(C(=O)O)cc2)cc1,N2,10,5,332
CCCCOC(=O)c1ccc(N/C=N/c2ccc(C(=O)O)cc2)cc1,N2,10,10,357
C[Si](C)(c1ccc(C(=O)Oc2ccccc2)cc1)c1ccc(C(=O)Oc2ccc(C3OC(=O)c4ccccc43)cc2)cc1,N2,10,0,434
C[Si](C)(c1ccc(C(=O)Oc2ccccc2)cc1)c1ccc(C(=O)Oc2ccc(C3c4ccccc4C(=O)N3c3ccccc3)cc2)cc1,N2,10,0,478
C[Si](C)(c1ccc(C(=O)Oc2ccccc2)cc1)c1ccc(C(=O)Oc2ccc(C3NC(=O)c4ccccc43)cc2)cc1,N2,10,0,416
O=Cc1ccc(C(=O)c2ccc(C(=O)Oc3ccc(-c4ccc(O)c(-c5ccccc5)c4)cc3-c3ccccc3)cc2)cc1,N2,20,5,506
CC(C)(c1ccc(O)cc1)c1ccc(OC(=O)c2ccc(C(C)(C)c3ccc(C=O)cc3)cc2)cc1,N2,20,5,353
CCN(CCOC(=O)c1ccc([Si](C)(C)c2ccc(C(=O)O)cc2)cc1)c1ccc(/C=C/c2ccc(N)cc2)cc1,N2,10,0,222
CCN(CCOC(=O)c1ccc(C(=O)O)c(C(=O)Nc2ccc(NC(=O)c3cc(C(=O)O)ccc3C(=O)O)cc2)c1)c1ccc(/N=N/c2ccc(N)cc2)cc1,N2,15,10,311
O=Cc1ccc(C(=O)Oc2ccc(C(=O)NNC(=O)c3ccc(C(=O)NNC(=O)c4ccc(O)cc4)c(Oc4ccccc4)c3)cc2)cc1,air,12,5,314
CCOC(=O)C1C2C=CC(C2)C1C(=O)O,N2,10,10,280
O=Cc1cccc(C(=O)Oc2ccc(CCNC(=O)c3cccc(C(=O)NCCc4ccc(O)cc4)c3)cc2)c1,N2,10,10,408
O=Cc1cccc(C(=O)Oc2ccc(CCNC(=O)c3cccc(C(=O)NCCc4ccc(O)cc4)c3)cc2)c1,air,10,10,408
O=Cc1cccc(C(=O)NCCc2ccc(O)cc2)c1,N2,10,10,406
O=Cc1cccc(C(=O)NCCc2ccc(O)cc2)c1,air,10,10,402
CCN(CCOC(=O)c1ccc(C(=O)O)cc1)c1ccc(C=C(C#N)C#N)cc1,N2,20,5,369
CCCOc1cc(C(=O)OCCN(CC)c2ccc(-c3nc4ccc(N)cc4o3)cc2)ccc1C(=O)O,N2,20,5,344
CCN(CCOC(=O)c1ccc(C(=O)O)cc1)c1ccc(-c2nc3ccc(N)cc3o2)cc1,N2,20,5,316
CCCOc1cc(C(=O)OCCN(CC)c2ccc(C=C(C#N)C#N)cc2)ccc1C(=O)O,N2,20,5,369
O=Cc1ccc(C(=O)OC(CCl)COC(=O)C2=C(C(=O)OCC(O)CCl)C3C=CC2C3)cc1,N2,10,5,212
O=Cc1ccc(C(=O)OC(CCl)COC(=O)C2=C(C(=O)OCC(O)CCl)C3C=CC2C3)cc1,N2,10,10,334
O=Cc1ccc(C(=O)OC(COC(=O)C2=C(C(=O)OCC(O)COC(=O)C3=C(c4ccccc4)C4C=CC3C4)C3C=CC2C3)COC(=O)C2=C(c3ccccc3)C3C=CC2C3)cc1,N2,10,5,252
O=Cc1ccc(C(=O)OC(COC(=O)C2=C(C(=O)OCC(O)COC(=O)C3=C(c4ccccc4)C4C=CC3C4)C3C=CC2C3)COC(=O)C2=C(c3ccccc3)C3C=CC2C3)cc1,N2,10,10,348
CCCOc1cc(C(=O)OCCN(CC)c2ccc(/N=N/c3ccc(-c4nc5ccccc5o4)cc3)cc2)ccc1C(=O)O,N2,20,5,338
CCCC(=O)NCCCCCCNC(=O)CCCOC(=O)c1ccc(C(=O)O)cc1,N2,20,5,250
Nc1cc(/N=N/c2ccc(O)cc2)ccc1Cc1ccc(/N=N/c2ccc(OC(=O)c3ccc(/N=N/c4ccc(C=O)cc4)cc3)cc2)cc1N,N2,10,0,391
Nc1cc(/N=N/c2ccc(O)cc2)ccc1S(=O)(=O)c1ccc(/N=N/c2ccc(OC(=O)c3ccc(/N=N/c4ccc(C=O)cc4)cc3)cc2)cc1N,N2,10,0,420
CCOC(=O)C1=CCCCC(N2CCCC2)=C1C(=O)O,N2,10,10,285
CCOCCOc1cc(C=O)ccc1C(=O)Oc1cc(OCCOC)c(O)cc1OCCOC,N2,20,0,346
CCOCCOc1cc(C=O)ccc1C(=O)Oc1cc(OCCOC)c(O)cc1OCCOC,N2,20,5,371
CCOCCOc1cc(C=O)ccc1C(=O)Oc1cc(OCCOC)c(O)cc1OCCOC,N2,20,10,382
CCCCCCCCCCCCCCCCCCCCCCOC(=O)CCC(=O)O,N2,10,1,264
CCCCCCCCCCCCCCCCCCCCCCOC(=O)CCCCC(=O)O,N2,10,1,184
CCCCCCCCCCCCCCCCCCCCCCOC(=O)Cc1ccccc1CC(=O)O,N2,10,1,272
CCCCCCCCCCCCCCCCCCCCCCOC(=O)CC(CC(=O)O)c1ccccc1,N2,10,1,260
C[SiH](C)CCCC(=O)Oc1ccc(/C=N/c2ccc(/N=C/c3ccc(OC(=O)CCC[Si](C)(C)O)cc3)cc2)cc1,air,12,10,290
C[SiH](C)CCCC(=O)Oc1ccc(/C=N/c2ccc(Cc3ccc(/N=C/c4ccc(OC(=O)CCC[Si](C)(C)O)cc4)cc3)cc2)cc1,air,12,10,235
COCCOc1cc(OC(=O)c2ccc(C=O)cc2-c2ccccc2)c(OCCOC)cc1O,N2,20,0,345
COCCOc1cc(OC(=O)c2ccc(C=O)cc2-c2ccccc2)c(OCCOC)cc1O,N2,20,5,368
COCCOc1cc(OC(=O)c2ccc(C=O)cc2-c2ccccc2)c(OCCOC)cc1O,N2,20,10,380
CCOC(=O)c1cc(C(=O)O)cc(C(C)(C)C)c1,N2,10,10,410
CC(C)(C)C1CCC(c2ccc(O)cc2)(c2ccc(OC(=O)c3ccc(C=O)cc3)cc2)CC1,N2,20,10,411
CC(=O)Nc1ccc(O)c(C(=O)OC(=O)c2cc(NC(C)=O)ccc2OC(=O)CCCCCCCCC=O)c1,N2,20,0,375
CC(=O)Nc1ccc(C(=O)OC(=O)c2ccc(NC(C)=O)cc2OC(=O)CCCCCCCCC=O)c(O)c1,N2,20,0,360
O=Cc1ccc(/N=N/c2ccc(O)cc2)cc1,air,20,10,259
O=Cc1ccc(/N=N/c2ccc(O)cc2)cc1,air,20,50,500
CCCCCCCCCCCCCCCc1cc(O)ccc1/N=N/c1ccc(C=O)cc1,air,20,10,180
CCCCCCCCCCCCCCCc1cc(O)ccc1/N=N/c1ccc(C=O)cc1,air,20,50,400
Cc1cc(/N=N/c2ccc(C=O)cc2)ccc1O,air,20,10,347
Cc1cc(/N=N/c2ccc(C=O)cc2)ccc1O,air,20,50,480
Cc1cc(/N=N/c2ccc(C=O)cc2)cc(C)c1O,air,20,10,278
Cc1cc(/N=N/c2ccc(C=O)cc2)cc(C)c1O,air,20,50,480
O=Cc1ccc(/N=N/c2ccc(-c3ccc(O)cc3)cc2)cc1,air,20,10,326
O=Cc1ccc(/N=N/c2ccc(-c3ccc(O)cc3)cc2)cc1,air,20,50,572
O=Cc1ccc(/N=N/c2ccc(O)c3ccccc23)cc1,air,20,10,262
O=Cc1ccc(/N=N/c2ccc(O)c3ccccc23)cc1,air,20,50,480
O=Cc1ccc(/N=N/c2c(O)ccc3ccccc23)cc1,air,20,10,187
O=Cc1ccc(/N=N/c2c(O)ccc3ccccc23)cc1,air,20,50,330
CCCC(=O)NCCCCCCNC(=O)CCCOC(=O)c1cccc(C(=O)O)c1,N2,20,5,295
CCCC(=O)NCc1ccc(CNC(=O)CCCOC(=O)c2cccc(C(=O)O)c2)cc1,N2,20,5,248
CCCC(=O)Nc1ccc(NC(=O)CCCOC(=O)c2cccc(C(=O)O)c2)cc1,N2,20,5,341
CCCC(=O)NCCCCCCNC(=O)CCCOC(=O)c1ccc2cc(C(=O)O)ccc2c1,N2,20,5,320
CCCC(=O)NCc1ccc(CNC(=O)CCCOC(=O)c2ccc3cc(C(=O)O)ccc3c2)cc1,N2,20,5,290
CCCC(=O)Nc1ccc(NC(=O)CCCOC(=O)c2ccc3cc(C(=O)O)ccc3c2)cc1,N2,20,5,245
CCCC(=O)NCCCCCCNC(=O)CCCOC(=O)c1ccc(-c2ccc(C(=O)O)cc2)cc1,N2,20,5,315
CCCC(=O)NCc1ccc(CNC(=O)CCCOC(=O)c2ccc(-c3ccc(C(=O)O)cc3)cc2)cc1,N2,20,5,310
CCCC(=O)Nc1ccc(NC(=O)CCCOC(=O)c2ccc(-c3ccc(C(=O)O)cc3)cc2)cc1,N2,20,5,319
CCCC(=O)NCc1ccc(CNC(=O)CCCOC(=O)c2ccc(C(=O)O)cc2)cc1,N2,20,5,330
CCCC(=O)Nc1ccc(NC(=O)CCCOC(=O)c2ccc(C(=O)O)cc2)cc1,N2,20,5,325
CCCOc1cc(C(=O)OCCN(CC)c2ccc(/N=N/c3ccc(-c4nc5cc(N)ccc5[nH]4)cc3)cc2)ccc1C(=O)O,air,10,5,285
CCCOc1cc(C(=O)OCCN(CC)c2ccc(/N=N/c3nc(C#N)c(C#N)[nH]3)cc2)ccc1C(=O)O,air,10,5,305
CCCCCOc1cc(C(=O)OCCN(CC)c2ccc(/N=N/c3nc(C#N)c(C#N)[nH]3)cc2)ccc1C(=O)O,air,10,5,291
Cc1cccc(-c2cc(OC(=O)c3ccc(C=O)cc3)ccc2O)c1,air,10,5,436.3
CC(=O)NCCCCCCNC(=O)COC(=O)CCC(=O)O,N2,20,0,240
CC(=O)NCCCCCCNC(=O)COC(=O)CCC(=O)O,N2,20,50,375
CC(=O)NCCCCCCNC(=O)COC(=O)CCCCCCCCCCC(=O)O,N2,20,0,275
CC(=O)NCCCCCCNC(=O)COC(=O)CCCCCCCCCCC(=O)O,N2,20,50,458
C#Cc1ccc(/C=N\c2cccc(Oc3cccc(Oc4cccc(/N=C\c5ccc(C#C)cc5)c4)c3C#N)c2)cc1,N2,10,0,500
CCCC(C)(C)CNC(=O)CCCCCCCCC(N)=O,Ar,1,5,382
CCCC(C)(C)CNC(=O)CCCCCCCCC(N)=O,air,1,5,342
CCNC(=O)CCP(C)(=O)CCC(N)=O,N2,10,1,100
CCCCCCCCNC(=O)CCP(C)(=O)CCC(N)=O,N2,10,1,100
CCCCCCNC(=O)c1c(F)c(F)c(C(N)=O)c(F)c1F,N2,20,5,379
Nc1ccc(-c2ccc(NC(=O)c3cccc(C=O)c3)c(O)c2)cc1O,N2,20,0,400
Nc1cc(NC(=O)c2ccc(C=O)cc2)cc(C(=O)Oc2ccccc2)c1,N2,20,10,433
Nc1cc(NC(=O)c2ccc(C=O)cc2)cc(C(=O)Oc2ccc(-c3ccccc3)cc2)c1,N2,20,10,489
Nc1cc(NC(=O)c2ccc(C=O)cc2)cc(C(=O)Oc2cccc3ccccc23)c1,N2,20,10,493
Nc1cc(NC(=O)c2ccc(C=O)cc2)cc(C(=O)OC(c2ccccc2)c2ccccc2)c1,N2,20,10,489
CNC(=O)CCCCCCC(N)=O,N2,10,5,520
NC(=O)c1ccc(C(=O)Nc2cncnc2)cc1,air,10,30,504
NC(=O)c1ccc(C(=O)Nc2cncnc2)cc1,N2,10,30,521
COC(=O)C(N)CC=O,N2,10,1,240
CCOC(=O)C(N)CC=O,N2,10,1,240
CCCCOC(=O)C(N)CC=O,N2,10,1,240
CCCCCCOC(=O)C(N)CC=O,N2,10,1,240
CCCCCCCCOC(=O)C(N)CC=O,N2,10,1,240
CCCCCCCCCCCCOC(=O)C(N)CC=O,N2,10,1,240
CCCCCCCCCCCCCCCCCCOC(=O)C(N)CC=O,N2,10,1,240
Cc1c(C)c(NC(=O)c2ccc(C=O)cc2)c(C)c(C)c1N,N2,10,10,554
Cc1c(C)c(NC(=O)c2ccc(C=O)cc2)c(C)c(C)c1N,air,10,10,496
Cn1cnc(C(=O)NCCCCCCNC=O)c1,N2,40,1,454
Cn1cnc(C(=O)NCCCCCCNC=O)c1,air,40,1,436
Cn1cnc(C(=O)NCC(C)(C)CNC=O)c1,N2,40,1,419
Cn1cnc(C(=O)NCC(C)(C)CNC=O)c1,air,40,1,420
Cn1cnc(C(=O)NCCNC=O)c1,N2,40,1,428
Cn1cnc(C(=O)NCCNC=O)c1,air,40,1,421
Cn1cc(C#N)nc1NC=O,N2,10,10,338
Cn1c(C#N)cnc1NC=O,N2,10,10,310
Nc1cccc(C#Cc2cccc(C=O)c2)c1,N2,10,10,530
Nc1cccc(C#Cc2cccc(C=O)c2)c1,air,10,10,463
N#C/C(N)=C(/C#N)NC(=O)c1ccc(C=O)cc1,N2,20,10,523
N#C/C(N)=C(/C#N)NC(=O)c1ccc(C=O)cc1,air,20,10,477
Nc1cc(NC(=O)c2cc(C=O)cc(NC(=O)c3ccccc3)c2)cc(C(=O)Nc2ccccc2)c1,N2,20,10,467
Nc1cc(NC(=O)c2cc(C=O)cc(NC(=O)c3ccccc3)c2)cc(C(=O)Nc2ccccc2)c1,air,20,10,452
Nc1cc(NC(=O)c2cccc(C=O)c2)cc(C(=O)Nc2ccccc2)c1,N2,20,10,502
Nc1cc(NC(=O)c2cccc(C=O)c2)cc(C(=O)Nc2ccccc2)c1,air,20,10,463
Nc1ccc(NC(=O)c2ccc(C=O)cc2)cc1Oc1ccccc1,N2,10,5,435
Nc1cccc(/C=C/C(=O)/C=C/c2cccc(NC(=O)/C=C/C=O)c2)c1,air,10,10,370
Nc1cccc(/C=C/C(=O)/C=C/c2cccc(NC(=O)c3cccc(C=O)c3)c2)c1,air,10,10,380
Nc1cccc(/C=C/C(=O)/C=C/c2cccc(NC(=O)c3ccc(C=O)cc3)c2)c1,air,10,10,400
N#CCCSc1cc(NC(=O)c2ccc(C=O)cc2)c(SCCC#N)cc1N,N2,10,0,276
Cc1cc(-c2ccc(C(=O)Nc3ccc(Cc4ccc(N)cc4)cc3)c(C)c2)ccc1C=O,N2,10,5,440
Cc1cc(-c2ccc(C(=O)Nc3ccc(C4(c5ccc(N)cc5)c5ccccc5-c5ccccc54)cc3)c(C)c2)ccc1C=O,N2,10,5,435
Cc1cc(-c2ccc(C(=O)Nc3ccc(C(C)(C)c4ccc(N)cc4)cc3)c(C)c2)ccc1C=O,N2,10,5,451
Cc1cc(-c2ccc(C(=O)Nc3cccc([SH](=O)=O)c3)c(C)c2)ccc1C(=O)Nc1ccccc1,N2,10,5,439
Nc1ccc(-c2c(-c3ccccc3)cc(-c3ccc(-c4cc(-c5ccccc5)c(-c5ccc(NC(=O)c6ccc(C=O)cc6)cc5)c(-c5ccccc5)c4)cc3)cc2-c2ccccc2)cc1,N2,20,1,389
Nc1ccc(-c2c(-c3ccccc3)cc(-c3ccc(-c4cc(-c5ccccc5)c(-c5ccc(NC(=O)c6ccc(C=O)cc6)cc5)c(-c5ccccc5)c4)cc3)cc2-c2ccccc2)cc1,air,20,1,361
Nc1ccc(-c2c(-c3ccc(-c4ccccc4)cc3)cc(-c3ccc(-c4cc(-c5ccc(-c6ccccc6)cc5)c(-c5ccc(NC(=O)c6ccc(C=O)cc6)cc5)c(-c5ccc(-c6ccccc6)cc5)c4)cc3)cc2-c2ccc(-c3ccccc3)cc2)cc1,N2,20,1,395
Nc1ccc(-c2c(-c3ccc(-c4ccccc4)cc3)cc(-c3ccc(-c4cc(-c5ccc(-c6ccccc6)cc5)c(-c5ccc(NC(=O)c6ccc(C=O)cc6)cc5)c(-c5ccc(-c6ccccc6)cc5)c4)cc3)cc2-c2ccc(-c3ccccc3)cc2)cc1,air,20,1,368
CCCCCCCCCCCCOC(=O)c1cc(NC(=O)c2ccc(NC(=O)CCCCCCCCC(=O)Nc3ccc(C=O)cc3)cc2)ccc1N,N2,10,5,280
CCCCCCCCCCCCOC(=O)c1cc(NC(=O)c2ccc(NC(=O)CCCCCCCCCCC(=O)Nc3ccc(C=O)cc3)cc2)ccc1N,N2,10,5,280
CCCCCCCCCCCCOC(=O)c1cc(NC(=O)c2ccc(NC(=O)CCCCCCCCCCCCC(=O)Nc3ccc(C=O)cc3)cc2)ccc1N,N2,10,5,280
CCCCCCCCCCCCCCOC(=O)c1cc(NC(=O)c2ccc(NC(=O)CCCCCCCCC(=O)Nc3ccc(C=O)cc3)cc2)ccc1N,N2,10,5,280
CCCCCCCCCCCCCCOC(=O)c1cc(NC(=O)c2ccc(NC(=O)CCCCCCCCCCC(=O)Nc3ccc(C=O)cc3)cc2)ccc1N,N2,10,5,280
CCCCCCCCCCCCCCOC(=O)c1cc(NC(=O)c2ccc(NC(=O)CCCCCCCCCCCCC(=O)Nc3ccc(C=O)cc3)cc2)ccc1N,N2,10,5,280
CCCCCCCCCCCCCCCCOC(=O)c1cc(NC(=O)c2ccc(NC(=O)CCCCCCCCC(=O)Nc3ccc(C=O)cc3)cc2)ccc1N,N2,10,5,280
CCCCCCCCCCCCCCCCOC(=O)c1cc(NC(=O)c2ccc(NC(=O)CCCCCCCCCCC(=O)Nc3ccc(C=O)cc3)cc2)ccc1N,N2,10,5,280
CCCCCCCCCCCCCCCCOC(=O)c1cc(NC(=O)c2ccc(NC(=O)CCCCCCCCCCCCC(=O)Nc3ccc(C=O)cc3)cc2)ccc1N,N2,10,5,280
CCCCCCCCCCCCCCCCCCOC(=O)c1cc(NC(=O)c2ccc(NC(=O)CCCCCCC(=O)Nc3ccc(C=O)cc3)cc2)ccc1N,N2,10,5,280
CCCCCCCCCCCCCCCCCCOC(=O)c1cc(NC(=O)c2ccc(NC(=O)CCCCCCCCCCC(=O)Nc3ccc(C=O)cc3)cc2)ccc1N,N2,10,5,280
CCCCCCCCCCCCCCCCCCOC(=O)c1cc(NC(=O)c2ccc(NC(=O)CCCCCCCCCCCCC(=O)Nc3ccc(C=O)cc3)cc2)ccc1N,N2,10,5,280
N#CNc1ccc(Cc2ccc(N(C#N)C(=O)c3ccc(C=O)cc3)cc2)cc1,N2,20,0,318
N#CNc1ccc(Cc2ccc(N(C#N)C(=O)c3ccc(C=O)cc3)cc2)cc1,air,20,0,317
O=c1[nH]nc(-c2ccccc2)c2ccc(-c3ccc4c(-c5ccccc5)nn(-c5ccc(S(=O)(=O)c6ccccc6)cc5)c(=O)c4c3)cc12,air,20,5,478
O=c1[nH]nc(-c2ccccc2)c2ccc(-c3ccc4c(-c5ccccc5)nn(-c5ccc(S(=O)(=O)c6ccccc6)cc5)c(=O)c4c3)cc12,N2,20,5,479
O=c1[nH]nc(-c2ccccc2)c2cc3c(=O)n(-c4ccc(S(=O)(=O)c5ccccc5)cc4)nc(-c4ccccc4)c3cc12,air,20,5,478
O=c1[nH]nc(-c2ccccc2)c2cc3c(=O)n(-c4ccc(S(=O)(=O)c5ccccc5)cc4)nc(-c4ccccc4)c3cc12,N2,20,5,488
CCOC(=O)c1cc(N)ccc1NC(=O)c1ccc(NC(=O)c2cc(C(=O)O)c(C=O)cc2C(=O)O)cc1,Ar,5,5,148
CCOC(=O)c1cc(N)ccc1NC(=O)c1ccc(NC(=O)c2cc(C(=O)O)c(C=O)cc2C(=O)O)cc1,Ar,5,10,161
Nc1ccc(Cc2ccc(NC(=O)c3cc(C=O)cc(NC(=O)/C=C/c4ccccc4)c3)cc2)cc1,air,10,0,382
Cc1c(N)cccc1NC(=O)c1cc(C=O)cc(NC(=O)/C=C/c2ccccc2)c1,air,10,0,408
CCCCCCNC(=O)c1cc(NC(=O)/C=C/c2ccccc2)cc(C(N)=O)c1,air,10,0,336
Nc1ccc(Cc2ccc(NC(=O)c3cc(C=O)cc(OC(=O)/C=C/c4ccccc4)c3)cc2)cc1,air,10,0,405
Cc1c(N)cccc1NC(=O)c1cc(C=O)cc(OC(=O)/C=C/c2ccccc2)c1,air,10,0,418
CCCCCCNC(=O)c1cc(OC(=O)/C=C/c2ccccc2)cc(C(N)=O)c1,air,10,0,347
CCNC(=O)c1ccc([Si](C)(C)c2ccc(C(=O)NCCNc3ccc(/C=C/c4ccc(N)cc4)cc3)cc2)cc1,N2,10,0,255
CCCC[Si](CCCC)(c1ccc(C(=O)NCC)cc1)c1ccc(C(=O)NCCNc2ccc(/C=C/c3ccc(N)cc3)cc2)cc1,N2,10,0,250
CCNC(=O)c1ccc([Si](c2ccccc2)(c2ccccc2)c2ccc(C(=O)NCCNc3ccc(/C=C/c4ccc(N)cc4)cc3)cc2)cc1,N2,10,0,260
Nc1ccc(Cc2ccc(NC(=O)c3cc(C=O)cc(NC(=O)CCN4C(=O)c5ccccc5C4=O)c3)cc2)cc1,N2,10,0,330
Nc1ccc(Cc2ccc(NC(=O)c3cc(C=O)cc(NC(=O)CCN4C(=O)c5ccccc5C4=O)c3)cc2)cc1,N2,10,10,360
Nc1ccc(Cc2ccc(NC(=O)c3cc(C=O)cc(NC(=O)CCCN4C(=O)c5ccccc5C4=O)c3)cc2)cc1,N2,10,0,365
Nc1ccc(Cc2ccc(NC(=O)c3cc(C=O)cc(NC(=O)CCCN4C(=O)c5ccccc5C4=O)c3)cc2)cc1,N2,10,10,390
CC(C)(c1ccc(N)cc1)c1ccc(NC(=O)c2cc(C=O)cc(NC(=O)CCCN3C(=O)c4ccccc4C3=O)c2)cc1,N2,10,0,350
CC(C)(c1ccc(N)cc1)c1ccc(NC(=O)c2cc(C=O)cc(NC(=O)CCCN3C(=O)c4ccccc4C3=O)c2)cc1,N2,10,10,390
Nc1ccc(Cc2ccc(NC(=O)c3cc(C=O)cc(NC(=O)CCCCCN4C(=O)c5ccccc5C4=O)c3)cc2)cc1,N2,10,0,385
Nc1ccc(Cc2ccc(NC(=O)c3cc(C=O)cc(NC(=O)CCCCCN4C(=O)c5ccccc5C4=O)c3)cc2)cc1,N2,10,10,405
CC(C)(c1ccc(N)cc1)c1ccc(NC(=O)c2cc(C=O)cc(NC(=O)CCCCCN3C(=O)c4ccccc4C3=O)c2)cc1,N2,10,0,390
CC(C)(c1ccc(N)cc1)c1ccc(NC(=O)c2cc(C=O)cc(NC(=O)CCCCCN3C(=O)c4ccccc4C3=O)c2)cc1,N2,10,10,410
Nc1ccc(Cc2ccc(NC(=O)c3cc(C=O)cc(NC(=O)CCCCCCCCCCN4C(=O)c5ccccc5C4=O)c3)cc2)cc1,N2,10,0,420
Nc1ccc(Cc2ccc(NC(=O)c3cc(C=O)cc(NC(=O)CCCCCCCCCCN4C(=O)c5ccccc5C4=O)c3)cc2)cc1,N2,10,10,430
Nc1cccc(C(O)Cc2ccc(NC(=O)c3ccc(C=O)cc3)cc2)c1,Ar,5,5,296
Nc1cccc(C(O)Cc2ccc(NC(=O)c3ccc(C=O)cc3)cc2)c1,Ar,5,10,442
CCCCCCCCCCCNC(=O)CCCCCCCCCCCCCCCCCCC(N)=O,N2,20,10,465
CCCCCCCCCNC(=O)CCCCCCCCCCCCCCCCCCC(N)=O,N2,20,10,466
CCCCCCCNC(=O)CCCCCCCCCCCCCCCCCCC(N)=O,N2,20,10,461
CCCCCNC(=O)CCCCCCCCCCCCCCCCCCC(N)=O,N2,20,10,461
CCCNC(=O)CCCCCCCCCCCCCCCCCCC(N)=O,N2,20,10,433
C=Cc1ccc(/C=N/C(=S)NN=C)cc1,N2,10,5,171
CC(=O)Oc1ccc(NC(=O)CCCCCCCCC(=O)Nc2ccc(OC(C)=O)c(C(=O)O)c2)cc1C=O,N2,20,0,280
CC(=O)Oc1cc(NC(=O)CCCCCCCCC(=O)Nc2ccc(C(=O)O)c(OC(C)=O)c2)ccc1C=O,N2,20,0,270
CCCCCCNC(=O)c1ccc(C(N)=O)c(Oc2ccccc2)c1,air,10,5,400
CCCCCCNC(=O)c1ccc(C(N)=O)c(Oc2ccc(-c3ccccc3)cc2)c1,air,10,5,360
Nc1cc(NC(=O)c2cccc(C=O)c2)cc(C(=O)OCCOc2ccc(/C=C/C(=O)c3ccccc3)cc2)c1,air,10,10,379
Nc1cc(NC(=O)c2cccc(C=O)c2)cc(C(=O)OCCOc2ccc(/C=C/C(=O)c3ccccc3)cc2)c1,N2,10,10,388
Nc1cc(NC(=O)c2ccc(C=O)cc2)cc(C(=O)OCCOc2ccc(/C=C/C(=O)c3ccccc3)cc2)c1,air,10,10,387
Nc1cc(NC(=O)c2ccc(C=O)cc2)cc(C(=O)OCCOc2ccc(/C=C/C(=O)c3ccccc3)cc2)c1,N2,10,10,394
Nc1cc(NC(=O)c2ccc(-c3ccc(C=O)cc3)cc2)cc(C(=O)OCCOc2ccc(/C=C/C(=O)c3ccccc3)cc2)c1,air,10,10,393
Nc1cc(NC(=O)c2ccc(-c3ccc(C=O)cc3)cc2)cc(C(=O)OCCOc2ccc(/C=C/C(=O)c3ccccc3)cc2)c1,N2,10,10,403
Nc1cc(NC(=O)c2ccc3cc(C=O)ccc3c2)cc(C(=O)OCCOc2ccc(/C=C/C(=O)c3ccccc3)cc2)c1,air,10,10,394
Nc1cc(NC(=O)c2ccc3cc(C=O)ccc3c2)cc(C(=O)OCCOc2ccc(/C=C/C(=O)c3ccccc3)cc2)c1,N2,10,10,396
CN(C)c1ccc(/C=C/C(=O)OCCOC(=O)c2cc(N)cc(NC(=O)c3cccc(C=O)c3)c2)cc1,air,10,0,260
CN(C)c1ccc(/C=C/C(=O)OCCOC(=O)c2cc(N)cc(NC(=O)c3ccc(C=O)cc3)c2)cc1,air,10,0,256
CCCCCCCCCCCNC(=O)CCCCCCCCCCC(N)=O,N2,20,0,425
C#Cc1cccc(N[SiH](C)Nc2cccc(C#C)c2)c1,N2,10,5,632.4
O=CNc1cccc(P(=O)(c2ccccc2)c2cccc(NC(=O)Oc3ccc(-c4ccc(O)cc4)cc3)c2)c1,N2,10,1,180
O=CNc1cccc(P(=O)(c2ccccc2)c2cccc(NC(=O)Oc3ccc(-c4ccc(O)cc4)cc3)c2)c1,air,10,1,177
CCCCCCOC(=O)Nc1cccc(P(=O)(c2ccccc2)c2cccc(NC(=O)O)c2)c1,N2,10,1,178
CCCCCCOC(=O)Nc1cccc(P(=O)(c2ccccc2)c2cccc(NC(=O)O)c2)c1,air,10,1,176
CC(C)(c1ccc(O)cc1)c1ccc(OC(=O)Nc2cccc(P(=O)(c3ccccc3)c3cccc(NC=O)c3)c2)cc1,N2,10,1,180
CC(C)(c1ccc(O)cc1)c1ccc(OC(=O)Nc2cccc(P(=O)(c3ccccc3)c3cccc(NC=O)c3)c2)cc1,air,10,1,177
Cc1ccc(NC=O)cc1NC(=O)Oc1ccc(-c2ccc(O)cc2)cc1,N2,10,1,230
Cc1ccc(NC=O)cc1NC(=O)Oc1ccc(-c2ccc(O)cc2)cc1,air,10,1,225
O=CNCCCCCCNC(=O)Nc1ccc(O)cc1,air,10,50,500
CCN(CCOC(=O)Nc1ccc(C)c(NC(=O)O)c1)c1ccc(-c2nc3ccc(N)cc3o2)cc1,N2,20,5,330
CCN(CCOC(=O)Nc1ccc(C)c(NC(=O)O)c1)c1ccc(/N=N/c2ccc(-c3nc4ccccc4o3)cc2)cc1,N2,20,5,308
CNC(=O)NCOC(=O)Nc1ccc(Cc2ccc(NC(=O)O)cc2)cc1,air,10,50,500
CCN(Cc1ccccc1)C(=O)S,N2,10,5,315
CCCN(Cc1ccccc1)C(=O)S,N2,10,5,353
CCN(CCOC(=O)Nc1ccc(C)c(NC(=O)O)c1)c1ccc(/N=N/c2ccc(-c3nc4cc(N)ccc4[nH]3)cc2)cc1,air,10,5,291
CC(=O)c1cc(CNC(N)=S)c(O)c(C)c1O,air,10,1,200
Nc1ccc(CCc2ccc(NC=O)cc2)cc1,air,12,5,330
Nc1ccccc1CCc1ccc(NC(=O)Nc2ccc(CCc3ccc(NC=O)cc3)cc2)cc1,air,12,5,290
Nc1ccccc1CCc1ccccc1NC(=O)Nc1ccc(CCc2ccc(NC=O)cc2)cc1,air,12,5,300
Nc1ccccc1CCc1ccccc1NC=O,air,12,5,300
Nc1ccc(Cc2ccc(NC(=O)Nc3ccc(CCc4ccc(NC=O)cc4)cc3)cc2)cc1,air,12,5,280
Nc1ccc(Cc2ccc(NC(=O)Nc3ccccc3CCc3ccc(NC=O)cc3)cc2)cc1,air,12,5,290
Nc1ccc(Cc2ccc(NC(=O)Nc3ccccc3CCc3ccccc3NC=O)cc2)cc1,air,12,5,290
Cc1ccc(NC(=O)Nc2ccc(CCc3ccc(NC=O)cc3)cc2)cc1N,air,12,5,300
Cc1ccc(NC(=O)Nc2ccccc2CCc2ccccc2NC=O)cc1N,air,12,5,290
Nc1ccc(CCc2ccc(NC(=O)NCCCCCCNC=O)cc2)cc1,air,12,5,310
Nc1ccccc1CCc1ccc(NC(=O)NCCCCCCNC=O)cc1,air,12,5,300
Nc1ccccc1CCc1ccccc1NC(=O)NCCCCCCNC=O,air,12,5,270
Cc1ccc(NC(=O)NCCCCCCNC=O)cc1N,air,12,5,300
Nc1ccccc1CCc1ccc(NC=O)cc1,air,12,5,280
Cc1ccc(NC(=O)Nc2ccc(CCc3ccccc3NC=O)cc2)cc1N,air,12,5,270
Nc1ccccc1CCc1ccccc1NC(=O)Nc1ccccc1CCc1ccc(NC=O)cc1,air,12,5,270
CC/C(=N\O)c1cc(CNC(N)=O)c(O)c(C)c1O,air,10,10,300
NC(=S)N[SH]=O,N2,10,0,216.85
NC(=O)NCCCCCCNC(=O)Nc1ccccn1,air,12,5,290
NC(=O)Nc1ccc(Cc2ccc(NC(=O)Nc3ccccn3)cc2)cc1,air,12,5,275
C(C#Cc1cccc(N2COc3ccccc3C2)c1)#Cc1cccc(N2COc3ccccc3C2)c1,N2,10,5,423.2
C(C#Cc1cccc(N2COc3ccccc3C2)c1)#Cc1cccc(N2COc3ccccc3C2)c1,N2,10,10,466
C#Cc1ccc(N2COc3c(cccc3N3C(=O)C4CC=CCC4C3=O)C2)cc1,N2,10,5,396
Cc1ccc(N(c2ccc(N3C(=O)c4ccc(C(c5ccc6c(c5)C(=O)NC6=O)(C(F)(F)F)C(F)(F)F)cc4C3=O)cc2)c2ccc3c(c2)C(=O)c2ccccc2C3=O)cc1,N2,10,5,600
Cc1ccc(N(c2ccc(N3C(=O)c4ccc(C(c5ccc6c(c5)C(=O)NC6=O)(C(F)(F)F)C(F)(F)F)cc4C3=O)cc2)c2ccc3c(c2)C(=O)c2ccccc2C3=O)cc1,N2,10,10,630
Cc1ccc(N(c2ccc(N3C(=O)c4ccc(C(c5ccc6c(c5)C(=O)NC6=O)(C(F)(F)F)C(F)(F)F)cc4C3=O)cc2)c2ccc3c(c2)C(=O)c2ccccc2C3=O)cc1,air,10,5,585
Cc1ccc(N(c2ccc(N3C(=O)c4ccc(C(c5ccc6c(c5)C(=O)NC6=O)(C(F)(F)F)C(F)(F)F)cc4C3=O)cc2)c2ccc3c(c2)C(=O)c2ccccc2C3=O)cc1,air,10,10,610
O=CNc1ccc(NC(=O)c2ccc3c(c2)C(=O)N(c2ccc(Oc4ccc(N5C(=O)c6ccccc6C5=O)cc4)cc2)C3=O)cc1,N2,10,5,515
O=CNc1ccc(NC(=O)c2ccc3c(c2)C(=O)N(c2ccc(Oc4ccc(N5C(=O)c6ccccc6C5=O)cc4)cc2)C3=O)cc1,air,10,5,497
O=CNc1ccc(Oc2ccc(NC(=O)c3ccc4c(c3)C(=O)N(c3ccc(Oc5ccc(N6C(=O)c7ccccc7C6=O)cc5)cc3)C4=O)cc2)cc1,N2,10,5,500
O=CNc1ccc(Oc2ccc(NC(=O)c3ccc4c(c3)C(=O)N(c3ccc(Oc5ccc(N6C(=O)c7ccccc7C6=O)cc5)cc3)C4=O)cc2)cc1,air,10,5,467
O=C(Nc1ccccc1)c1cccc(C(=O)Nc2cccc(-n3c(=O)c4cc5c(=O)[nH]c(=O)c5cc4c3=O)c2)c1,air,15,0,389
O=C(Nc1ccccc1)c1cccc(C(=O)Nc2cccc(-n3c(=O)c4cc5c(=O)[nH]c(=O)c5cc4c3=O)c2)c1,air,15,10,471
O=C1NC(=O)c2cc(-c3ccc4c(c3)C(=O)N(c3ccc(Oc5cccc(Oc6ccccc6)c5)cc3)C4=O)ccc21,air,10,1,515
O=C1NC(=O)c2cc(-c3ccc4c(c3)C(=O)N(c3ccc(Oc5cccc(Oc6ccccc6)c5)cc3)C4=O)ccc21,air,10,5,572
O=C1NC(=O)c2cc(-c3ccc4c(c3)C(=O)N(c3ccc(Oc5cccc(Oc6ccccc6)c5)cc3)C4=O)ccc21,N2,20,10,608
CC(C)c1ccc2c(c1)C(=O)N(c1cc(C(=O)O)cc(N3C(=O)c4ccccc4C3=O)c1)C2=O,N2,10,10,573
CC(C)c1ccc2c(c1)C(=O)N(c1cccc3c(N4C(=O)c5ccccc5C4=O)cccc13)C2=O,N2,20,5,525
CC(C)c1ccc2c(c1)C(=O)N(c1cccc(S(=O)(=O)c3cccc(N4C(=O)c5ccccc5C4=O)c3)c1)C2=O,N2,10,5,532
CC(C)c1ccc2c(c1)C(=O)N(c1cccc(S(=O)(=O)c3cccc(N4C(=O)c5ccccc5C4=O)c3)c1)C2=O,air,10,5,512
CC(C)c1ccc2c(c1)C(=O)N(c1cccc(S(=O)(=O)c3cccc(N4C(=O)c5ccccc5C4=O)c3)c1)C2=O,air,10,30,571
O=CNc1ccc(Oc2ccc(N3C(=O)c4ccccc4C3=O)cc2)cc1,Ar,5,5,469
O=CNc1ccc(Oc2ccc(N3C(=O)c4ccccc4C3=O)cc2)cc1,Ar,5,10,496
O=CNc1ccc(Oc2ccc(N3C(=O)c4ccccc4C3=O)cc2)cc1,N2,10,10,550
O=c1[nH]c(=O)c2cc3c(=O)n(-c4ccc(S(=O)(=O)c5ccccc5)cc4)c(=O)c3cc12,N2,20,5,554
O=c1[nH]c(=O)c2cc3c(=O)n(-c4cccc(S(=O)(=O)c5ccccc5)c4)c(=O)c3cc12,N2,20,5,554
CCCCN1C(=O)c2ccc(C(=O)Oc3ccc(-c4ccc(OC(=O)c5ccc6c(c5)C(=O)NC6=O)cc4)cc3)cc2C1=O,air,10,1,366
CCCCN1C(=O)c2ccc(C(=O)Oc3ccc(-c4ccc(OC(=O)c5ccc6c(c5)C(=O)NC6=O)cc4)cc3)cc2C1=O,air,10,10,449
CCCCCN1C(=O)c2ccc(C(=O)Oc3ccc(-c4ccc(OC(=O)c5ccc6c(c5)C(=O)NC6=O)cc4)cc3)cc2C1=O,air,10,1,372
CCCCCN1C(=O)c2ccc(C(=O)Oc3ccc(-c4ccc(OC(=O)c5ccc6c(c5)C(=O)NC6=O)cc4)cc3)cc2C1=O,air,10,10,441
CCCCCCN1C(=O)c2ccc(C(=O)Oc3ccc(-c4ccc(OC(=O)c5ccc6c(c5)C(=O)NC6=O)cc4)cc3)cc2C1=O,air,10,1,335
CCCCCCN1C(=O)c2ccc(C(=O)Oc3ccc(-c4ccc(OC(=O)c5ccc6c(c5)C(=O)NC6=O)cc4)cc3)cc2C1=O,air,10,10,424
CCCCCCCN1C(=O)c2ccc(C(=O)Oc3ccc(-c4ccc(OC(=O)c5ccc6c(c5)C(=O)NC6=O)cc4)cc3)cc2C1=O,air,10,1,366
CCCCCCCN1C(=O)c2ccc(C(=O)Oc3ccc(-c4ccc(OC(=O)c5ccc6c(c5)C(=O)NC6=O)cc4)cc3)cc2C1=O,air,10,10,437
CCCCCCCCN1C(=O)c2ccc(C(=O)Oc3ccc(-c4ccc(OC(=O)c5ccc6c(c5)C(=O)NC6=O)cc4)cc3)cc2C1=O,air,10,1,360
CCCCCCCCN1C(=O)c2ccc(C(=O)Oc3ccc(-c4ccc(OC(=O)c5ccc6c(c5)C(=O)NC6=O)cc4)cc3)cc2C1=O,air,10,10,425
CCCCCCCCCN1C(=O)c2ccc(C(=O)Oc3ccc(-c4ccc(OC(=O)c5ccc6c(c5)C(=O)NC6=O)cc4)cc3)cc2C1=O,air,10,1,357
CCCCCCCCCN1C(=O)c2ccc(C(=O)Oc3ccc(-c4ccc(OC(=O)c5ccc6c(c5)C(=O)NC6=O)cc4)cc3)cc2C1=O,air,10,10,434
CCCCCCCCCCN1C(=O)c2ccc(C(=O)Oc3ccc(-c4ccc(OC(=O)c5ccc6c(c5)C(=O)NC6=O)cc4)cc3)cc2C1=O,air,10,1,338
CCCCCCCCCCN1C(=O)c2ccc(C(=O)Oc3ccc(-c4ccc(OC(=O)c5ccc6c(c5)C(=O)NC6=O)cc4)cc3)cc2C1=O,air,10,10,441
CCCCCC(=O)Oc1ccc(-c2ccc(OC(=O)c3ccc4c(c3)C(=O)NC4=O)cc2)cc1,air,10,5,373
CCCCCCC(=O)Oc1ccc(-c2ccc(OC(=O)c3ccc4c(c3)C(=O)NC4=O)cc2)cc1,air,10,5,393
CCCCCCCCCCC(=O)Oc1ccc(-c2ccc(OC(=O)c3ccc4c(c3)C(=O)NC4=O)cc2)cc1,air,10,5,389
CCCCCCCCCCCC(=O)Oc1ccc(-c2ccc(OC(=O)c3ccc4c(c3)C(=O)NC4=O)cc2)cc1,air,10,5,368
O=C1NC(=O)c2cc(Oc3ccc4c(c3)C(=O)N(c3ccc(O)cc3O)C4=O)ccc21,air,10,5,350
O=Cc1ccc2c(c1)C(=O)N(c1cc(N3C(=O)c4ccccc4C3=O)c(O)cc1O)C2=O,air,10,5,462
CC(C)c1ccc2c(c1)C(=O)N(c1cc(N3C(=O)c4ccccc4C3=O)c(O)cc1O)C2=O,air,10,5,493
O=C1NC(=O)c2cc(-c3ccc4c(c3)C(=O)N(c3ccc(O)cc3O)C4=O)ccc21,air,10,5,478
O=c1[nH]c(=O)c2cc3c(=O)n(-c4ccc(O)cc4O)c(=O)c3cc12,air,10,5,418
CC(C)(C)c1cc(Oc2ccc(-n3c(=O)c4cc5c(=O)[nH]c(=O)c5cc4c3=O)cc2)c(C(C)(C)C)cc1Oc1ccccc1,N2,20,10,518
CC(C)(C)c1cc(Oc2ccc(-n3c(=O)c4cc5c(=O)[nH]c(=O)c5cc4c3=O)cc2)c(C(C)(C)C)cc1Oc1ccccc1,air,20,10,496
CC(C)(C)c1cc(Oc2ccc(N3C(=O)c4ccc(-c5ccc6c(c5)C(=O)NC6=O)cc4C3=O)cc2)c(C(C)(C)C)cc1Oc1ccccc1,N2,20,10,520
CC(C)(C)c1cc(Oc2ccc(N3C(=O)c4ccc(-c5ccc6c(c5)C(=O)NC6=O)cc4C3=O)cc2)c(C(C)(C)C)cc1Oc1ccccc1,air,20,10,510
CC(C)(C)c1cc(Oc2ccc(N3C(=O)c4ccc(Oc5ccc6c(c5)C(=O)NC6=O)cc4C3=O)cc2)c(C(C)(C)C)cc1Oc1ccccc1,N2,20,10,488
CC(C)(C)c1cc(Oc2ccc(N3C(=O)c4ccc(Oc5ccc6c(c5)C(=O)NC6=O)cc4C3=O)cc2)c(C(C)(C)C)cc1Oc1ccccc1,air,20,10,502
CC(C)(C)c1cc(Oc2ccc(N3C(=O)c4ccc(C=O)cc4C3=O)cc2)c(C(C)(C)C)cc1Oc1ccc(N2C(=O)c3ccccc3C2=O)cc1,N2,20,10,500
CC(C)(C)c1cc(Oc2ccc(N3C(=O)c4ccc(C=O)cc4C3=O)cc2)c(C(C)(C)C)cc1Oc1ccc(N2C(=O)c3ccccc3C2=O)cc1,air,20,10,498
CC(C)(C)c1cc(Oc2ccc(N3C(=O)c4ccc(S(=O)(=O)c5ccc6c(c5)C(=O)NC6=O)cc4C3=O)cc2)c(C(C)(C)C)cc1Oc1ccccc1,N2,20,10,481
CC(C)(C)c1cc(Oc2ccc(N3C(=O)c4ccc(S(=O)(=O)c5ccc6c(c5)C(=O)NC6=O)cc4C3=O)cc2)c(C(C)(C)C)cc1Oc1ccccc1,air,20,10,479
CC(C)c1ccc2c(c1)C(=O)N(c1ccc(Oc3cc(C(C)(C)C)c(Oc4ccc(N5C(=O)c6ccccc6C5=O)cc4)cc3C(C)(C)C)cc1)C2=O,N2,20,10,519
CC(C)c1ccc2c(c1)C(=O)N(c1ccc(Oc3cc(C(C)(C)C)c(Oc4ccc(N5C(=O)c6ccccc6C5=O)cc4)cc3C(C)(C)C)cc1)C2=O,air,20,10,508
O=C(Nc1ccc(-c2ccccc2)cc1)c1cccc(C(=O)Nc2ccc(-c3ccc(N4C(=O)c5ccc(-c6ccc7c(c6)C(=O)NC7=O)cc5C4=O)cc3)cc2)c1,air,10,1,340
O=C(Nc1ccc(-c2ccccc2)cc1)c1cccc(C(=O)Nc2ccc(-c3ccc(N4C(=O)c5ccc(-c6ccc7c(c6)C(=O)NC7=O)cc5C4=O)cc3)cc2)c1,air,10,10,550
O=C(Nc1ccc(-c2ccccc2)cc1)c1cccc(C(=O)Nc2ccc(-c3ccc(N4C(=O)c5ccc(Oc6ccc7c(c6)C(=O)NC7=O)cc5C4=O)cc3)cc2)c1,air,10,1,325
O=C(Nc1ccc(-c2ccccc2)cc1)c1cccc(C(=O)Nc2ccc(-c3ccc(N4C(=O)c5ccc(Oc6ccc7c(c6)C(=O)NC7=O)cc5C4=O)cc3)cc2)c1,air,10,10,537
O=Cc1ccc2c(c1)C(=O)N(c1ccc(-c3ccc(NC(=O)c4cccc(C(=O)Nc5ccc(-c6ccc(N7C(=O)c8ccccc8C7=O)cc6)cc5)c4)cc3)cc1)C2=O,air,15,0,410
O=Cc1ccc2c(c1)C(=O)N(c1ccc(-c3ccc(NC(=O)c4cccc(C(=O)Nc5ccc(-c6ccc(N7C(=O)c8ccccc8C7=O)cc6)cc5)c4)cc3)cc1)C2=O,air,15,10,490
O=C(Nc1ccc(-c2ccccc2)cc1)c1cccc(C(=O)Nc2ccc(-c3ccc(-n4c(=O)c5cc6c(=O)[nH]c(=O)c6cc5c4=O)cc3)cc2)c1,air,10,1,330
O=C(Nc1ccc(-c2ccccc2)cc1)c1cccc(C(=O)Nc2ccc(-c3ccc(-n4c(=O)c5cc6c(=O)[nH]c(=O)c6cc5c4=O)cc3)cc2)c1,air,10,10,538
O=C(Nc1ccc(Oc2ccc(S(=O)(=O)c3ccc(Oc4ccc(NC(=O)c5ccc(N6C(=O)c7ccc(-c8ccc9c(c8)C(=O)NC9=O)cc7C6=O)cc5)cc4)cc3)cc2)cc1)c1ccccc1,N2,10,5,485
O=C(Nc1cccc(Oc2ccc(S(=O)(=O)c3ccc(Oc4cccc(NC(=O)c5ccc(N6C(=O)c7ccc(-c8ccc9c(c8)C(=O)NC9=O)cc7C6=O)cc5)c4)cc3)cc2)c1)c1ccccc1,N2,10,5,467
O=C(Nc1cccc(S(=O)(=O)c2cccc(NC(=O)c3ccc(N4C(=O)c5ccc(-c6ccc7c(c6)C(=O)NC7=O)cc5C4=O)cc3)c2)c1)c1ccccc1,N2,10,5,456
O=C(Nc1ccc(Oc2ccc(S(=O)(=O)c3ccc(Oc4ccc(NC(=O)c5cccc(N6C(=O)c7ccc(-c8ccc9c(c8)C(=O)NC9=O)cc7C6=O)c5)cc4)cc3)cc2)cc1)c1ccccc1,N2,10,5,472
O=C(Nc1ccc(Oc2ccc(-c3ccc(Oc4ccc(NC(=O)c5cccc(N6C(=O)c7ccc(-c8ccc9c(c8)C(=O)NC9=O)cc7C6=O)c5)cc4)cc3)cc2)cc1)c1ccccc1,N2,10,5,470
O=C(Nc1ccc(Oc2ccc(Oc3ccc(Oc4ccc(NC(=O)c5cccc(N6C(=O)c7ccc(-c8ccc9c(c8)C(=O)NC9=O)cc7C6=O)c5)cc4)cc3)cc2)cc1)c1ccccc1,N2,10,5,462
CC(C)(c1ccc(Oc2ccc(NC(=O)c3ccccc3)cc2)cc1)c1ccc(Oc2ccc(NC(=O)c3cccc(N4C(=O)c5ccc(-c6ccc7c(c6)C(=O)NC7=O)cc5C4=O)c3)cc2)cc1,N2,10,5,480
O=C(Nc1ccc(Oc2ccc(Oc3ccc(NC(=O)c4cccc(N5C(=O)c6ccc(-c7ccc8c(c7)C(=O)NC8=O)cc6C5=O)c4)cc3)cc2)cc1)c1ccccc1,N2,10,5,456
O=C(Nc1ccc(Oc2cccc(Oc3ccc(NC(=O)c4cccc(N5C(=O)c6ccc(-c7ccc8c(c7)C(=O)NC8=O)cc6C5=O)c4)cc3)c2)cc1)c1ccccc1,N2,10,5,478
O=C(Nc1ccc(Oc2ccc(NC(=O)c3cccc(N4C(=O)c5ccc(-c6ccc7c(c6)C(=O)NC7=O)cc5C4=O)c3)cc2)cc1)c1ccccc1,N2,10,5,474
O=C(Nc1cccc(S(=O)(=O)c2cccc(NC(=O)c3cccc(N4C(=O)c5ccc(-c6ccc7c(c6)C(=O)NC7=O)cc5C4=O)c3)c2)c1)c1ccccc1,N2,10,5,472
O=C(Nc1ccc(Oc2ccc(S(=O)(=O)c3ccc(Oc4ccc(NC(=O)c5ccc(N6C(=O)c7ccc(-c8cccc9c8C(=O)NC9=O)cc7C6=O)cc5)cc4)cc3)cc2)cc1)c1ccccc1,N2,10,5,478
O=C(Nc1cccc(Oc2ccc(S(=O)(=O)c3ccc(Oc4cccc(NC(=O)c5ccc(N6C(=O)c7ccc(-c8cccc9c8C(=O)NC9=O)cc7C6=O)cc5)c4)cc3)cc2)c1)c1ccccc1,N2,10,5,492
O=C(Nc1ccc(Oc2ccc(-c3ccc(Oc4ccc(NC(=O)c5ccc(N6C(=O)c7ccc(-c8cccc9c8C(=O)NC9=O)cc7C6=O)cc5)cc4)cc3)cc2)cc1)c1ccccc1,N2,10,5,496
O=C(Nc1ccc(Oc2ccc(Oc3ccc(NC(=O)c4ccc(N5C(=O)c6ccc(-c7cccc8c7C(=O)NC8=O)cc6C5=O)cc4)cc3)cc2)cc1)c1ccccc1,N2,10,5,491
O=C(Nc1ccc(Oc2ccc(NC(=O)c3ccc(N4C(=O)c5ccc(-c6cccc7c6C(=O)NC7=O)cc5C4=O)cc3)cc2)cc1)c1ccccc1,N2,10,5,487
O=C(Nc1cccc(S(=O)(=O)c2cccc(NC(=O)c3ccc(N4C(=O)c5ccc(-c6cccc7c6C(=O)NC7=O)cc5C4=O)cc3)c2)c1)c1ccccc1,N2,10,5,455
O=C(Nc1ccc(Oc2ccc(S(=O)(=O)c3ccc(Oc4ccc(NC(=O)c5cccc(N6C(=O)c7ccc(-c8cccc9c8C(=O)NC9=O)cc7C6=O)c5)cc4)cc3)cc2)cc1)c1ccccc1,N2,10,5,485
O=C(Nc1ccc(Oc2ccc(-c3ccc(Oc4ccc(NC(=O)c5cccc(N6C(=O)c7ccc(-c8cccc9c8C(=O)NC9=O)cc7C6=O)c5)cc4)cc3)cc2)cc1)c1ccccc1,N2,10,5,507
O=C(Nc1ccc(Oc2ccc(Oc3ccc(Oc4ccc(NC(=O)c5cccc(N6C(=O)c7ccc(-c8cccc9c8C(=O)NC9=O)cc7C6=O)c5)cc4)cc3)cc2)cc1)c1ccccc1,N2,10,5,491
CC(C)(c1ccc(Oc2ccc(NC(=O)c3ccccc3)cc2)cc1)c1ccc(Oc2ccc(NC(=O)c3cccc(N4C(=O)c5ccc(-c6cccc7c6C(=O)NC7=O)cc5C4=O)c3)cc2)cc1,N2,10,5,483
O=C(Nc1ccc(Oc2ccc(Oc3ccc(NC(=O)c4cccc(N5C(=O)c6ccc(-c7cccc8c7C(=O)NC8=O)cc6C5=O)c4)cc3)cc2)cc1)c1ccccc1,N2,10,5,483
O=C(Nc1ccc(Oc2cccc(Oc3ccc(NC(=O)c4cccc(N5C(=O)c6ccc(-c7cccc8c7C(=O)NC8=O)cc6C5=O)c4)cc3)c2)cc1)c1ccccc1,N2,10,5,491
O=C(Nc1ccc(Oc2ccc(NC(=O)c3cccc(N4C(=O)c5ccc(-c6cccc7c6C(=O)NC7=O)cc5C4=O)c3)cc2)cc1)c1ccccc1,N2,10,5,488
O=C(Nc1cccc(S(=O)(=O)c2cccc(NC(=O)c3cccc(N4C(=O)c5ccc(-c6cccc7c6C(=O)NC7=O)cc5C4=O)c3)c2)c1)c1ccccc1,N2,10,5,480
O=C(Nc1ccc(NC(=O)c2cccc(N3C(=O)c4ccc(-c5cccc6c5C(=O)NC6=O)cc4C3=O)c2)cc1)c1ccccc1,N2,10,5,474
Cc1ccccc1-c1ccc(N2C(=O)c3ccc(Oc4ccc5c(c4)C(=O)NC5=O)cc3C2=O)cc1C,N2,10,5,570
O=c1[nH]c(=O)c2cc3c(=O)n(-c4ccc(C(c5ccccc5)c5ccccc5)cc4)c(=O)c3cc12,air,5,5,502
O=c1[nH]c(=O)c2cc3c(=O)n(-c4ccc(C(c5ccccc5)c5ccccc5)cc4)c(=O)c3cc12,air,5,10,524
O=c1[nH]c(=O)c2cc3c(=O)n(-c4ccc(C(c5ccccc5)c5ccccc5)cc4)c(=O)c3cc12,N2,5,5,530
O=c1[nH]c(=O)c2cc3c(=O)n(-c4ccc(C(c5ccccc5)c5ccccc5)cc4)c(=O)c3cc12,N2,5,10,556
O=C1NC(=O)c2cc(-c3ccc4c(c3)C(=O)N(c3ccc(C(c5ccccc5)c5ccccc5)cc3)C4=O)ccc21,air,5,5,498
O=C1NC(=O)c2cc(-c3ccc4c(c3)C(=O)N(c3ccc(C(c5ccccc5)c5ccccc5)cc3)C4=O)ccc21,air,5,10,516
O=C1NC(=O)c2cc(-c3ccc4c(c3)C(=O)N(c3ccc(C(c5ccccc5)c5ccccc5)cc3)C4=O)ccc21,N2,5,5,525
O=C1NC(=O)c2cc(-c3ccc4c(c3)C(=O)N(c3ccc(C(c5ccccc5)c5ccccc5)cc3)C4=O)ccc21,N2,5,10,541
O=Cc1ccc2c(c1)C(=O)N(c1ccc(C(c3ccccc3)c3ccc(N4C(=O)c5ccccc5C4=O)cc3)cc1)C2=O,air,5,5,463
O=Cc1ccc2c(c1)C(=O)N(c1ccc(C(c3ccccc3)c3ccc(N4C(=O)c5ccccc5C4=O)cc3)cc1)C2=O,air,5,10,488
O=Cc1ccc2c(c1)C(=O)N(c1ccc(C(c3ccccc3)c3ccc(N4C(=O)c5ccccc5C4=O)cc3)cc1)C2=O,N2,5,5,509
O=Cc1ccc2c(c1)C(=O)N(c1ccc(C(c3ccccc3)c3ccc(N4C(=O)c5ccccc5C4=O)cc3)cc1)C2=O,N2,5,10,536
O=C1NC(=O)c2cc(Oc3ccc4c(c3)C(=O)N(c3ccc(C(c5ccccc5)c5ccccc5)cc3)C4=O)ccc21,air,5,5,459
O=C1NC(=O)c2cc(Oc3ccc4c(c3)C(=O)N(c3ccc(C(c5ccccc5)c5ccccc5)cc3)C4=O)ccc21,air,5,10,476
O=C1NC(=O)c2cc(Oc3ccc4c(c3)C(=O)N(c3ccc(C(c5ccccc5)c5ccccc5)cc3)C4=O)ccc21,N2,5,5,502
O=C1NC(=O)c2cc(Oc3ccc4c(c3)C(=O)N(c3ccc(C(c5ccccc5)c5ccccc5)cc3)C4=O)ccc21,N2,5,10,538
O=C1NC(=O)c2cc(S(=O)(=O)c3ccc4c(c3)C(=O)N(c3ccc(C(c5ccccc5)c5ccccc5)cc3)C4=O)ccc21,air,5,5,431
O=C1NC(=O)c2cc(S(=O)(=O)c3ccc4c(c3)C(=O)N(c3ccc(C(c5ccccc5)c5ccccc5)cc3)C4=O)ccc21,air,5,10,457
O=C1NC(=O)c2cc(S(=O)(=O)c3ccc4c(c3)C(=O)N(c3ccc(C(c5ccccc5)c5ccccc5)cc3)C4=O)ccc21,N2,5,5,492
O=C1NC(=O)c2cc(S(=O)(=O)c3ccc4c(c3)C(=O)N(c3ccc(C(c5ccccc5)c5ccccc5)cc3)C4=O)ccc21,N2,5,10,519
O=CNc1ccc(Oc2ccc(C3(c4ccc(Oc5ccc(NC(=O)c6ccc7c(c6)C(=O)N(c6ccc(N8C(=O)c9ccccc9C8=O)cc6)C7=O)cc5)cc4)NC(=O)c4ccccc43)cc2)cc1,air,20,10,498
O=CNc1ccc(Oc2ccc(C3(c4ccc(Oc5ccc(NC(=O)c6ccc7c(c6)C(=O)N(c6ccc(N8C(=O)c9ccccc9C8=O)cc6)C7=O)cc5)cc4)NC(=O)c4ccccc43)cc2)cc1,N2,20,10,498
O=CNc1ccc(NC(=O)c2ccc3c(c2)C(=O)N(c2ccc(Oc4ccc(C5(c6ccc(Oc7ccc(N8C(=O)c9ccccc9C8=O)cc7)cc6)NC(=O)c6ccccc65)cc4)cc2)C3=O)cc1,air,20,10,494
O=CNc1ccc(NC(=O)c2ccc3c(c2)C(=O)N(c2ccc(Oc4ccc(C5(c6ccc(Oc7ccc(N8C(=O)c9ccccc9C8=O)cc7)cc6)NC(=O)c6ccccc65)cc4)cc2)C3=O)cc1,N2,20,10,536
O=CNc1ccc(Oc2ccc(C3(c4ccc(Oc5ccc(NC(=O)c6ccc7c(c6)C(=O)N(c6cccc(N8C(=O)c9ccccc9C8=O)c6)C7=O)cc5)cc4)NC(=O)c4ccccc43)cc2)cc1,air,20,10,504
O=CNc1ccc(Oc2ccc(C3(c4ccc(Oc5ccc(NC(=O)c6ccc7c(c6)C(=O)N(c6cccc(N8C(=O)c9ccccc9C8=O)c6)C7=O)cc5)cc4)NC(=O)c4ccccc43)cc2)cc1,N2,20,10,516
O=CNc1cccc(NC(=O)c2ccc3c(c2)C(=O)N(c2ccc(Oc4ccc(C5(c6ccc(Oc7ccc(N8C(=O)c9ccccc9C8=O)cc7)cc6)NC(=O)c6ccccc65)cc4)cc2)C3=O)c1,air,20,10,538
O=CNc1cccc(NC(=O)c2ccc3c(c2)C(=O)N(c2ccc(Oc4ccc(C5(c6ccc(Oc7ccc(N8C(=O)c9ccccc9C8=O)cc7)cc6)NC(=O)c6ccccc65)cc4)cc2)C3=O)c1,N2,20,10,536
Cc1ccc(N2C(=O)c3ccc(C(=O)Nc4ccc(Oc5ccc(C6(c7ccc(Oc8ccc(NC=O)cc8)cc7)NC(=O)c7ccccc76)cc5)cc4)cc3C2=O)cc1N1C(=O)c2ccccc2C1=O,air,20,10,493
Cc1ccc(N2C(=O)c3ccc(C(=O)Nc4ccc(Oc5ccc(C6(c7ccc(Oc8ccc(NC=O)cc8)cc7)NC(=O)c7ccccc76)cc5)cc4)cc3C2=O)cc1N1C(=O)c2ccccc2C1=O,N2,20,10,502
O=C(Nc1ccc(Oc2ccccc2)cc1)c1ccc2c(c1)C(=O)N(c1ccc(Cc3ccc(N4C(=O)c5ccc(C(=O)Nc6ccc(Oc7ccc(C8NC(=O)c9ccccc98)cc7)cc6)cc5C4=O)cc3)cc1)C2=O,air,20,10,510
O=C(Nc1ccc(Oc2ccccc2)cc1)c1ccc2c(c1)C(=O)N(c1ccc(Cc3ccc(N4C(=O)c5ccc(C(=O)Nc6ccc(Oc7ccc(C8NC(=O)c9ccccc98)cc7)cc6)cc5C4=O)cc3)cc1)C2=O,N2,20,10,515
O=CNc1ccc(Oc2ccc(C3(c4ccc(Oc5ccc(NC(=O)c6ccc7c(c6)C(=O)N(c6ccc(Oc8ccc(N9C(=O)c%10ccccc%10C9=O)cc8)cc6)C7=O)cc5)cc4)NC(=O)c4ccccc43)cc2)cc1,air,20,10,502
O=CNc1ccc(Oc2ccc(C3(c4ccc(Oc5ccc(NC(=O)c6ccc7c(c6)C(=O)N(c6ccc(Oc8ccc(N9C(=O)c%10ccccc%10C9=O)cc8)cc6)C7=O)cc5)cc4)NC(=O)c4ccccc43)cc2)cc1,N2,20,10,508
O=CNc1ccc(Oc2ccc(C3(c4ccc(Oc5ccc(NC(=O)c6ccc7c(c6)C(=O)N(c6ccc(Oc8cccc(N9C(=O)c%10ccccc%10C9=O)c8)cc6)C7=O)cc5)cc4)NC(=O)c4ccccc43)cc2)cc1,air,20,10,504
O=CNc1ccc(Oc2ccc(C3(c4ccc(Oc5ccc(NC(=O)c6ccc7c(c6)C(=O)N(c6ccc(Oc8cccc(N9C(=O)c%10ccccc%10C9=O)c8)cc6)C7=O)cc5)cc4)NC(=O)c4ccccc43)cc2)cc1,N2,20,10,504
O=C(Nc1ccc(Oc2ccccc2)cc1)c1ccc2c(c1)C(=O)N(c1ccc(Sc3ccc(N4C(=O)c5ccc(C(=O)Nc6ccc(Oc7ccc(C8NC(=O)c9ccccc98)cc7)cc6)cc5C4=O)cc3)cc1)C2=O,air,20,10,502
O=C(Nc1ccc(Oc2ccccc2)cc1)c1ccc2c(c1)C(=O)N(c1ccc(Sc3ccc(N4C(=O)c5ccc(C(=O)Nc6ccc(Oc7ccc(C8NC(=O)c9ccccc98)cc7)cc6)cc5C4=O)cc3)cc1)C2=O,N2,20,10,499
O=CNc1ccc(Oc2ccc(C3(c4ccc(Oc5ccc(NC(=O)c6ccc7c(c6)C(=O)N(c6ccc(Oc8ccc(Oc9ccc(N%10C(=O)c%11ccccc%11C%10=O)cc9)cc8)cc6)C7=O)cc5)cc4)NC(=O)c4ccccc43)cc2)cc1,air,20,10,521
O=CNc1ccc(Oc2ccc(C3(c4ccc(Oc5ccc(NC(=O)c6ccc7c(c6)C(=O)N(c6ccc(Oc8ccc(Oc9ccc(N%10C(=O)c%11ccccc%11C%10=O)cc9)cc8)cc6)C7=O)cc5)cc4)NC(=O)c4ccccc43)cc2)cc1,N2,20,10,526
O=CNc1ccc(Oc2ccc(C3(c4ccc(Oc5ccc(NC(=O)c6ccc7c(c6)C(=O)N(c6ccc(Oc8cccc(Oc9ccc(N%10C(=O)c%11ccccc%11C%10=O)cc9)c8)cc6)C7=O)cc5)cc4)NC(=O)c4ccccc43)cc2)cc1,air,20,10,498
O=CNc1ccc(Oc2ccc(C3(c4ccc(Oc5ccc(NC(=O)c6ccc7c(c6)C(=O)N(c6ccc(Oc8cccc(Oc9ccc(N%10C(=O)c%11ccccc%11C%10=O)cc9)c8)cc6)C7=O)cc5)cc4)NC(=O)c4ccccc43)cc2)cc1,N2,20,10,494
Cc1cc(Oc2ccc(N3C(=O)c4ccc(C(=O)Nc5ccc(Oc6ccc(C7(c8ccc(Oc9ccc(NC=O)cc9)cc8)NC(=O)c8ccccc87)cc6)cc5)cc4C3=O)cc2)ccc1Oc1ccc(N2C(=O)c3ccccc3C2=O)cc1,air,20,10,515
Cc1cc(Oc2ccc(N3C(=O)c4ccc(C(=O)Nc5ccc(Oc6ccc(C7(c8ccc(Oc9ccc(NC=O)cc9)cc8)NC(=O)c8ccccc87)cc6)cc5)cc4C3=O)cc2)ccc1Oc1ccc(N2C(=O)c3ccccc3C2=O)cc1,N2,20,10,507
O=CNc1ccc(Oc2ccc(C3(c4ccc(Oc5ccc(NC(=O)c6ccc7c(c6)C(=O)N(c6ccc(Oc8ccc(S(=O)(=O)c9ccc(Oc%10ccc(N%11C(=O)c%12ccccc%12C%11=O)cc%10)cc9)cc8)cc6)C7=O)cc5)cc4)NC(=O)c4ccccc43)cc2)cc1,air,20,10,501
O=CNc1ccc(Oc2ccc(C3(c4ccc(Oc5ccc(NC(=O)c6ccc7c(c6)C(=O)N(c6ccc(Oc8ccc(S(=O)(=O)c9ccc(Oc%10ccc(N%11C(=O)c%12ccccc%12C%11=O)cc%10)cc9)cc8)cc6)C7=O)cc5)cc4)NC(=O)c4ccccc43)cc2)cc1,N2,20,10,511
O=CNc1ccc(Oc2ccc(C3(c4ccc(Oc5ccc(NC(=O)c6ccc7c(c6)C(=O)N(c6ccc(Oc8ccc(C9(c%10ccc(Oc%11ccc(N%12C(=O)c%13ccccc%13C%12=O)cc%11)cc%10)NC(=O)c%10ccccc%109)cc8)cc6)C7=O)cc5)cc4)NC(=O)c4ccccc43)cc2)cc1,air,20,10,496
O=CNc1ccc(Oc2ccc(C3(c4ccc(Oc5ccc(NC(=O)c6ccc7c(c6)C(=O)N(c6ccc(Oc8ccc(C9(c%10ccc(Oc%11ccc(N%12C(=O)c%13ccccc%13C%12=O)cc%11)cc%10)NC(=O)c%10ccccc%109)cc8)cc6)C7=O)cc5)cc4)NC(=O)c4ccccc43)cc2)cc1,N2,20,10,497
O=CNc1ccc(Cc2ccc(NC(=O)c3ccc4c(c3)C(=O)N(c3ccc(Oc5ccc(C6(c7ccc(Oc8ccc(N9C(=O)c%10ccccc%10C9=O)cc8)cc7)NC(=O)c7ccccc76)cc5)cc3)C4=O)cc2)cc1,air,20,10,489
O=CNc1ccc(Cc2ccc(NC(=O)c3ccc4c(c3)C(=O)N(c3ccc(Oc5ccc(C6(c7ccc(Oc8ccc(N9C(=O)c%10ccccc%10C9=O)cc8)cc7)NC(=O)c7ccccc76)cc5)cc3)C4=O)cc2)cc1,N2,20,10,510
O=CNc1ccc(Oc2ccc(NC(=O)c3ccc4c(c3)C(=O)N(c3ccc(Oc5ccc(C6(c7ccc(Oc8ccc(N9C(=O)c%10ccccc%10C9=O)cc8)cc7)NC(=O)c7ccccc76)cc5)cc3)C4=O)cc2)cc1,air,20,10,516
O=CNc1ccc(Oc2ccc(NC(=O)c3ccc4c(c3)C(=O)N(c3ccc(Oc5ccc(C6(c7ccc(Oc8ccc(N9C(=O)c%10ccccc%10C9=O)cc8)cc7)NC(=O)c7ccccc76)cc5)cc3)C4=O)cc2)cc1,N2,20,10,522
O=CNc1ccc(Oc2cccc(NC(=O)c3ccc4c(c3)C(=O)N(c3ccc(Oc5ccc(C6(c7ccc(Oc8ccc(N9C(=O)c%10ccccc%10C9=O)cc8)cc7)NC(=O)c7ccccc76)cc5)cc3)C4=O)c2)cc1,air,20,10,504
O=CNc1ccc(Oc2cccc(NC(=O)c3ccc4c(c3)C(=O)N(c3ccc(Oc5ccc(C6(c7ccc(Oc8ccc(N9C(=O)c%10ccccc%10C9=O)cc8)cc7)NC(=O)c7ccccc76)cc5)cc3)C4=O)c2)cc1,N2,20,10,510
O=CNc1ccc(Sc2ccc(NC(=O)c3ccc4c(c3)C(=O)N(c3ccc(Oc5ccc(C6(c7ccc(Oc8ccc(N9C(=O)c%10ccccc%10C9=O)cc8)cc7)NC(=O)c7ccccc76)cc5)cc3)C4=O)cc2)cc1,air,20,10,504
O=CNc1ccc(Sc2ccc(NC(=O)c3ccc4c(c3)C(=O)N(c3ccc(Oc5ccc(C6(c7ccc(Oc8ccc(N9C(=O)c%10ccccc%10C9=O)cc8)cc7)NC(=O)c7ccccc76)cc5)cc3)C4=O)cc2)cc1,N2,20,10,523
O=CNc1ccc(Oc2ccc(Oc3ccc(NC(=O)c4ccc5c(c4)C(=O)N(c4ccc(Oc6ccc(C7(c8ccc(Oc9ccc(N%10C(=O)c%11ccccc%11C%10=O)cc9)cc8)NC(=O)c8ccccc87)cc6)cc4)C5=O)cc3)cc2)cc1,air,20,10,509
O=CNc1ccc(Oc2ccc(Oc3ccc(NC(=O)c4ccc5c(c4)C(=O)N(c4ccc(Oc6ccc(C7(c8ccc(Oc9ccc(N%10C(=O)c%11ccccc%11C%10=O)cc9)cc8)NC(=O)c8ccccc87)cc6)cc4)C5=O)cc3)cc2)cc1,N2,20,10,524
O=CNc1ccc(Oc2cccc(Oc3ccc(NC(=O)c4ccc5c(c4)C(=O)N(c4ccc(Oc6ccc(C7(c8ccc(Oc9ccc(N%10C(=O)c%11ccccc%11C%10=O)cc9)cc8)NC(=O)c8ccccc87)cc6)cc4)C5=O)cc3)c2)cc1,air,20,10,523
O=CNc1ccc(Oc2cccc(Oc3ccc(NC(=O)c4ccc5c(c4)C(=O)N(c4ccc(Oc6ccc(C7(c8ccc(Oc9ccc(N%10C(=O)c%11ccccc%11C%10=O)cc9)cc8)NC(=O)c8ccccc87)cc6)cc4)C5=O)cc3)c2)cc1,N2,20,10,523
O=CNc1ccc(Oc2ccc(S(=O)(=O)c3ccc(Oc4ccc(NC(=O)c5ccc6c(c5)C(=O)N(c5ccc(Oc7ccc(C8(c9ccc(Oc%10ccc(N%11C(=O)c%12ccccc%12C%11=O)cc%10)cc9)NC(=O)c9ccccc98)cc7)cc5)C6=O)cc4)cc3)cc2)cc1,air,20,10,498
O=CNc1ccc(Oc2ccc(S(=O)(=O)c3ccc(Oc4ccc(NC(=O)c5ccc6c(c5)C(=O)N(c5ccc(Oc7ccc(C8(c9ccc(Oc%10ccc(N%11C(=O)c%12ccccc%12C%11=O)cc%10)cc9)NC(=O)c9ccccc98)cc7)cc5)C6=O)cc4)cc3)cc2)cc1,N2,20,10,506
O=Cc1ccc(Oc2ccc(Oc3ccc(C(=O)c4ccc5c(c4)C(=O)N(c4ccc(N6C(=O)c7ccccc7C6=O)cc4)C5=O)cc3)cc2)cc1,air,10,5,528
O=Cc1ccc(Oc2ccc(-c3ccc(Oc4ccc(C(=O)c5ccc6c(c5)C(=O)N(c5ccc(N7C(=O)c8ccccc8C7=O)cc5)C6=O)cc4)cc3)cc2)cc1,air,10,5,570
O=Cc1ccc(Oc2ccc(-c3ccc(Oc4ccc(C(=O)c5ccc6c(c5)C(=O)N(c5ccc(Cc7ccc(N8C(=O)c9ccccc9C8=O)cc7)cc5)C6=O)cc4)cc3)cc2)cc1,air,10,5,490
O=Cc1ccc(Oc2ccc(Oc3ccc(C(=O)c4ccc5c(c4)C(=O)N(c4ccc(Cc6ccc(N7C(=O)c8ccccc8C7=O)cc6)cc4)C5=O)cc3)cc2)cc1,air,10,5,497
CC(C)(c1ccc(-c2ccc(C=O)cc2)cc1)c1ccc(-c2ccc(C(=O)c3ccc4c(c3)C(=O)N(c3ccc(Cc5ccc(N6C(=O)c7ccccc7C6=O)cc5)cc3)C4=O)cc2)cc1,air,10,5,466
O=Cc1ccc(Oc2ccc(C3(c4ccc(Oc5ccc(C(=O)c6ccc7c(c6)C(=O)N(c6ccc(Cc8ccc(N9C(=O)c%10ccccc%10C9=O)cc8)cc6)C7=O)cc5)cc4)OC(=O)c4ccccc43)cc2)cc1,air,10,5,476
O=Cc1ccc(Oc2ccc(S(=O)(=O)c3ccc(Oc4ccc(C(=O)c5ccc6c(c5)C(=O)N(c5ccc(Cc7ccc(N8C(=O)c9ccccc9C8=O)cc7)cc5)C6=O)cc4)cc3)cc2)cc1,air,10,5,466
O=Cc1ccc(Oc2ccc(Oc3ccc(C(=O)c4ccc5c(c4)C(=O)N(c4ccc(Oc6ccc(N7C(=O)c8ccccc8C7=O)cc6)cc4)C5=O)cc3)cc2)cc1,air,10,5,501
O=Cc1ccc(Oc2ccc(-c3ccc(Oc4ccc(C(=O)c5ccc6c(c5)C(=O)N(c5ccc(Oc7ccc(N8C(=O)c9ccccc9C8=O)cc7)cc5)C6=O)cc4)cc3)cc2)cc1,air,10,5,527
CC(C)(c1ccc(Oc2ccc(C=O)cc2)cc1)c1ccc(Oc2ccc(C(=O)c3ccc4c(c3)C(=O)N(c3ccc(Oc5ccc(N6C(=O)c7ccccc7C6=O)cc5)cc3)C4=O)cc2)cc1,air,10,5,461
O=Cc1ccc(Oc2ccc(C3(c4ccc(Oc5ccc(C(=O)c6ccc7c(c6)C(=O)N(c6ccc(Oc8ccc(N9C(=O)c%10ccccc%10C9=O)cc8)cc6)C7=O)cc5)cc4)OC(=O)c4ccccc43)cc2)cc1,air,10,5,496
O=Cc1ccc(Oc2ccc(S(=O)(=O)c3ccc(Oc4ccc(C(=O)c5ccc6c(c5)C(=O)N(c5ccc(Oc7ccc(N8C(=O)c9ccccc9C8=O)cc7)cc5)C6=O)cc4)cc3)cc2)cc1,air,10,5,509
O=Cc1ccc(Oc2ccc(N3C(=O)c4ccccc4C3=O)cc2)cc1,air,10,5,496
CCC[Si](C)(C)O[Si](C)(C)CCCn1c(=O)c2cc3c(=O)[nH]c(=O)c3cc2c1=O,N2,20,10,495
CCC[Si](C)(C)O[Si](C)(C)CCCN1C(=O)c2ccc(C(=O)c3ccc4c(c3)C(=O)NC4=O)cc2C1=O,N2,20,10,496
CCC[Si](C)(C)O[Si](C)(C)CCCN1C(=O)c2ccc(-c3ccc4c(c3)C(=O)NC4=O)cc2C1=O,N2,20,10,496
O=c1[nH]c(=O)c2cc3c(=O)n(-c4cccc(Oc5ccccc5)c4)c(=O)c3cc12,N2,20,10,607
Cc1ccccc1-c1ccc(N2C(=O)c3ccc(-c4ccc5c(c4)C(=O)NC5=O)cc3C2=O)cc1C,air,10,5,600
Cc1ccccc1-c1ccc(N2C(=O)c3ccc(-c4ccc5c(c4)C(=O)NC5=O)cc3C2=O)cc1C,N2,10,5,600
CC(C)(COc1ccc(N2C(=O)c3ccccc3C2=O)cc1)COc1ccc(N2C(=O)c3ccc(C=O)cc3C2=O)cc1,N2,10,10,463
CC(c1ccccc1)C1CC(=O)NC1=O,N2,20,0,350
Cc1cccc(C)c1N1C(=O)CC(C(C)(C)C)C1=O,N2,10,0,355
Cc1ccccc1N1C(=O)CC(C(C)(C)C)C1=O,N2,10,0,353
CC(=O)Nc1ccc(Oc2ccc(NC(=O)CN3C(=O)c4ccc(C(=O)c5ccc6c(c5)C(=O)NC6=O)cc4C3=O)cc2)cc1,N2,20,5,405
CCC(=O)Nc1ccc(Oc2ccc(NC(=O)CCN3C(=O)c4ccc(C(=O)c5ccc6c(c5)C(=O)NC6=O)cc4C3=O)cc2)cc1,N2,20,5,390
CCCC(=O)Nc1ccc(Oc2ccc(NC(=O)CCCN3C(=O)c4ccc(C(=O)c5ccc6c(c5)C(=O)NC6=O)cc4C3=O)cc2)cc1,N2,20,5,402
CCCCCC(=O)Nc1ccc(Oc2ccc(NC(=O)CCCCCN3C(=O)c4ccc(C(=O)c5ccc6c(c5)C(=O)NC6=O)cc4C3=O)cc2)cc1,N2,20,5,440
CCCCCCCCCCC(=O)Nc1ccc(Oc2ccc(NC(=O)CCCCCCCCCCN3C(=O)c4ccc(C(=O)c5ccc6c(c5)C(=O)NC6=O)cc4C3=O)cc2)cc1,N2,20,5,445
CC(=O)Nc1ccc(Oc2cccc(NC(=O)CN3C(=O)c4ccc(C(=O)c5ccc6c(c5)C(=O)NC6=O)cc4C3=O)c2)cc1,N2,20,5,407
CCC(=O)Nc1ccc(Oc2cccc(NC(=O)CCN3C(=O)c4ccc(C(=O)c5ccc6c(c5)C(=O)NC6=O)cc4C3=O)c2)cc1,N2,20,5,399
CCCC(=O)Nc1ccc(Oc2cccc(NC(=O)CCCN3C(=O)c4ccc(C(=O)c5ccc6c(c5)C(=O)NC6=O)cc4C3=O)c2)cc1,N2,20,5,415
CCCCCC(=O)Nc1ccc(Oc2cccc(NC(=O)CCCCCN3C(=O)c4ccc(C(=O)c5ccc6c(c5)C(=O)NC6=O)cc4C3=O)c2)cc1,N2,20,5,440
CCCCCCCCCCC(=O)Nc1ccc(Oc2cccc(NC(=O)CCCCCCCCCCN3C(=O)c4ccc(C(=O)c5ccc6c(c5)C(=O)NC6=O)cc4C3=O)c2)cc1,N2,20,5,440
CC(=O)Nc1ccc(Oc2ccc(Oc3ccc(NC(=O)CN4C(=O)c5ccc(C(=O)c6ccc7c(c6)C(=O)NC7=O)cc5C4=O)cc3)cc2)cc1,N2,20,5,411
CCC(=O)Nc1ccc(Oc2ccc(Oc3ccc(NC(=O)CCN4C(=O)c5ccc(C(=O)c6ccc7c(c6)C(=O)NC7=O)cc5C4=O)cc3)cc2)cc1,N2,20,5,400
CCCC(=O)Nc1ccc(Oc2ccc(Oc3ccc(NC(=O)CCCN4C(=O)c5ccc(C(=O)c6ccc7c(c6)C(=O)NC7=O)cc5C4=O)cc3)cc2)cc1,N2,20,5,400
CCCCCC(=O)Nc1ccc(Oc2ccc(Oc3ccc(NC(=O)CCCCCN4C(=O)c5ccc(C(=O)c6ccc7c(c6)C(=O)NC7=O)cc5C4=O)cc3)cc2)cc1,N2,20,5,435
CCCCCCCCCCC(=O)Nc1ccc(Oc2ccc(Oc3ccc(NC(=O)CCCCCCCCCCN4C(=O)c5ccc(C(=O)c6ccc7c(c6)C(=O)NC7=O)cc5C4=O)cc3)cc2)cc1,N2,20,5,445
CC(=O)Nc1ccc(Cc2ccc(NC(=O)CN3C(=O)c4ccc(C(=O)c5ccc6c(c5)C(=O)NC6=O)cc4C3=O)cc2)cc1,N2,20,5,408
CCC(=O)Nc1ccc(Cc2ccc(NC(=O)CCN3C(=O)c4ccc(C(=O)c5ccc6c(c5)C(=O)NC6=O)cc4C3=O)cc2)cc1,N2,20,5,382
CCCC(=O)Nc1ccc(Cc2ccc(NC(=O)CCCN3C(=O)c4ccc(C(=O)c5ccc6c(c5)C(=O)NC6=O)cc4C3=O)cc2)cc1,N2,20,5,410
CCCCCC(=O)Nc1ccc(Cc2ccc(NC(=O)CCCCCN3C(=O)c4ccc(C(=O)c5ccc6c(c5)C(=O)NC6=O)cc4C3=O)cc2)cc1,N2,20,5,428
CCCCCCCCCCC(=O)Nc1ccc(Cc2ccc(NC(=O)CCCCCCCCCCN3C(=O)c4ccc(C(=O)c5ccc6c(c5)C(=O)NC6=O)cc4C3=O)cc2)cc1,N2,20,5,441
CC(=O)Nc1ccc(NC(=O)CN2C(=O)c3ccc(C(=O)c4ccc5c(c4)C(=O)NC5=O)cc3C2=O)cc1,N2,20,5,416
CCC(=O)Nc1ccc(NC(=O)CCN2C(=O)c3ccc(C(=O)c4ccc5c(c4)C(=O)NC5=O)cc3C2=O)cc1,N2,20,5,388
CCCC(=O)Nc1ccc(NC(=O)CCCN2C(=O)c3ccc(C(=O)c4ccc5c(c4)C(=O)NC5=O)cc3C2=O)cc1,N2,20,5,405
CCCCCC(=O)Nc1ccc(NC(=O)CCCCCN2C(=O)c3ccc(C(=O)c4ccc5c(c4)C(=O)NC5=O)cc3C2=O)cc1,N2,20,5,440
CCCCCCCCCCC(=O)Nc1ccc(NC(=O)CCCCCCCCCCN2C(=O)c3ccc(C(=O)c4ccc5c(c4)C(=O)NC5=O)cc3C2=O)cc1,N2,20,5,436
O=CNc1ccc(NC(=O)c2ccc(N3C(=O)c4ccccc4C3=O)cc2)cc1,air,10,5,400
O=CNc1ccc(Oc2ccc(NC(=O)c3ccc(N4C(=O)c5ccccc5C4=O)cc3)cc2)cc1,N2,10,0,457
O=C1NC(=O)c2cc(Oc3ccc4c(c3)C(=O)N(c3cccc(S(=O)(=O)c5ccccc5)c3)C4=O)ccc21,N2,10,5,557
O=C1NC(=O)c2cc(Oc3ccc4c(c3)C(=O)N(c3cccc(S(=O)(=O)c5ccccc5)c3)C4=O)ccc21,air,10,5,535
O=Cc1ccc2c(c1)C(=O)N(c1cccc(S(=O)(=O)c3cccc(N4C(=O)c5ccccc5C4=O)c3)c1)C2=O,N2,10,5,548
O=Cc1ccc2c(c1)C(=O)N(c1cccc(S(=O)(=O)c3cccc(N4C(=O)c5ccccc5C4=O)c3)c1)C2=O,air,10,5,520
C[Si](C)(c1ccc2c(c1)C(=O)NC2=O)c1ccc2c(c1)C(=O)N(c1ccc(Cc3ccccc3)cc1)C2=O,air,10,1,300
C[Si](C)(O[Si](C)(C)c1ccc2c(c1)C(=O)N(c1ccc(Cc3ccccc3)cc1)C2=O)c1ccc2c(c1)C(=O)NC2=O,air,10,10,250
O=C1NC(=O)c2c1c(-c1ccccc1)c(-c1ccccc1)c(-c1ccc(-c3c(-c4ccccc4)c4c(c(-c5ccccc5)c3-c3ccccc3)C(=O)N(c3ccc(Oc5ccccc5)cc3)C4=O)cc1)c2-c1ccccc1,air,5,0,495
O=C1NC(=O)c2c1c(-c1ccccc1)c(-c1ccccc1)c(-c1ccc(-c3c(-c4ccccc4)c4c(c(-c5ccccc5)c3-c3ccccc3)C(=O)N(c3ccc(Oc5ccccc5)cc3)C4=O)cc1)c2-c1ccccc1,air,5,20,560
O=C1NC(=O)c2c1c(-c1ccccc1)c(-c1ccccc1)c(-c1ccc(-c3c(-c4ccccc4)c4c(c(-c5ccccc5)c3-c3ccccc3)C(=O)N(c3ccc(Oc5ccccc5)cc3)C4=O)cc1)c2-c1ccccc1,N2,5,0,525
O=C1NC(=O)c2c1c(-c1ccccc1)c(-c1ccccc1)c(-c1ccc(-c3c(-c4ccccc4)c4c(c(-c5ccccc5)c3-c3ccccc3)C(=O)N(c3ccc(Oc5ccccc5)cc3)C4=O)cc1)c2-c1ccccc1,N2,5,20,594
O=C1NC(=O)c2c1c(-c1ccccc1)c(-c1ccccc1)c(-c1ccc(Oc3ccc(-c4c(-c5ccccc5)c5c(c(-c6ccccc6)c4-c4ccccc4)C(=O)N(c4ccc(Oc6ccccc6)cc4)C5=O)cc3)cc1)c2-c1ccccc1,air,5,0,525
O=C1NC(=O)c2c1c(-c1ccccc1)c(-c1ccccc1)c(-c1ccc(Oc3ccc(-c4c(-c5ccccc5)c5c(c(-c6ccccc6)c4-c4ccccc4)C(=O)N(c4ccc(Oc6ccccc6)cc4)C5=O)cc3)cc1)c2-c1ccccc1,air,5,20,584
O=C1NC(=O)c2c1c(-c1ccccc1)c(-c1ccccc1)c(-c1ccc(Oc3ccc(-c4c(-c5ccccc5)c5c(c(-c6ccccc6)c4-c4ccccc4)C(=O)N(c4ccc(Oc6ccccc6)cc4)C5=O)cc3)cc1)c2-c1ccccc1,N2,5,0,525
O=C1NC(=O)c2c1c(-c1ccccc1)c(-c1ccccc1)c(-c1ccc(Oc3ccc(-c4c(-c5ccccc5)c5c(c(-c6ccccc6)c4-c4ccccc4)C(=O)N(c4ccc(Oc6ccccc6)cc4)C5=O)cc3)cc1)c2-c1ccccc1,N2,5,20,600
CCOP(=O)(Cc1ccc(N2C(=O)c3ccc(C=O)cc3C2=O)cc1N1C(=O)c2ccccc2C1=O)OCC,N2,10,20,530
O=Cc1ccc2c(c1)C(=O)N(c1ccc(CP(=O)(OCCCl)OCCCl)c(N3C(=O)c4ccccc4C3=O)c1)C2=O,N2,10,20,510
CC(C)c1ccc2c(c1)C(=O)N(c1ccc3c(c1)Cc1cc(N4C(=O)c5ccccc5C4=O)ccc1-3)C2=O,N2,20,5,480
CC(C)c1ccc2c(c1)C(=O)N(c1cccc(C(C)(C)c3cccc(N4C(=O)c5ccccc5C4=O)c3)c1)C2=O,N2,20,5,530
CCOP(=O)(Cc1ccccc1-n1c(=O)c2cc3c(=O)[nH]c(=O)c3cc2c1=O)OCC,N2,10,20,530
O=c1[nH]c(=O)c2cc3c(=O)n(-c4ccccc4CP(=O)(OCCCl)OCCCl)c(=O)c3cc12,N2,10,20,575
CC(C)(C)COC(=O)NC(=O)c1cccc(C(=O)NC(=O)O)c1,N2,10,10,232
CC(C)(C)COC(=O)NC(=O)c1ccc(C(=O)NC(=O)O)cc1,N2,10,10,239
CCCCC(C)COC(=O)NC(=O)c1cccc(C(=O)NC(=O)O)c1,N2,10,10,234
CCCCCCCCC(C)COC(=O)NC(=O)c1cccc(C(=O)NC(=O)O)c1,N2,10,10,230
CCCCCCCCCCCCC(C)COC(=O)NC(=O)c1cccc(C(=O)NC(=O)O)c1,N2,10,10,238
CCCCCCCCCCCCC(C)COC(=O)NC(=O)c1ccc(C(=O)NC(=O)O)cc1,N2,10,10,259
CC(C)(C)COC(=O)NC(=O)c1cc(C(=O)NC(=O)O)cc(C(C)(C)C)c1,N2,10,10,260
CC(C)(C)c1cc(C(=O)NC=O)cc(C(=O)NC(=O)Oc2ccc(C(C)(C)c3ccc(O)cc3)cc2)c1,N2,10,10,214
CC(C)(C)c1cc(C(=O)NC=O)cc(C(=O)NC(=O)Oc2ccc(Oc3ccc(O)cc3)cc2)c1,N2,10,10,209
CC(C)(C)c1cc(C(=O)NC=O)cc(C(=O)NC(=O)Oc2ccccc2O)c1,N2,10,10,174
CC(C)(C)c1cc(C(=O)NC=O)cc(C(=O)NC(=O)Oc2ccc(-c3ccc(O)cc3)cc2)c1,N2,10,10,205
O=CNc1ccc(Cc2ccc(N3C(=O)c4ccccc4C3=O)cc2)cc1,N2,10,10,510
O=CNc1cccc(Oc2ccc(NC(=O)c3ccc(N4C(=O)c5ccccc5C4=O)cc3)cc2)c1,N2,10,0,404
CC(C)(c1ccc(Oc2ccc(NC=O)cc2)cc1)c1ccc(Oc2ccc(NC(=O)c3ccc(N4C(=O)c5ccccc5C4=O)cc3)cc2)cc1,N2,10,0,449
O=CNc1cccc(Oc2ccc(S(=O)(=O)c3ccc(Oc4cccc(NC(=O)c5ccc(N6C(=O)c7ccccc7C6=O)cc5)c4)cc3)cc2)c1,N2,10,0,429
O=CNc1ccc(Oc2cccc(NC(=O)c3ccc4c(c3)C(=O)N(c3ccc(Oc5cccc(N6C(=O)c7ccccc7C6=O)c5)cc3)C4=O)c2)cc1,N2,10,0,454
CC(C)(c1ccc(Oc2ccc(NC=O)cc2)cc1)c1ccc(Oc2ccc(NC(=O)c3ccc4c(c3)C(=O)N(c3ccc(Oc5cccc(N6C(=O)c7ccccc7C6=O)c5)cc3)C4=O)cc2)cc1,N2,10,0,456
CC(C)c1ccc2c(c1)C(=O)N(c1ccc(C(=O)Nc3ccc(Oc4ccc(NC(=O)c5ccc(N6C(=O)c7ccccc7C6=O)cc5)cc4)cc3)cc1)C2=O,N2,20,10,540
CC(C)c1ccc2c(c1)C(=O)N(c1ccc(C(=O)Nc3ccc(Oc4ccc(NC(=O)c5ccc(N6C(=O)c7ccccc7C6=O)cc5)cc4)cc3)cc1)C2=O,air,20,10,529
CC(C)c1ccc2c(c1)C(=O)N(c1ccc(C(=O)Nc3ccc(Oc4ccc(C(C)(C)c5ccc(Oc6ccc(NC(=O)c7ccc(N8C(=O)c9ccccc9C8=O)cc7)cc6)cc5)cc4)cc3)cc1)C2=O,N2,20,10,539
CC(C)c1ccc2c(c1)C(=O)N(c1ccc(C(=O)Nc3ccc(Oc4ccc(C(C)(C)c5ccc(Oc6ccc(NC(=O)c7ccc(N8C(=O)c9ccccc9C8=O)cc7)cc6)cc5)cc4)cc3)cc1)C2=O,air,20,10,532
CC(C)c1ccc2c(c1)C(=O)N(c1cccc(C(=O)Nc3ccc(Oc4ccc(NC(=O)c5cccc(N6C(=O)c7ccccc7C6=O)c5)cc4)cc3)c1)C2=O,N2,20,10,547
CC(C)c1ccc2c(c1)C(=O)N(c1cccc(C(=O)Nc3ccc(Oc4ccc(NC(=O)c5cccc(N6C(=O)c7ccccc7C6=O)c5)cc4)cc3)c1)C2=O,air,20,10,533
CC(C)c1ccc2c(c1)C(=O)N(c1cccc(C(=O)Nc3ccc(NC(=O)c4cccc(N5C(=O)c6ccccc6C5=O)c4)cc3)c1)C2=O,N2,20,10,547
CC(C)c1ccc2c(c1)C(=O)N(c1cccc(C(=O)Nc3ccc(NC(=O)c4cccc(N5C(=O)c6ccccc6C5=O)c4)cc3)c1)C2=O,air,20,10,535
O=C1NC(=O)c2cc(Oc3ccccc3Oc3ccc4c(c3)C(=O)N(c3ccccc3)C4=O)ccc21,N2,20,10,557
O=C1NC(=O)c2cc(Oc3ccccc3Oc3ccc4c(c3)C(=O)N(c3ccccc3)C4=O)ccc21,air,20,10,575
O=C1NC(=O)c2cc(Oc3ccccc3Oc3ccc4c(c3)C(=O)N(c3ccc(-c5ccccc5)cc3)C4=O)ccc21,N2,20,10,568
O=C1NC(=O)c2cc(Oc3ccccc3Oc3ccc4c(c3)C(=O)N(c3ccc(-c5ccccc5)cc3)C4=O)ccc21,air,20,10,580
O=C1NC(=O)c2cc(Oc3ccccc3Oc3ccc4c(c3)C(=O)N(c3ccc(Oc5ccccc5)cc3)C4=O)ccc21,N2,20,10,558
O=C1NC(=O)c2cc(Oc3ccccc3Oc3ccc4c(c3)C(=O)N(c3ccc(Oc5ccccc5)cc3)C4=O)ccc21,air,20,10,579
O=C1NC(=O)c2cc(Oc3ccccc3Oc3ccc4c(c3)C(=O)N(c3ccc(Oc5ccc(Oc6ccccc6)cc5)cc3)C4=O)ccc21,N2,20,10,561
O=C1NC(=O)c2cc(Oc3ccccc3Oc3ccc4c(c3)C(=O)N(c3ccc(Oc5ccc(Oc6ccccc6)cc5)cc3)C4=O)ccc21,air,20,10,568
O=C1NC(=O)c2cc(Oc3ccccc3Oc3ccc4c(c3)C(=O)N(c3ccc(Oc5ccccc5Oc5ccccc5)cc3)C4=O)ccc21,N2,20,10,553
O=C1NC(=O)c2cc(Oc3ccccc3Oc3ccc4c(c3)C(=O)N(c3ccc(Oc5ccccc5Oc5ccccc5)cc3)C4=O)ccc21,air,20,10,572
O=C1NC(=O)c2cc(Oc3ccccc3Oc3ccc4c(c3)C(=O)N(c3ccc(Oc5cc6ccccc6cc5Oc5ccccc5)cc3)C4=O)ccc21,N2,20,10,535
O=C1NC(=O)c2cc(Oc3ccccc3Oc3ccc4c(c3)C(=O)N(c3ccc(Oc5cc6ccccc6cc5Oc5ccccc5)cc3)C4=O)ccc21,air,20,10,542
O=C1NC(=O)c2cc(Oc3ccccc3Oc3ccc4c(c3)C(=O)N(c3ccc(Oc5ccc(-c6ccc(Oc7ccccc7)cc6)cc5)cc3)C4=O)ccc21,N2,20,10,557
O=C1NC(=O)c2cc(Oc3ccccc3Oc3ccc4c(c3)C(=O)N(c3ccc(Oc5ccc(-c6ccc(Oc7ccccc7)cc6)cc5)cc3)C4=O)ccc21,air,20,10,581
O=C1NC(=O)c2cc(Oc3cc4ccccc4cc3Oc3ccc4c(c3)C(=O)N(c3ccccc3)C4=O)ccc21,N2,20,10,553
O=C1NC(=O)c2cc(Oc3cc4ccccc4cc3Oc3ccc4c(c3)C(=O)N(c3ccccc3)C4=O)ccc21,air,20,10,561
O=C1NC(=O)c2cc(Oc3cc4ccccc4cc3Oc3ccc4c(c3)C(=O)N(c3ccc(-c5ccccc5)cc3)C4=O)ccc21,N2,20,10,570
O=C1NC(=O)c2cc(Oc3cc4ccccc4cc3Oc3ccc4c(c3)C(=O)N(c3ccc(-c5ccccc5)cc3)C4=O)ccc21,air,20,10,583
O=C1NC(=O)c2cc(Oc3cc4ccccc4cc3Oc3ccc4c(c3)C(=O)N(c3ccc(Oc5ccccc5Oc5ccccc5)cc3)C4=O)ccc21,N2,20,10,554
O=C1NC(=O)c2cc(Oc3cc4ccccc4cc3Oc3ccc4c(c3)C(=O)N(c3ccc(Oc5ccccc5Oc5ccccc5)cc3)C4=O)ccc21,air,20,10,575
O=C1NC(=O)c2cc(Oc3cc4ccccc4cc3Oc3ccc4c(c3)C(=O)N(c3ccc(Oc5cc6ccccc6cc5Oc5ccccc5)cc3)C4=O)ccc21,N2,20,10,540
O=C1NC(=O)c2cc(Oc3cc4ccccc4cc3Oc3ccc4c(c3)C(=O)N(c3ccc(Oc5cc6ccccc6cc5Oc5ccccc5)cc3)C4=O)ccc21,air,20,10,551
Cc1cc(N2C(=O)c3ccccc3C2=O)ccc1-c1ccc(N2C(=O)c3ccc(C(C)C)cc3C2=O)cc1C,N2,10,5,530
Cc1cc(N2C(=O)c3ccccc3C2=O)ccc1-c1ccc(N2C(=O)c3ccc(C(C)C)cc3C2=O)cc1C,air,10,5,462
O=C1NC(=O)c2cc(P(=O)(c3ccccc3)c3ccc4c(c3)C(=O)N(c3ccccc3)C4=O)ccc21,air,10,5,586
O=C1NC(=O)c2cc(P(=O)(c3ccccc3)c3ccc4c(c3)C(=O)N(c3ccc(Oc5ccccc5)cc3)C4=O)ccc21,air,10,5,586
Cc1cccc(N2C(=O)c3ccc(P(=O)(c4ccccc4)c4ccc5c(c4)C(=O)NC5=O)cc3C2=O)c1,air,10,5,538
CC(C)(c1ccc2c(c1)C(=O)N(c1ccccc1)C2=O)c1ccc2c(c1)C(=O)N(c1ccc(-n3c(=O)c4cc5c(=O)[nH]c(=O)c5cc4c3=O)cc1)C2=O,N2,10,5,545
CC(C)(c1ccc2c(c1)C(=O)N(c1ccccc1)C2=O)c1ccc2c(c1)C(=O)N(c1cccc(-n3c(=O)c4cc5c(=O)[nH]c(=O)c5cc4c3=O)c1)C2=O,N2,10,5,515
CC(C)(c1ccc2c(c1)C(=O)N(c1ccccc1)C2=O)c1ccc2c(c1)C(=O)N(c1ccc(N3C(=O)c4ccc(-c5ccc6c(c5)C(=O)NC6=O)cc4C3=O)cc1)C2=O,N2,10,5,545
CC(C)(c1ccc2c(c1)C(=O)N(c1ccccc1)C2=O)c1ccc2c(c1)C(=O)N(c1cccc(N3C(=O)c4ccc(-c5ccc6c(c5)C(=O)NC6=O)cc4C3=O)c1)C2=O,N2,10,5,535
O=CNc1cccc(NC(=O)c2cccc(C(=O)Nc3cccc(N4C(=O)c5ccccc5C4=O)c3)c2)c1,air,5,10,417
O=CNc1cccc(NC(=O)c2cccc(C(=O)Nc3cccc(N4C(=O)c5ccccc5C4=O)c3)c2)c1,N2,5,10,417
O=CNc1ccc(NC(=O)c2cccc(C(=O)Nc3ccc(N4C(=O)c5ccccc5C4=O)cc3)c2)cc1,air,5,10,450
O=CNc1ccc(NC(=O)c2cccc(C(=O)Nc3ccc(N4C(=O)c5ccccc5C4=O)cc3)c2)cc1,N2,5,10,425
O=Cc1ccc2c(c1)C(=O)N(c1cccc(NC(=O)c3cccc(C(=O)Nc4cccc(N5C(=O)c6ccccc6C5=O)c4)c3)c1)C2=O,air,5,10,450
O=Cc1ccc2c(c1)C(=O)N(c1cccc(NC(=O)c3cccc(C(=O)Nc4cccc(N5C(=O)c6ccccc6C5=O)c4)c3)c1)C2=O,N2,5,10,467
O=CNc1cccc(NC(=O)CCCCCCCCC(=O)Nc2cccc(N3C(=O)c4ccccc4C3=O)c2)c1,air,5,10,375
O=CNc1cccc(NC(=O)CCCCCCCCC(=O)Nc2cccc(N3C(=O)c4ccccc4C3=O)c2)c1,N2,5,10,400
O=CNc1ccc(Oc2cccc(NC(=O)c3ccc4c(c3)C(=O)N(c3ccc(Oc5ccc(N6C(=O)c7ccccc7C6=O)cc5)cc3)C4=O)c2)cc1,N2,10,5,514
O=CNc1ccc(Oc2cccc(NC(=O)c3ccc4c(c3)C(=O)N(c3ccc(Oc5ccc(N6C(=O)c7ccccc7C6=O)cc5)cc3)C4=O)c2)cc1,air,10,5,493
O=CNc1ccc(Cc2ccc(NC(=O)c3ccc4c(c3)C(=O)N(c3ccc(Oc5ccc(N6C(=O)c7ccccc7C6=O)cc5)cc3)C4=O)cc2)cc1,N2,10,5,454
O=CNc1ccc(Cc2ccc(NC(=O)c3ccc4c(c3)C(=O)N(c3ccc(Oc5ccc(N6C(=O)c7ccccc7C6=O)cc5)cc3)C4=O)cc2)cc1,air,10,5,401
O=CNc1ccc(Sc2ccc(NC(=O)c3ccc4c(c3)C(=O)N(c3ccc(Oc5ccc(N6C(=O)c7ccccc7C6=O)cc5)cc3)C4=O)cc2)cc1,N2,10,5,506
O=CNc1ccc(Sc2ccc(NC(=O)c3ccc4c(c3)C(=O)N(c3ccc(Oc5ccc(N6C(=O)c7ccccc7C6=O)cc5)cc3)C4=O)cc2)cc1,air,10,5,479
O=CNc1ccc(Oc2ccc(Oc3ccc(NC(=O)c4ccc5c(c4)C(=O)N(c4ccc(Oc6ccc(N7C(=O)c8ccccc8C7=O)cc6)cc4)C5=O)cc3)cc2)cc1,N2,10,5,513
O=CNc1ccc(Oc2ccc(Oc3ccc(NC(=O)c4ccc5c(c4)C(=O)N(c4ccc(Oc6ccc(N7C(=O)c8ccccc8C7=O)cc6)cc4)C5=O)cc3)cc2)cc1,air,10,5,462
O=CNc1ccc(Oc2ccc(NC(=O)c3ccc4c(c3)C(=O)N(c3ccc(Cc5ccc(N6C(=O)c7ccccc7C6=O)cc5)cc3)C4=O)cc2)cc1,N2,10,5,507
O=CNc1ccc(Oc2ccc(NC(=O)c3ccc4c(c3)C(=O)N(c3ccc(Cc5ccc(N6C(=O)c7ccccc7C6=O)cc5)cc3)C4=O)cc2)cc1,air,10,5,475
O=CNc1ccc(Oc2ccc(Oc3ccc(NC(=O)c4ccc5c(c4)C(=O)N(c4ccc(S(=O)(=O)c6ccc(N7C(=O)c8ccccc8C7=O)cc6)cc4)C5=O)cc3)cc2)cc1,N2,10,5,494
O=CNc1ccc(Oc2ccc(Oc3ccc(NC(=O)c4ccc5c(c4)C(=O)N(c4ccc(S(=O)(=O)c6ccc(N7C(=O)c8ccccc8C7=O)cc6)cc4)C5=O)cc3)cc2)cc1,air,10,5,472
O=CNc1ccc(Oc2ccc(NC(=O)c3ccc4c(c3)C(=O)N(C3CCC(CC5CCC(N6C(=O)c7ccccc7C6=O)CC5)CC3)C4=O)cc2)cc1,N2,10,5,460
O=CNc1ccc(Oc2ccc(NC(=O)c3ccc4c(c3)C(=O)N(C3CCC(CC5CCC(N6C(=O)c7ccccc7C6=O)CC5)CC3)C4=O)cc2)cc1,air,10,5,397
Cc1ccccc1-c1ccc(-n2c(=O)c3c(C)c4c(=O)[nH]c(=O)c4c(C)c3c2=O)cc1C,N2,10,10,495
Cc1ccccc1-c1ccc(-n2c(=O)c3cc4c(=O)[nH]c(=O)c4c(C)c3c2=O)cc1C,N2,10,10,584
Cc1ccccc1-c1ccc(-n2c(=O)c3cc4c(=O)[nH]c(=O)c4cc3c2=O)cc1C,air,10,5,592
Cc1ccccc1-c1ccc(-n2c(=O)c3cc4c(=O)[nH]c(=O)c4cc3c2=O)cc1C,N2,0,0,490
Cc1c2c(=O)[nH]c(=O)c2c(C)c2c(=O)n(-c3ccc(-c4ccc(-c5ccccc5)cc4)cc3)c(=O)c12,N2,10,10,495
Cc1c2c(=O)[nH]c(=O)c2cc2c(=O)n(-c3ccc(-c4ccc(-c5ccccc5)cc4)cc3)c(=O)c12,N2,10,10,562
Cc1cc(C)c(N2C(=O)c3cc(Cl)c(C=O)cc3C2=O)c(C)c1N1C(=O)c2ccc(Cl)cc2C1=O,N2,10,5,506
O=Cc1cc2c(cc1Cl)C(=O)N(c1cccc(N3C(=O)c4ccc(Cl)cc4C3=O)c1)C2=O,N2,10,5,551
CC(C)(C)c1cc(N2C(=O)c3ccc(Cl)cc3C2=O)cc(N2C(=O)c3cc(Cl)c(C=O)cc3C2=O)c1,N2,10,5,464
O=Cc1cc2c(cc1Cl)C(=O)N(c1cc(C(=O)O)cc(N3C(=O)c4ccc(Cl)cc4C3=O)c1)C2=O,N2,10,5,403
COC(=O)c1cc(N2C(=O)c3ccc(Cl)cc3C2=O)cc(N2C(=O)c3cc(Cl)c(C=O)cc3C2=O)c1,N2,10,5,464
Cc1cc(N2C(=O)c3ccc(Cl)cc3C2=O)cc(N2C(=O)c3cc(Cl)c(C=O)cc3C2=O)c1,N2,10,5,567
O=Cc1cc2c(cc1Cl)C(=O)N(c1cc(Cl)cc(N3C(=O)c4ccc(Cl)cc4C3=O)c1)C2=O,N2,10,5,563
O=Cc1cc2c(cc1Cl)C(=O)N(c1cc(Cl)c(N3C(=O)c4ccc(Cl)cc4C3=O)cc1Cl)C2=O,N2,10,5,498
O=Cc1ccc2c(c1)C(=O)N(c1cc(C(=O)O)cc(N3C(=O)c4ccccc4C3=O)c1)C2=O,N2,20,0,250
O=CNc1ccc(NC(=O)c2ccc3c(c2)C(=O)N(c2ccc(Oc4ccc5ccc(Oc6ccc(N7C(=O)c8ccccc8C7=O)cc6)cc5c4)cc2)C3=O)cc1,N2,20,10,549
O=CNc1ccc(NC(=O)c2ccc3c(c2)C(=O)N(c2ccc(Oc4ccc5ccc(Oc6ccc(N7C(=O)c8ccccc8C7=O)cc6)cc5c4)cc2)C3=O)cc1,air,20,10,498
O=CNc1cccc(NC(=O)c2ccc3c(c2)C(=O)N(c2ccc(Oc4ccc5ccc(Oc6ccc(N7C(=O)c8ccccc8C7=O)cc6)cc5c4)cc2)C3=O)c1,N2,20,10,565
O=CNc1cccc(NC(=O)c2ccc3c(c2)C(=O)N(c2ccc(Oc4ccc5ccc(Oc6ccc(N7C(=O)c8ccccc8C7=O)cc6)cc5c4)cc2)C3=O)c1,air,20,10,506
O=CNc1ccc(Oc2ccc(NC(=O)c3ccc4c(c3)C(=O)N(c3ccc(Oc5ccc6ccc(Oc7ccc(N8C(=O)c9ccccc9C8=O)cc7)cc6c5)cc3)C4=O)cc2)cc1,N2,20,10,564
O=CNc1ccc(Oc2ccc(NC(=O)c3ccc4c(c3)C(=O)N(c3ccc(Oc5ccc6ccc(Oc7ccc(N8C(=O)c9ccccc9C8=O)cc7)cc6c5)cc3)C4=O)cc2)cc1,air,20,10,526
O=CNc1ccc(Oc2cccc(NC(=O)c3ccc4c(c3)C(=O)N(c3ccc(Oc5ccc6ccc(Oc7ccc(N8C(=O)c9ccccc9C8=O)cc7)cc6c5)cc3)C4=O)c2)cc1,N2,20,10,528
O=CNc1ccc(Oc2cccc(NC(=O)c3ccc4c(c3)C(=O)N(c3ccc(Oc5ccc6ccc(Oc7ccc(N8C(=O)c9ccccc9C8=O)cc7)cc6c5)cc3)C4=O)c2)cc1,air,20,10,524
O=CNc1ccc(Sc2ccc(NC(=O)c3ccc4c(c3)C(=O)N(c3ccc(Oc5ccc6ccc(Oc7ccc(N8C(=O)c9ccccc9C8=O)cc7)cc6c5)cc3)C4=O)cc2)cc1,N2,20,10,528
O=CNc1ccc(Sc2ccc(NC(=O)c3ccc4c(c3)C(=O)N(c3ccc(Oc5ccc6ccc(Oc7ccc(N8C(=O)c9ccccc9C8=O)cc7)cc6c5)cc3)C4=O)cc2)cc1,air,20,10,497
O=CNc1ccc(Cc2ccc(NC(=O)c3ccc4c(c3)C(=O)N(c3ccc(Oc5ccc6ccc(Oc7ccc(N8C(=O)c9ccccc9C8=O)cc7)cc6c5)cc3)C4=O)cc2)cc1,N2,20,10,527
O=CNc1ccc(Cc2ccc(NC(=O)c3ccc4c(c3)C(=O)N(c3ccc(Oc5ccc6ccc(Oc7ccc(N8C(=O)c9ccccc9C8=O)cc7)cc6c5)cc3)C4=O)cc2)cc1,air,20,10,521
O=CNc1ccc(Oc2ccc(Oc3ccc(NC(=O)c4ccc5c(c4)C(=O)N(c4ccc(Oc6ccc7ccc(Oc8ccc(N9C(=O)c%10ccccc%10C9=O)cc8)cc7c6)cc4)C5=O)cc3)cc2)cc1,N2,20,10,549
O=CNc1ccc(Oc2ccc(Oc3ccc(NC(=O)c4ccc5c(c4)C(=O)N(c4ccc(Oc6ccc7ccc(Oc8ccc(N9C(=O)c%10ccccc%10C9=O)cc8)cc7c6)cc4)C5=O)cc3)cc2)cc1,air,20,10,526
O=CNc1ccc(Oc2ccc(Oc3ccc(Oc4ccc(NC(=O)c5ccc6c(c5)C(=O)N(c5ccc(Oc7ccc8ccc(Oc9ccc(N%10C(=O)c%11ccccc%11C%10=O)cc9)cc8c7)cc5)C6=O)cc4)cc3)cc2)cc1,N2,20,10,541
O=CNc1ccc(Oc2ccc(Oc3ccc(Oc4ccc(NC(=O)c5ccc6c(c5)C(=O)N(c5ccc(Oc7ccc8ccc(Oc9ccc(N%10C(=O)c%11ccccc%11C%10=O)cc9)cc8c7)cc5)C6=O)cc4)cc3)cc2)cc1,air,20,10,500
O=CNc1ccc(Oc2cccc(Oc3ccc(NC(=O)c4ccc5c(c4)C(=O)N(c4ccc(Oc6ccc7ccc(Oc8ccc(N9C(=O)c%10ccccc%10C9=O)cc8)cc7c6)cc4)C5=O)cc3)c2)cc1,N2,20,10,560
O=CNc1ccc(Oc2cccc(Oc3ccc(NC(=O)c4ccc5c(c4)C(=O)N(c4ccc(Oc6ccc7ccc(Oc8ccc(N9C(=O)c%10ccccc%10C9=O)cc8)cc7c6)cc4)C5=O)cc3)c2)cc1,air,20,10,541
CC(C)(c1ccc(NC=O)cc1)c1ccc(NC(=O)c2ccc3c(c2)C(=O)N(c2ccc(Oc4ccc5ccc(Oc6ccc(N7C(=O)c8ccccc8C7=O)cc6)cc5c4)cc2)C3=O)cc1,N2,20,10,542
CC(C)(c1ccc(NC=O)cc1)c1ccc(NC(=O)c2ccc3c(c2)C(=O)N(c2ccc(Oc4ccc5ccc(Oc6ccc(N7C(=O)c8ccccc8C7=O)cc6)cc5c4)cc2)C3=O)cc1,air,20,10,522
CC(C)(c1ccc(Oc2ccc(NC=O)cc2)cc1)c1ccc(Oc2ccc(NC(=O)c3ccc4c(c3)C(=O)N(c3ccc(Oc5ccc6ccc(Oc7ccc(N8C(=O)c9ccccc9C8=O)cc7)cc6c5)cc3)C4=O)cc2)cc1,N2,20,10,544
CC(C)(c1ccc(Oc2ccc(NC=O)cc2)cc1)c1ccc(Oc2ccc(NC(=O)c3ccc4c(c3)C(=O)N(c3ccc(Oc5ccc6ccc(Oc7ccc(N8C(=O)c9ccccc9C8=O)cc7)cc6c5)cc3)C4=O)cc2)cc1,air,20,10,534
O=CNc1ccc(Oc2ccc(S(=O)(=O)c3ccc(Oc4ccc(NC(=O)c5ccc6c(c5)C(=O)N(c5ccc(Oc7ccc8ccc(Oc9ccc(N%10C(=O)c%11ccccc%11C%10=O)cc9)cc8c7)cc5)C6=O)cc4)cc3)cc2)cc1,N2,20,10,532
O=CNc1ccc(Oc2ccc(S(=O)(=O)c3ccc(Oc4ccc(NC(=O)c5ccc6c(c5)C(=O)N(c5ccc(Oc7ccc8ccc(Oc9ccc(N%10C(=O)c%11ccccc%11C%10=O)cc9)cc8c7)cc5)C6=O)cc4)cc3)cc2)cc1,air,20,10,489
O=CNc1ccc(Oc2ccc3ccc(Oc4ccc(NC(=O)c5ccc6c(c5)C(=O)N(c5ccc(Oc7ccc8ccc(Oc9ccc(N%10C(=O)c%11ccccc%11C%10=O)cc9)cc8c7)cc5)C6=O)cc4)cc3c2)cc1,N2,20,10,549
O=CNc1ccc(Oc2ccc3ccc(Oc4ccc(NC(=O)c5ccc6c(c5)C(=O)N(c5ccc(Oc7ccc8ccc(Oc9ccc(N%10C(=O)c%11ccccc%11C%10=O)cc9)cc8c7)cc5)C6=O)cc4)cc3c2)cc1,air,20,10,518
O=Cc1ccc2c(c1)C(=O)N(c1ccc(C3(c4ccc(N5C(=O)c6ccccc6C5=O)cc4)c4ccccc4-c4ccccc43)cc1)C2=O,Ar,5,0,401
CCCCCCN1C(=O)c2ccc(C(C)(C)c3ccc4c(c3)C(=O)NC4=O)cc2C1=O,N2,10,5,480
CCCCCCN1C(=O)c2ccc(C(C)(C)c3ccc4c(c3)C(=O)NC4=O)cc2C1=O,air,10,5,483
CC(C)c1ccc2c(c1)C(=O)N(c1ccc(C(C)(c3ccccc3)c3ccc(N4C(=O)c5ccccc5C4=O)cc3)cc1)C2=O,air,10,5,511
CC(C)c1ccc2c(c1)C(=O)N(c1ccc(C3(c4ccc(N5C(=O)c6ccccc6C5=O)cc4)c4ccccc4-c4ccccc43)cc1)C2=O,air,10,5,530
Cc1cc(-c2cc(C)c(N3C(=O)c4ccc(C(C)C)cc4C3=O)c(C)c2)cc(C)c1N1C(=O)c2ccccc2C1=O,N2,20,0,360
CCCCCCN1C(=O)c2ccc(C(=O)Nc3ccc(S(=O)(=O)c4ccc(NC(=O)c5ccc6c(c5)C(=O)NC6=O)cc4)cc3)cc2C1=O,N2,10,5,453
CCCCCCN1C(=O)c2ccc(C(=O)Nc3ccc(S(=O)(=O)c4ccc(NC(=O)c5ccc6c(c5)C(=O)NC6=O)cc4)cc3)cc2C1=O,air,10,5,449
CCCCCCN1C(=O)c2ccc(C(=O)Nc3ccc(S(=O)(=O)c4cccc(NC(=O)c5ccc6c(c5)C(=O)NC6=O)c4)cc3)cc2C1=O,N2,10,5,472
CCCCCCN1C(=O)c2ccc(C(=O)Nc3ccc(S(=O)(=O)c4cccc(NC(=O)c5ccc6c(c5)C(=O)NC6=O)c4)cc3)cc2C1=O,air,10,5,468
O=CNc1ccc(-c2sc(-c3ccc(NC(=O)c4ccc5c(c4)C(=O)N(c4ccc(Oc6ccc7ccc(Oc8ccc(N9C(=O)c%10ccccc%10C9=O)cc8)cc7c6)cc4)C5=O)cc3)c(-c3ccccc3)c2-c2ccccc2)cc1,N2,20,10,575
O=CNc1ccc(-c2sc(-c3ccc(NC(=O)c4ccc5c(c4)C(=O)N(c4ccc(Oc6ccc7ccc(Oc8ccc(N9C(=O)c%10ccccc%10C9=O)cc8)cc7c6)cc4)C5=O)cc3)c(-c3ccccc3)c2-c2ccccc2)cc1,air,20,10,556
CC(C)c1ccc2c(c1)C(=O)N(c1ccc(S(=O)(=O)c3ccc(N4C(=O)c5ccccc5C4=O)cc3)cc1)C2=O,N2,20,5,528
O=C(c1ccc(Oc2ccccc2)cc1)c1ccc(Oc2ccc(-c3c4c(cc5ccccc35)C(=O)N(c3ccccc3)C4=O)cc2)cc1,air,10,10,551
O=C(c1ccc(Oc2ccccc2)cc1)c1ccc(Oc2ccc(-c3c4c(cc5ccccc35)C(=O)N(c3ccccc3)C4=O)cc2)cc1,N2,10,10,561
O=C(c1ccc(Oc2ccccc2)cc1)c1ccc(Oc2ccc(-c3c4c(cc5ccccc35)C(=O)N(c3ccc(Cl)cc3)C4=O)cc2)cc1,air,10,10,550
O=C(c1ccc(Oc2ccccc2)cc1)c1ccc(Oc2ccc(-c3c4c(cc5ccccc35)C(=O)N(c3ccc(Cl)cc3)C4=O)cc2)cc1,N2,10,10,564
O=C(c1ccc(Oc2ccccc2)cc1)c1ccc(Oc2ccc(-c3c4c(cc5ccccc35)C(=O)N(c3ccc(F)cc3)C4=O)cc2)cc1,air,10,10,561
O=C(c1ccc(Oc2ccccc2)cc1)c1ccc(Oc2ccc(-c3c4c(cc5ccccc35)C(=O)N(c3ccc(F)cc3)C4=O)cc2)cc1,N2,10,10,578
Cc1cccc(N2C(=O)c3cc4ccccc4c(-c4ccc(Oc5ccc(C(=O)c6ccc(Oc7ccccc7)cc6)cc5)cc4)c3C2=O)c1,air,10,10,561
Cc1cccc(N2C(=O)c3cc4ccccc4c(-c4ccc(Oc5ccc(C(=O)c6ccc(Oc7ccccc7)cc6)cc5)cc4)c3C2=O)c1,N2,10,10,569
Cc1ccc(N2C(=O)c3cc4ccccc4c(-c4ccc(Oc5ccc(C(=O)c6ccc(Oc7ccccc7)cc6)cc5)cc4)c3C2=O)cc1,air,10,10,552
Cc1ccc(N2C(=O)c3cc4ccccc4c(-c4ccc(Oc5ccc(C(=O)c6ccc(Oc7ccccc7)cc6)cc5)cc4)c3C2=O)cc1,N2,10,10,573
O=C(c1ccc(Oc2ccccc2)cc1)c1ccc(Oc2ccc(-c3c4c(cc5ccccc35)C(=O)N(c3ccccc3F)C4=O)cc2)cc1,air,10,10,560
O=C(c1ccc(Oc2ccccc2)cc1)c1ccc(Oc2ccc(-c3c4c(cc5ccccc35)C(=O)N(c3ccccc3F)C4=O)cc2)cc1,N2,10,10,565
Cc1ccccc1N1C(=O)c2cc3ccccc3c(-c3ccc(Oc4ccc(C(=O)c5ccc(Oc6ccccc6)cc5)cc4)cc3)c2C1=O,air,10,10,552
Cc1ccccc1N1C(=O)c2cc3ccccc3c(-c3ccc(Oc4ccc(C(=O)c5ccc(Oc6ccccc6)cc5)cc4)cc3)c2C1=O,N2,10,10,573
O=C(c1ccc(Oc2ccccc2)cc1)c1ccc(Oc2ccc(-c3c4c(cc5ccccc35)C(=O)N(c3ccccc3-c3ccccc3)C4=O)cc2)cc1,air,10,10,558
O=C(c1ccc(Oc2ccccc2)cc1)c1ccc(Oc2ccc(-c3c4c(cc5ccccc35)C(=O)N(c3ccccc3-c3ccccc3)C4=O)cc2)cc1,N2,10,10,550
O=C1c2cc3ccccc3c(-c3ccc(Oc4ccc(S(=O)(=O)c5ccc(Oc6ccccc6)cc5)cc4)cc3)c2C(=O)N1c1ccccc1,air,10,10,556
O=C1c2cc3ccccc3c(-c3ccc(Oc4ccc(S(=O)(=O)c5ccc(Oc6ccccc6)cc5)cc4)cc3)c2C(=O)N1c1ccccc1,N2,10,10,547
O=C1c2cc3ccccc3c(-c3ccc(Oc4ccc(S(=O)(=O)c5ccc(Oc6ccccc6)cc5)cc4)cc3)c2C(=O)N1c1ccc(Cl)cc1,air,10,10,539
O=C1c2cc3ccccc3c(-c3ccc(Oc4ccc(S(=O)(=O)c5ccc(Oc6ccccc6)cc5)cc4)cc3)c2C(=O)N1c1ccc(Cl)cc1,N2,10,10,552
O=C1c2cc3ccccc3c(-c3ccc(Oc4ccc(S(=O)(=O)c5ccc(Oc6ccccc6)cc5)cc4)cc3)c2C(=O)N1c1ccc(F)cc1,air,10,10,558
O=C1c2cc3ccccc3c(-c3ccc(Oc4ccc(S(=O)(=O)c5ccc(Oc6ccccc6)cc5)cc4)cc3)c2C(=O)N1c1ccc(F)cc1,N2,10,10,555
Cc1cccc(N2C(=O)c3cc4ccccc4c(-c4ccc(Oc5ccc(S(=O)(=O)c6ccc(Oc7ccccc7)cc6)cc5)cc4)c3C2=O)c1,air,10,10,558
Cc1cccc(N2C(=O)c3cc4ccccc4c(-c4ccc(Oc5ccc(S(=O)(=O)c6ccc(Oc7ccccc7)cc6)cc5)cc4)c3C2=O)c1,N2,10,10,550
Cc1ccc(N2C(=O)c3cc4ccccc4c(-c4ccc(Oc5ccc(S(=O)(=O)c6ccc(Oc7ccccc7)cc6)cc5)cc4)c3C2=O)cc1,air,10,10,540
Cc1ccc(N2C(=O)c3cc4ccccc4c(-c4ccc(Oc5ccc(S(=O)(=O)c6ccc(Oc7ccccc7)cc6)cc5)cc4)c3C2=O)cc1,N2,10,10,542
O=C1c2cc3ccccc3c(-c3ccc(Oc4ccc(S(=O)(=O)c5ccc(Oc6ccccc6)cc5)cc4)cc3)c2C(=O)N1c1ccccc1F,air,10,10,549
O=C1c2cc3ccccc3c(-c3ccc(Oc4ccc(S(=O)(=O)c5ccc(Oc6ccccc6)cc5)cc4)cc3)c2C(=O)N1c1ccccc1F,N2,10,10,540
Cc1ccccc1N1C(=O)c2cc3ccccc3c(-c3ccc(Oc4ccc(S(=O)(=O)c5ccc(Oc6ccccc6)cc5)cc4)cc3)c2C1=O,air,10,10,551
Cc1ccccc1N1C(=O)c2cc3ccccc3c(-c3ccc(Oc4ccc(S(=O)(=O)c5ccc(Oc6ccccc6)cc5)cc4)cc3)c2C1=O,N2,10,10,550
O=C1c2cc3ccccc3c(-c3ccc(Oc4ccc(S(=O)(=O)c5ccc(Oc6ccccc6)cc5)cc4)cc3)c2C(=O)N1c1ccccc1-c1ccccc1,air,10,10,547
O=C1c2cc3ccccc3c(-c3ccc(Oc4ccc(S(=O)(=O)c5ccc(Oc6ccccc6)cc5)cc4)cc3)c2C(=O)N1c1ccccc1-c1ccccc1,N2,10,10,539
O=C(c1ccc(Oc2ccccc2)cc1)c1cccc(C(=O)c2ccc(Oc3ccc(-c4c5c(cc6ccccc46)C(=O)N(c4ccc(F)cc4)C5=O)cc3)cc2)c1,air,10,10,572
O=C(c1ccc(Oc2ccccc2)cc1)c1cccc(C(=O)c2ccc(Oc3ccc(-c4c5c(cc6ccccc46)C(=O)N(c4ccc(F)cc4)C5=O)cc3)cc2)c1,N2,10,10,569
COc1ccccc1-c1ccc(-n2c(=O)c3cc4c(=O)[nH]c(=O)c4cc3c2=O)cc1OC,air,10,5,591
COc1ccccc1-c1ccc(-n2c(=O)c3cc4c(=O)[nH]c(=O)c4cc3c2=O)cc1OC,N2,0,0,430
CC(c1ccccc1)C1CC(=O)N(c2ccc(Cl)cc2)C1=O,air,5,10,372
N#C/C=C(/C#N)n1c(=O)c2cc3c(=O)[nH]c(=O)c3cc2c1=O,N2,20,10,538
N#C/C=C(/C#N)n1c(=O)c2cc3c(=O)[nH]c(=O)c3cc2c1=O,air,20,10,438
CC(c1ccccc1)C1CC(=O)N(c2ccccc2)C1=O,air,5,10,377
CC(c1ccccc1)C1CC(=O)N(c2ccccc2Cl)C1=O,air,5,10,385
CC(C)c1ccc2c(c1)C(=O)N(c1ccc(-c3ccc(N4C(=O)c5ccccc5C4=O)c(O)c3)cc1O)C2=O,air,5,5,325
O=C1NC(=O)C(c2ccc(C3=C(c4ccccc4)C(=O)N(c4ccc(C5(c6ccccc6)c6ccccc6-c6ccccc65)cc4)C3=O)cc2)=C1c1ccccc1,air,10,5,499
Cc1cc(N2C(=O)c3ccccc3C2=O)ccc1-c1ccc(N2C(=O)c3ccc(C=O)cc3C2=O)cc1C,N2,10,5,550
O=C1NC(=O)C(c2ccc(C3=C(c4ccccc4)C(=O)N(c4ccc(Oc5ccc(Oc6ccccc6)cc5)cc4)C3=O)cc2)=C1c1ccccc1,air,10,5,529
O=C1NC(=O)C(c2ccc(C3=C(c4ccccc4)C(=O)N(c4ccc(Oc5ccc(-c6ccc(Oc7ccccc7)cc6)cc5)cc4)C3=O)cc2)=C1c1ccccc1,air,10,5,494
O=C1NC(=O)C(c2ccc(C3=C(c4ccccc4)C(=O)N(c4ccc(Oc5ccccc5)cc4)C3=O)cc2)=C1c1ccccc1,air,10,5,516
CC(C)c1ccc2c(c1)C(=O)N(c1ccc(OCCCCOc3ccc(N4C(=O)c5ccccc5C4=O)cc3)cc1)C2=O,N2,10,5,452
CC(C)c1ccc2c(c1)C(=O)N(c1ccc(OCCCCOc3ccc(N4C(=O)c5ccccc5C4=O)cc3)cc1)C2=O,N2,10,10,470
CC(C)c1ccc2c(c1)C(=O)N(c1ccc(OCCCCCCOc3ccc(N4C(=O)c5ccccc5C4=O)cc3)cc1)C2=O,N2,10,5,450
CC(C)c1ccc2c(c1)C(=O)N(c1ccc(OCCCCCCOc3ccc(N4C(=O)c5ccccc5C4=O)cc3)cc1)C2=O,N2,10,10,467
CC(C)c1ccc2c(c1)C(=O)N(c1ccc(OCCCCCCCCCCOc3ccc(N4C(=O)c5ccccc5C4=O)cc3)cc1)C2=O,N2,10,5,442
CC(C)c1ccc2c(c1)C(=O)N(c1ccc(OCCCCCCCCCCOc3ccc(N4C(=O)c5ccccc5C4=O)cc3)cc1)C2=O,N2,10,10,460
CCCCCC(=O)Oc1ccc(-c2ccc(OC(=O)CCCCCn3c(=O)c4cc5c(=O)[nH]c(=O)c5cc4c3=O)cc2)cc1,air,10,5,387
CCCCCCCCCCC(=O)Oc1ccc(-c2ccc(OC(=O)CCCCCCCCCCn3c(=O)c4cc5c(=O)[nH]c(=O)c5cc4c3=O)cc2)cc1,air,10,5,372
O=C1NC(=O)c2cc(S(=O)(=O)c3ccc4c(c3)C(=O)N(c3ccc(Cc5ccccc5)cc3)C4=O)ccc21,air,10,10,552
O=C1NC(=O)c2cc(S(=O)(=O)c3ccc4c(c3)C(=O)N(c3ccc(Cc5ccccc5)cc3)C4=O)ccc21,N2,10,10,560
CC(C)c1ccc2c(c1)C(=O)N(c1ccc(Oc3ccc(S(=O)(=O)c4ccc(Oc5ccc(N6C(=O)c7ccccc7C6=O)cc5)cc4)cc3)cc1)C2=O,N2,10,10,549
O=c1[nH]c(=O)c2cc3c(=O)n(-c4cccc(OP(=O)(Oc5ccccc5)c5ccccc5)c4)c(=O)c3cc12,air,10,10,415
O=c1[nH]c(=O)c2cc3c(=O)n(-c4cccc(OP(=O)(Oc5ccccc5)c5ccccc5)c4)c(=O)c3cc12,N2,10,10,465
O=Cc1ccc2c(c1)C(=O)N(c1cccc(OP(=O)(Oc3cccc(N4C(=O)c5ccccc5C4=O)c3)c3ccccc3)c1)C2=O,air,10,10,400
O=Cc1ccc2c(c1)C(=O)N(c1cccc(OP(=O)(Oc3cccc(N4C(=O)c5ccccc5C4=O)c3)c3ccccc3)c1)C2=O,N2,10,10,445
O=CNc1ccc(Oc2ccc(NC(=O)c3ccc4c(c3)C(=O)N(c3ccc(-c5sc(-c6ccc(N7C(=O)c8ccccc8C7=O)cc6)c(-c6ccccc6)c5-c5ccccc5)cc3)C4=O)cc2)cc1,N2,20,10,596
O=CNc1ccc(Oc2cccc(NC(=O)c3ccc4c(c3)C(=O)N(c3ccc(-c5sc(-c6ccc(N7C(=O)c8ccccc8C7=O)cc6)c(-c6ccccc6)c5-c5ccccc5)cc3)C4=O)c2)cc1,N2,20,10,554
O=CNc1ccc(Cc2ccc(NC(=O)c3ccc4c(c3)C(=O)N(c3ccc(-c5sc(-c6ccc(N7C(=O)c8ccccc8C7=O)cc6)c(-c6ccccc6)c5-c5ccccc5)cc3)C4=O)cc2)cc1,N2,20,10,569
O=CNc1ccc(Sc2ccc(NC(=O)c3ccc4c(c3)C(=O)N(c3ccc(-c5sc(-c6ccc(N7C(=O)c8ccccc8C7=O)cc6)c(-c6ccccc6)c5-c5ccccc5)cc3)C4=O)cc2)cc1,N2,20,10,566
O=CNc1cccc(C(=O)c2cccc(NC(=O)c3ccc4c(c3)C(=O)N(c3ccc(-c5sc(-c6ccc(N7C(=O)c8ccccc8C7=O)cc6)c(-c6ccccc6)c5-c5ccccc5)cc3)C4=O)c2)c1,N2,20,10,588
O=CNc1ccc(S(=O)(=O)c2ccc(NC(=O)c3ccc4c(c3)C(=O)N(c3ccc(-c5sc(-c6ccc(N7C(=O)c8ccccc8C7=O)cc6)c(-c6ccccc6)c5-c5ccccc5)cc3)C4=O)cc2)cc1,N2,20,10,550
O=CNc1cccc(S(=O)(=O)c2cccc(NC(=O)c3ccc4c(c3)C(=O)N(c3ccc(-c5sc(-c6ccc(N7C(=O)c8ccccc8C7=O)cc6)c(-c6ccccc6)c5-c5ccccc5)cc3)C4=O)c2)c1,N2,20,10,580
O=CNc1ccc(NC(=O)c2ccc3c(c2)C(=O)N(c2ccc(-c4sc(-c5ccc(N6C(=O)c7ccccc7C6=O)cc5)c(-c5ccccc5)c4-c4ccccc4)cc2)C3=O)cc1,N2,20,10,590
O=CNc1cccc(NC(=O)c2ccc3c(c2)C(=O)N(c2ccc(-c4sc(-c5ccc(N6C(=O)c7ccccc7C6=O)cc5)c(-c5ccccc5)c4-c4ccccc4)cc2)C3=O)c1,N2,20,10,611
O=CNc1ccc(Oc2ccc(Oc3ccc(NC(=O)c4ccc5c(c4)C(=O)N(c4ccc(-c6sc(-c7ccc(N8C(=O)c9ccccc9C8=O)cc7)c(-c7ccccc7)c6-c6ccccc6)cc4)C5=O)cc3)cc2)cc1,N2,20,10,565
CC(C)(c1ccc(Oc2ccc(NC=O)cc2)cc1)c1ccc(Oc2ccc(NC(=O)c3ccc4c(c3)C(=O)N(c3ccc(-c5sc(-c6ccc(N7C(=O)c8ccccc8C7=O)cc6)c(-c6ccccc6)c5-c5ccccc5)cc3)C4=O)cc2)cc1,N2,20,10,550
O=CNc1ccc(-c2sc(-c3ccc(NC(=O)c4ccc5c(c4)C(=O)N(c4ccc(-c6sc(-c7ccc(N8C(=O)c9ccccc9C8=O)cc7)c(-c7ccccc7)c6-c6ccccc6)cc4)C5=O)cc3)c(-c3ccccc3)c2-c2ccccc2)cc1,N2,20,10,576
CCCCCCOC(=O)OCCCCCCOC(=O)OCCCCCCn1c(=O)c2cc3c(=O)[nH]c(=O)c3cc2c1=O,air,10,1,260
O=CNc1ccc(NC(=O)c2ccc3c(c2)C(=O)N(c2ccc(Oc4cccc5c(Oc6ccc(N7C(=O)c8ccccc8C7=O)cc6)cccc45)cc2)C3=O)cc1,N2,20,10,520
O=CNc1ccc(NC(=O)c2ccc3c(c2)C(=O)N(c2ccc(Oc4cccc5c(Oc6ccc(N7C(=O)c8ccccc8C7=O)cc6)cccc45)cc2)C3=O)cc1,air,20,10,509
O=CNc1ccc(Cc2ccc(NC(=O)c3ccc4c(c3)C(=O)N(c3ccc(Oc5cccc6c(Oc7ccc(N8C(=O)c9ccccc9C8=O)cc7)cccc56)cc3)C4=O)cc2)cc1,N2,20,10,547
O=CNc1ccc(Cc2ccc(NC(=O)c3ccc4c(c3)C(=O)N(c3ccc(Oc5cccc6c(Oc7ccc(N8C(=O)c9ccccc9C8=O)cc7)cccc56)cc3)C4=O)cc2)cc1,air,20,10,481
O=CNc1ccc(C2(c3ccc(NC(=O)c4ccc5c(c4)C(=O)N(c4ccc(Oc6cccc7c(Oc8ccc(N9C(=O)c%10ccccc%10C9=O)cc8)cccc67)cc4)C5=O)cc3)c3ccccc3-c3ccccc32)cc1,N2,20,10,544
O=CNc1ccc(C2(c3ccc(NC(=O)c4ccc5c(c4)C(=O)N(c4ccc(Oc6cccc7c(Oc8ccc(N9C(=O)c%10ccccc%10C9=O)cc8)cccc67)cc4)C5=O)cc3)c3ccccc3-c3ccccc32)cc1,air,20,10,514
Cc1ccccc1-c1ccc(N2C(=O)c3ccc(S(=O)(=O)c4ccc5c(c4)C(=O)NC5=O)cc3C2=O)cc1C,N2,10,5,540
O=C1NC(=O)c2cc(Oc3ccc4c(c3)C(=O)N(c3ccc(S(=O)(=O)c5ccccc5)cc3)C4=O)ccc21,N2,20,5,530
O=C(Nc1ccc(Oc2ccccc2)cc1)c1cccc(C(=O)Nc2ccc(Oc3ccc(-n4c(=O)c5cc6c(=O)[nH]c(=O)c6cc5c4=O)cc3)cc2)c1,air,15,0,419
O=C(Nc1ccc(Oc2ccccc2)cc1)c1cccc(C(=O)Nc2ccc(Oc3ccc(-n4c(=O)c5cc6c(=O)[nH]c(=O)c6cc5c4=O)cc3)cc2)c1,air,15,10,494
O=C(Nc1ccc(S(=O)(=O)c2ccccc2)cc1)c1cccc(C(=O)Nc2ccc(S(=O)(=O)c3ccc(-n4c(=O)c5cc6c(=O)[nH]c(=O)c6cc5c4=O)cc3)cc2)c1,air,15,0,405
O=C(Nc1ccc(S(=O)(=O)c2ccccc2)cc1)c1cccc(C(=O)Nc2ccc(S(=O)(=O)c3ccc(-n4c(=O)c5cc6c(=O)[nH]c(=O)c6cc5c4=O)cc3)cc2)c1,air,15,10,477
N#C/C=C(/C#N)N1C(=O)c2ccc(C(=O)c3ccc(-c4ccc5c(c4)C(=O)NC5=O)cc3)cc2C1=O,N2,20,10,538
N#C/C=C(/C#N)N1C(=O)c2ccc(C(=O)c3ccc(-c4ccc5c(c4)C(=O)NC5=O)cc3)cc2C1=O,air,20,10,477
CC(C)(c1ccc(OC2=C(Cl)C(=O)NC2=O)cc1)c1ccc(OC2=C(Cl)C(=O)N(c3ccc(Cc4ccccc4)cc3)C2=O)cc1,air,12,10,406
CC(C)(c1ccc(OC2=C(Cl)C(=O)NC2=O)cc1)c1ccc(OC2=C(Cl)C(=O)N(c3ccc(Oc4ccccc4)cc3)C2=O)cc1,air,12,10,461
CC(C)(c1ccc(Oc2ccc(NC=O)cc2)cc1)c1cccc(C(C)(C)c2ccc(Oc3ccc(N4C(=O)c5ccccc5C4=O)cc3)cc2)c1,air,10,5,470
Cc1ccccc1N1C(=O)c2ccc(S(=O)(=O)c3ccc4c(c3)C(=O)NC4=O)cc2C1=O,N2,20,0,308
O=CNc1ccc(Oc2ccc(Oc3ccc(N4C(=O)c5ccccc5C4=O)cc3)cc2)cc1,N2,10,10,523
O=C(Nc1ccc(Oc2ccccc2)cc1)c1ccc(Oc2ccc3c(c2)C(=O)NC3=O)cc1,N2,10,10,552
O=C(Nc1ccc(Cc2ccccc2)cc1)c1ccc(Oc2ccc3c(c2)C(=O)NC3=O)cc1,N2,10,10,526
O=C(Nc1ccc(Oc2ccc(Oc3ccccc3)cc2)cc1)c1ccc(Oc2ccc3c(c2)C(=O)NC3=O)cc1,N2,10,10,552
O=C(Nc1ccc(Oc2ccccc2)cc1)c1ccc(Oc2cccc3c2C(=O)NC3=O)cc1,N2,10,10,525
O=C(Nc1ccc(Cc2ccccc2)cc1)c1ccc(Oc2cccc3c2C(=O)NC3=O)cc1,N2,10,10,500
O=C(Nc1ccc(Cc2ccccc2)cc1)c1ccc(Oc2cccc3c2C(=O)NC3=O)cc1,N2,10,40,750
O=C(Nc1ccc(Oc2ccc(Oc3ccccc3)cc2)cc1)c1ccc(Oc2cccc3c2C(=O)NC3=O)cc1,N2,10,10,520
O=C(Nc1ccc(Oc2ccc(Oc3ccccc3)cc2)cc1)c1ccc(Oc2cccc3c2C(=O)NC3=O)cc1,N2,10,40,750
O=C(Nc1ccc(Oc2ccccc2)cc1)c1cccc(Oc2ccc3c(c2)C(=O)NC3=O)c1,N2,10,10,522
O=C(Nc1ccc(Oc2ccccc2)cc1)c1cccc(Oc2ccc3c(c2)C(=O)NC3=O)c1,N2,10,35,750
O=C(Nc1ccc(Cc2ccccc2)cc1)c1cccc(Oc2ccc3c(c2)C(=O)NC3=O)c1,N2,10,10,525
O=C(Nc1ccc(Oc2ccc(Oc3ccccc3)cc2)cc1)c1cccc(Oc2ccc3c(c2)C(=O)NC3=O)c1,N2,10,10,518
CC(C)c1ccc2c(c1)C(=O)N(c1ccc(Oc3ccc(N4C(=O)c5ccccc5C4=O)cc3O)cc1)C2=O,N2,5,5,430
CC(C)c1ccc2c(c1)C(=O)N(c1ccc(Oc3ccc(N4C(=O)c5ccccc5C4=O)cc3O)cc1)C2=O,air,5,5,390
CCCCCCN1C(=O)NC(=O)C1=O,air,12,5,370
CCCCCCN1C(=O)C(=O)N(c2ccc(C)c(N3C(=O)NC(=O)C3=O)c2)C1=O,air,12,5,350
CCCCCCN1C(=O)C(=O)N(c2ccc(Oc3ccc(N4C(=O)NC(=O)C4=O)cc3)cc2)C1=O,air,12,5,370
CCCCCCN1C(=O)C(=O)N(c2ccc(Cc3ccc(N4C(=O)NC(=O)C4=O)cc3)cc2)C1=O,air,12,5,350
CCCCCCN1C(=O)C(=O)N(c2ccc(CCc3ccc(N4C(=O)NC(=O)C4=O)cc3)cc2)C1=O,air,12,5,350
CCCCCCN1C(=O)C(=O)N(c2ccc(CCc3ccccc3N3C(=O)NC(=O)C3=O)cc2)C1=O,air,12,5,370
Cc1ccc(N2C(=O)C(=O)N(c3ccc(CCc4ccccc4)cc3)C2=O)cc1N1C(=O)NC(=O)C1=O,air,12,5,325
O=C1NC(=O)N(c2ccc(Oc3ccc(N4C(=O)C(=O)N(c5ccccc5CCc5ccccc5)C4=O)cc3)cc2)C1=O,air,12,5,280
O=C1NC(=O)N(c2ccc(Cc3ccc(N4C(=O)C(=O)N(c5ccccc5CCc5ccccc5)C4=O)cc3)cc2)C1=O,air,12,5,295
O=C1NC(=O)N(c2ccccc2CCc2ccc(N3C(=O)C(=O)N(c4ccc(CCc5ccccc5)cc4)C3=O)cc2)C1=O,air,12,5,345
O=C1NC(=O)N(c2ccc(CCc3ccccc3)cc2)C1=O,air,12,5,365
CC1CC(C)(C)CC(c2ccc(NC=O)cc2)(c2ccc(N3C(=O)c4ccccc4C3=O)cc2)C1,N2,10,0,387
O=CNc1ccc(C2(c3ccc(N4C(=O)c5ccccc5C4=O)cc3)CCCCC2)cc1,N2,10,0,393
CC1CCC(c2ccc(NC=O)cc2)(c2ccc(N3C(=O)c4ccccc4C3=O)cc2)CC1,N2,10,0,386
CCC1CCC(c2ccc(NC=O)cc2)(c2ccc(N3C(=O)c4ccccc4C3=O)cc2)CC1,N2,10,0,390
CC(C)(C)C1CCC(c2ccc(NC=O)cc2)(c2ccc(N3C(=O)c4ccccc4C3=O)cc2)CC1,N2,10,0,369
CCC(C)(C)C1CCC(c2ccc(NC=O)cc2)(c2ccc(N3C(=O)c4ccccc4C3=O)cc2)CC1,N2,10,0,405
CC(C)CCCCC(C)(C)c1ccc2c(c1)C(=O)N(c1ccc(Cc3ccc(N4C(=O)c5ccccc5C4=O)cc3)cc1)C2=O,N2,10,50,505
CC(C)CCCCC(C)(C)c1ccc2c(c1)C(=O)N(c1ccc(Cc3ccc(N4C(=O)c5ccccc5C4=O)cc3)cc1)C2=O,air,10,50,570
CC(C)CCCCCCCCC(C)(C)c1ccc2c(c1)C(=O)N(c1ccc(Oc3ccc(N4C(=O)c5ccccc5C4=O)cc3)cc1)C2=O,N2,10,50,495
CC(C)CCCCCCCCC(C)(C)c1ccc2c(c1)C(=O)N(c1ccc(Oc3ccc(N4C(=O)c5ccccc5C4=O)cc3)cc1)C2=O,air,10,50,560
O=COCCOC(=O)c1ccc(N2C(=O)c3ccccc3C2=O)cc1,air,5,10,360
O=COCCOC(=O)c1cccc(N2C(=O)c3ccccc3C2=O)c1,air,5,10,312
CC1(C)CC(N2C(=O)c3ccccc3C2=O)CC(C)(CN2C(=O)c3ccc(C=O)cc3C2=O)C1,N2,10,0,430
CC1CCCC(CN2C(=O)c3ccc(C(=O)c4ccc5c(c4)C(=O)NC5=O)cc3C2=O)C1,N2,10,0,425
O=Cc1ccc2c(c1)C(=O)N(c1ccc(C(=O)Nc3ccc(N4C(=O)c5ccccc5C4=O)cc3)cc1)C2=O,air,5,50,561
CN(C(=O)c1ccc(N2C(=O)c3ccc(C=O)cc3C2=O)cc1)c1ccc(N2C(=O)c3ccccc3C2=O)cc1,air,5,50,561
COc1ccc(Oc2c3c(=O)[nH]c(=O)c3c(Oc3ccc(OC)cc3)c3c(=O)n(-c4ccc(Oc5ccccc5)cc4)c(=O)c23)cc1,N2,10,5,454
CCCCOc1ccc(Oc2c3c(=O)[nH]c(=O)c3c(Oc3ccc(OCCCC)cc3)c3c(=O)n(-c4ccc(Oc5ccccc5)cc4)c(=O)c23)cc1,N2,10,5,453
CCCCCCCCOc1ccc(Oc2c3c(=O)[nH]c(=O)c3c(Oc3ccc(OCCCCCCCC)cc3)c3c(=O)n(-c4ccc(Oc5ccccc5)cc4)c(=O)c23)cc1,N2,10,5,442
CCCCCCCCCCCCOc1ccc(Oc2c3c(=O)[nH]c(=O)c3c(Oc3ccc(OCCCCCCCCCCCC)cc3)c3c(=O)n(-c4ccc(Oc5ccccc5)cc4)c(=O)c23)cc1,N2,10,5,438
O=c1[nH]c(=O)c2cc3c(=O)n(-c4ccc(-c5c(-c6ccccc6)cc(-c6ccc(-c7cc(-c8ccccc8)c(-c8ccccc8)c(-c8ccccc8)c7)cc6)cc5-c5ccccc5)cc4)c(=O)c3cc12,N2,20,1,403
O=c1[nH]c(=O)c2cc3c(=O)n(-c4ccc(-c5c(-c6ccccc6)cc(-c6ccc(-c7cc(-c8ccccc8)c(-c8ccccc8)c(-c8ccccc8)c7)cc6)cc5-c5ccccc5)cc4)c(=O)c3cc12,air,20,1,400
O=c1[nH]c(=O)c2cc3c(=O)n(-c4ccc(-c5c(-c6ccc(-c7ccccc7)cc6)cc(-c6ccc(-c7cc(-c8ccc(-c9ccccc9)cc8)c(-c8ccccc8)c(-c8ccc(-c9ccccc9)cc8)c7)cc6)cc5-c5ccc(-c6ccccc6)cc5)cc4)c(=O)c3cc12,N2,20,1,426
O=c1[nH]c(=O)c2cc3c(=O)n(-c4ccc(-c5c(-c6ccc(-c7ccccc7)cc6)cc(-c6ccc(-c7cc(-c8ccc(-c9ccccc9)cc8)c(-c8ccccc8)c(-c8ccc(-c9ccccc9)cc8)c7)cc6)cc5-c5ccc(-c6ccccc6)cc5)cc4)c(=O)c3cc12,air,20,1,406
O=Cc1ccc2c(c1)C(=O)N(c1ccc(-c3c(-c4ccccc4)cc(-c4ccc(-c5cc(-c6ccccc6)c(-c6ccc(N7C(=O)c8ccccc8C7=O)cc6)c(-c6ccccc6)c5)cc4)cc3-c3ccccc3)cc1)C2=O,N2,20,1,411
O=Cc1ccc2c(c1)C(=O)N(c1ccc(-c3c(-c4ccccc4)cc(-c4ccc(-c5cc(-c6ccccc6)c(-c6ccc(N7C(=O)c8ccccc8C7=O)cc6)c(-c6ccccc6)c5)cc4)cc3-c3ccccc3)cc1)C2=O,air,20,1,389
O=Cc1ccc2c(c1)C(=O)N(c1ccc(-c3c(-c4ccc(-c5ccccc5)cc4)cc(-c4ccc(-c5cc(-c6ccc(-c7ccccc7)cc6)c(-c6ccc(N7C(=O)c8ccccc8C7=O)cc6)c(-c6ccc(-c7ccccc7)cc6)c5)cc4)cc3-c3ccc(-c4ccccc4)cc3)cc1)C2=O,N2,20,1,421
O=Cc1ccc2c(c1)C(=O)N(c1ccc(-c3c(-c4ccc(-c5ccccc5)cc4)cc(-c4ccc(-c5cc(-c6ccc(-c7ccccc7)cc6)c(-c6ccc(N7C(=O)c8ccccc8C7=O)cc6)c(-c6ccc(-c7ccccc7)cc6)c5)cc4)cc3-c3ccc(-c4ccccc4)cc3)cc1)C2=O,air,20,1,397
O=c1[nH]c(=O)c2cc3c(=O)n(-c4ccc(-c5c(-c6ccc(-c7ccccc7)cc6)cc(-c6ccc(OCCCCCCOc7ccc(-c8cc(-c9ccc(-c%10ccccc%10)cc9)c(-c9ccccc9)c(-c9ccc(-c%10ccccc%10)cc9)c8)cc7)cc6)cc5-c5ccc(-c6ccccc6)cc5)cc4)c(=O)c3cc12,air,20,20,435
O=c1[nH]c(=O)c2cc3c(=O)n(-c4ccc(-c5ccccc5F)c(F)c4)c(=O)c3cc12,N2,0,0,600
O=Cc1cccc(C(=O)c2ccc3c(c2)C(=O)N(c2cccc(N4C(=O)c5ccccc5C4=O)c2)C3=O)c1,N2,10,0,585
CC(C)(c1ccc(N2C(=O)c3ccccc3C2=O)cc1)c1ccc(N2C(=O)c3ccc(C(=O)c4cccc(C=O)c4)cc3C2=O)cc1,N2,10,0,570
O=Cc1cccc(C(=O)c2ccc3c(c2)C(=O)N(c2ccc(Oc4ccc(N5C(=O)c6ccccc6C5=O)cc4)cc2)C3=O)c1,N2,10,0,570
O=Cc1cccc(C(=O)c2ccc3c(c2)C(=O)N(c2ccc(Oc4ccc(S(=O)(=O)c5ccc(Oc6ccc(N7C(=O)c8ccccc8C7=O)cc6)cc5)cc4)cc2)C3=O)c1,N2,10,0,550
CC(C)(C)c1cc(C=O)cc(C(=O)c2ccc3c(c2)C(=O)N(c2cccc(N4C(=O)c5ccccc5C4=O)c2)C3=O)c1,N2,10,0,510
CC(C)(C)c1cc(C=O)cc(C(=O)c2ccc3c(c2)C(=O)N(c2ccc(C(C)(C)c4ccc(N5C(=O)c6ccccc6C5=O)cc4)cc2)C3=O)c1,N2,10,0,525
CC(C)(C)c1cc(C=O)cc(C(=O)c2ccc3c(c2)C(=O)N(c2ccc(Oc4ccc(N5C(=O)c6ccccc6C5=O)cc4)cc2)C3=O)c1,N2,10,0,525
CC(C)(C)c1cc(C=O)cc(C(=O)c2ccc3c(c2)C(=O)N(c2ccc(Oc4ccc(S(=O)(=O)c5ccc(Oc6ccc(N7C(=O)c8ccccc8C7=O)cc6)cc5)cc4)cc2)C3=O)c1,N2,10,0,520
O=Cc1cc(C(=O)c2ccc3c(c2)C(=O)N(c2cccc(N4C(=O)c5ccccc5C4=O)c2)C3=O)cc(-c2ccccc2)c1,N2,10,0,555
CC(C)(c1ccc(N2C(=O)c3ccccc3C2=O)cc1)c1ccc(N2C(=O)c3ccc(C(=O)c4cc(C=O)cc(-c5ccccc5)c4)cc3C2=O)cc1,N2,10,0,550
O=Cc1cc(C(=O)c2ccc3c(c2)C(=O)N(c2ccc(Oc4ccc(N5C(=O)c6ccccc6C5=O)cc4)cc2)C3=O)cc(-c2ccccc2)c1,N2,10,0,545
O=Cc1cc(C(=O)c2ccc3c(c2)C(=O)N(c2ccc(Oc4ccc(S(=O)(=O)c5ccc(Oc6ccc(N7C(=O)c8ccccc8C7=O)cc6)cc5)cc4)cc2)C3=O)cc(-c2ccccc2)c1,N2,10,0,545
CN(C)c1ccc(/C=C/c2ccc(S(=O)(=O)CCCCCCOc3cc(NC=O)ccc3NC(=O)c3ccc4c(c3)C(=O)N(c3ccc(Oc5ccc(N6C(=O)c7ccccc7C6=O)cc5)cc3)C4=O)cc2)cc1,N2,10,0,236
CC(C)c1ccc2c(c1)C(=O)N(c1ccc(OCCN(CCOc3ccc(N4C(=O)c5ccccc5C4=O)cc3)c3ccccc3)cc1)C2=O,N2,10,0,340
CC(C)c1ccc2c(c1)C(=O)N(c1ccc(OCCN(CCOc3ccc(N4C(=O)c5ccccc5C4=O)cc3)c3ccc(C(C#N)=C(C#N)C#N)cc3)cc1)C2=O,N2,10,0,345
CC1CCCC(Cn2c(=O)c3cc4c(=O)[nH]c(=O)c4cc3c2=O)C1,N2,10,0,417
CC1CCCC(CN2C(=O)c3ccc(-c4ccc5c(c4)C(=O)NC5=O)cc3C2=O)C1,N2,10,0,417
CC1CCCC(CN2C(=O)c3ccc(C(C)(C)c4ccc5c(c4)C(=O)NC5=O)cc3C2=O)C1,N2,10,0,439
O=c1[nH]c(=O)c2cc3c(=O)n(C4CCC(CC5CCCCC5)CC4)c(=O)c3cc12,N2,10,0,392
O=C1NC(=O)c2cc(-c3ccc4c(c3)C(=O)N(C3CCC(CC5CCCCC5)CC3)C4=O)ccc21,N2,10,0,435
O=Cc1ccc2c(c1)C(=O)N(C1CCC(CC3CCC(N4C(=O)c5ccccc5C4=O)CC3)CC1)C2=O,N2,10,0,389
CC(C)c1ccc2c(c1)C(=O)N(C1CCC(CC3CCC(N4C(=O)c5ccccc5C4=O)CC3)CC1)C2=O,N2,10,0,429
CC1CCCC(CC2CCC(n3c(=O)c4cc5c(=O)[nH]c(=O)c5cc4c3=O)C(C)C2)C1,N2,10,0,407
CC1CCCC(CC2CCC(N3C(=O)c4ccc(-c5ccc6c(c5)C(=O)NC6=O)cc4C3=O)C(C)C2)C1,N2,10,0,421
CC1CC(CC2CCC(N3C(=O)c4ccc(C=O)cc4C3=O)C(C)C2)CCC1N1C(=O)c2ccccc2C1=O,N2,10,0,396
CC(C)c1ccc2c(c1)C(=O)N(C1CCC(CC3CCC(N4C(=O)c5ccccc5C4=O)C(C)C3)CC1C)C2=O,N2,10,0,405
CC1CCCC(CC2CCC(N3C(=O)c4ccc(Oc5ccc6c(c5)C(=O)NC6=O)cc4C3=O)C(C)C2)C1,N2,10,0,403
CC1(C)CC(n2c(=O)c3cc4c(=O)[nH]c(=O)c4cc3c2=O)CC(C)(C)C1,N2,10,0,424
CC1(C)CC(N2C(=O)c3ccc(-c4ccc5c(c4)C(=O)NC5=O)cc3C2=O)CC(C)(C)C1,N2,10,0,423
CC(C)c1ccc2c(c1)C(=O)N(CC1(C)CC(N3C(=O)c4ccccc4C3=O)CC(C)(C)C1)C2=O,N2,10,0,427
CC1(C)CC(N2C(=O)c3ccc(Oc4ccc5c(c4)C(=O)NC5=O)cc3C2=O)CC(C)(C)C1,N2,10,0,434
O=Cc1ccc2c(c1)C(=O)N(c1ccc(NC(=O)c3cccc(C(=O)Nc4ccc(N5C(=O)c6ccccc6C5=O)cc4)c3)cc1)C2=O,air,15,0,415
O=Cc1ccc2c(c1)C(=O)N(c1ccc(NC(=O)c3cccc(C(=O)Nc4ccc(N5C(=O)c6ccccc6C5=O)cc4)c3)cc1)C2=O,air,15,10,508
O=Cc1ccc2c(c1)C(=O)N(c1ccc(S(=O)(=O)c3ccc(NC(=O)c4cccc(C(=O)Nc5ccc(S(=O)(=O)c6ccc(N7C(=O)c8ccccc8C7=O)cc6)cc5)c4)cc3)cc1)C2=O,air,15,0,370
O=Cc1ccc2c(c1)C(=O)N(c1ccc(S(=O)(=O)c3ccc(NC(=O)c4cccc(C(=O)Nc5ccc(S(=O)(=O)c6ccc(N7C(=O)c8ccccc8C7=O)cc6)cc5)c4)cc3)cc1)C2=O,air,15,10,425
O=Cc1ccc2c(c1)C(=O)N(c1ccc(Oc3ccc(NC(=O)c4cccc(C(=O)Nc5ccc(Oc6ccc(N7C(=O)c8ccccc8C7=O)cc6)cc5)c4)cc3)cc1)C2=O,air,15,0,382
O=Cc1ccc2c(c1)C(=O)N(c1ccc(Oc3ccc(NC(=O)c4cccc(C(=O)Nc5ccc(Oc6ccc(N7C(=O)c8ccccc8C7=O)cc6)cc5)c4)cc3)cc1)C2=O,air,15,10,447
CCN(CCOc1cc(N2C(=O)c3ccccc3C2=O)ccc1Oc1ccc(N2C(=O)c3ccc(C(C)C)cc3C2=O)cc1)c1ccc(/N=N/c2ccc(N)cc2)cc1,N2,5,5,290
CCN(CCOc1cc(N2C(=O)c3ccccc3C2=O)ccc1Oc1ccc(N2C(=O)c3ccc(C(C)C)cc3C2=O)cc1)c1ccc(/N=N/c2ccc(N)cc2)cc1,air,5,5,290
CC(C)(c1ccc(Oc2ccccc2)cc1)c1cccc(C(C)(C)c2ccc(Oc3ccc(-n4c(=O)c5cc6c(=O)[nH]c(=O)c6cc5c4=O)cc3)cc2)c1,N2,10,5,570.27
CC1CC2CC1C1CCC(Cn3c(=O)c4cc5c(=O)[nH]c(=O)c5cc4c3=O)C21,N2,10,0,431
CC1CC2CC1C1CCC(CN3C(=O)c4ccc(-c5ccc6c(c5)C(=O)NC6=O)cc4C3=O)C21,N2,10,0,430
CC1CC2CC1C1CCC(CN3C(=O)c4ccc(C(=O)c5ccc6c(c5)C(=O)NC6=O)cc4C3=O)C21,N2,10,0,399
CC1CC2CC1C1CCC(CN3C(=O)c4ccc(C(C)(C)c5ccc6c(c5)C(=O)NC6=O)cc4C3=O)C21,N2,10,0,410
CC1CC2CC1C1CCC(CN3C(=O)c4ccc(Oc5ccc6c(c5)C(=O)NC6=O)cc4C3=O)C21,N2,10,0,406
O=C(O)c1cccc(N2C(=O)CCC2=O)c1,N2,10,5,465
CCCCCN1C(=O)c2ccc3c4ccc5c6c(ccc(c7ccc(c2c37)C1=O)c64)C(=O)NC5=O,N2,10,5,402
CCCCCCCN1C(=O)c2ccc3c4ccc5c6c(ccc(c7ccc(c2c37)C1=O)c64)C(=O)NC5=O,N2,10,5,415
CCCCCCCCN1C(=O)c2ccc3c4ccc5c6c(ccc(c7ccc(c2c37)C1=O)c64)C(=O)NC5=O,N2,10,5,451
CCCCCCCCCN1C(=O)c2ccc3c4ccc5c6c(ccc(c7ccc(c2c37)C1=O)c64)C(=O)NC5=O,N2,10,5,418
CCCCCCCCCCN1C(=O)c2ccc3c4ccc5c6c(ccc(c7ccc(c2c37)C1=O)c64)C(=O)NC5=O,N2,10,5,451
CCCCCCCCCCCCN1C(=O)c2ccc3c4ccc5c6c(ccc(c7ccc(c2c37)C1=O)c64)C(=O)NC5=O,N2,10,5,410
CCCCCCCCCCCCN1C(=O)c2ccc(C(=O)c3ccc4c(c3)C(=O)N(CCCCCCCCCCCCN3C(=O)c5ccc6c7ccc8c9c(ccc(c%10ccc(c5c6%10)C3=O)c97)C(=O)NC8=O)C4=O)cc2C1=O,N2,10,5,451
CCCCCCCCCCCCN1C(=O)c2ccc(C(C)(C)c3ccc4c(c3)C(=O)N(CCCCCCCCCCCCN3C(=O)c5ccc6c7ccc8c9c(ccc(c%10ccc(c5c6%10)C3=O)c97)C(=O)NC8=O)C4=O)cc2C1=O,N2,10,5,486
CCCCCCCCCCCCn1c(=O)c2c(-c3ccccc3)c(-c3ccccc3)c3c(=O)n(CCCCCCCCCCCCN4C(=O)c5ccc6c7ccc8c9c(ccc(c%10ccc(c5c6%10)C4=O)c97)C(=O)NC8=O)c(=O)c3c2c1=O,N2,10,5,478
CCCCCCCCCCCCN1C(=O)c2cccc3c(-c4ccc5c6c(cccc46)C(=O)N(CCCCCCCCCCCCN4C(=O)c6ccc7c8ccc9c%10c(ccc(c%11ccc(c6c7%11)C4=O)c%108)C(=O)NC9=O)C5=O)ccc(c23)C1=O,N2,10,5,470
Nc1ccc(/N=N/c2ccc(-c3nc(-c4ccc(NC5CC(=O)N(c6ccc(Cc7ccc(N8C(=O)CC(Nc9ccccc9)C8=O)cc7)cc6)C5=O)cc4)c[nH]3)cc2)cc1,N2,20,10,381
Nc1ccc(/C=C/c2ccc(-c3nc(-c4ccc(NC5CC(=O)N(c6ccc(Cc7ccc(N8C(=O)CC(Nc9ccccc9)C8=O)cc7)cc6)C5=O)cc4)c[nH]3)cc2)cc1,N2,20,10,370
CC(C)c1ccc2c(c1)C(=O)N(c1cc(C(C)(C)c3ccc(O)c(N4C(=O)c5ccccc5C4=O)c3)ccc1O)C2=O,N2,5,5,400
CC(C)c1ccc2c(c1)C(=O)N(c1cc(C(C)(C)c3ccc(O)c(N4C(=O)c5ccccc5C4=O)c3)ccc1O)C2=O,air,5,5,350
CCN(CCOc1ccc(C(C)(C)c2ccc(OCCN(CC)c3ccc(/N=N/c4ccc(N)cc4)cc3)c(N3C(=O)c4ccc(C(C)C)cc4C3=O)c2)cc1N1C(=O)c2ccccc2C1=O)c1ccc(/N=N/c2ccc(N)cc2)cc1,N2,5,5,290
CCN(CCOc1ccc(C(C)(C)c2ccc(OCCN(CC)c3ccc(/N=N/c4ccc(N)cc4)cc3)c(N3C(=O)c4ccc(C(C)C)cc4C3=O)c2)cc1N1C(=O)c2ccccc2C1=O)c1ccc(/N=N/c2ccc(N)cc2)cc1,air,5,5,290
CCOC(=O)c1cc(-n2c(=O)c3cc4c(=O)[nH]c(=O)c4cc3c2=O)ccc1NC(=O)c1ccccc1,Ar,5,5,359
CCOC(=O)c1cc(-n2c(=O)c3cc4c(=O)[nH]c(=O)c4cc3c2=O)ccc1NC(=O)c1ccccc1,Ar,5,10,459
O=c1ocnc2ccc(-n3c(=O)c4cc5c(=O)n(-c6ccccc6)c(=O)c5cc4c3=O)cc12,Ar,5,5,536
O=c1ocnc2ccc(-n3c(=O)c4cc5c(=O)n(-c6ccccc6)c(=O)c5cc4c3=O)cc12,Ar,5,10,554
Cc1cc(Cc2cc(C)c(Oc3ccc(-n4c(=O)c5cc6c(=O)[nH]c(=O)c6cc5c4=O)cc3)c(C)c2)cc(C)c1Oc1ccccc1,N2,20,10,502
Cc1cc(Cc2cc(C)c(Oc3ccc(N4C(=O)c5ccc(-c6ccc7c(c6)C(=O)NC7=O)cc5C4=O)cc3)c(C)c2)cc(C)c1Oc1ccccc1,N2,20,10,496
Cc1cc(Cc2cc(C)c(Oc3ccc(N4C(=O)c5ccc(C=O)cc5C4=O)cc3)c(C)c2)cc(C)c1Oc1ccc(N2C(=O)c3ccccc3C2=O)cc1,N2,20,10,494
Cc1cc(Cc2cc(C)c(Oc3ccc(N4C(=O)c5ccc(C(C)C)cc5C4=O)cc3)c(C)c2)cc(C)c1Oc1ccc(N2C(=O)c3ccccc3C2=O)cc1,N2,20,10,491
Cc1cc(C)cc(C(c2cc(C)c(-n3c(=O)c4cc5c(=O)[nH]c(=O)c5cc4c3=O)c(C)c2)c2cccc3ccccc23)c1,N2,20,10,571
Cc1cc(C)cc(C(c2cc(C)c(N3C(=O)c4ccc(-c5ccc6c(c5)C(=O)NC6=O)cc4C3=O)c(C)c2)c2cccc3ccccc23)c1,N2,20,10,564
Cc1cc(C(c2cc(C)c(N3C(=O)c4ccc(C=O)cc4C3=O)c(C)c2)c2cccc3ccccc23)cc(C)c1N1C(=O)c2ccccc2C1=O,N2,20,10,520
Cc1cc(C(c2cc(C)c(N3C(=O)c4ccc(C(C)C)cc4C3=O)c(C)c2)c2cccc3ccccc23)cc(C)c1N1C(=O)c2ccccc2C1=O,N2,20,10,503
Cc1cc(C(c2cc(C)c(Oc3ccc(-n4c(=O)c5cc6c(=O)[nH]c(=O)c6cc5c4=O)cc3)c(C)c2)c2cccc3ccccc23)cc(C)c1Oc1ccccc1,N2,20,10,501
Cc1cc(C(c2cc(C)c(Oc3ccc(N4C(=O)c5ccc(-c6ccc7c(c6)C(=O)NC7=O)cc5C4=O)cc3)c(C)c2)c2cccc3ccccc23)cc(C)c1Oc1ccccc1,N2,20,10,497
Cc1cc(C(c2cc(C)c(Oc3ccc(N4C(=O)c5ccc(C=O)cc5C4=O)cc3)c(C)c2)c2cccc3ccccc23)cc(C)c1Oc1ccc(N2C(=O)c3ccccc3C2=O)cc1,N2,20,10,489
Cc1cc(C(c2cc(C)c(Oc3ccc(N4C(=O)c5ccc(C(C)C)cc5C4=O)cc3)c(C)c2)c2cccc3ccccc23)cc(C)c1Oc1ccc(N2C(=O)c3ccccc3C2=O)cc1,N2,20,10,492
O=C1NC(=O)c2cc(-c3ccc4c(c3)C(=O)N(c3cccc(Oc5cccc(Oc6ccccc6)c5)c3)C4=O)ccc21,air,5,5,517
Nc1ccc(Nc2ccc(N(c3ccc(NC4CC(=O)NC4=O)cc3)c3ccc(NC4CC(=O)N(c5ccc(Cc6ccccc6)cc5)C4=O)cc3)cc2)cc1,N2,10,5,473
Nc1ccc(N(c2ccc(NC3CC(=O)NC3=O)cc2)c2ccc(NC3CC(=O)N(c4ccc(Cc5ccccc5)cc4)C3=O)cc2)cc1,N2,10,5,462
O=C1NC(=O)c2cc(-c3cccc4c3C(=O)N(c3cccc(OCCCc5ccccc5)c3)C4=O)ccc21,N2,10,5,455
O=C1NC(=O)c2c1cccc2-c1ccc2c(c1)C(=O)N(c1cccc(OCCCCOc3ccccc3)c1)C2=O,N2,10,5,454
O=C1NC(=O)c2c1cccc2-c1ccc2c(c1)C(=O)N(c1cccc(OCCCCCOc3ccccc3)c1)C2=O,N2,10,5,454
O=C1NC(=O)c2c1cccc2-c1ccc2c(c1)C(=O)N(c1cccc(OCCCCCCOc3ccccc3)c1)C2=O,N2,10,5,450
O=C1NC(=O)c2c1cccc2-c1ccc2c(c1)C(=O)N(c1cccc(OCCCCCCCCOc3ccccc3)c1)C2=O,N2,10,5,449
O=C1NC(=O)c2c1cccc2-c1ccc2c(c1)C(=O)N(c1cccc(OCCCCCCCCCOc3ccccc3)c1)C2=O,N2,10,5,451
O=C1NC(=O)c2c1cccc2-c1ccc2c(c1)C(=O)N(c1cccc(OCCCCCCCCCCOc3ccccc3)c1)C2=O,N2,10,5,448
O=C1NC(=O)c2c1cccc2-c1ccc2c(c1)C(=O)N(c1cccc(OCCCCCCCCCCCCOc3ccccc3)c1)C2=O,N2,10,5,448
O=C1NC(=O)c2c1cccc2-c1ccc2c(c1)C(=O)N(c1ccc(OCCCOc3ccccc3)cc1)C2=O,N2,10,5,454
O=C1NC(=O)c2c1cccc2-c1ccc2c(c1)C(=O)N(c1ccc(OCCCCCOc3ccccc3)cc1)C2=O,N2,10,5,454
O=C1NC(=O)c2c1cccc2-c1ccc2c(c1)C(=O)N(c1ccc(OCCCCCCCCCOc3ccccc3)cc1)C2=O,N2,10,5,451
O=C1NC(=O)c2c1cccc2-c1ccc2c(c1)C(=O)N(c1ccc(OCCCCCCCCCCOc3ccccc3)cc1)C2=O,N2,10,5,447
O=C1NC(=O)c2c1cccc2-c1ccc2c(c1)C(=O)N(c1ccc(OCCCCCCCCCCCCOc3ccccc3)cc1)C2=O,N2,10,5,448
O=C1NC(=O)c2cc(-c3ccc4c(c3)C(=O)N(c3cccc(OCCCOc5ccccc5)c3)C4=O)ccc21,N2,10,5,455
O=C1NC(=O)c2cc(-c3ccc4c(c3)C(=O)N(c3cccc(OCCCCOc5ccccc5)c3)C4=O)ccc21,N2,10,5,448
O=C1NC(=O)c2cc(-c3ccc4c(c3)C(=O)N(c3cccc(OCCCCCOc5ccccc5)c3)C4=O)ccc21,N2,10,5,452
O=C1NC(=O)c2cc(-c3ccc4c(c3)C(=O)N(c3cccc(OCCCCCCOc5ccccc5)c3)C4=O)ccc21,N2,10,5,451
O=C1NC(=O)c2cc(-c3ccc4c(c3)C(=O)N(c3cccc(OCCCCCCCCOc5ccccc5)c3)C4=O)ccc21,N2,10,5,450
O=C1NC(=O)c2cc(-c3ccc4c(c3)C(=O)N(c3cccc(OCCCCCCCCCOc5ccccc5)c3)C4=O)ccc21,N2,10,5,448
O=C1NC(=O)c2cc(-c3ccc4c(c3)C(=O)N(c3cccc(OCCCCCCCCCCOc5ccccc5)c3)C4=O)ccc21,N2,10,5,447
O=C1NC(=O)c2cc(-c3ccc4c(c3)C(=O)N(c3cccc(OCCCCCCCCCCCCOc5ccccc5)c3)C4=O)ccc21,N2,10,5,449
O=C1NC(=O)c2cc(-c3ccc4c(c3)C(=O)N(c3ccc(OCCCOc5ccccc5)cc3)C4=O)ccc21,N2,10,5,464
O=C1NC(=O)c2cc(-c3ccc4c(c3)C(=O)N(c3ccc(OCCCCOc5ccccc5)cc3)C4=O)ccc21,N2,10,5,458
O=C1NC(=O)c2cc(-c3ccc4c(c3)C(=O)N(c3ccc(OCCCCCOc5ccccc5)cc3)C4=O)ccc21,N2,10,5,457
O=C1NC(=O)c2cc(-c3ccc4c(c3)C(=O)N(c3ccc(OCCCCCCCCOc5ccccc5)cc3)C4=O)ccc21,N2,10,5,452
O=C1NC(=O)c2cc(-c3ccc4c(c3)C(=O)N(c3ccc(OCCCCCCCCCOc5ccccc5)cc3)C4=O)ccc21,N2,10,5,456
O=C1NC(=O)c2cc(-c3ccc4c(c3)C(=O)N(c3ccc(OCCCCCCCCCCOc5ccccc5)cc3)C4=O)ccc21,N2,10,5,450
O=C1NC(=O)c2cc(-c3ccc4c(c3)C(=O)N(c3ccc(OCCCCCCCCCCCCOc5ccccc5)cc3)C4=O)ccc21,N2,10,5,451
O=C1CC(=O)N(c2ccc(Oc3ccc(Oc4ccccc4)cc3)cc2)C(=S)N1,N2,10,10,564
CC(C)(c1ccc(Oc2ccccc2)cc1)c1ccc(Oc2ccc(N3C(=O)CC(=O)NC3=S)cc2)cc1,N2,10,10,529
O=C1CC(=O)N(c2ccc(Oc3cccc(Oc4ccccc4)c3)cc2)C(=S)N1,N2,10,10,493
O=C1CC(=O)N(c2ccc(Oc3ccc(-c4ccc(Oc5ccccc5)cc4)cc3)cc2)C(=S)N1,N2,10,10,532
O=C1CC(=O)N(c2ccc(Oc3ccc4ccc(Oc5ccccc5)cc4c3)cc2)C(=S)N1,N2,10,10,510
O=C1CC(=O)N(c2ccc(Oc3ccc(C4(c5ccc(Oc6ccccc6)cc5)c5ccccc5-c5ccccc54)cc3)cc2)C(=S)N1,N2,10,10,520
Cc1cc(C)cc(P(=O)(c2ccccc2)c2cccc(N3C(=O)c4ccc(Oc5ccc6c(c5)C(=O)NC6=O)cc4C3=O)c2)c1,N2,10,5,533
Cc1cc(C)cc(P(=O)(c2ccccc2)c2cccc(N3C(=O)c4ccc(Oc5ccc6c(c5)C(=O)NC6=O)cc4C3=O)c2)c1,air,10,5,533
Cc1cc(C)cc(P(=O)(c2cccc(N3C(=O)c4ccccc4C3=O)c2)c2cccc(N3C(=O)c4ccc(C=O)cc4C3=O)c2)c1,N2,10,5,530
Cc1cc(C)cc(P(=O)(c2cccc(N3C(=O)c4ccccc4C3=O)c2)c2cccc(N3C(=O)c4ccc(C=O)cc4C3=O)c2)c1,air,10,5,530
Cc1cc(C)cc(P(=O)(c2cccc(N3C(=O)c4ccccc4C3=O)c2)c2cccc(N3C(=O)c4ccc(C(C)C)cc4C3=O)c2)c1,N2,10,5,517
Cc1cc(C)cc(P(=O)(c2cccc(N3C(=O)c4ccccc4C3=O)c2)c2cccc(N3C(=O)c4ccc(C(C)C)cc4C3=O)c2)c1,air,10,5,517
Cc1cc(C)cc(P(=O)(c2ccccc2)c2cccc(-n3c(=O)c4cc5c(=O)[nH]c(=O)c5cc4c3=O)c2)c1,air,10,5,522
Cc1ccc(P(=O)(c2ccccc2)c2cccc(N3C(=O)c4ccc(Oc5ccc6c(c5)C(=O)NC6=O)cc4C3=O)c2)cc1,N2,10,5,525
Cc1ccc(P(=O)(c2ccccc2)c2cccc(N3C(=O)c4ccc(Oc5ccc6c(c5)C(=O)NC6=O)cc4C3=O)c2)cc1,air,10,5,525
Cc1ccc(P(=O)(c2cccc(N3C(=O)c4ccccc4C3=O)c2)c2cccc(N3C(=O)c4ccc(C=O)cc4C3=O)c2)cc1,N2,10,5,527
Cc1ccc(P(=O)(c2cccc(N3C(=O)c4ccccc4C3=O)c2)c2cccc(N3C(=O)c4ccc(C=O)cc4C3=O)c2)cc1,air,10,5,527
Cc1ccc(P(=O)(c2cccc(N3C(=O)c4ccccc4C3=O)c2)c2cccc(N3C(=O)c4ccc(C(C)C)cc4C3=O)c2)cc1,N2,10,5,512
Cc1ccc(P(=O)(c2cccc(N3C(=O)c4ccccc4C3=O)c2)c2cccc(N3C(=O)c4ccc(C(C)C)cc4C3=O)c2)cc1,air,10,5,512
Cc1ccc(P(=O)(c2ccccc2)c2cccc(-n3c(=O)c4cc5c(=O)[nH]c(=O)c5cc4c3=O)c2)cc1,air,10,5,530
O=C1NC(=O)c2cc(Oc3ccc4c(c3)C(=O)N(c3cccc(P(=O)(c5ccccc5)c5ccccc5)c3)C4=O)ccc21,N2,10,5,526
O=C1NC(=O)c2cc(Oc3ccc4c(c3)C(=O)N(c3cccc(P(=O)(c5ccccc5)c5ccccc5)c3)C4=O)ccc21,air,10,5,526
O=Cc1ccc2c(c1)C(=O)N(c1cccc(P(=O)(c3ccccc3)c3cccc(N4C(=O)c5ccccc5C4=O)c3)c1)C2=O,N2,10,5,506
O=Cc1ccc2c(c1)C(=O)N(c1cccc(P(=O)(c3ccccc3)c3cccc(N4C(=O)c5ccccc5C4=O)c3)c1)C2=O,air,10,5,506
CC(C)c1ccc2c(c1)C(=O)N(c1cccc(P(=O)(c3ccccc3)c3cccc(N4C(=O)c5ccccc5C4=O)c3)c1)C2=O,N2,10,5,524
CC(C)c1ccc2c(c1)C(=O)N(c1cccc(P(=O)(c3ccccc3)c3cccc(N4C(=O)c5ccccc5C4=O)c3)c1)C2=O,air,10,5,524
O=c1[nH]c(=O)c2cc3c(=O)n(-c4cccc(P(=O)(c5ccccc5)c5ccccc5)c4)c(=O)c3cc12,air,10,5,479
CC(c1ccccc1)(c1ccccc1)c1ccc(N2C(=O)c3ccc(Oc4ccc5c(c4)C(=O)NC5=O)cc3C2=O)cc1,air,10,5,518
CC(c1ccccc1)(c1ccc(N2C(=O)c3ccccc3C2=O)cc1)c1ccc(N2C(=O)c3ccc(C=O)cc3C2=O)cc1,air,10,5,518
CC(C)(c1ccc2c(c1)C(=O)N(c1ccc(Oc3ccc4ncc(-c5ccccc5)nc4c3)cc1)C2=O)c1ccc2c(c1)C(=O)N(c1ccc(Oc3ccc4nc(-c5ccc(Oc6ccccc6)cc5)c(-c5ccccc5)nc4c3)cc1)C2=O,N2,10,0,453
O=CNc1ccc(Oc2ccc(NC(=O)c3ccc4c(c3)C(=O)N(c3ccc(Oc5ccc(C6(c7ccc(Oc8ccc(N9C(=O)c%10ccccc%10C9=O)cc8)cc7)CC7CC6C6CCCC76)cc5)cc3)C4=O)cc2)cc1,N2,10,5,445
O=CNc1ccc(Oc2ccc(NC(=O)c3ccc4c(c3)C(=O)N(c3ccc(Oc5ccc(C6(c7ccc(Oc8ccc(N9C(=O)c%10ccccc%10C9=O)cc8)cc7)CC7CC6C6CCCC76)cc5)cc3)C4=O)cc2)cc1,air,10,5,464
O=CNc1ccc(Oc2ccc(Oc3ccc(NC(=O)c4ccc5c(c4)C(=O)N(c4ccc(Oc6ccc(C7(c8ccc(Oc9ccc(N%10C(=O)c%11ccccc%11C%10=O)cc9)cc8)CC8CC7C7CCCC87)cc6)cc4)C5=O)cc3)cc2)cc1,N2,10,5,447
O=CNc1ccc(Oc2ccc(Oc3ccc(NC(=O)c4ccc5c(c4)C(=O)N(c4ccc(Oc6ccc(C7(c8ccc(Oc9ccc(N%10C(=O)c%11ccccc%11C%10=O)cc9)cc8)CC8CC7C7CCCC87)cc6)cc4)C5=O)cc3)cc2)cc1,air,10,5,462
CC(C)(C)c1cc(Oc2ccc(NC=O)cc2)ccc1Oc1ccc(NC(=O)c2ccc3c(c2)C(=O)N(c2ccc(Oc4ccc(C5(c6ccc(Oc7ccc(N8C(=O)c9ccccc9C8=O)cc7)cc6)CC6CC5C5CCCC65)cc4)cc2)C3=O)cc1,N2,10,5,483
CC(C)(C)c1cc(Oc2ccc(NC=O)cc2)ccc1Oc1ccc(NC(=O)c2ccc3c(c2)C(=O)N(c2ccc(Oc4ccc(C5(c6ccc(Oc7ccc(N8C(=O)c9ccccc9C8=O)cc7)cc6)CC6CC5C5CCCC65)cc4)cc2)C3=O)cc1,air,10,5,481
CC(C)(C)c1cc(Oc2ccc(NC(=O)c3ccc4c(c3)C(=O)N(c3ccc(Oc5ccc(C6(c7ccc(Oc8ccc(N9C(=O)c%10ccccc%10C9=O)cc8)cc7)CC7CC6C6CCCC76)cc5)cc3)C4=O)cc2)c(C(C)(C)C)cc1Oc1ccc(NC=O)cc1,N2,10,5,486
CC(C)(C)c1cc(Oc2ccc(NC(=O)c3ccc4c(c3)C(=O)N(c3ccc(Oc5ccc(C6(c7ccc(Oc8ccc(N9C(=O)c%10ccccc%10C9=O)cc8)cc7)CC7CC6C6CCCC76)cc5)cc3)C4=O)cc2)c(C(C)(C)C)cc1Oc1ccc(NC=O)cc1,air,10,5,489
Cc1cc(Oc2ccc(NC=O)cc2)ccc1-c1ccc(Oc2ccc(NC(=O)c3ccc4c(c3)C(=O)N(c3ccc(Oc5ccc(C6(c7ccc(Oc8ccc(N9C(=O)c%10ccccc%10C9=O)cc8)cc7)CC7CC6C6CCCC76)cc5)cc3)C4=O)cc2)cc1C,N2,10,5,491
Cc1cc(Oc2ccc(NC=O)cc2)ccc1-c1ccc(Oc2ccc(NC(=O)c3ccc4c(c3)C(=O)N(c3ccc(Oc5ccc(C6(c7ccc(Oc8ccc(N9C(=O)c%10ccccc%10C9=O)cc8)cc7)CC7CC6C6CCCC76)cc5)cc3)C4=O)cc2)cc1C,air,10,5,490
CC(C)(c1ccc(Oc2ccc(NC=O)cc2)cc1)c1ccc(Oc2ccc(NC(=O)c3ccc4c(c3)C(=O)N(c3ccc(Oc5ccc(C6(c7ccc(Oc8ccc(N9C(=O)c%10ccccc%10C9=O)cc8)cc7)CC7CC6C6CCCC76)cc5)cc3)C4=O)cc2)cc1,N2,10,5,487
CC(C)(c1ccc(Oc2ccc(NC=O)cc2)cc1)c1ccc(Oc2ccc(NC(=O)c3ccc4c(c3)C(=O)N(c3ccc(Oc5ccc(C6(c7ccc(Oc8ccc(N9C(=O)c%10ccccc%10C9=O)cc8)cc7)CC7CC6C6CCCC76)cc5)cc3)C4=O)cc2)cc1,air,10,5,489
Cc1cc(C(C)(C)c2cc(C)c(Oc3ccc(NC(=O)c4ccc5c(c4)C(=O)N(c4ccc(Oc6ccc(C7(c8ccc(Oc9ccc(N%10C(=O)c%11ccccc%11C%10=O)cc9)cc8)CC8CC7C7CCCC87)cc6)cc4)C5=O)cc3)c(C)c2)cc(C)c1Oc1ccc(NC=O)cc1,N2,10,5,472
Cc1cc(C(C)(C)c2cc(C)c(Oc3ccc(NC(=O)c4ccc5c(c4)C(=O)N(c4ccc(Oc6ccc(C7(c8ccc(Oc9ccc(N%10C(=O)c%11ccccc%11C%10=O)cc9)cc8)CC8CC7C7CCCC87)cc6)cc4)C5=O)cc3)c(C)c2)cc(C)c1Oc1ccc(NC=O)cc1,air,10,5,471
Cc1cc(C(C)(C)c2cc(C)c(ON3C(=O)c4ccc(Oc5ccc(C6(c7ccc(Oc8ccc9c(c8)C(=O)NC9=O)cc7)CCC(C(C)(C)C)CC6)cc5)cc4C3=O)c(C)c2)cc(C)c1O,N2,20,10,470
CC(C)(c1ccc(Oc2ccccc2)cc1)c1ccc(Oc2ccc(N3C(=O)c4ccc(Oc5ccc(C6(c7ccc(Oc8ccc9c(c8)C(=O)NC9=O)cc7)CCC(C(C)(C)C)CC6)cc5)cc4C3=O)cc2)cc1,N2,20,10,515
CC(C)(C)c1cc(Oc2ccccc2)ccc1Oc1ccc(N2C(=O)c3ccc(Oc4ccc(C5(c6ccc(Oc7ccc8c(c7)C(=O)NC8=O)cc6)CCC(C(C)(C)C)CC5)cc4)cc3C2=O)cc1,N2,20,10,504
Cc1cc(Oc2ccccc2)ccc1-c1ccc(Oc2ccc(N3C(=O)c4ccc(Oc5ccc(C6(c7ccc(Oc8ccc9c(c8)C(=O)NC9=O)cc7)CCC(C(C)(C)C)CC6)cc5)cc4C3=O)cc2)cc1C,N2,20,10,507
CC(C)(C)C1CCC(c2ccc(Oc3ccc4c(c3)C(=O)NC4=O)cc2)(c2ccc(Oc3ccc4c(c3)C(=O)N(c3ccc(Oc5ccc(C6(c7ccc(Oc8ccccc8)cc7)C7CC8CC(C7)CC6C8)cc5)cc3)C4=O)cc2)CC1,N2,20,10,513
CC(C)(C)C1CCC(c2ccc(Oc3ccc4c(c3)C(=O)NC4=O)cc2)(c2ccc(Oc3ccc4c(c3)C(=O)N(c3ccc(Oc5ccc(C6(c7ccc(Oc8ccccc8)cc7)CC7CC6C6CCCC76)cc5)cc3)C4=O)cc2)CC1,N2,20,10,494
CCCCCCCCCCCCCCCCOc1ccccc1N1C(=O)CC(C2C=C(C)C3C(=O)NC(=O)C3C2)C1=O,air,10,10,351
CCCCCCCCCCCCCCCCOc1ccccc1N1C(=O)CC(C2C=C(C)C3C(=O)NC(=O)C3C2)C1=O,N2,10,10,409
O=CNc1cccc(C#Cc2cccc(N3C(=O)c4ccccc4C3=O)c2)c1,Ar,5,10,549
O=CNc1cccc(C#Cc2cccc(N3C(=O)c4ccccc4C3=O)c2)c1,Ar,5,5,512
O=C1NC(=O)c2cc(Oc3ccccc3)ccc21,N2,10,10,577
O=C1c2ccccc2C(=O)N1c1ccc(Oc2ccc(N3C(=O)c4ccc(-c5ccc(-c6ccc(-c7ccc(-c8ccccc8)cc7)cc6)cc5)cc4C3=O)cc2)cc1,air,10,10,585
O=C1c2ccccc2C(=O)N1c1ccc(Oc2ccc(N3C(=O)c4ccc(-c5ccc(-c6ccc(-c7ccc(-c8ccccc8)cc7)cc6)cc5)cc4C3=O)cc2)cc1,N2,10,10,640
O=C1NC(=O)c2cc(-c3ccc(-c4ccc(-c5ccc(-c6ccc(-c7ccc8c(c7)C(=O)N(c7ccc(Cc9ccccc9)cc7)C8=O)cc6)cc5)cc4)cc3)ccc21,air,10,10,580
O=C1NC(=O)c2cc(-c3ccc(-c4ccc(-c5ccc(-c6ccc(-c7ccc8c(c7)C(=O)N(c7ccc(Cc9ccccc9)cc7)C8=O)cc6)cc5)cc4)cc3)ccc21,N2,10,10,637
O=C1c2ccccc2C(=O)N1c1cccc(N2C(=O)c3ccc(-c4ccc(-c5ccc(-c6ccc(-c7ccccc7)cc6)cc5)cc4)cc3C2=O)c1,air,10,10,590
O=C1c2ccccc2C(=O)N1c1cccc(N2C(=O)c3ccc(-c4ccc(-c5ccc(-c6ccc(-c7ccccc7)cc6)cc5)cc4)cc3C2=O)c1,N2,10,10,600
O=C1c2ccccc2C(=O)N1c1ccc(N2C(=O)c3ccc(-c4ccc(-c5ccc(-c6ccc(-c7ccccc7)cc6)cc5)cc4)cc3C2=O)cc1,air,10,10,595
O=C1c2ccccc2C(=O)N1c1ccc(N2C(=O)c3ccc(-c4ccc(-c5ccc(-c6ccc(-c7ccccc7)cc6)cc5)cc4)cc3C2=O)cc1,N2,10,10,645
O=C1c2ccccc2C(=O)N1c1ccc(Oc2ccc(-c3ccc(Oc4ccc(N5C(=O)c6ccc(-c7ccc(-c8ccc(-c9ccc(-c%10ccccc%10)cc9)cc8)cc7)cc6C5=O)cc4)cc3)cc2)cc1,air,10,10,580
O=C1c2ccccc2C(=O)N1c1ccc(Oc2ccc(-c3ccc(Oc4ccc(N5C(=O)c6ccc(-c7ccc(-c8ccc(-c9ccc(-c%10ccccc%10)cc9)cc8)cc7)cc6C5=O)cc4)cc3)cc2)cc1,N2,10,10,635
CC(C)(c1ccc(Oc2ccc(N3C(=O)c4ccccc4C3=O)cc2)cc1)c1ccc(Oc2ccc(N3C(=O)c4ccc(-c5ccc(-c6ccc(-c7ccc(-c8ccccc8)cc7)cc6)cc5)cc4C3=O)cc2)cc1,air,10,10,540
CC(C)(c1ccc(Oc2ccc(N3C(=O)c4ccccc4C3=O)cc2)cc1)c1ccc(Oc2ccc(N3C(=O)c4ccc(-c5ccc(-c6ccc(-c7ccc(-c8ccccc8)cc7)cc6)cc5)cc4C3=O)cc2)cc1,N2,10,10,608
CC(=O)Nc1ccc(Oc2ccc(Oc3ccc(NC(=O)CN4C(=O)c5ccc(C(C)(C)c6ccc7c(c6)C(=O)NC7=O)cc5C4=O)cc3)cc2)cc1,air,12,5,370
CC(=O)Nc1ccc(Oc2ccc(Oc3ccc(NC(=O)CN4C(=O)c5ccc(C(C)(C)c6ccc7c(c6)C(=O)NC7=O)cc5C4=O)cc3)cc2)cc1,air,12,10,395
CC(=O)Nc1ccc(Oc2cccc(Oc3ccc(NC(=O)CN4C(=O)c5ccc(C(C)(C)c6ccc7c(c6)C(=O)NC7=O)cc5C4=O)cc3)c2)cc1,air,12,5,375
CC(=O)Nc1ccc(Oc2cccc(Oc3ccc(NC(=O)CN4C(=O)c5ccc(C(C)(C)c6ccc7c(c6)C(=O)NC7=O)cc5C4=O)cc3)c2)cc1,air,12,10,400
CC(=O)Nc1ccc(Oc2ccc(-c3ccc(Oc4ccc(NC(=O)CN5C(=O)c6ccc(C(C)(C)c7ccc8c(c7)C(=O)NC8=O)cc6C5=O)cc4)cc3)cc2)cc1,air,12,5,364
CC(=O)Nc1ccc(Oc2ccc(-c3ccc(Oc4ccc(NC(=O)CN5C(=O)c6ccc(C(C)(C)c7ccc8c(c7)C(=O)NC8=O)cc6C5=O)cc4)cc3)cc2)cc1,air,12,10,390
CC(=O)Nc1ccc(Oc2ccc(S(=O)(=O)c3ccc(Oc4ccc(NC(=O)CN5C(=O)c6ccc(C(C)(C)c7ccc8c(c7)C(=O)NC8=O)cc6C5=O)cc4)cc3)cc2)cc1,air,12,5,365
CC(=O)Nc1ccc(Oc2ccc(S(=O)(=O)c3ccc(Oc4ccc(NC(=O)CN5C(=O)c6ccc(C(C)(C)c7ccc8c(c7)C(=O)NC8=O)cc6C5=O)cc4)cc3)cc2)cc1,air,12,10,390
CC(=O)Nc1ccc(Oc2ccc(C(C)(C)c3ccc(Oc4ccc(NC(=O)CN5C(=O)c6ccc(C(C)(C)c7ccc8c(c7)C(=O)NC8=O)cc6C5=O)cc4)cc3)cc2)cc1,air,12,5,380
CC(=O)Nc1ccc(Oc2ccc(C(C)(C)c3ccc(Oc4ccc(NC(=O)CN5C(=O)c6ccc(C(C)(C)c7ccc8c(c7)C(=O)NC8=O)cc6C5=O)cc4)cc3)cc2)cc1,air,12,10,411
CC(C)(c1ccc2c(c1)C(=O)N(CC(=O)Nc1ccc(Oc3ccc4nc(-c5ccccc5)cnc4c3)cc1)C2=O)c1ccc2c(c1)C(=O)N(CC(=O)Nc1ccc(Oc3ccc4nc(-c5ccccc5)c(-c5ccccc5)nc4c3)cc1)C2=O,air,12,5,365
CC(C)(c1ccc2c(c1)C(=O)N(CC(=O)Nc1ccc(Oc3ccc4nc(-c5ccccc5)cnc4c3)cc1)C2=O)c1ccc2c(c1)C(=O)N(CC(=O)Nc1ccc(Oc3ccc4nc(-c5ccccc5)c(-c5ccccc5)nc4c3)cc1)C2=O,air,12,10,405
CC(C)(c1ccc2c(c1)C(=O)N(CC(=O)Nc1ccc(Oc3ccc4nc(-c5ccccc5)cnc4c3)cc1)C2=O)c1ccc2c(c1)C(=O)N(CC(=O)Nc1ccc(Oc3ccc4nc(-c5ccccc5)c(-c5ccc(Oc6ccccc6)cc5)nc4c3)cc1)C2=O,air,12,5,360
CC(C)(c1ccc2c(c1)C(=O)N(CC(=O)Nc1ccc(Oc3ccc4nc(-c5ccccc5)cnc4c3)cc1)C2=O)c1ccc2c(c1)C(=O)N(CC(=O)Nc1ccc(Oc3ccc4nc(-c5ccccc5)c(-c5ccc(Oc6ccccc6)cc5)nc4c3)cc1)C2=O,air,12,10,405
CC(C)(c1ccc2c(c1)C(=O)N(CC(=O)Nc1ccc(Oc3ccc4nc(-c5ccccc5)c(-c5ccccc5)nc4c3)cc1)C2=O)c1ccc2c(c1)C(=O)N(CC(=O)Nc1ccc(Oc3ccc4nc(-c5ccccc5)c(-c5ccc(N6C(=O)c7ccc8c9c(ccc(c79)C6=O)C(=O)NC8=O)cc5)nc4c3)cc1)C2=O,air,12,5,380
CC(C)(c1ccc2c(c1)C(=O)N(CC(=O)Nc1ccc(Oc3ccc4nc(-c5ccccc5)c(-c5ccccc5)nc4c3)cc1)C2=O)c1ccc2c(c1)C(=O)N(CC(=O)Nc1ccc(Oc3ccc4nc(-c5ccccc5)c(-c5ccc(N6C(=O)c7ccc8c9c(ccc(c79)C6=O)C(=O)NC8=O)cc5)nc4c3)cc1)C2=O,air,12,10,410
CC(C)(c1ccc2c(c1)C(=O)N(CC(=O)Nc1ccccc1)C2=O)c1ccc2c(c1)C(=O)N(CC(=O)Nc1ccc(-c3nnco3)cc1)C2=O,air,12,5,370
CC(C)(c1ccc2c(c1)C(=O)N(CC(=O)Nc1ccccc1)C2=O)c1ccc2c(c1)C(=O)N(CC(=O)Nc1ccc(-c3nnco3)cc1)C2=O,air,12,10,400
CC(C)(c1ccc2c(c1)C(=O)N(CC(=O)Nc1ccc(Oc3ccccc3)cc1)C2=O)c1ccc2c(c1)C(=O)N(CC(=O)Nc1ccc(Oc3ccc(-c4nnco4)cc3)cc1)C2=O,air,12,5,350
CC(C)(c1ccc2c(c1)C(=O)N(CC(=O)Nc1ccc(Oc3ccccc3)cc1)C2=O)c1ccc2c(c1)C(=O)N(CC(=O)Nc1ccc(Oc3ccc(-c4nnco4)cc3)cc1)C2=O,air,12,10,375
CC(=O)NNC(=O)c1ccc(C(=O)NNC(=O)CN2C(=O)c3ccc(C(C)(C)c4ccc5c(c4)C(=O)NC5=O)cc3C2=O)cc1,air,12,15,400
CC(=O)NNC(=O)c1ccc(C(=O)NNC(=O)CN2C(=O)c3ccc(C(C)(C)c4ccc5c(c4)C(=O)NC5=O)cc3C2=O)c(Oc2ccccc2)c1,air,12,15,400
CC(=O)Nc1cc(-c2ccc(O)c(NC(=O)CN3C(=O)c4ccc(C(C)(C)c5ccc6c(c5)C(=O)NC6=O)cc4C3=O)c2)ccc1O,air,12,20,420
CN1C(=O)c2ccc(C(C)(C)c3ccc4c(c3)C(=O)N(Cc3nnc(-c5ccc(-c6nnco6)cc5)o3)C4=O)cc2C1=O,air,12,5,380
CN1C(=O)c2ccc(C(C)(C)c3ccc4c(c3)C(=O)N(Cc3nnc(-c5ccc(-c6nnco6)cc5)o3)C4=O)cc2C1=O,air,12,10,410
CN1C(=O)c2ccc(C(C)(C)c3ccc4c(c3)C(=O)N(Cc3nnc(-c5ccc(Oc6ccc(-c7nnco7)cc6)cc5)o3)C4=O)cc2C1=O,air,12,5,385
CN1C(=O)c2ccc(C(C)(C)c3ccc4c(c3)C(=O)N(Cc3nnc(-c5ccc(Oc6ccc(-c7nnco7)cc6)cc5)o3)C4=O)cc2C1=O,air,12,10,410
CN1C(=O)c2ccc(C(C)(C)c3ccc4c(c3)C(=O)N(Cc3nnc(-c5ccc(-c6nnco6)c(Oc6ccccc6)c5)o3)C4=O)cc2C1=O,air,12,5,375
CN1C(=O)c2ccc(C(C)(C)c3ccc4c(c3)C(=O)N(Cc3nnc(-c5ccc(-c6nnco6)c(Oc6ccccc6)c5)o3)C4=O)cc2C1=O,air,12,10,405
CN1C(=O)c2ccc(C(C)(C)c3ccc4c(c3)C(=O)N(Cc3nc5cc(-c6ccc7ocnc7c6)ccc5o3)C4=O)cc2C1=O,air,12,5,400
CN1C(=O)c2ccc(C(C)(C)c3ccc4c(c3)C(=O)N(Cc3nc5cc(-c6ccc7ocnc7c6)ccc5o3)C4=O)cc2C1=O,air,12,10,410
CN1C(=O)c2ccc(C(C)(C)c3ccc4c(c3)C(=O)N(Cc3nc5cc(C(C)(C)c6ccc7ocnc7c6)ccc5o3)C4=O)cc2C1=O,air,12,5,405
CN1C(=O)c2ccc(C(C)(C)c3ccc4c(c3)C(=O)N(Cc3nc5cc(C(C)(C)c6ccc7ocnc7c6)ccc5o3)C4=O)cc2C1=O,air,12,10,430
CN1C(=O)c2ccc(C(C)(C)c3ccc4c(c3)C(=O)N(Cc3nc5ccc(Cc6ccc7ncoc(=O)c7c6)cc5c(=O)o3)C4=O)cc2C1=O,air,12,5,395
CN1C(=O)c2ccc(C(C)(C)c3ccc4c(c3)C(=O)N(Cc3nc5ccc(Cc6ccc7ncoc(=O)c7c6)cc5c(=O)o3)C4=O)cc2C1=O,air,12,10,425
CC(C)c1ccc2c(c1)C(=O)N(c1ccc(C(=O)Nc3ccc(Oc4ccc(-c5ccc(Oc6ccc(NC(=O)c7ccc(N8C(=O)c9ccccc9C8=O)cc7)cc6)cc5)cc4)cc3)cc1)C2=O,N2,20,10,546
CC(C)c1ccc2c(c1)C(=O)N(c1ccc(C(=O)Nc3ccc(Oc4ccc(-c5ccc(Oc6ccc(NC(=O)c7ccc(N8C(=O)c9ccccc9C8=O)cc7)cc6)cc5)cc4)cc3)cc1)C2=O,air,12,5,444
CC(C)(C)C1CCC(c2ccc(Oc3ccccc3)cc2)(c2ccc(Oc3ccc(N4C(=O)c5ccc(Oc6ccc(C7(c8ccc(Oc9ccc%10c(c9)C(=O)NC%10=O)cc8)CCC(c8ccccc8)CC7)cc6)cc5C4=O)cc3)cc2)CC1,N2,20,10,497
Cc1cc(C(C)(C)c2cc(C)c(Oc3ccc(N4C(=O)c5ccc(Oc6ccc(C7(c8ccc(Oc9ccc%10c(c9)C(=O)NC%10=O)cc8)CCC(c8ccccc8)CC7)cc6)cc5C4=O)cc3)c(C)c2)cc(C)c1Oc1ccccc1,N2,20,10,458
O=C1NC(=O)c2cc(Oc3ccc(C4(c5ccc(Oc6ccc7c(c6)C(=O)N(c6ccc(Oc8ccc(C9(c%10ccc(Oc%11ccccc%11)cc%10)CC%10CCC9C%10)cc8)cc6)C7=O)cc5)CCC(c5ccccc5)CC4)cc3)ccc21,N2,20,10,485
CC(C)(C)c1cc(Oc2ccccc2)ccc1Oc1ccc(N2C(=O)c3ccc(Oc4ccc(C5(c6ccc(Oc7ccc8c(c7)C(=O)NC8=O)cc6)CCC(c6ccccc6)CC5)cc4)cc3C2=O)cc1,N2,20,10,495
Cc1cc(Oc2ccccc2)ccc1-c1ccc(Oc2ccc(N3C(=O)c4ccc(Oc5ccc(C6(c7ccc(Oc8ccc9c(c8)C(=O)NC9=O)cc7)CCC(c7ccccc7)CC6)cc5)cc4C3=O)cc2)cc1C,N2,20,10,493
O=C1NC(=O)c2cc(Oc3ccc(C4(c5ccc(Oc6ccc7c(c6)C(=O)N(c6ccc(Cc8ccccc8)cc6)C7=O)cc5)CCC(c5ccccc5)CC4)cc3)ccc21,N2,20,10,493
O=C1NC(=O)c2cc(Oc3ccc(C4(c5ccc(Oc6ccc7c(c6)C(=O)N(c6ccc(Oc8ccccc8)cc6)C7=O)cc5)CCC(c5ccccc5)CC4)cc3)ccc21,N2,20,10,495
O=c1[nH]c(=O)c2cc3c(=O)n(-c4ccc(Oc5ccccc5Oc5ccccc5)cc4)c(=O)c3cc12,N2,20,10,586
Cc1cc(Oc2ccc(-n3c(=O)c4cc5c(=O)[nH]c(=O)c5cc4c3=O)cc2)ccc1Oc1ccccc1,N2,20,10,522
CC(C)(C)c1cc(Oc2ccc(-n3c(=O)c4cc5c(=O)[nH]c(=O)c5cc4c3=O)cc2)ccc1Oc1ccccc1,N2,20,10,538
O=c1[nH]c(=O)c2cc3c(=O)n(-c4ccc(Oc5ccc(Oc6ccccc6)c(-c6ccccc6)c5)cc4)c(=O)c3cc12,N2,20,10,586
CC(C)(C)c1ccc(Oc2ccc(-n3c(=O)c4cc5c(=O)[nH]c(=O)c5cc4c3=O)cc2)c(Oc2ccccc2)c1,N2,20,10,551
O=C1NC(=O)c2cc(-c3ccc4c(c3)C(=O)N(c3ccc(Oc5ccc(Oc6ccccc6)cc5)cc3)C4=O)ccc21,N2,20,10,601
O=C1NC(=O)c2cc(-c3ccc4c(c3)C(=O)N(c3ccc(Oc5ccccc5Oc5ccccc5)cc3)C4=O)ccc21,N2,20,10,614
Cc1cc(Oc2ccccc2)ccc1Oc1ccc(N2C(=O)c3ccc(-c4ccc5c(c4)C(=O)NC5=O)cc3C2=O)cc1,N2,20,10,522
CC(C)(C)c1cc(Oc2ccccc2)ccc1Oc1ccc(N2C(=O)c3ccc(-c4ccc5c(c4)C(=O)NC5=O)cc3C2=O)cc1,N2,20,10,543
O=C1NC(=O)c2cc(-c3ccc4c(c3)C(=O)N(c3ccc(Oc5ccc(Oc6ccccc6)cc5-c5ccccc5)cc3)C4=O)ccc21,N2,20,10,596
CC(C)(C)c1ccc(Oc2ccc(N3C(=O)c4ccc(-c5ccc6c(c5)C(=O)NC6=O)cc4C3=O)cc2)c(Oc2ccccc2)c1,N2,20,10,556
O=C1NC(=O)c2cc(-c3ccc4c(c3)C(=O)N(c3ccc(Oc5ccc(Oc6ccc(Oc7ccccc7)cc6)cc5)cc3)C4=O)ccc21,N2,20,10,589
O=C1NC(=O)c2cc(Oc3cccc(Oc4ccc5c(c4)C(=O)N(c4ccc(Oc6ccc(-c7ccc(Oc8ccccc8)cc7)cc6)cc4)C5=O)c3)ccc21,air,10,10,540
O=C1NC(=O)c2cc(Oc3ccc(C4(c5ccc(Oc6ccc7c(c6)C(=O)N(c6ccc(Oc8ccc(C9(c%10ccc(Oc%11ccccc%11)cc%10)CC%10CC9C9CCCC%109)cc8)cc6)C7=O)cc5)CCC(c5ccccc5)CC4)cc3)ccc21,N2,20,10,489
C[Si](C)(CCCNC=O)O[Si](C)(C)CCCNC(=O)c1ccc2c(c1)C(=O)N(c1ccc(Cc3ccc(N4C(=O)c5ccccc5C4=O)cc3)cc1)C2=O,air,12,10,359
O=C1NC(=O)c2cc(Oc3ccc4c(c3)C(=O)N(c3cccc(Oc5cc(Oc6ccccc6)ccc5P(=O)(c5ccccc5)c5ccccc5)c3)C4=O)ccc21,air,5,5,461
O=C1NC(=O)c2cc(Oc3ccc4c(c3)C(=O)N(c3cccc(Oc5cc(Oc6ccccc6)ccc5P(=O)(c5ccccc5)c5ccccc5)c3)C4=O)ccc21,N2,5,5,478
O=C1NC(=O)c2cc(Oc3ccc(-c4ccc(Oc5ccc6c(c5)C(=O)N(c5cccc(Oc7cc(Oc8ccccc8)ccc7P(=O)(c7ccccc7)c7ccccc7)c5)C6=O)cc4)cc3)ccc21,air,5,5,464
O=C1NC(=O)c2cc(Oc3ccc(-c4ccc(Oc5ccc6c(c5)C(=O)N(c5cccc(Oc7cc(Oc8ccccc8)ccc7P(=O)(c7ccccc7)c7ccccc7)c5)C6=O)cc4)cc3)ccc21,N2,5,5,494
CC(C)c1ccc2c(c1)C(=O)N(c1cccc(Oc3ccc(P(=O)(c4ccccc4)c4ccccc4)c(Oc4cccc(N5C(=O)c6ccccc6C5=O)c4)c3)c1)C2=O,air,5,5,453
CC(C)c1ccc2c(c1)C(=O)N(c1cccc(Oc3ccc(P(=O)(c4ccccc4)c4ccccc4)c(Oc4cccc(N5C(=O)c6ccccc6C5=O)c4)c3)c1)C2=O,N2,5,5,465
O=C1NC(=O)c2cc(-c3ccc4c(c3)C(=O)N(c3cccc(Oc5cc(Oc6ccccc6)ccc5P(=O)(c5ccccc5)c5ccccc5)c3)C4=O)ccc21,air,5,5,455
O=C1NC(=O)c2cc(-c3ccc4c(c3)C(=O)N(c3cccc(Oc5cc(Oc6ccccc6)ccc5P(=O)(c5ccccc5)c5ccccc5)c3)C4=O)ccc21,N2,5,5,471
O=c1[nH]c(=O)c2cc3c(=O)n(-c4cccc(Oc5cc(Oc6ccccc6)ccc5P(=O)(c5ccccc5)c5ccccc5)c4)c(=O)c3cc12,air,5,5,421
O=c1[nH]c(=O)c2cc3c(=O)n(-c4cccc(Oc5cc(Oc6ccccc6)ccc5P(=O)(c5ccccc5)c5ccccc5)c4)c(=O)c3cc12,N2,5,5,430
CC(c1ccccc1)(c1ccccc1)c1cccc(N2C(=O)c3ccc(Oc4ccc5c(c4)C(=O)NC5=O)cc3C2=O)c1,N2,10,5,518
CC(c1ccccc1)(c1cccc(N2C(=O)c3ccccc3C2=O)c1)c1cccc(N2C(=O)c3ccc(C=O)cc3C2=O)c1,N2,10,5,518
CC(C)c1ccc2c(c1)C(=O)N(c1cccc(C(C)(c3ccccc3)c3cccc(N4C(=O)c5ccccc5C4=O)c3)c1)C2=O,N2,10,5,511
CC(C)c1ccc2c(c1)C(=O)N(c1ccc(C(=O)Nc3ccc(NC(=O)c4ccc(N5C(=O)c6ccccc6C5=O)cc4)cc3)cc1)C2=O,N2,20,10,527
CC(C)c1ccc2c(c1)C(=O)N(c1ccc(C(=O)Nc3ccc(NC(=O)c4ccc(N5C(=O)c6ccccc6C5=O)cc4)cc3)cc1)C2=O,air,20,10,533
CC(C)c1ccc2c(c1)C(=O)N(c1ccc(C(=O)Nc3ccc(-c4ccc(NC(=O)c5ccc(N6C(=O)c7ccccc7C6=O)cc5)cc4)cc3)cc1)C2=O,N2,20,10,529
CC(C)c1ccc2c(c1)C(=O)N(c1ccc(C(=O)Nc3ccc(-c4ccc(NC(=O)c5ccc(N6C(=O)c7ccccc7C6=O)cc5)cc4)cc3)cc1)C2=O,air,20,10,532
CC(C)c1ccc2c(c1)C(=O)N(c1ccc(C(=O)Nc3ccc(C(=O)Nc4ccc(NC(=O)c5ccc(N6C(=O)c7ccccc7C6=O)cc5)cc4)cc3)cc1)C2=O,N2,20,10,509
CC(C)c1ccc2c(c1)C(=O)N(c1ccc(C(=O)Nc3ccc(C(=O)Nc4ccc(NC(=O)c5ccc(N6C(=O)c7ccccc7C6=O)cc5)cc4)cc3)cc1)C2=O,air,20,10,514
CC(C)c1ccc2c(c1)C(=O)N(c1ccc(C(=O)Nc3ccc(Oc4ccc(Oc5ccc(NC(=O)c6ccc(N7C(=O)c8ccccc8C7=O)cc6)cc5)cc4)cc3)cc1)C2=O,N2,20,10,540
CC(C)c1ccc2c(c1)C(=O)N(c1ccc(C(=O)Nc3ccc(Oc4ccc(Oc5ccc(NC(=O)c6ccc(N7C(=O)c8ccccc8C7=O)cc6)cc5)cc4)cc3)cc1)C2=O,air,20,10,523
CC(C)c1ccc2c(c1)C(=O)N(c1ccc(C(=O)Nc3ccc(Oc4cccc(Oc5ccc(NC(=O)c6ccc(N7C(=O)c8ccccc8C7=O)cc6)cc5)c4)cc3)cc1)C2=O,N2,20,10,537
CC(C)c1ccc2c(c1)C(=O)N(c1ccc(C(=O)Nc3ccc(Oc4cccc(Oc5ccc(NC(=O)c6ccc(N7C(=O)c8ccccc8C7=O)cc6)cc5)c4)cc3)cc1)C2=O,air,20,10,530
CC(C)c1ccc2c(c1)C(=O)N(c1ccc(C(=O)Nc3ccc(Oc4ccccc4Oc4ccc(NC(=O)c5ccc(N6C(=O)c7ccccc7C6=O)cc5)cc4)cc3)cc1)C2=O,N2,20,10,537
CC(C)c1ccc2c(c1)C(=O)N(c1ccc(C(=O)Nc3ccc(Oc4ccccc4Oc4ccc(NC(=O)c5ccc(N6C(=O)c7ccccc7C6=O)cc5)cc4)cc3)cc1)C2=O,air,20,10,526
CC(C)c1ccc2c(c1)C(=O)N(c1cccc(C(=O)Nc3ccc(-c4ccc(NC(=O)c5cccc(N6C(=O)c7ccccc7C6=O)c5)cc4)cc3)c1)C2=O,N2,20,10,553
CC(C)c1ccc2c(c1)C(=O)N(c1cccc(C(=O)Nc3ccc(-c4ccc(NC(=O)c5cccc(N6C(=O)c7ccccc7C6=O)c5)cc4)cc3)c1)C2=O,air,20,10,542
CC(C)c1ccc2c(c1)C(=O)N(c1cccc(C(=O)Nc3ccc(C(=O)Nc4ccc(NC(=O)c5cccc(N6C(=O)c7ccccc7C6=O)c5)cc4)cc3)c1)C2=O,N2,20,10,533
CC(C)c1ccc2c(c1)C(=O)N(c1cccc(C(=O)Nc3ccc(C(=O)Nc4ccc(NC(=O)c5cccc(N6C(=O)c7ccccc7C6=O)c5)cc4)cc3)c1)C2=O,air,20,10,530
CC(C)c1ccc2c(c1)C(=O)N(c1cccc(C(=O)Nc3ccc(Oc4ccc(Oc5ccc(NC(=O)c6cccc(N7C(=O)c8ccccc8C7=O)c6)cc5)cc4)cc3)c1)C2=O,N2,20,10,546
CC(C)c1ccc2c(c1)C(=O)N(c1cccc(C(=O)Nc3ccc(Oc4ccc(Oc5ccc(NC(=O)c6cccc(N7C(=O)c8ccccc8C7=O)c6)cc5)cc4)cc3)c1)C2=O,air,20,10,531
CC(C)c1ccc2c(c1)C(=O)N(c1cccc(C(=O)Nc3ccc(Oc4cccc(Oc5ccc(NC(=O)c6cccc(N7C(=O)c8ccccc8C7=O)c6)cc5)c4)cc3)c1)C2=O,N2,20,10,544
CC(C)c1ccc2c(c1)C(=O)N(c1cccc(C(=O)Nc3ccc(Oc4cccc(Oc5ccc(NC(=O)c6cccc(N7C(=O)c8ccccc8C7=O)c6)cc5)c4)cc3)c1)C2=O,air,20,10,537
CC(C)c1ccc2c(c1)C(=O)N(c1cccc(C(=O)Nc3ccc(Oc4ccccc4Oc4ccc(NC(=O)c5cccc(N6C(=O)c7ccccc7C6=O)c5)cc4)cc3)c1)C2=O,N2,20,10,536
CC(C)c1ccc2c(c1)C(=O)N(c1cccc(C(=O)Nc3ccc(Oc4ccccc4Oc4ccc(NC(=O)c5cccc(N6C(=O)c7ccccc7C6=O)c5)cc4)cc3)c1)C2=O,air,20,10,531
CC(C)c1ccc2c(c1)C(=O)N(c1cccc(C(=O)Nc3ccc(Oc4ccc(-c5ccc(Oc6ccc(NC(=O)c7cccc(N8C(=O)c9ccccc9C8=O)c7)cc6)cc5)cc4)cc3)c1)C2=O,N2,20,10,552
CC(C)c1ccc2c(c1)C(=O)N(c1cccc(C(=O)Nc3ccc(Oc4ccc(-c5ccc(Oc6ccc(NC(=O)c7cccc(N8C(=O)c9ccccc9C8=O)c7)cc6)cc5)cc4)cc3)c1)C2=O,air,20,10,546
CC(C)c1ccc2c(c1)C(=O)N(c1cccc(C(=O)Nc3ccc(Oc4ccc(C(C)(C)c5ccc(Oc6ccc(NC(=O)c7cccc(N8C(=O)c9ccccc9C8=O)c7)cc6)cc5)cc4)cc3)c1)C2=O,N2,20,10,532
CC(C)c1ccc2c(c1)C(=O)N(c1cccc(C(=O)Nc3ccc(Oc4ccc(C(C)(C)c5ccc(Oc6ccc(NC(=O)c7cccc(N8C(=O)c9ccccc9C8=O)c7)cc6)cc5)cc4)cc3)c1)C2=O,air,20,10,530
Cc1cc(C(C)(C)c2cc(C)c(Oc3ccc4c(c3)C(=O)N(c3ccc(Oc5ccc(C(C)(C)c6ccc(Oc7ccccc7)cc6)cc5)cc3)C4=O)c(C)c2)cc(C)c1Oc1ccc2c(c1)C(=O)NC2=O,N2,20,10,477
Cc1cc(C(C)(C)c2cc(C)c(Oc3ccc4c(c3)C(=O)N(c3ccc(Oc5ccc(Oc6ccccc6)cc5C(C)(C)C)cc3)C4=O)c(C)c2)cc(C)c1Oc1ccc2c(c1)C(=O)NC2=O,N2,20,10,474
Cc1ccccc1-c1ccc(N2C(=O)c3ccc(Oc4c(C)cc(C(C)(C)c5cc(C)c(Oc6ccc7c(c6)C(=O)NC7=O)c(C)c5)cc4C)cc3C2=O)cc1C,N2,20,10,471
Cc1cc(Oc2ccccc2)ccc1-c1ccc(Oc2ccc(N3C(=O)c4ccc(Oc5c(C)cc(C(C)(C)c6cc(C)c(Oc7ccc8c(c7)C(=O)NC8=O)c(C)c6)cc5C)cc4C3=O)cc2)cc1C,N2,20,10,474
Cc1cc(C(C)(C)c2cc(C)c(Oc3ccc4c(c3)C(=O)N(c3ccc(Oc5ccc(C6(c7ccc(Oc8ccccc8)cc7)C7CC8CC(C7)CC6C8)cc5)cc3)C4=O)c(C)c2)cc(C)c1Oc1ccc2c(c1)C(=O)NC2=O,N2,20,10,478
Cc1cc(C(C)(C)c2cc(C)c(Oc3ccc4c(c3)C(=O)N(c3ccc(Oc5ccc(C6(c7ccc(Oc8ccccc8)cc7)CC7CCC6C7)cc5)cc3)C4=O)c(C)c2)cc(C)c1Oc1ccc2c(c1)C(=O)NC2=O,N2,20,10,463
Cc1cc(C(C)(C)c2cc(C)c(Oc3ccc4c(c3)C(=O)N(c3ccc(Oc5ccc(C6(c7ccc(Oc8ccccc8)cc7)CC7CC6C6CCCC76)cc5)cc3)C4=O)c(C)c2)cc(C)c1Oc1ccc2c(c1)C(=O)NC2=O,N2,20,10,470
O=C1NC(=O)C2CC(C3CCC4C(=O)N(c5ccc(Oc6ccccc6)cc5)C(=O)C4C3)CCC12,N2,10,5,479
O=C1NC(=O)C2CC(C3CCC4C(=O)N(c5ccc(Cc6ccccc6)cc5)C(=O)C4C3)CCC12,N2,10,5,476
O=C1NC(=O)C2CC(C3CCC4C(=O)N(c5ccc(Oc6ccc(Oc7ccccc7)cc6)cc5)C(=O)C4C3)CCC12,N2,10,5,483
O=C1NC(=O)C2CC(C3CCC4C(=O)N(c5ccc(Oc6cccc(Oc7ccccc7)c6)cc5)C(=O)C4C3)CCC12,N2,10,5,484
CC(C)(c1ccc(Oc2ccccc2)cc1)c1ccc(Oc2ccc(N3C(=O)C4CCC(C5CCC6C(=O)NC(=O)C6C5)CC4C3=O)cc2)cc1,N2,10,5,485
O=C1NC(=O)C2CC(C3CCC4C(=O)N(c5ccc(Oc6ccc(S(=O)(=O)c7ccc(Oc8ccccc8)cc7)cc6)cc5)C(=O)C4C3)CCC12,N2,10,5,478
O=C1NC(=O)C2CC(C3CCC4C(=O)N(c5ccc(Oc6ccc(Oc7ccc(Oc8ccccc8)cc7)cc6)cc5)C(=O)C4C3)CCC12,N2,10,5,479
O=C1NC(=O)C2CC(C3CCC4C(=O)N(c5ccccc5)C(=O)C4C3)CCC12,N2,10,5,466
O=c1[nH]c(=O)c2cc3c(=O)n(-c4ccc(-c5cccc(OCCCCCCOc6ccc(/C=C/c7ccc(F)cc7)cc6)c5)cc4OCCCCCCOc4ccc(/C=C/c5ccc(F)cc5)cc4)c(=O)c3cc12,N2,20,5,425
O=Cc1ccc2c(c1)C(=O)N(c1ccc(-c3ccc(N4C(=O)c5ccccc5C4=O)c(OCCCCCCOc4ccc(/C=C/c5ccc(F)cc5)cc4)c3)cc1OCCCCCCOc1ccc(/C=C/c3ccc(F)cc3)cc1)C2=O,N2,20,5,384
O=C1NC(=O)c2cc(Oc3ccc4c(c3)C(=O)N(c3ccc(-c5cccc(OCCCCCCOc6ccc(/C=C/c7ccc(F)cc7)cc6)c5)cc3OCCCCCCOc3ccc(/C=C/c5ccc(F)cc5)cc3)C4=O)ccc21,N2,20,5,396
CC(C)c1ccc2c(c1)C(=O)N(c1ccc(-c3ccc(N4C(=O)c5ccccc5C4=O)c(OCCCCCCOc4ccc(/C=C/c5ccc(F)cc5)cc4)c3)cc1OCCCCCCOc1ccc(/C=C/c3ccc(F)cc3)cc1)C2=O,N2,20,5,427
Cc1c2c(c(N3C(=O)c4ccc(C=O)cc4C3=O)c(C)c1N1C(=O)c3ccccc3C1=O)C(C)(C)CC2,N2,10,0,500
Cc1c2c(c(N3C(=O)c4ccc(C=O)cc4C3=O)c(C)c1N1C(=O)c3ccccc3C1=O)C(C)(C)CC2,N2,10,5,530
Cc1c2c(c(N3C(=O)c4ccc(C=O)cc4C3=O)c(C)c1N1C(=O)c3ccccc3C1=O)C(C)(C)CC2,air,10,5,431
CC(C)c1ccc(O)c(N2C(=O)c3ccc(-c4nc5ccccc5o4)cc3C2=O)c1,N2,10,5,530
CC(C)c1ccc(O)c(N2C(=O)c3ccc(-c4nc5ccccc5o4)cc3C2=O)c1,air,10,5,525
O=C1NC(=O)N(CCCCCCN2C(=O)C(=O)N(c3ccccn3)C2=O)C1=O,air,12,5,250
O=C1NC(=O)N(c2ccc(Cc3ccc(N4C(=O)C(=O)N(c5ccccn5)C4=O)cc3)cc2)C1=O,air,12,5,255
CC(C)(C)c1ccc(-c2cc3c(cc2-c2cc4c(cc2-c2ccc(C(C)(C)C)cc2)C(=O)N(c2ccc(Oc5ccccc5)cc2)C4=O)C(=O)NC3=O)cc1,N2,20,5,550
CC(C)(C)c1ccc(-c2cc3c(cc2-c2cc4c(cc2-c2ccc(C(C)(C)C)cc2)C(=O)N(c2ccc(Cc5ccccc5)cc2)C4=O)C(=O)NC3=O)cc1,N2,20,5,540
CC(C)(C)c1ccc(-c2cc3c(cc2-c2cc4c(cc2-c2ccc(C(C)(C)C)cc2)C(=O)N(c2ccc(C(C)(C)c5ccccc5)cc2)C4=O)C(=O)NC3=O)cc1,N2,20,5,549
C[Si](C)(C)c1ccc(-c2cc3c(cc2-c2cc4c(cc2-c2ccc([Si](C)(C)C)cc2)C(=O)N(c2ccc(Oc5ccccc5)cc2)C4=O)C(=O)NC3=O)cc1,N2,20,5,552
C[Si](C)(C)c1ccc(-c2cc3c(cc2-c2cc4c(cc2-c2ccc([Si](C)(C)C)cc2)C(=O)N(c2ccc(Cc5ccccc5)cc2)C4=O)C(=O)NC3=O)cc1,N2,20,5,542
CC(C)(c1ccccc1)c1ccc(N2C(=O)c3cc(-c4ccc([Si](C)(C)C)cc4)c(-c4cc5c(cc4-c4ccc([Si](C)(C)C)cc4)C(=O)NC5=O)cc3C2=O)cc1,N2,20,5,543
Cc1cc(Oc2ccccc2)ccc1-c1ccc(Oc2ccc(N3C(=O)c4ccc(Oc5ccc(C6(c7ccc(Oc8ccc9c(c8)C(=O)NC9=O)cc7)CCCCCCCCCCC6)cc5)cc4C3=O)cc2)cc1C,N2,20,10,441
Cc1cc(Oc2ccccc2)ccc1-c1ccc(Oc2ccc(N3C(=O)c4ccc(Oc5ccc(C6(c7ccc(Oc8ccc9c(c8)C(=O)NC9=O)cc7)CCCCCCCCCCC6)cc5)cc4C3=O)cc2)cc1C,air,20,10,417
O=C1NC(=O)c2cc(Oc3ccc(C4(c5ccc(Oc6ccc7c(c6)C(=O)N(c6ccc(Cc8ccccc8)cc6)C7=O)cc5)CCCCCCCCCCC4)cc3)ccc21,N2,20,10,454
O=C1NC(=O)c2cc(Oc3ccc(C4(c5ccc(Oc6ccc7c(c6)C(=O)N(c6ccc(Cc8ccccc8)cc6)C7=O)cc5)CCCCCCCCCCC4)cc3)ccc21,air,20,10,453
CC(C)(C)c1cc(Oc2ccccc2)ccc1Oc1ccc(N2C(=O)c3ccc(Oc4ccc(C5(c6ccc(Oc7ccc8c(c7)C(=O)NC8=O)cc6)CCCCCCCCCCC5)cc4)cc3C2=O)cc1,N2,20,10,441
CC(C)(C)c1cc(Oc2ccccc2)ccc1Oc1ccc(N2C(=O)c3ccc(Oc4ccc(C5(c6ccc(Oc7ccc8c(c7)C(=O)NC8=O)cc6)CCCCCCCCCCC5)cc4)cc3C2=O)cc1,air,20,10,410
O=C1NC(=O)c2cc(Oc3ccc(C4(c5ccc(Oc6ccc7c(c6)C(=O)N(c6ccc(Oc8ccccc8)cc6)C7=O)cc5)CCCCCCCCCCC4)cc3)ccc21,N2,20,10,463
O=C1NC(=O)c2cc(Oc3ccc(C4(c5ccc(Oc6ccc7c(c6)C(=O)N(c6ccc(Oc8ccccc8)cc6)C7=O)cc5)CCCCCCCCCCC4)cc3)ccc21,air,20,10,437
O=C1NC(=O)c2cc(Oc3ccc(C4(c5ccc(Oc6ccc7c(c6)C(=O)N(c6ccc(Oc8ccc(C9(c%10ccc(Oc%11ccccc%11)cc%10)CC%10CCC9C%10)cc8)cc6)C7=O)cc5)CCCCCCCCCCC4)cc3)ccc21,N2,20,10,434
O=C1NC(=O)c2cc(Oc3ccc(C4(c5ccc(Oc6ccc7c(c6)C(=O)N(c6ccc(Oc8ccc(C9(c%10ccc(Oc%11ccccc%11)cc%10)CC%10CCC9C%10)cc8)cc6)C7=O)cc5)CCCCCCCCCCC4)cc3)ccc21,air,20,10,429
CC(C)(C)C1CCC(c2ccc(Oc3ccccc3)cc2)(c2ccc(Oc3ccc(N4C(=O)c5ccc(Oc6ccc(C7(c8ccc(Oc9ccc%10c(c9)C(=O)NC%10=O)cc8)CCCCCCCCCCC7)cc6)cc5C4=O)cc3)cc2)CC1,N2,20,10,455
CC(C)(C)C1CCC(c2ccc(Oc3ccccc3)cc2)(c2ccc(Oc3ccc(N4C(=O)c5ccc(Oc6ccc(C7(c8ccc(Oc9ccc%10c(c9)C(=O)NC%10=O)cc8)CCCCCCCCCCC7)cc6)cc5C4=O)cc3)cc2)CC1,air,20,10,440
O=C1NC(=O)c2cc(Oc3ccc(C4(c5ccc(Oc6ccc7c(c6)C(=O)N(c6ccc(Oc8ccc(C9(c%10ccc(Oc%11ccccc%11)cc%10)C%10CC%11CC(C%10)CC9C%11)cc8)cc6)C7=O)cc5)CCCCCCCCCCC4)cc3)ccc21,N2,20,10,450
O=C1NC(=O)c2cc(Oc3ccc(C4(c5ccc(Oc6ccc7c(c6)C(=O)N(c6ccc(Oc8ccc(C9(c%10ccc(Oc%11ccccc%11)cc%10)C%10CC%11CC(C%10)CC9C%11)cc8)cc6)C7=O)cc5)CCCCCCCCCCC4)cc3)ccc21,air,20,10,407
O=CNc1ccc(Oc2ccccc2-c2ccccc2Oc2ccc(NC(=O)c3ccc4c(c3)C(=O)N(c3ccc(N5C(=O)c6ccccc6C5=O)cc3)C4=O)cc2)cc1,air,20,10,521
O=CNc1ccc(Oc2ccccc2-c2ccccc2Oc2ccc(NC(=O)c3ccc4c(c3)C(=O)N(c3ccc(N5C(=O)c6ccccc6C5=O)cc3)C4=O)cc2)cc1,N2,20,10,551
O=CNc1ccc(Oc2ccc(-c3ccc(Oc4ccc(NC(=O)c5ccc6c(c5)C(=O)N(c5ccc(N7C(=O)c8ccccc8C7=O)cc5)C6=O)cc4)cc3)cc2)cc1,air,20,10,505
O=CNc1ccc(Oc2ccc(-c3ccc(Oc4ccc(NC(=O)c5ccc6c(c5)C(=O)N(c5ccc(N7C(=O)c8ccccc8C7=O)cc5)C6=O)cc4)cc3)cc2)cc1,N2,20,10,559
O=CNc1ccc(Oc2ccccc2-c2ccccc2Oc2ccc(NC(=O)c3ccc4c(c3)C(=O)N(c3cccc(N5C(=O)c6ccccc6C5=O)c3)C4=O)cc2)cc1,air,20,10,516
O=CNc1ccc(Oc2ccccc2-c2ccccc2Oc2ccc(NC(=O)c3ccc4c(c3)C(=O)N(c3cccc(N5C(=O)c6ccccc6C5=O)c3)C4=O)cc2)cc1,N2,20,10,556
O=CNc1ccc(Oc2ccc(-c3ccc(Oc4ccc(NC(=O)c5ccc6c(c5)C(=O)N(c5cccc(N7C(=O)c8ccccc8C7=O)c5)C6=O)cc4)cc3)cc2)cc1,air,20,10,520
O=CNc1ccc(Oc2ccc(-c3ccc(Oc4ccc(NC(=O)c5ccc6c(c5)C(=O)N(c5cccc(N7C(=O)c8ccccc8C7=O)c5)C6=O)cc4)cc3)cc2)cc1,N2,20,10,557
Cc1ccc(N2C(=O)c3ccc(C(=O)Nc4ccc(Oc5ccccc5-c5ccccc5Oc5ccc(NC=O)cc5)cc4)cc3C2=O)cc1N1C(=O)c2ccccc2C1=O,air,20,10,472
Cc1ccc(N2C(=O)c3ccc(C(=O)Nc4ccc(Oc5ccccc5-c5ccccc5Oc5ccc(NC=O)cc5)cc4)cc3C2=O)cc1N1C(=O)c2ccccc2C1=O,N2,20,10,540
Cc1ccc(N2C(=O)c3ccc(C(=O)Nc4ccc(Oc5ccc(-c6ccc(Oc7ccc(NC=O)cc7)cc6)cc5)cc4)cc3C2=O)cc1N1C(=O)c2ccccc2C1=O,air,20,10,495
Cc1ccc(N2C(=O)c3ccc(C(=O)Nc4ccc(Oc5ccc(-c6ccc(Oc7ccc(NC=O)cc7)cc6)cc5)cc4)cc3C2=O)cc1N1C(=O)c2ccccc2C1=O,N2,20,10,554
O=CNc1ccc(Oc2ccccc2-c2ccccc2Oc2ccc(NC(=O)c3ccc4c(c3)C(=O)N(c3ccc(Cc5ccc(N6C(=O)c7ccccc7C6=O)cc5)cc3)C4=O)cc2)cc1,air,20,10,507
O=CNc1ccc(Oc2ccccc2-c2ccccc2Oc2ccc(NC(=O)c3ccc4c(c3)C(=O)N(c3ccc(Cc5ccc(N6C(=O)c7ccccc7C6=O)cc5)cc3)C4=O)cc2)cc1,N2,20,10,541
O=CNc1ccc(Oc2ccc(-c3ccc(Oc4ccc(NC(=O)c5ccc6c(c5)C(=O)N(c5ccc(Cc7ccc(N8C(=O)c9ccccc9C8=O)cc7)cc5)C6=O)cc4)cc3)cc2)cc1,air,20,10,504
O=CNc1ccc(Oc2ccc(-c3ccc(Oc4ccc(NC(=O)c5ccc6c(c5)C(=O)N(c5ccc(Cc7ccc(N8C(=O)c9ccccc9C8=O)cc7)cc5)C6=O)cc4)cc3)cc2)cc1,N2,20,10,545
O=CNc1ccc(Oc2ccccc2-c2ccccc2Oc2ccc(NC(=O)c3ccc4c(c3)C(=O)N(c3ccc(Oc5ccc(N6C(=O)c7ccccc7C6=O)cc5)cc3)C4=O)cc2)cc1,air,20,10,528
O=CNc1ccc(Oc2ccccc2-c2ccccc2Oc2ccc(NC(=O)c3ccc4c(c3)C(=O)N(c3ccc(Oc5ccc(N6C(=O)c7ccccc7C6=O)cc5)cc3)C4=O)cc2)cc1,N2,20,10,561
O=CNc1ccc(Oc2ccc(-c3ccc(Oc4ccc(NC(=O)c5ccc6c(c5)C(=O)N(c5ccc(Oc7ccc(N8C(=O)c9ccccc9C8=O)cc7)cc5)C6=O)cc4)cc3)cc2)cc1,air,20,10,522
O=CNc1ccc(Oc2ccc(-c3ccc(Oc4ccc(NC(=O)c5ccc6c(c5)C(=O)N(c5ccc(Oc7ccc(N8C(=O)c9ccccc9C8=O)cc7)cc5)C6=O)cc4)cc3)cc2)cc1,N2,20,10,574
O=CNc1ccc(Oc2ccccc2-c2ccccc2Oc2ccc(NC(=O)c3ccc4c(c3)C(=O)N(c3ccc(Oc5ccc(Oc6ccc(N7C(=O)c8ccccc8C7=O)cc6)cc5)cc3)C4=O)cc2)cc1,air,20,10,527
O=CNc1ccc(Oc2ccccc2-c2ccccc2Oc2ccc(NC(=O)c3ccc4c(c3)C(=O)N(c3ccc(Oc5ccc(Oc6ccc(N7C(=O)c8ccccc8C7=O)cc6)cc5)cc3)C4=O)cc2)cc1,N2,20,10,539
O=CNc1ccc(Oc2ccc(-c3ccc(Oc4ccc(NC(=O)c5ccc6c(c5)C(=O)N(c5ccc(Oc7ccc(Oc8ccc(N9C(=O)c%10ccccc%10C9=O)cc8)cc7)cc5)C6=O)cc4)cc3)cc2)cc1,air,20,10,506
O=CNc1ccc(Oc2ccc(-c3ccc(Oc4ccc(NC(=O)c5ccc6c(c5)C(=O)N(c5ccc(Oc7ccc(Oc8ccc(N9C(=O)c%10ccccc%10C9=O)cc8)cc7)cc5)C6=O)cc4)cc3)cc2)cc1,N2,20,10,561
O=CNc1ccc(Oc2ccccc2-c2ccccc2Oc2ccc(NC(=O)c3ccc4c(c3)C(=O)N(c3ccc(Oc5cccc(Oc6ccc(N7C(=O)c8ccccc8C7=O)cc6)c5)cc3)C4=O)cc2)cc1,air,20,10,527
O=CNc1ccc(Oc2ccccc2-c2ccccc2Oc2ccc(NC(=O)c3ccc4c(c3)C(=O)N(c3ccc(Oc5cccc(Oc6ccc(N7C(=O)c8ccccc8C7=O)cc6)c5)cc3)C4=O)cc2)cc1,N2,20,10,556
O=CNc1ccc(Oc2ccc(-c3ccc(Oc4ccc(NC(=O)c5ccc6c(c5)C(=O)N(c5ccc(Oc7cccc(Oc8ccc(N9C(=O)c%10ccccc%10C9=O)cc8)c7)cc5)C6=O)cc4)cc3)cc2)cc1,air,20,10,514
O=CNc1ccc(Oc2ccc(-c3ccc(Oc4ccc(NC(=O)c5ccc6c(c5)C(=O)N(c5ccc(Oc7cccc(Oc8ccc(N9C(=O)c%10ccccc%10C9=O)cc8)c7)cc5)C6=O)cc4)cc3)cc2)cc1,N2,20,10,569
O=CNc1ccc(Oc2ccccc2-c2ccccc2Oc2ccc(NC(=O)c3ccc4c(c3)C(=O)N(c3ccc(Oc5ccccc5-c5ccccc5Oc5ccc(N6C(=O)c7ccccc7C6=O)cc5)cc3)C4=O)cc2)cc1,air,20,10,515
O=CNc1ccc(Oc2ccccc2-c2ccccc2Oc2ccc(NC(=O)c3ccc4c(c3)C(=O)N(c3ccc(Oc5ccccc5-c5ccccc5Oc5ccc(N6C(=O)c7ccccc7C6=O)cc5)cc3)C4=O)cc2)cc1,N2,20,10,554
O=CNc1ccc(Oc2ccc(-c3ccc(Oc4ccc(NC(=O)c5ccc6c(c5)C(=O)N(c5ccc(Oc7ccccc7-c7ccccc7Oc7ccc(N8C(=O)c9ccccc9C8=O)cc7)cc5)C6=O)cc4)cc3)cc2)cc1,air,20,10,512
O=CNc1ccc(Oc2ccc(-c3ccc(Oc4ccc(NC(=O)c5ccc6c(c5)C(=O)N(c5ccc(Oc7ccccc7-c7ccccc7Oc7ccc(N8C(=O)c9ccccc9C8=O)cc7)cc5)C6=O)cc4)cc3)cc2)cc1,N2,20,10,569
O=CNc1ccc(Oc2ccccc2-c2ccccc2Oc2ccc(NC(=O)c3ccc4c(c3)C(=O)N(c3ccc(Oc5ccc(-c6ccc(Oc7ccc(N8C(=O)c9ccccc9C8=O)cc7)cc6)cc5)cc3)C4=O)cc2)cc1,air,20,10,538
O=CNc1ccc(Oc2ccccc2-c2ccccc2Oc2ccc(NC(=O)c3ccc4c(c3)C(=O)N(c3ccc(Oc5ccc(-c6ccc(Oc7ccc(N8C(=O)c9ccccc9C8=O)cc7)cc6)cc5)cc3)C4=O)cc2)cc1,N2,20,10,557
O=CNc1ccc(Oc2ccc(-c3ccc(Oc4ccc(NC(=O)c5ccc6c(c5)C(=O)N(c5ccc(Oc7ccc(-c8ccc(Oc9ccc(N%10C(=O)c%11ccccc%11C%10=O)cc9)cc8)cc7)cc5)C6=O)cc4)cc3)cc2)cc1,air,20,10,514
O=CNc1ccc(Oc2ccc(-c3ccc(Oc4ccc(NC(=O)c5ccc6c(c5)C(=O)N(c5ccc(Oc7ccc(-c8ccc(Oc9ccc(N%10C(=O)c%11ccccc%11C%10=O)cc9)cc8)cc7)cc5)C6=O)cc4)cc3)cc2)cc1,N2,20,10,568
CC(C)(c1ccc(Oc2ccc(N3C(=O)c4ccccc4C3=O)cc2)cc1)c1ccc(Oc2ccc(N3C(=O)c4ccc(C(=O)Nc5ccc(Oc6ccccc6-c6ccccc6Oc6ccc(NC=O)cc6)cc5)cc4C3=O)cc2)cc1,air,20,10,522
CC(C)(c1ccc(Oc2ccc(N3C(=O)c4ccccc4C3=O)cc2)cc1)c1ccc(Oc2ccc(N3C(=O)c4ccc(C(=O)Nc5ccc(Oc6ccccc6-c6ccccc6Oc6ccc(NC=O)cc6)cc5)cc4C3=O)cc2)cc1,N2,20,10,527
CC(C)(c1ccc(Oc2ccc(N3C(=O)c4ccccc4C3=O)cc2)cc1)c1ccc(Oc2ccc(N3C(=O)c4ccc(C(=O)Nc5ccc(Oc6ccc(-c7ccc(Oc8ccc(NC=O)cc8)cc7)cc6)cc5)cc4C3=O)cc2)cc1,air,20,10,509
CC(C)(c1ccc(Oc2ccc(N3C(=O)c4ccccc4C3=O)cc2)cc1)c1ccc(Oc2ccc(N3C(=O)c4ccc(C(=O)Nc5ccc(Oc6ccc(-c7ccc(Oc8ccc(NC=O)cc8)cc7)cc6)cc5)cc4C3=O)cc2)cc1,N2,20,10,532
O=CNc1ccc(Oc2ccccc2-c2ccccc2Oc2ccc(NC(=O)c3ccc4c(c3)C(=O)N(c3ccc(Oc5ccc(S(=O)(=O)c6ccc(Oc7ccc(N8C(=O)c9ccccc9C8=O)cc7)cc6)cc5)cc3)C4=O)cc2)cc1,air,20,10,528
O=CNc1ccc(Oc2ccccc2-c2ccccc2Oc2ccc(NC(=O)c3ccc4c(c3)C(=O)N(c3ccc(Oc5ccc(S(=O)(=O)c6ccc(Oc7ccc(N8C(=O)c9ccccc9C8=O)cc7)cc6)cc5)cc3)C4=O)cc2)cc1,N2,20,10,531
O=CNc1ccc(Oc2ccc(-c3ccc(Oc4ccc(NC(=O)c5ccc6c(c5)C(=O)N(c5ccc(Oc7ccc(S(=O)(=O)c8ccc(Oc9ccc(N%10C(=O)c%11ccccc%11C%10=O)cc9)cc8)cc7)cc5)C6=O)cc4)cc3)cc2)cc1,air,20,10,542
O=CNc1ccc(Oc2ccc(-c3ccc(Oc4ccc(NC(=O)c5ccc6c(c5)C(=O)N(c5ccc(Oc7ccc(S(=O)(=O)c8ccc(Oc9ccc(N%10C(=O)c%11ccccc%11C%10=O)cc9)cc8)cc7)cc5)C6=O)cc4)cc3)cc2)cc1,N2,20,10,543
CC(C)c1ccc2c(c1)C(=O)N(c1ccc(Oc3ccc4ccc(Oc5ccc(N6C(=O)c7ccccc7C6=O)cc5)cc4c3)cc1)C2=O,N2,20,10,575.7
O=c1[nH]c(=O)c2cc3c(=O)n(-c4ccc(Oc5ccc6ccc(Oc7ccccc7)cc6c5)cc4)c(=O)c3cc12,N2,20,10,586.9
O=C(Nc1ccc(Cc2ccccc2)cc1)c1cccc(-c2nc3cc(-c4ccc5[nH]c(-c6cccc(C(=O)Nc7ccc(Cc8ccc(-n9c(=O)c%10cc%11c(=O)[nH]c(=O)c%11cc%10c9=O)cc8)cc7)c6)nc5c4)ccc3[nH]2)c1,air,10,10,475
O=C(Nc1ccc(Cc2ccccc2)cc1)c1cccc(-c2nc3cc(-c4ccc5[nH]c(-c6cccc(C(=O)Nc7ccc(Cc8ccc(-n9c(=O)c%10cc%11c(=O)[nH]c(=O)c%11cc%10c9=O)cc8)cc7)c6)nc5c4)ccc3[nH]2)c1,N2,10,10,510
O=C(Nc1ccc(Cc2ccc(N3C(=O)c4ccc(S(=O)(=O)c5ccc6c(c5)C(=O)N(c5ccc(Cc7ccc(NC(=O)c8cccc(-c9nc%10cc(-c%11ccc%12[nH]cnc%12c%11)ccc%10[nH]9)c8)cc7)cc5)C6=O)cc4C3=O)cc2)cc1)c1ccccc1,air,10,10,441
O=C(Nc1ccc(Cc2ccc(N3C(=O)c4ccc(S(=O)(=O)c5ccc6c(c5)C(=O)N(c5ccc(Cc7ccc(NC(=O)c8cccc(-c9nc%10cc(-c%11ccc%12[nH]cnc%12c%11)ccc%10[nH]9)c8)cc7)cc5)C6=O)cc4C3=O)cc2)cc1)c1ccccc1,N2,10,10,460
CC1(C)C(=O)N(C=O)C(=O)N1C(=O)c1ccc2c(c1)C(=O)N(c1ccc(Oc3ccc(N4C(=O)c5ccccc5C4=O)cc3)cc1)C2=O,N2,10,5,285
CC1(C)C(=O)N(C=O)C(=O)N1C(=O)c1ccc2c(c1)C(=O)N(c1ccc(Oc3ccc(N4C(=O)c5ccccc5C4=O)cc3)cc1)C2=O,N2,10,10,430
CCC1(CC)C(=O)N(C=O)C(=O)N1C(=O)c1ccc2c(c1)C(=O)N(c1ccc(Oc3ccc(N4C(=O)c5ccccc5C4=O)cc3)cc1)C2=O,N2,10,5,310
CCC1(CC)C(=O)N(C=O)C(=O)N1C(=O)c1ccc2c(c1)C(=O)N(c1ccc(Oc3ccc(N4C(=O)c5ccccc5C4=O)cc3)cc1)C2=O,N2,10,10,420
Cc1cc(Oc2ccccc2)ccc1-c1ccc(Oc2ccc(N3C(=O)c4ccc(Oc5cccc(C(C)(C)c6cccc(Oc7ccc8c(c7)C(=O)NC8=O)c6)c5)cc4C3=O)cc2)cc1C,air,20,0,471
Cc1cc(C)c(N2C(=O)c3ccc(C(=O)Nc4ccc(NC=O)cc4)cc3C2=O)c(C)c1N1C(=O)c2ccccc2C1=O,N2,10,5,514
Cc1cc(C)c(N2C(=O)c3ccc(C(=O)Nc4ccc(NC=O)cc4)cc3C2=O)c(C)c1N1C(=O)c2ccccc2C1=O,N2,10,10,539
Cc1cc(C)c(NC(=O)c2ccc3c(c2)C(=O)N(c2c(C)cc(C)c(N4C(=O)c5ccccc5C4=O)c2C)C3=O)c(C)c1NC=O,N2,10,5,472
Cc1cc(C)c(NC(=O)c2ccc3c(c2)C(=O)N(c2c(C)cc(C)c(N4C(=O)c5ccccc5C4=O)c2C)C3=O)c(C)c1NC=O,N2,10,10,514
Cc1cc(NC=O)ccc1-c1ccc(NC(=O)c2ccc3c(c2)C(=O)N(c2c(C)cc(C)c(N4C(=O)c5ccccc5C4=O)c2C)C3=O)cc1C,N2,10,5,488
Cc1cc(NC=O)ccc1-c1ccc(NC(=O)c2ccc3c(c2)C(=O)N(c2c(C)cc(C)c(N4C(=O)c5ccccc5C4=O)c2C)C3=O)cc1C,N2,10,10,522
Cc1ccc(C2(c3ccc(C)cc3)NC(=O)N(C(=O)c3ccc(/N=N/c4ccc(C=O)cc4)cc3)C2=O)cc1,N2,10,5,327.5
Cc1ccc(C2(c3ccc(C)cc3)NC(=O)N(C(=O)c3ccc(/N=N/c4ccc(C=O)cc4)cc3)C2=O)cc1,N2,10,10,347.5
CC1(C)NC(=O)N(C(=O)c2ccc(/N=N/c3ccc(C=O)cc3)cc2)C1=O,N2,10,5,337.5
CC1(C)NC(=O)N(C(=O)c2ccc(/N=N/c3ccc(C=O)cc3)cc2)C1=O,N2,10,10,397.5
CCC1(C)NC(=O)N(C(=O)c2ccc(/N=N/c3ccc(C=O)cc3)cc2)C1=O,N2,10,5,317.5
CCC1(C)NC(=O)N(C(=O)c2ccc(/N=N/c3ccc(C=O)cc3)cc2)C1=O,N2,10,10,357.5
O=C(c1ccc(Oc2ccccc2)cc1)c1ccc(Oc2ccc(-n3c(=O)c4cc5c(=O)[nH]c(=O)c5cc4c3=O)cc2)cc1,N2,20,10,572
O=C(c1ccc(Oc2ccccc2)cc1)c1ccc(Oc2ccc(-n3c(=O)c4cc5c(=O)[nH]c(=O)c5cc4c3=O)cc2)cc1,air,20,10,568
O=Cc1ccc2c(c1)C(=O)N(c1ccc(Oc3ccc(C(=O)c4ccc(Oc5ccc(N6C(=O)c7ccccc7C6=O)cc5)cc4)cc3)cc1)C2=O,N2,20,10,574
O=Cc1ccc2c(c1)C(=O)N(c1ccc(Oc3ccc(C(=O)c4ccc(Oc5ccc(N6C(=O)c7ccccc7C6=O)cc5)cc4)cc3)cc1)C2=O,air,20,10,571
O=C(c1ccc(Oc2ccccc2)cc1)c1ccc(Oc2ccc(N3C(=O)c4ccc(-c5ccc6c(c5)C(=O)NC6=O)cc4C3=O)cc2)cc1,N2,20,10,581
O=C(c1ccc(Oc2ccccc2)cc1)c1ccc(Oc2ccc(N3C(=O)c4ccc(-c5ccc6c(c5)C(=O)NC6=O)cc4C3=O)cc2)cc1,air,20,10,579
O=C(c1ccc(Oc2ccccc2)cc1)c1ccc(Oc2ccc(N3C(=O)c4ccc(Oc5ccc6c(c5)C(=O)NC6=O)cc4C3=O)cc2)cc1,N2,20,10,577
O=C(c1ccc(Oc2ccccc2)cc1)c1ccc(Oc2ccc(N3C(=O)c4ccc(Oc5ccc6c(c5)C(=O)NC6=O)cc4C3=O)cc2)cc1,air,20,10,570
O=C(c1ccc(Oc2ccccc2)cc1)c1ccc(Oc2ccc(N3C(=O)c4ccc(S(=O)(=O)c5ccc6c(c5)C(=O)NC6=O)cc4C3=O)cc2)cc1,N2,20,10,530
O=C(c1ccc(Oc2ccccc2)cc1)c1ccc(Oc2ccc(N3C(=O)c4ccc(S(=O)(=O)c5ccc6c(c5)C(=O)NC6=O)cc4C3=O)cc2)cc1,air,20,10,544
CC(C)c1ccc2c(c1)C(=O)N(c1ccc(Oc3ccc(C(=O)c4ccc(Oc5ccc(N6C(=O)c7ccccc7C6=O)cc5)cc4)cc3)cc1)C2=O,N2,20,10,563
CC(C)c1ccc2c(c1)C(=O)N(c1ccc(Oc3ccc(C(=O)c4ccc(Oc5ccc(N6C(=O)c7ccccc7C6=O)cc5)cc4)cc3)cc1)C2=O,air,20,10,560
Cc1cc(C)cc(-c2c3c(=O)[nH]c(=O)c3c(-c3cc(C)cc(C)c3)c3c(=O)n(-c4cccc(P(=O)(c5ccccc5)c5cc(C)cc(C)c5)c4)c(=O)c23)c1,air,10,5,533
Cc1ccc(P(=O)(c2ccccc2)c2cccc(-n3c(=O)c4c(-c5cc(C)cc(C)c5)c5c(=O)[nH]c(=O)c5c(-c5cc(C)cc(C)c5)c4c3=O)c2)cc1,air,10,5,525
Cc1cc(C)cc(-c2c3c(=O)[nH]c(=O)c3c(-c3cc(C)cc(C)c3)c3c(=O)n(-c4cccc(P(=O)(c5ccccc5)c5ccccc5)c4)c(=O)c23)c1,air,10,5,521
Cc1ccc(-c2c3c(=O)[nH]c(=O)c3c(-c3ccc(C)cc3)c3c(=O)n(-c4cccc(P(=O)(c5ccccc5)c5cc(C)cc(C)c5)c4)c(=O)c23)cc1,air,10,5,525
Cc1ccc(-c2c3c(=O)[nH]c(=O)c3c(-c3ccc(C)cc3)c3c(=O)n(-c4cccc(P(=O)(c5ccccc5)c5ccc(C)cc5)c4)c(=O)c23)cc1,air,10,5,516
Cc1ccc(-c2c3c(=O)[nH]c(=O)c3c(-c3ccc(C)cc3)c3c(=O)n(-c4cccc(P(=O)(c5ccccc5)c5ccccc5)c4)c(=O)c23)cc1,air,10,5,510
Cc1cc(C)cc(P(=O)(c2ccccc2)c2cccc(-n3c(=O)c4c(-c5ccccc5)c5c(=O)[nH]c(=O)c5c(-c5ccccc5)c4c3=O)c2)c1,air,10,5,517
Cc1ccc(P(=O)(c2ccccc2)c2cccc(-n3c(=O)c4c(-c5ccccc5)c5c(=O)[nH]c(=O)c5c(-c5ccccc5)c4c3=O)c2)cc1,air,10,5,506
O=c1[nH]c(=O)c2c(-c3ccccc3)c3c(=O)n(-c4cccc(P(=O)(c5ccccc5)c5ccccc5)c4)c(=O)c3c(-c3ccccc3)c12,air,10,5,503
O=C1NC(=O)c2c(Oc3cccc4c3C(=O)N(c3ccc(Oc5ccccc5)cc3)C4=O)cccc21,air,10,5,500
O=C1NC(=O)c2c(Oc3ccc4c(c3)C(=O)N(c3ccc(Oc5ccccc5)cc3)C4=O)cccc21,air,10,5,505
O=C1NC(=O)c2c(Oc3cccc4c3C(=O)N(c3ccc(Oc5ccc(Oc6ccccc6)cc5)cc3)C4=O)cccc21,air,10,5,493
O=C1NC(=O)c2c(Oc3ccc4c(c3)C(=O)N(c3ccc(Oc5ccc(Oc6ccccc6)cc5)cc3)C4=O)cccc21,air,10,5,486
Cc1cc(N2C(=O)c3ccccc3C2=O)ccc1-c1ccc(N2C(=O)c3ccc(C(=O)Oc4ccc(C(C)(C)c5ccc(OC=O)cc5)cc4)cc3C2=O)cc1C,N2,20,10,441
Cc1cc(N2C(=O)c3ccccc3C2=O)ccc1-c1ccc(N2C(=O)c3ccc(C(=O)Oc4c(C)cc(C(C)(C)c5cc(C)c(OC=O)c(C)c5)cc4C)cc3C2=O)cc1C,N2,20,10,437
Cc1cc(OC=O)ccc1-c1ccc(OC(=O)c2ccc3c(c2)C(=O)N(c2ccc(-c4ccc(N5C(=O)c6ccccc6C5=O)cc4C)c(C)c2)C3=O)cc1C,N2,20,10,451
Cc1cc(N2C(=O)c3ccccc3C2=O)ccc1-c1ccc(N2C(=O)c3ccc(C(=O)Oc4cc(OC=O)ccc4C45CC6CC(CC(C6)C4)C5)cc3C2=O)cc1C,N2,20,10,456
Cc1cc(N2C(=O)c3ccccc3C2=O)ccc1-c1ccc(N2C(=O)c3ccc(C(=O)Oc4ccc(C5(c6ccc(OC=O)cc6)C6CC7CC(C6)CC5C7)cc4)cc3C2=O)cc1C,N2,20,10,452
Cc1cc(N2C(=O)c3ccccc3C2=O)ccc1-c1ccc(N2C(=O)c3ccc(C(=O)Oc4ccc(C5(c6ccc(OC=O)cc6)CC6CC5C5CCCC65)cc4)cc3C2=O)cc1C,N2,20,10,433
Cc1cc(N2C(=O)c3ccccc3C2=O)ccc1-c1ccc(N2C(=O)c3ccc(C(=O)Oc4ccc(C5(c6ccc(OC=O)cc6)CCCCCCCCCCC5)cc4)cc3C2=O)cc1C,N2,20,10,415
Cc1cc(N2C(=O)c3ccccc3C2=O)ccc1-c1ccc(N2C(=O)c3ccc(C(=O)Oc4ccc(C5(c6ccc(OC=O)cc6)CCC(C(C)(C)C)CC5)cc4)cc3C2=O)cc1C,N2,20,10,451
O=c1[nH]c(=O)c2c1ccc1c(=O)n(-c3ccc(Oc4ccccc4)cc3)c(=O)c12,air,10,5,444
O=c1[nH]c(=O)c2c1ccc1c(=O)n(-c3ccc(Cc4ccccc4)cc3)c(=O)c12,air,10,5,450
Cc1cccc(Cc2ccc(-n3c(=O)c4ccc5c(=O)[nH]c(=O)c5c4c3=O)c(C)c2)c1,air,10,5,436
O=c1[nH]c(=O)c2c1ccc1c(=O)n(-c3ccc(Oc4ccc(Oc5ccccc5)cc4)cc3)c(=O)c12,air,10,5,429
CC(C)(c1ccc(Oc2ccccc2)cc1)c1ccc(Oc2ccc(-n3c(=O)c4ccc5c(=O)[nH]c(=O)c5c4c3=O)cc2)cc1,air,10,5,440
Cc1cc2c(c(C)c1N1C(=O)c3ccc(Oc4ccc5c(c4)C(=O)NC5=O)cc3C1=O)CCC2(C)C,N2,10,0,500
Cc1cc2c(c(C)c1N1C(=O)c3ccc(Oc4ccc5c(c4)C(=O)NC5=O)cc3C1=O)CCC2(C)C,N2,10,5,530
Cc1cc2c(c(C)c1N1C(=O)c3ccc(-c4ccc5c(c4)C(=O)NC5=O)cc3C1=O)CCC2(C)C,N2,10,0,500
Cc1cc2c(c(C)c1N1C(=O)c3ccc(-c4ccc5c(c4)C(=O)NC5=O)cc3C1=O)CCC2(C)C,N2,10,5,570
Cc1c2c(c(N3C(=O)c4ccc(C(C)C)cc4C3=O)c(C)c1N1C(=O)c3ccccc3C1=O)C(C)(C)CC2,N2,10,0,500
Cc1c2c(c(N3C(=O)c4ccc(C(C)C)cc4C3=O)c(C)c1N1C(=O)c3ccccc3C1=O)C(C)(C)CC2,N2,10,5,530
Cc1ccccc1Oc1ccccc1Oc1ccc(-n2c(=O)c3cc4c(=O)[nH]c(=O)c4cc3c2=O)cc1C,air,20,10,582
Cc1ccccc1Oc1ccccc1Oc1ccc(-n2c(=O)c3cc4c(=O)[nH]c(=O)c4cc3c2=O)cc1C,N2,20,10,592
Cc1cc(N2C(=O)c3ccccc3C2=O)ccc1Oc1ccccc1Oc1ccc(N2C(=O)c3ccc(C=O)cc3C2=O)cc1C,air,20,10,570
Cc1cc(N2C(=O)c3ccccc3C2=O)ccc1Oc1ccccc1Oc1ccc(N2C(=O)c3ccc(C=O)cc3C2=O)cc1C,N2,20,10,585
Cc1ccccc1Oc1ccccc1Oc1ccc(N2C(=O)c3ccc(-c4ccc5c(c4)C(=O)NC5=O)cc3C2=O)cc1C,air,20,10,592
Cc1ccccc1Oc1ccccc1Oc1ccc(N2C(=O)c3ccc(-c4ccc5c(c4)C(=O)NC5=O)cc3C2=O)cc1C,N2,20,10,602
Cc1ccccc1Oc1ccccc1Oc1ccc(N2C(=O)c3ccc(S(=O)(=O)c4ccc5c(c4)C(=O)NC5=O)cc3C2=O)cc1C,air,20,10,547
Cc1ccccc1Oc1ccccc1Oc1ccc(N2C(=O)c3ccc(S(=O)(=O)c4ccc5c(c4)C(=O)NC5=O)cc3C2=O)cc1C,N2,20,10,541
Cc1ccccc1Oc1ccccc1Oc1ccc(N2C(=O)c3ccc(Oc4ccc5c(c4)C(=O)NC5=O)cc3C2=O)cc1C,air,20,10,582
Cc1ccccc1Oc1ccccc1Oc1ccc(N2C(=O)c3ccc(Oc4ccc5c(c4)C(=O)NC5=O)cc3C2=O)cc1C,N2,20,10,590
Cc1cc(N2C(=O)c3ccccc3C2=O)ccc1Oc1ccccc1Oc1ccc(N2C(=O)c3ccc(C(C)C)cc3C2=O)cc1C,air,20,10,550
Cc1cc(N2C(=O)c3ccccc3C2=O)ccc1Oc1ccccc1Oc1ccc(N2C(=O)c3ccc(C(C)C)cc3C2=O)cc1C,N2,20,10,560
O=CNc1cccc(P(=O)(c2ccccc2)c2cccc(NC(=O)c3ccc4c(c3)C(=O)N(c3cccc(P(=O)(c5ccccc5)c5cccc(N6C(=O)c7ccccc7C6=O)c5)c3)C4=O)c2)c1,N2,10,5,322.5
O=CNc1cccc(P(=O)(c2ccccc2)c2cccc(NC(=O)c3ccc4c(c3)C(=O)N(c3cccc(P(=O)(c5ccccc5)c5cccc(N6C(=O)c7ccccc7C6=O)c5)c3)C4=O)c2)c1,N2,10,10,670
O=CNc1ccc(-c2cc(-c3ccccc3)cc(-c3ccc(NC(=O)c4ccc5c(c4)C(=O)N(c4cccc(P(=O)(c6ccccc6)c6cccc(N7C(=O)c8ccccc8C7=O)c6)c4)C5=O)cc3)n2)cc1,N2,10,10,600
O=CNc1ccc(S(=O)(=O)c2ccc(NC(=O)c3ccc4c(c3)C(=O)N(c3cccc(P(=O)(c5ccccc5)c5cccc(N6C(=O)c7ccccc7C6=O)c5)c3)C4=O)cc2)cc1,N2,10,10,590
O=CNc1ccc(NC(=O)c2ccc3c(c2)C(=O)N(c2cccc(P(=O)(c4ccccc4)c4cccc(N5C(=O)c6ccccc6C5=O)c4)c2)C3=O)cc1,N2,10,5,332.5
O=CNc1ccc(Cc2ccc(NC(=O)c3ccc4c(c3)C(=O)N(c3cccc(P(=O)(c5ccccc5)c5cccc(N6C(=O)c7ccccc7C6=O)c5)c3)C4=O)cc2)cc1,N2,10,10,532
O=CNc1ccc(Oc2ccc(NC(=O)c3ccc4c(c3)C(=O)N(c3cccc(P(=O)(c5ccccc5)c5cccc(N6C(=O)c7ccccc7C6=O)c5)c3)C4=O)cc2)cc1,N2,10,10,590
O=CNc1ccc2c(c1)-c1cc(NC(=O)c3ccc4c(c3)C(=O)N(c3cccc(P(=O)(c5ccccc5)c5cccc(N6C(=O)c7ccccc7C6=O)c5)c3)C4=O)ccc1C2,N2,10,10,547
O=CNc1ccc(-c2ccc(NC(=O)c3ccc4c(c3)C(=O)N(c3cccc(P(=O)(c5ccccc5)c5cccc(N6C(=O)c7ccccc7C6=O)c5)c3)C4=O)cc2)cc1,N2,10,10,640
CCC(=O)N1C(=O)N(C(=O)C(C)n2c(=O)c3cc4c(=O)[nH]c(=O)c4cc3c2=O)C(=O)C1(c1ccccc1)c1ccccc1,N2,10,5,292.5
CCC(=O)N1C(=O)N(C(=O)C(C)n2c(=O)c3cc4c(=O)[nH]c(=O)c4cc3c2=O)C(=O)C1(c1ccccc1)c1ccccc1,N2,10,10,365
CCC(=O)N1C(=O)N(C(=O)C(C)n2c(=O)c3cc4c(=O)[nH]c(=O)c4cc3c2=O)C(=O)C1(c1ccc(Cl)cc1)c1ccc(Cl)cc1,N2,10,5,252.5
CCC(=O)N1C(=O)N(C(=O)C(C)n2c(=O)c3cc4c(=O)[nH]c(=O)c4cc3c2=O)C(=O)C1(c1ccc(Cl)cc1)c1ccc(Cl)cc1,N2,10,10,362.5
CC(C)(c1ccccc1)c1ccc(Oc2ccccc2-n2c(=O)c3cc4c(=O)[nH]c(=O)c4cc3c2=O)cc1,N2,10,0,420
CC(C)(c1ccccc1)c1ccc(Oc2ccccc2-n2c(=O)c3cc4c(=O)[nH]c(=O)c4cc3c2=O)cc1,N2,10,10,500
CC(C)(c1ccccc1)c1ccc(Oc2ccccc2N2C(=O)c3ccc(-c4ccc5c(c4)C(=O)NC5=O)cc3C2=O)cc1,N2,10,0,435
CC(C)(c1ccccc1)c1ccc(Oc2ccccc2N2C(=O)c3ccc(-c4ccc5c(c4)C(=O)NC5=O)cc3C2=O)cc1,N2,10,10,470
CC(C)(c1ccccc1)c1ccc(Oc2ccc(N3C(=O)c4ccc(C=O)cc4C3=O)cc2N2C(=O)c3ccccc3C2=O)cc1,N2,10,0,470
CC(C)(c1ccccc1)c1ccc(Oc2ccc(N3C(=O)c4ccc(C=O)cc4C3=O)cc2N2C(=O)c3ccccc3C2=O)cc1,N2,10,10,490
Cc1ccc(S(=O)(=O)c2ccc(Oc3ccccc3-n3c(=O)c4cc5c(=O)[nH]c(=O)c5cc4c3=O)cc2)cc1,N2,10,0,410
Cc1ccc(S(=O)(=O)c2ccc(Oc3ccccc3-n3c(=O)c4cc5c(=O)[nH]c(=O)c5cc4c3=O)cc2)cc1,N2,10,10,450
Cc1ccc(S(=O)(=O)c2ccc(Oc3ccccc3N3C(=O)c4ccc(-c5ccc6c(c5)C(=O)NC6=O)cc4C3=O)cc2)cc1,N2,10,0,420
Cc1ccc(S(=O)(=O)c2ccc(Oc3ccccc3N3C(=O)c4ccc(-c5ccc6c(c5)C(=O)NC6=O)cc4C3=O)cc2)cc1,N2,10,10,480
Cc1ccc(S(=O)(=O)c2ccc(Oc3ccc(N4C(=O)c5ccc(C=O)cc5C4=O)cc3N3C(=O)c4ccccc4C3=O)cc2)cc1,N2,10,0,415
Cc1ccc(S(=O)(=O)c2ccc(Oc3ccc(N4C(=O)c5ccc(C=O)cc5C4=O)cc3N3C(=O)c4ccccc4C3=O)cc2)cc1,N2,10,10,465
O=C1CC(Oc2ccc(/N=C/c3ccc(OC4CC(=O)N(c5ccc(Oc6ccccc6)cc5)C4=O)cc3)cc2)C(=O)N1,air,12,10,390
O=C1CC(Oc2ccc(/C=N/c3ccc(Oc4ccc(/N=C/c5ccc(OC6CC(=O)N(c7ccc(Oc8ccccc8)cc7)C6=O)cc5)cc4)cc3)cc2)C(=O)N1,air,12,10,385
O=C1CC(Oc2ccc(/C=N/c3ccc(Oc4ccc(-c5ccc(Oc6ccc(/N=C/c7ccc(OC8CC(=O)N(c9ccc(Oc%10ccccc%10)cc9)C8=O)cc7)cc6)cc5)cc4)cc3)cc2)C(=O)N1,air,12,10,410
O=C1CC(Oc2ccc(/N=C/c3ccc(OC4CC(=O)N(c5ccc(CCc6ccccc6)cc5)C4=O)cc3)cc2)C(=O)N1,air,12,10,370
O=C1CC(Oc2ccc(/C=N/c3ccc(Oc4ccc(/N=C/c5ccc(OC6CC(=O)N(c7ccc(CCc8ccccc8)cc7)C6=O)cc5)cc4)cc3)cc2)C(=O)N1,air,12,10,365
O=C1CC(Oc2ccc(/C=N/c3ccc(Oc4ccc(-c5ccc(Oc6ccc(/N=C/c7ccc(OC8CC(=O)N(c9ccc(CCc%10ccccc%10)cc9)C8=O)cc7)cc6)cc5)cc4)cc3)cc2)C(=O)N1,air,12,10,405
CCOC(=O)C1=C(C)N(C(=O)c2ccc3c(c2)C(=O)N(c2ccc(Oc4ccc(N5C(=O)c6ccccc6C5=O)cc4)cc2)C3=O)C(=S)N(C=O)C1c1ccccc1,N2,10,5,292.5
CCOC(=O)C1=C(C)N(C(=O)c2ccc3c(c2)C(=O)N(c2ccc(Oc4ccc(N5C(=O)c6ccccc6C5=O)cc4)cc2)C3=O)C(=S)N(C=O)C1c1ccccc1,N2,10,10,332.5
CCOC(=O)C1=C(C)N(C(=O)c2ccc3c(c2)C(=O)N(c2ccc(Oc4ccc(N5C(=O)c6ccccc6C5=O)cc4)cc2)C3=O)C(=S)N(C=O)C1c1ccc(OC)cc1OC,N2,10,5,312.5
CCOC(=O)C1=C(C)N(C(=O)c2ccc3c(c2)C(=O)N(c2ccc(Oc4ccc(N5C(=O)c6ccccc6C5=O)cc4)cc2)C3=O)C(=S)N(C=O)C1c1ccc(OC)cc1OC,N2,10,10,355
O=CNc1ccc(C(=O)c2ccc(NC(=O)c3ccc4c(c3)C(=O)N(c3cccc(P(=O)(c5ccccc5)c5cccc(N6C(=O)c7ccccc7C6=O)c5)c3)C4=O)cc2)cc1,N2,10,10,580
C[Si](C)(C)Oc1ccc(N2C(=O)CCC2=O)cc1,N2,20,5,384
C[Si](C)(C)Oc1ccc(N2C(=O)CCC2=O)cc1,air,20,5,354
O=C1CCC(=O)N1c1ccc(O[Si](c2ccccc2)(c2ccccc2)c2ccccc2)cc1,N2,20,5,385
O=C1CCC(=O)N1c1ccc(O[Si](c2ccccc2)(c2ccccc2)c2ccccc2)cc1,air,20,5,380
CC(C)(C)[Si](C)(C)Oc1ccc(N2C(=O)CCC2=O)cc1,N2,20,5,367
CC(C)(C)[Si](C)(C)Oc1ccc(N2C(=O)CCC2=O)cc1,air,20,5,351
CC[Si](CC)(CC)Oc1ccc(N2C(=O)CCC2=O)cc1,N2,20,5,377
CC[Si](CC)(CC)Oc1ccc(N2C(=O)CCC2=O)cc1,air,20,5,372
C[Si](C)(C)Oc1c(Br)cc(N2C(=O)CCC2=O)cc1Br,N2,20,5,256
C[Si](C)(C)Oc1c(Br)cc(N2C(=O)CCC2=O)cc1Br,air,20,5,249
O=C1CCC(=O)N1c1cc(Br)c(O[Si](c2ccccc2)(c2ccccc2)c2ccccc2)c(Br)c1,N2,20,5,247
O=C1CCC(=O)N1c1cc(Br)c(O[Si](c2ccccc2)(c2ccccc2)c2ccccc2)c(Br)c1,air,20,5,233
CC(C)(C)[Si](C)(C)Oc1c(Br)cc(N2C(=O)CCC2=O)cc1Br,N2,20,5,241
CC(C)(C)[Si](C)(C)Oc1c(Br)cc(N2C(=O)CCC2=O)cc1Br,air,20,5,235
CC[Si](CC)(CC)Oc1c(Br)cc(N2C(=O)CCC2=O)cc1Br,N2,20,5,236
CC[Si](CC)(CC)Oc1c(Br)cc(N2C(=O)CCC2=O)cc1Br,air,20,5,230
Cc1ccc(/N=N/c2ccc(N3C(=O)c4ccc(C(=O)Nc5c(C)cc(Cc6cc(C)c(NC=O)c(C)c6)cc5C)cc4C3=O)cc2N2C(=O)c3ccccc3C2=O)cc1,N2,10,5,360
Cc1ccc(/N=N/c2ccc(N3C(=O)c4ccc(C(=O)Nc5c(C)cc(Cc6cc(C)c(NC=O)c(C)c6)cc5C)cc4C3=O)cc2N2C(=O)c3ccccc3C2=O)cc1,N2,10,10,430
Cc1ccc(/N=N/c2ccc(N3C(=O)c4ccc(C(=O)Nc5c(C)cc(Cc6cc(C)c(NC=O)c(C)c6)cc5C)cc4C3=O)cc2N2C(=O)c3ccccc3C2=O)cc1,air,10,5,430
Cc1cc(Cc2cc(C)c(NC(=O)c3ccc4c(c3)C(=O)N(c3ccc(/N=N/c5ccc(F)cc5)c(N5C(=O)c6ccccc6C5=O)c3)C4=O)c(C)c2)cc(C)c1NC=O,N2,10,5,340
Cc1cc(Cc2cc(C)c(NC(=O)c3ccc4c(c3)C(=O)N(c3ccc(/N=N/c5ccc(F)cc5)c(N5C(=O)c6ccccc6C5=O)c3)C4=O)c(C)c2)cc(C)c1NC=O,N2,10,10,430
Cc1cc(Cc2cc(C)c(NC(=O)c3ccc4c(c3)C(=O)N(c3ccc(/N=N/c5ccc(F)cc5)c(N5C(=O)c6ccccc6C5=O)c3)C4=O)c(C)c2)cc(C)c1NC=O,air,10,5,430
COc1ccc(/N=N/c2ccc(N3C(=O)c4ccc(C(=O)Nc5c(C)cc(Cc6cc(C)c(NC=O)c(C)c6)cc5C)cc4C3=O)cc2N2C(=O)c3ccccc3C2=O)cc1,N2,10,5,350
COc1ccc(/N=N/c2ccc(N3C(=O)c4ccc(C(=O)Nc5c(C)cc(Cc6cc(C)c(NC=O)c(C)c6)cc5C)cc4C3=O)cc2N2C(=O)c3ccccc3C2=O)cc1,N2,10,10,400
COc1ccc(/N=N/c2ccc(N3C(=O)c4ccc(C(=O)Nc5c(C)cc(Cc6cc(C)c(NC=O)c(C)c6)cc5C)cc4C3=O)cc2N2C(=O)c3ccccc3C2=O)cc1,air,10,5,410
Cc1cc(Cc2cc(C)c(NC(=O)c3ccc4c(c3)C(=O)N(c3ccc(/N=N/c5ccc(N)cc5)c(N5C(=O)c6ccccc6C5=O)c3)C4=O)c(C)c2)cc(C)c1NC=O,N2,10,5,340
Cc1cc(Cc2cc(C)c(NC(=O)c3ccc4c(c3)C(=O)N(c3ccc(/N=N/c5ccc(N)cc5)c(N5C(=O)c6ccccc6C5=O)c3)C4=O)c(C)c2)cc(C)c1NC=O,N2,10,10,430
Cc1cc(Cc2cc(C)c(NC(=O)c3ccc4c(c3)C(=O)N(c3ccc(/N=N/c5ccc(N)cc5)c(N5C(=O)c6ccccc6C5=O)c3)C4=O)c(C)c2)cc(C)c1NC=O,air,10,5,380
Cc1ccc(/N=N/c2ccc(N3C(=O)c4ccc(C(=O)Nc5ccc(Cc6ccc(NC=O)cc6)cc5)cc4C3=O)cc2N2C(=O)c3ccccc3C2=O)cc1,N2,10,5,350
Cc1ccc(/N=N/c2ccc(N3C(=O)c4ccc(C(=O)Nc5ccc(Cc6ccc(NC=O)cc6)cc5)cc4C3=O)cc2N2C(=O)c3ccccc3C2=O)cc1,N2,10,10,460
Cc1ccc(/N=N/c2ccc(N3C(=O)c4ccc(C(=O)Nc5ccc(Cc6ccc(NC=O)cc6)cc5)cc4C3=O)cc2N2C(=O)c3ccccc3C2=O)cc1,air,10,5,460
Cc1ccc(/N=N/c2ccc(N3C(=O)c4ccc(C(=O)Nc5ccc(Cc6ccc(NC=O)c(C)c6)cc5C)cc4C3=O)cc2N2C(=O)c3ccccc3C2=O)cc1,N2,10,5,405
Cc1ccc(/N=N/c2ccc(N3C(=O)c4ccc(C(=O)Nc5ccc(Cc6ccc(NC=O)c(C)c6)cc5C)cc4C3=O)cc2N2C(=O)c3ccccc3C2=O)cc1,N2,10,10,470
Cc1ccc(/N=N/c2ccc(N3C(=O)c4ccc(C(=O)Nc5ccc(Cc6ccc(NC=O)c(C)c6)cc5C)cc4C3=O)cc2N2C(=O)c3ccccc3C2=O)cc1,air,10,5,430
CCc1cc(Cc2cc(CC)c(NC(=O)c3ccc4c(c3)C(=O)N(c3ccc(/N=N/c5ccc(C)cc5)c(N5C(=O)c6ccccc6C5=O)c3)C4=O)c(CC)c2)cc(CC)c1NC=O,N2,10,5,330
CCc1cc(Cc2cc(CC)c(NC(=O)c3ccc4c(c3)C(=O)N(c3ccc(/N=N/c5ccc(C)cc5)c(N5C(=O)c6ccccc6C5=O)c3)C4=O)c(CC)c2)cc(CC)c1NC=O,N2,10,10,420
CCc1cc(Cc2cc(CC)c(NC(=O)c3ccc4c(c3)C(=O)N(c3ccc(/N=N/c5ccc(C)cc5)c(N5C(=O)c6ccccc6C5=O)c3)C4=O)c(CC)c2)cc(CC)c1NC=O,air,10,5,420
O=CNc1ccc(NC(=O)Nc2ccc(NC(=O)c3ccc4c(c3)C(=O)N(c3ccc(NC(=O)Nc5ccc(N6C(=O)c7ccccc7C6=O)cc5)cc3)C4=O)cc2)cc1,N2,10,10,600
O=CNc1ccc(-c2cc(-c3ccccc3)cc(-c3ccc(NC(=O)c4ccc5c(c4)C(=O)N(c4ccc(NC(=O)Nc6ccc(N7C(=O)c8ccccc8C7=O)cc6)cc4)C5=O)cc3)n2)cc1,N2,10,10,580
O=CNc1ccc(S(=O)(=O)c2ccc(NC(=O)c3ccc4c(c3)C(=O)N(c3ccc(NC(=O)Nc5ccc(N6C(=O)c7ccccc7C6=O)cc5)cc3)C4=O)cc2)cc1,N2,10,10,570
O=CNc1ccc(NC(=O)c2ccc3c(c2)C(=O)N(c2ccc(NC(=O)Nc4ccc(N5C(=O)c6ccccc6C5=O)cc4)cc2)C3=O)cc1,N2,10,10,610
O=CNc1ccc(C(=O)c2ccc(NC(=O)c3ccc4c(c3)C(=O)N(c3ccc(NC(=O)Nc5ccc(N6C(=O)c7ccccc7C6=O)cc5)cc3)C4=O)cc2)cc1,N2,10,10,560
O=CNc1ccc(Cc2ccc(NC(=O)c3ccc4c(c3)C(=O)N(c3ccc(NC(=O)Nc5ccc(N6C(=O)c7ccccc7C6=O)cc5)cc3)C4=O)cc2)cc1,N2,10,10,515
O=CNc1ccc(Oc2ccc(NC(=O)c3ccc4c(c3)C(=O)N(c3ccc(NC(=O)Nc5ccc(N6C(=O)c7ccccc7C6=O)cc5)cc3)C4=O)cc2)cc1,N2,10,10,565
O=CNc1ccc2c(c1)Cc1cc(NC(=O)c3ccc4c(c3)C(=O)N(c3ccc(NC(=O)Nc5ccc(N6C(=O)c7ccccc7C6=O)cc5)cc3)C4=O)ccc1-2,N2,10,10,520
O=CNc1ccc(-c2ccc(NC(=O)c3ccc4c(c3)C(=O)N(c3ccc(NC(=O)Nc5ccc(N6C(=O)c7ccccc7C6=O)cc5)cc3)C4=O)cc2)cc1,N2,10,10,615
O=CNc1cccc(NC(=O)c2ccc3c(c2)C(=O)N(c2cccc(P(=O)(c4ccccc4)c4cccc(N5C(=O)c6ccccc6C5=O)c4)c2)C3=O)n1,N2,10,5,292.5
O=CNc1cccc(NC(=O)c2ccc3c(c2)C(=O)N(c2cccc(P(=O)(c4ccccc4)c4cccc(N5C(=O)c6ccccc6C5=O)c4)c2)C3=O)n1,N2,10,10,317.5
O=C(Nc1ccc(Oc2ccc(NC(=O)c3ccc(-n4c(=O)c5cc6c(=O)[nH]c(=O)c6cc5c4=O)cc3)cc2)cc1)c1ccccc1,N2,10,5,433
O=C(Nc1ccc(Oc2ccc(NC(=O)c3ccc(-n4c(=O)c5cc6c(=O)[nH]c(=O)c6cc5c4=O)cc3)cc2)cc1)c1ccccc1,N2,10,10,481
O=Cc1ccc2c(c1)C(=O)N(c1ccc(C(=O)Nc3ccc(Oc4ccc(NC(=O)c5ccc(NC(=O)Nc6ccc(Cc7ccc(NC(=O)Nc8ccc(C(=O)Nc9ccc(Oc%10ccc(NC(=O)c%11ccc(N%12C(=O)c%13ccccc%13C%12=O)cc%11)cc%10)cc9)cc8)cc7)cc6)cc5)cc4)cc3)cc1)C2=O,N2,10,5,358
O=Cc1ccc2c(c1)C(=O)N(c1ccc(C(=O)Nc3ccc(Oc4ccc(NC(=O)c5ccc(NC(=O)Nc6ccc(Cc7ccc(NC(=O)Nc8ccc(C(=O)Nc9ccc(Oc%10ccc(NC(=O)c%11ccc(N%12C(=O)c%13ccccc%13C%12=O)cc%11)cc%10)cc9)cc8)cc7)cc6)cc5)cc4)cc3)cc1)C2=O,N2,10,10,420
Cc1cccc(Oc2c(C)cc(-c3cc(C)c(Oc4cc(C)cc(N5C(=O)c6ccc(-c7ccc8c(c7)C(=O)NC8=O)cc6C5=O)c4)c(C)c3)cc2C)c1,air,10,0,533
Cc1cccc(Oc2c(C)cc(-c3cc(C)c(Oc4cc(C)cc(N5C(=O)c6ccc(-c7ccc8c(c7)C(=O)NC8=O)cc6C5=O)c4)c(C)c3)cc2C)c1,air,10,10,544.1
Cc1cc(Oc2c(C)cc(-c3cc(C)c(Oc4cc(C)cc(N5C(=O)c6ccc(C=O)cc6C5=O)c4)c(C)c3)cc2C)cc(N2C(=O)c3ccccc3C2=O)c1,air,10,0,513.3
Cc1cc(Oc2c(C)cc(-c3cc(C)c(Oc4cc(C)cc(N5C(=O)c6ccc(C=O)cc6C5=O)c4)c(C)c3)cc2C)cc(N2C(=O)c3ccccc3C2=O)c1,air,10,10,526.3
Cc1cccc(Oc2c(C)cc(-c3cc(C)c(Oc4cc(C)cc(N5C(=O)c6ccc(Oc7ccc8c(c7)C(=O)NC8=O)cc6C5=O)c4)c(C)c3)cc2C)c1,air,10,0,540.2
Cc1cccc(Oc2c(C)cc(-c3cc(C)c(Oc4cc(C)cc(N5C(=O)c6ccc(Oc7ccc8c(c7)C(=O)NC8=O)cc6C5=O)c4)c(C)c3)cc2C)c1,air,10,10,549.4
Cc1cc(Oc2c(C)cc(-c3cc(C)c(Oc4cc(C)cc(N5C(=O)c6ccc(C(C)C)cc6C5=O)c4)c(C)c3)cc2C)cc(N2C(=O)c3ccccc3C2=O)c1,air,10,0,526.4
Cc1cc(Oc2c(C)cc(-c3cc(C)c(Oc4cc(C)cc(N5C(=O)c6ccc(C(C)C)cc6C5=O)c4)c(C)c3)cc2C)cc(N2C(=O)c3ccccc3C2=O)c1,air,10,10,541.5
Cc1ccccc1Oc1ccc(Oc2ccc(N3C(=O)c4ccc(Oc5ccccc5Oc5ccc6c(c5)C(=O)NC6=O)cc4C3=O)cc2C)cc1,air,20,5,500
Cc1ccccc1Oc1ccc(Oc2ccc(N3C(=O)c4ccc(Oc5ccccc5Oc5ccc6c(c5)C(=O)NC6=O)cc4C3=O)cc2C)cc1,air,20,10,526
Cc1ccccc1Oc1ccc(Oc2ccc(N3C(=O)c4ccc(Oc5ccccc5Oc5ccc6c(c5)C(=O)NC6=O)cc4C3=O)cc2C)cc1,N2,20,5,538
Cc1ccccc1Oc1ccc(Oc2ccc(N3C(=O)c4ccc(Oc5ccccc5Oc5ccc6c(c5)C(=O)NC6=O)cc4C3=O)cc2C)cc1,N2,20,10,559
Cc1ccccc1Oc1ccccc1Oc1ccc(N2C(=O)c3ccc(Oc4ccccc4Oc4ccc5c(c4)C(=O)NC5=O)cc3C2=O)cc1C,air,20,5,531
Cc1ccccc1Oc1ccccc1Oc1ccc(N2C(=O)c3ccc(Oc4ccccc4Oc4ccc5c(c4)C(=O)NC5=O)cc3C2=O)cc1C,air,20,10,538
Cc1ccccc1Oc1ccccc1Oc1ccc(N2C(=O)c3ccc(Oc4ccccc4Oc4ccc5c(c4)C(=O)NC5=O)cc3C2=O)cc1C,N2,20,5,566
Cc1ccccc1Oc1ccccc1Oc1ccc(N2C(=O)c3ccc(Oc4ccccc4Oc4ccc5c(c4)C(=O)NC5=O)cc3C2=O)cc1C,N2,20,10,572
Cc1ccccc1Oc1ccc(-c2ccc(Oc3ccc(N4C(=O)c5ccc(Oc6ccccc6Oc6ccc7c(c6)C(=O)NC7=O)cc5C4=O)cc3C)cc2)cc1,air,20,5,536
Cc1ccccc1Oc1ccc(-c2ccc(Oc3ccc(N4C(=O)c5ccc(Oc6ccccc6Oc6ccc7c(c6)C(=O)NC7=O)cc5C4=O)cc3C)cc2)cc1,air,20,10,580
Cc1ccccc1Oc1ccc(-c2ccc(Oc3ccc(N4C(=O)c5ccc(Oc6ccccc6Oc6ccc7c(c6)C(=O)NC7=O)cc5C4=O)cc3C)cc2)cc1,N2,20,5,572
Cc1ccccc1Oc1ccc(-c2ccc(Oc3ccc(N4C(=O)c5ccc(Oc6ccccc6Oc6ccc7c(c6)C(=O)NC7=O)cc5C4=O)cc3C)cc2)cc1,N2,20,10,610
Cc1ccccc1Oc1c(C)cc(-c2cc(C)c(Oc3ccc(N4C(=O)c5ccc(Oc6ccccc6Oc6ccc7c(c6)C(=O)NC7=O)cc5C4=O)cc3C)c(C)c2)cc1C,air,20,5,463
Cc1ccccc1Oc1c(C)cc(-c2cc(C)c(Oc3ccc(N4C(=O)c5ccc(Oc6ccccc6Oc6ccc7c(c6)C(=O)NC7=O)cc5C4=O)cc3C)c(C)c2)cc1C,air,20,10,466
Cc1ccccc1Oc1c(C)cc(-c2cc(C)c(Oc3ccc(N4C(=O)c5ccc(Oc6ccccc6Oc6ccc7c(c6)C(=O)NC7=O)cc5C4=O)cc3C)c(C)c2)cc1C,N2,20,5,500
Cc1ccccc1Oc1ccc(C(C)(C)c2ccc(Oc3ccc(N4C(=O)c5ccc(Oc6ccccc6Oc6ccc7c(c6)C(=O)NC7=O)cc5C4=O)cc3C)cc2)cc1,air,20,5,533
Cc1ccccc1Oc1ccc(C(C)(C)c2ccc(Oc3ccc(N4C(=O)c5ccc(Oc6ccccc6Oc6ccc7c(c6)C(=O)NC7=O)cc5C4=O)cc3C)cc2)cc1,air,20,10,550
Cc1ccccc1Oc1ccc(C(C)(C)c2ccc(Oc3ccc(N4C(=O)c5ccc(Oc6ccccc6Oc6ccc7c(c6)C(=O)NC7=O)cc5C4=O)cc3C)cc2)cc1,N2,20,5,557
Cc1ccccc1Oc1ccc(C(C)(C)c2ccc(Oc3ccc(N4C(=O)c5ccc(Oc6ccccc6Oc6ccc7c(c6)C(=O)NC7=O)cc5C4=O)cc3C)cc2)cc1,N2,20,10,570
Cc1ccccc1Oc1ccc(C2(c3ccc(Oc4ccc(N5C(=O)c6ccc(Oc7ccccc7Oc7ccc8c(c7)C(=O)NC8=O)cc6C5=O)cc4C)cc3)c3ccccc3-c3ccccc32)cc1,air,20,5,545
Cc1ccccc1Oc1ccc(C2(c3ccc(Oc4ccc(N5C(=O)c6ccc(Oc7ccccc7Oc7ccc8c(c7)C(=O)NC8=O)cc6C5=O)cc4C)cc3)c3ccccc3-c3ccccc32)cc1,air,20,10,559
Cc1ccccc1Oc1ccc(C2(c3ccc(Oc4ccc(N5C(=O)c6ccc(Oc7ccccc7Oc7ccc8c(c7)C(=O)NC8=O)cc6C5=O)cc4C)cc3)c3ccccc3-c3ccccc32)cc1,N2,20,5,578
Cc1ccccc1Oc1ccc(C2(c3ccc(Oc4ccc(N5C(=O)c6ccc(Oc7ccccc7Oc7ccc8c(c7)C(=O)NC8=O)cc6C5=O)cc4C)cc3)c3ccccc3-c3ccccc32)cc1,N2,20,10,589
CC(C)c1ccc2c(c1)C(=O)N(c1cccc(P(=O)(c3ccc(Oc4ccc(C56CC7CC(CC(C7)C5)C6)cc4)cc3)c3cccc(N4C(=O)c5ccccc5C4=O)c3)c1)C2=O,air,10,5,500
O=Cc1ccc2c(c1)C(=O)N(c1cccc(P(=O)(c3ccc(Oc4ccc(C56CC7CC(CC(C7)C5)C6)cc4)cc3)c3cccc(N4C(=O)c5ccccc5C4=O)c3)c1)C2=O,air,10,5,508
O=C1NC(=O)c2cc(Oc3ccc4c(c3)C(=O)N(c3cccc(P(=O)(c5ccccc5)c5ccc(Oc6ccc(C78CC9CC(CC(C9)C7)C8)cc6)cc5)c3)C4=O)ccc21,air,10,5,509
O=c1[nH]c(=O)c2cc3c(=O)n(-c4cccc(P(=O)(c5ccccc5)c5ccc(Oc6ccc(C78CC9CC(CC(C9)C7)C8)cc6)cc5)c4)c(=O)c3cc12,air,10,5,523
CCc1cc(Cc2cc(CC)c(N3C(=O)c4ccc(C(=O)Nc5cc(NC=O)ccc5/N=N/c5ccc(N)cc5)cc4C3=O)c(CC)c2)cc(CC)c1N1C(=O)c2ccccc2C1=O,N2,10,5,350
Cc1cc(Cc2cc(C)c(N3C(=O)c4ccc(C(=O)Nc5cc(NC=O)ccc5/N=N/c5ccc(N)cc5)cc4C3=O)c(C)c2)cc(C)c1N1C(=O)c2ccccc2C1=O,N2,10,5,400
Cc1cc(Cc2ccc(N3C(=O)c4ccc(C(=O)Nc5cc(NC=O)ccc5/N=N/c5ccc(N)cc5)cc4C3=O)c(C)c2)ccc1N1C(=O)c2ccccc2C1=O,N2,10,5,370
Cc1cc(-c2ccc(N3C(=O)c4ccc(C(=O)Nc5cc(NC=O)ccc5/N=N/c5ccc(N)cc5)cc4C3=O)c(C)c2)ccc1N1C(=O)c2ccccc2C1=O,N2,10,5,400
Nc1ccc(/N=N/c2ccc(NC=O)cc2NC(=O)c2ccc3c(c2)C(=O)N(c2ccc(Cc4ccc(N5C(=O)c6ccccc6C5=O)cc4)cc2)C3=O)cc1,N2,10,5,350
Cc1c(C)c(N2C(=O)c3ccc(C(=O)Nc4cc(NC=O)ccc4/N=N/c4ccc(N)cc4)cc3C2=O)c(C)c(C)c1N1C(=O)c2ccccc2C1=O,N2,10,5,370
Cc1cc(-c2cc(C)c(N3C(=O)c4ccc(C(=O)Nc5cc(NC=O)ccc5/N=N/c5ccc(N)cc5)cc4C3=O)c(C)c2)cc(C)c1N1C(=O)c2ccccc2C1=O,N2,10,5,380
Cc1cc(C)c(N2C(=O)c3ccc(-c4ccc5c(c4)C(=O)NC5=O)cc3C2=O)c(C)c1C(=O)c1ccccc1,N2,10,5,480
Cc1cc(C)c(N2C(=O)c3ccc(Oc4ccc5c(c4)C(=O)NC5=O)cc3C2=O)c(C)c1C(=O)c1ccccc1,N2,10,5,480
Cc1cc(C)c(N2C(=O)c3ccccc3C2=O)c(C)c1C(=O)c1cccc(N2C(=O)c3ccc(C=O)cc3C2=O)c1,N2,10,5,460
Cc1cc(C)c(N2C(=O)c3ccccc3C2=O)c(C)c1C(=O)c1cccc(N2C(=O)c3ccc(C(C)C)cc3C2=O)c1,N2,10,5,480
CCOc1ccc(-c2ccc(OCCCCCCOc3ccc(N4C(=O)c5ccc(C(C)C)cc5C4=O)cc3N3C(=O)c4ccccc4C3=O)cc2)cc1,N2,10,0,323
CCOc1ccc(/N=N/c2ccc(OCCCCCCOc3ccc(N4C(=O)c5ccc(C(C)C)cc5C4=O)cc3N3C(=O)c4ccccc4C3=O)cc2)cc1,N2,10,0,323.8
Cc1cc(C)cc(-c2c3c(=O)[nH]c(=O)c3cc3c(=O)n(-c4cccc(P(=O)(c5ccccc5)c5cc(C)cc(C)c5)c4)c(=O)c23)c1,air,10,5,543
Cc1ccc(P(=O)(c2ccccc2)c2cccc(-n3c(=O)c4cc5c(=O)[nH]c(=O)c5c(-c5cc(C)cc(C)c5)c4c3=O)c2)cc1,air,10,5,539
Cc1cc(C)cc(-c2c3c(=O)[nH]c(=O)c3cc3c(=O)n(-c4cccc(P(=O)(c5ccccc5)c5ccccc5)c4)c(=O)c23)c1,air,10,5,537
Cc1ccc(-c2c3c(=O)[nH]c(=O)c3cc3c(=O)n(-c4cccc(P(=O)(c5ccccc5)c5cc(C)cc(C)c5)c4)c(=O)c23)cc1,air,10,5,539
Cc1ccc(-c2c3c(=O)[nH]c(=O)c3cc3c(=O)n(-c4cccc(P(=O)(c5ccccc5)c5ccc(C)cc5)c4)c(=O)c23)cc1,air,10,5,531
Cc1ccc(-c2c3c(=O)[nH]c(=O)c3cc3c(=O)n(-c4cccc(P(=O)(c5ccccc5)c5ccccc5)c4)c(=O)c23)cc1,air,10,5,528
Cc1cc(C)cc(P(=O)(c2ccccc2)c2cccc(-n3c(=O)c4cc5c(=O)[nH]c(=O)c5c(-c5ccccc5)c4c3=O)c2)c1,air,10,5,532
Cc1ccc(P(=O)(c2ccccc2)c2cccc(-n3c(=O)c4cc5c(=O)[nH]c(=O)c5c(-c5ccccc5)c4c3=O)c2)cc1,air,10,5,528
O=c1[nH]c(=O)c2c(-c3ccccc3)c3c(=O)n(-c4cccc(P(=O)(c5ccccc5)c5ccccc5)c4)c(=O)c3cc12,air,10,5,522
N#Cc1ccc(N(c2ccccc2)c2ccc(-n3c(=O)c4cc5c(=O)[nH]c(=O)c5cc4c3=O)cc2)cc1,N2,10,10,581
N#Cc1ccc(N(c2ccccc2)c2ccc(-n3c(=O)c4cc5c(=O)[nH]c(=O)c5cc4c3=O)cc2)cc1,air,10,10,578
N#Cc1ccc(N(c2ccccc2)c2ccc(N3C(=O)c4ccc(-c5ccc6c(c5)C(=O)NC6=O)cc4C3=O)cc2)cc1,N2,10,10,593
N#Cc1ccc(N(c2ccccc2)c2ccc(N3C(=O)c4ccc(-c5ccc6c(c5)C(=O)NC6=O)cc4C3=O)cc2)cc1,air,10,10,588
N#Cc1ccc(N(c2ccc(N3C(=O)c4ccccc4C3=O)cc2)c2ccc(N3C(=O)c4ccc(C=O)cc4C3=O)cc2)cc1,N2,10,10,571
N#Cc1ccc(N(c2ccc(N3C(=O)c4ccccc4C3=O)cc2)c2ccc(N3C(=O)c4ccc(C=O)cc4C3=O)cc2)cc1,air,10,10,567
N#Cc1ccc(N(c2ccccc2)c2ccc(N3C(=O)c4ccc(Oc5ccc6c(c5)C(=O)NC6=O)cc4C3=O)cc2)cc1,N2,10,10,583
N#Cc1ccc(N(c2ccccc2)c2ccc(N3C(=O)c4ccc(Oc5ccc6c(c5)C(=O)NC6=O)cc4C3=O)cc2)cc1,air,10,10,575
CC(C)c1ccc2c(c1)C(=O)N(c1ccc(N(c3ccc(C#N)cc3)c3ccc(N4C(=O)c5ccccc5C4=O)cc3)cc1)C2=O,N2,10,10,547
CC(C)c1ccc2c(c1)C(=O)N(c1ccc(N(c3ccc(C#N)cc3)c3ccc(N4C(=O)c5ccccc5C4=O)cc3)cc1)C2=O,air,10,10,538
N#CCCCOc1ccc(-c2cc(-c3ccccc3)nc(-c3ccc(-n4c(=O)c5cc6c(=O)[nH]c(=O)c6cc5c4=O)cc3)c2)cc1,N2,10,10,503
N#CCCCOc1ccc(-c2cc(-c3ccccc3)nc(-c3ccc(-n4c(=O)c5cc6c(=O)[nH]c(=O)c6cc5c4=O)cc3)c2)cc1,air,10,10,488
N#CCCCOc1ccc(-c2cc(-c3ccccc3)nc(-c3ccc(N4C(=O)c5ccc(-c6ccc7c(c6)C(=O)NC7=O)cc5C4=O)cc3)c2)cc1,N2,10,10,532
N#CCCCOc1ccc(-c2cc(-c3ccccc3)nc(-c3ccc(N4C(=O)c5ccc(-c6ccc7c(c6)C(=O)NC7=O)cc5C4=O)cc3)c2)cc1,air,10,10,509
N#CCCCOc1ccc(-c2cc(-c3ccc(N4C(=O)c5ccccc5C4=O)cc3)nc(-c3ccc(N4C(=O)c5ccc(C=O)cc5C4=O)cc3)c2)cc1,N2,10,10,526
N#CCCCOc1ccc(-c2cc(-c3ccc(N4C(=O)c5ccccc5C4=O)cc3)nc(-c3ccc(N4C(=O)c5ccc(C=O)cc5C4=O)cc3)c2)cc1,air,10,10,504
N#CCCCOc1ccc(-c2cc(-c3ccccc3)nc(-c3ccc(N4C(=O)c5ccc(Oc6ccc7c(c6)C(=O)NC7=O)cc5C4=O)cc3)c2)cc1,N2,10,10,504
N#CCCCOc1ccc(-c2cc(-c3ccccc3)nc(-c3ccc(N4C(=O)c5ccc(Oc6ccc7c(c6)C(=O)NC7=O)cc5C4=O)cc3)c2)cc1,air,10,10,473
CC(C)c1ccc2c(c1)C(=O)N(c1ccc(-c3cc(-c4ccc(OCCCC#N)cc4)cc(-c4ccc(N5C(=O)c6ccccc6C5=O)cc4)n3)cc1)C2=O,N2,10,10,517
CC(C)c1ccc2c(c1)C(=O)N(c1ccc(-c3cc(-c4ccc(OCCCC#N)cc4)cc(-c4ccc(N5C(=O)c6ccccc6C5=O)cc4)n3)cc1)C2=O,air,10,10,501
Cc1cccc(C(c2cc(C)cc(C)c2)c2cc(C)c(N3C(=O)c4ccc(-c5ccc6c(c5)C(=O)NC6=O)cc4C3=O)c(C)c2)c1,N2,10,10,580.4
Cc1cccc(C(c2cc(C)c(N3C(=O)c4ccccc4C3=O)c(C)c2)c2cc(C)c(N3C(=O)c4ccc(C=O)cc4C3=O)c(C)c2)c1,N2,10,10,537.8
Cc1cccc(C(c2cc(C)cc(C)c2)c2cc(C)c(N3C(=O)c4ccc(Oc5ccc6c(c5)C(=O)NC6=O)cc4C3=O)c(C)c2)c1,N2,10,10,540.2
Cc1cccc(C(c2cc(C)c(N3C(=O)c4ccccc4C3=O)c(C)c2)c2cc(C)c(N3C(=O)c4ccc(C(C)C)cc4C3=O)c(C)c2)c1,N2,10,10,543.9
Cc1cc(C)cc(C(c2cc(C)cc(C)c2)c2cc(C)c(N3C(=O)c4ccc(-c5ccc6c(c5)C(=O)NC6=O)cc4C3=O)c(C)c2)c1,N2,10,10,533.4
Cc1cc(C)cc(C(c2cc(C)c(N3C(=O)c4ccccc4C3=O)c(C)c2)c2cc(C)c(N3C(=O)c4ccc(C=O)cc4C3=O)c(C)c2)c1,N2,10,10,540.3
Cc1cc(C)cc(C(c2cc(C)cc(C)c2)c2cc(C)c(N3C(=O)c4ccc(Oc5ccc6c(c5)C(=O)NC6=O)cc4C3=O)c(C)c2)c1,N2,10,10,535.2
Cc1cc(C)cc(C(c2cc(C)c(N3C(=O)c4ccccc4C3=O)c(C)c2)c2cc(C)c(N3C(=O)c4ccc(C(C)C)cc4C3=O)c(C)c2)c1,N2,10,10,537.5
Cc1cc(N2C(=O)c3ccc(Oc4ccc5c(c4)C(=O)NC5=O)cc3C2=O)ccc1Oc1ccc(Oc2ccccc2)cc1,air,20,5,545
Cc1cc(N2C(=O)c3ccc(Oc4ccc5c(c4)C(=O)NC5=O)cc3C2=O)ccc1Oc1ccc(Oc2ccccc2)cc1,air,20,10,570.4
Cc1cc(N2C(=O)c3ccccc3C2=O)ccc1Oc1ccc(Oc2ccc(N3C(=O)c4ccc(C=O)cc4C3=O)cc2)cc1,air,20,5,538.2
Cc1cc(N2C(=O)c3ccccc3C2=O)ccc1Oc1ccc(Oc2ccc(N3C(=O)c4ccc(C=O)cc4C3=O)cc2)cc1,air,20,10,560.8
Cc1cc(N2C(=O)c3ccccc3C2=O)ccc1Oc1ccc(Oc2ccc(N3C(=O)c4ccc(C(C)C)cc4C3=O)cc2)cc1,air,20,5,522.8
Cc1cc(N2C(=O)c3ccccc3C2=O)ccc1Oc1ccc(Oc2ccc(N3C(=O)c4ccc(C(C)C)cc4C3=O)cc2)cc1,air,20,10,535.2
Cc1ccccc1Oc1ccc(Oc2ccc(-n3c(=O)c4cc5c(=O)[nH]c(=O)c5cc4c3=O)cc2)cc1,air,20,5,540.2
Cc1ccccc1Oc1ccc(Oc2ccc(-n3c(=O)c4cc5c(=O)[nH]c(=O)c5cc4c3=O)cc2)cc1,air,20,10,562.8
O=CN1CC(=O)N(C(=O)c2ccc3c(c2)C(=O)N(c2cccc(P(=O)(c4ccccc4)c4cccc(N5C(=O)c6ccccc6C5=O)c4)c2)C3=O)C1=O,N2,10,5,342.5
O=CN1CC(=O)N(C(=O)c2ccc3c(c2)C(=O)N(c2cccc(P(=O)(c4ccccc4)c4cccc(N5C(=O)c6ccccc6C5=O)c4)c2)C3=O)C1=O,N2,10,10,362.5
CCC1(C)C(=O)N(C=O)C(=O)N1C(=O)c1ccc2c(c1)C(=O)N(c1cccc(P(=O)(c3ccccc3)c3cccc(N4C(=O)c5ccccc5C4=O)c3)c1)C2=O,N2,10,5,422.5
Cc1ccc2c(c1)CN(c1ccc(COC#CC#COCc3ccc(N4COc5ccc(C)cc5C4)cc3)cc1)CO2,N2,10,5,349
Cc1ccc2c(c1)CN(c1ccc(COC#CC#COCc3ccc(N4COc5ccc(C)cc5C4)cc3)cc1)CO2,N2,10,10,368
C#COCc1ccc(N2COc3ccc(C)cc3C2)cc1,N2,10,5,339
C#COCc1ccc(N2COc3ccc(C)cc3C2)cc1,N2,10,10,356
Cc1ccc2c(c1C)CN(c1ccc(C#N)c(C#N)c1)CO2,N2,10,5,414
Cc1ccc2c(c1C)CN(c1ccc(C#N)c(C#N)c1)CO2,N2,10,10,505
Cc1ccc2c(c1C)CN(c1ccc(C#N)c(C#N)c1)CO2,air,10,5,378
Cc1ccc2c(c1C)CN(c1ccc(C#N)c(C#N)c1)CO2,air,10,10,420
Cc1ccc2c(c1C)CN(c1ccc(C#N)c(C#N)c1)CO2,air,10,100,600
O=C1NC(=O)c2cc(S(=O)(=O)c3ccc4c(c3)C(=O)N(c3ccc(N(c5ccccc5)c5ccc6c(c5)C(=O)c5ccccc5C6=O)cc3)C4=O)ccc21,N2,10,5,490
O=C1NC(=O)c2cc(S(=O)(=O)c3ccc4c(c3)C(=O)N(c3ccc(N(c5ccccc5)c5ccc6c(c5)C(=O)c5ccccc5C6=O)cc3)C4=O)ccc21,N2,10,10,530
O=C1NC(=O)c2cc(S(=O)(=O)c3ccc4c(c3)C(=O)N(c3ccc(N(c5ccccc5)c5ccc6c(c5)C(=O)c5ccccc5C6=O)cc3)C4=O)ccc21,air,10,5,495
O=C1NC(=O)c2cc(S(=O)(=O)c3ccc4c(c3)C(=O)N(c3ccc(N(c5ccccc5)c5ccc6c(c5)C(=O)c5ccccc5C6=O)cc3)C4=O)ccc21,air,10,10,560
N#Cc1ccc(N2COc3ccc(C(=O)c4ccc5c(c4)CN(c4ccc(C#N)c(C#N)c4)CO5)cc3C2)cc1C#N,N2,20,10,596
N#Cc1ccc(N2COc3ccc(C(=O)c4ccc5c(c4)CN(c4ccc(C#N)c(C#N)c4)CO5)cc3C2)cc1C#N,N2,20,5,544
N#Cc1ccc(N2COc3ccc(C(=O)c4ccc5c(c4)CN(c4ccc(C#N)c(C#N)c4)CO5)cc3C2)cc1C#N,air,20,25,600
N#Cc1ccc(N2COc3ccc(C(=O)c4ccc5c(c4)CN(c4ccc(C#N)c(C#N)c4)CO5)cc3C2)cc1C#N,air,20,10,450
N#Cc1ccc(N2COc3ccc(C(=O)c4ccc5c(c4)CN(c4ccc(C#N)c(C#N)c4)CO5)cc3C2)cc1C#N,air,20,5,390
CC(C)(c1ccc2c(c1)CN(c1ccc(C#N)c(C#N)c1)CO2)c1ccc2c(c1)CN(c1ccc(C#N)c(C#N)c1)CO2,N2,20,10,468
CC(C)(c1ccc2c(c1)CN(c1ccc(C#N)c(C#N)c1)CO2)c1ccc2c(c1)CN(c1ccc(C#N)c(C#N)c1)CO2,N2,20,5,423
N#Cc1ccccc1N1COc2ccccc2C1,N2,10,10,371
N#Cc1ccccc1N1COc2ccccc2C1,air,20,5,365
N#Cc1ccccc1N1COc2ccccc2C1,air,20,10,407
N#Cc1cccc(N2COc3ccccc3C2)c1,N2,10,10,355
N#Cc1cccc(N2COc3ccccc3C2)c1,air,20,5,357
N#Cc1cccc(N2COc3ccccc3C2)c1,air,20,10,398
N#Cc1ccc(N2COc3ccccc3C2)cc1,N2,10,10,369
N#Cc1ccc(N2COc3ccccc3C2)cc1,air,20,5,343
N#Cc1ccc(N2COc3ccccc3C2)cc1,air,20,10,374
N#Cc1ccccc1N1COc2ccc(Cc3ccc4c(c3)CN(c3ccccc3C#N)CO4)cc2C1,N2,10,10,410
N#Cc1ccccc1N1COc2ccc(Cc3ccc4c(c3)CN(c3ccccc3C#N)CO4)cc2C1,air,20,5,366
N#Cc1ccccc1N1COc2ccc(Cc3ccc4c(c3)CN(c3ccccc3C#N)CO4)cc2C1,air,20,10,421
N#Cc1cccc(N2COc3ccc(C(=O)c4ccc5c(c4)CN(c4cccc(C#N)c4)CO5)cc3C2)c1,N2,20,5,410
N#Cc1cccc(N2COc3ccc(C(=O)c4ccc5c(c4)CN(c4cccc(C#N)c4)CO5)cc3C2)c1,N2,20,10,537
N#Cc1cccc(N2COc3ccc(C(=O)c4ccc5c(c4)CN(c4cccc(C#N)c4)CO5)cc3C2)c1,air,20,5,448
N#Cc1cccc(N2COc3ccc(C(=O)c4ccc5c(c4)CN(c4cccc(C#N)c4)CO5)cc3C2)c1,air,20,10,528
N#Cc1ccc(N2COc3ccc(C(=O)c4ccc5c(c4)CN(c4ccc(C#N)cc4)CO5)cc3C2)cc1,N2,20,5,384
N#Cc1ccc(N2COc3ccc(C(=O)c4ccc5c(c4)CN(c4ccc(C#N)cc4)CO5)cc3C2)cc1,N2,20,10,436
N#Cc1ccc(N2COc3ccc(C(=O)c4ccc5c(c4)CN(c4ccc(C#N)cc4)CO5)cc3C2)cc1,air,20,5,418
N#Cc1ccc(N2COc3ccc(C(=O)c4ccc5c(c4)CN(c4ccc(C#N)cc4)CO5)cc3C2)cc1,air,20,10,475
C#Cc1ccc(Oc2ccc(C#C)cc2)cc1,N2,10,5,460
C#Cc1ccc(Oc2ccc(C#C)cc2)cc1,air,10,5,470
CC(O)COC=O,N2,10,5,266.2
CC(O)COC=O,N2,10,10,279.7
CCCOC(=O)O,Ar,10,0,235
CCCOC(=O)O,N2,10,30,260
CC(COC(=O)O)OCCOc1ccc(/C=C/c2ccc(N)cc2)cc1,N2,10,0,250
CC(COC(=O)O)OCCCCOc1ccc(/C=C/c2ccc(N)cc2)cc1,N2,10,0,250
CC(COC(=O)O)OCCCCCCOc1ccc(/C=C/c2ccc(N)cc2)cc1,N2,10,0,250
CC(COC(=O)O)OCCCCCCCCCCCOc1ccc(/C=C/c2ccc(N)cc2)cc1,N2,10,0,250
O=COc1ccc(C(c2ccc(O)cc2)C(Cl)Cl)cc1,N2,5,50,610
O=COc1c(Br)cc(S(=O)(=O)c2cc(Br)c(O)c(Br)c2)cc1Br,N2,10,0,341
O=COc1c(Br)cc(S(=O)(=O)c2cc(Br)c(O)c(Br)c2)cc1Br,N2,10,10,396
N#Cc1ccccc1N1COc2ccc(N3C(=O)C=CC3=O)cc2C1,N2,10,5,380
N#Cc1ccccc1N1COc2ccc(N3C(=O)C=CC3=O)cc2C1,N2,10,10,418
CC(C)(c1ccc2c(c1)CN(c1ccc(Oc3ccc(C#N)c(C#N)c3)cc1)CO2)c1ccc2c(c1)CN(c1ccc(Oc3ccc(C#N)c(C#N)c3)cc1)CO2,N2,10,5,437
CC(C)(c1ccc2c(c1)CN(c1ccc(Oc3ccc(C#N)c(C#N)c3)cc1)CO2)c1ccc2c(c1)CN(c1ccc(Oc3ccc(C#N)c(C#N)c3)cc1)CO2,N2,10,10,505
CC(C)(c1ccc2c(c1)CN(c1ccc(Oc3ccc(C#N)c(C#N)c3)cc1)CO2)c1ccc2c(c1)CN(c1ccc(Oc3ccc(C#N)c(C#N)c3)cc1)CO2,air,10,5,434
CC(C)(c1ccc2c(c1)CN(c1ccc(Oc3ccc(C#N)c(C#N)c3)cc1)CO2)c1ccc2c(c1)CN(c1ccc(Oc3ccc(C#N)c(C#N)c3)cc1)CO2,air,10,10,504
O=C1NC(=O)c2cc(C(c3ccc4c(c3)C(=O)N(c3ccc(N(c5ccccc5)c5ccc(Oc6ccc7c(c6)C(=O)c6ccccc6C7=O)cc5)cc3)C4=O)(C(F)(F)F)C(F)(F)F)ccc21,N2,10,5,580
O=C1NC(=O)c2cc(C(c3ccc4c(c3)C(=O)N(c3ccc(N(c5ccccc5)c5ccc(Oc6ccc7c(c6)C(=O)c6ccccc6C7=O)cc5)cc3)C4=O)(C(F)(F)F)C(F)(F)F)ccc21,N2,10,10,620
O=C1NC(=O)c2cc(C(c3ccc4c(c3)C(=O)N(c3ccc(N(c5ccccc5)c5ccc(Oc6ccc7c(c6)C(=O)c6ccccc6C7=O)cc5)cc3)C4=O)(C(F)(F)F)C(F)(F)F)ccc21,air,10,5,540
O=C1NC(=O)c2cc(C(c3ccc4c(c3)C(=O)N(c3ccc(N(c5ccccc5)c5ccc(Oc6ccc7c(c6)C(=O)c6ccccc6C7=O)cc5)cc3)C4=O)(C(F)(F)F)C(F)(F)F)ccc21,air,10,10,590
Cc1cc(C)c2c(c1)CN(c1ccc(C#N)c(C#N)c1)CO2,N2,20,10,505
Cc1cc(C)c2c(c1)CN(c1ccc(C#N)c(C#N)c1)CO2,N2,20,5,414
Cc1cc(C)c2c(c1)CN(c1ccc(C#N)c(C#N)c1)CO2,air,20,5,378
Cc1cc(C)c2c(c1)CN(c1ccc(C#N)c(C#N)c1)CO2,air,20,10,420
c1cc[nH]c1,N2,20,10,398
c1cc[nH]c1,air,20,10,280
c1cc[nH]c1,Ar,10,0,180
Nc1ccccc1,air,10,20,312
Nc1ccccc1,Ar,10,0,206
Cc1ccccc1N,N2,10,0,158
Cc1ccccc1N,N2,10,10,325
Cc1ccccc1N,air,10,20,350
Cc1ccccc1N,air,10,100,590
Nc1ccccc1Cl,N2,10,20,600
Nc1ccccc1Cl,N2,10,0,155
C1=Nc2cc3c(cc2=N1)N=C(c1ccccc1)N=3,air,5,5,460
C1=Nc2cc3c(cc2=N1)N=C(c1ccccc1)N=3,N2,5,5,660
c1ccc2[nH]cnc2c1,N2,10,10,250
c1ccc2cc3c(-c4nc5cc(-c6ccc7[nH]cnc7c6)ccc5[nH]4)cccc3cc2c1,N2,3,5,730
c1ccc2cc3c(-c4nc5cc(-c6ccc7[nH]cnc7c6)ccc5[nH]4)cccc3cc2c1,air,3,5,490
c1ccc(Cc2ccc(-n3nc(-c4ccccc4)cc3-c3cccc(-c4cc(-c5ccccc5)n[nH]4)c3)cc2)cc1,air,5,10,452
c1ccc(Cc2ccc(-n3nc(-c4ccccc4)cc3-c3cccc(-c4cc(-c5ccccc5)n[nH]4)c3)cc2)cc1,N2,5,10,480
c1ccc(Cc2ccc(-n3nc(-c4ccccc4)cc3-c3ccc(-c4cc(-c5ccccc5)n[nH]4)cc3)cc2)cc1,air,5,10,400
c1ccc(Cc2ccc(-n3nc(-c4ccccc4)cc3-c3ccc(-c4cc(-c5ccccc5)n[nH]4)cc3)cc2)cc1,N2,5,10,480
O=S(=O)(c1ccccc1)c1ccc(-n2nccc2-c2ccc(-c3ccn[nH]3)cc2)cc1,air,5,10,466
O=S(=O)(c1ccccc1)c1ccc(-n2nccc2-c2ccc(-c3ccn[nH]3)cc2)cc1,N2,5,10,466
c1ccc(Cc2ccc(-n3nccc3-c3ccc(-c4ccn[nH]4)cc3)cc2)cc1,air,5,10,415
c1ccc(Cc2ccc(-n3nccc3-c3ccc(-c4ccn[nH]4)cc3)cc2)cc1,N2,5,10,490
C=Cc1cc(OCCCCCCCC)c(/C=N/c2ccc(N=C)cc2)cc1OCCCCCCCC,N2,10,5,375
C=Cc1cc(OCCCCCCCCCCCC)c(/C=N/c2ccc(N=C)cc2)cc1OCCCCCCCCCCCC,N2,10,5,385
C=Cc1cc(OCCCCCCCCCCCCCC)c(/C=N/c2ccc(N=C)cc2)cc1OCCCCCCCCCCCCCC,N2,10,5,390
C=Cc1cc(OCCCCCCCCCCCCCCCC)c(/C=N/c2ccc(N=C)cc2)cc1OCCCCCCCCCCCCCCCC,N2,10,5,375
C=Cc1cc(OCCCCCCCCCCCCCCCCCC)c(/C=N/c2ccc(N=C)cc2)cc1OCCCCCCCCCCCCCCCCCC,N2,10,5,368
C=Cc1cc(OCCCCCCCC)c(/C=N/c2ccc(-c3ccc(N=C)cc3)cc2)cc1OCCCCCCCC,N2,10,5,365
C=Cc1cc(OCCCCCCCCCCCC)c(/C=N/c2ccc(-c3ccc(N=C)cc3)cc2)cc1OCCCCCCCCCCCC,N2,10,5,390
C=Cc1cc(OCCCCCCCCCCCCCC)c(/C=N/c2ccc(-c3ccc(N=C)cc3)cc2)cc1OCCCCCCCCCCCCCC,N2,10,5,380
C=Cc1cc(OCCCCCCCCCCCCCCCC)c(/C=N/c2ccc(-c3ccc(N=C)cc3)cc2)cc1OCCCCCCCCCCCCCCCC,N2,10,5,380
C=Cc1cc(OCCCCCCCCCCCCCCCCCC)c(/C=N/c2ccc(-c3ccc(N=C)cc3)cc2)cc1OCCCCCCCCCCCCCCCCCC,N2,10,5,375
C1=CCNC1,N2,10,10,390
COc1ccccc1N,air,20,20,358
NS(=O)Nc1ccccn1,N2,10,5,200
CC(O)CNc1ccccc1,air,10,0,342
CN[SH](=O)=NP(=NP(=N)(NC)NC)(NC)NC,N2,10,10,280
CN[SH](=O)=NP(=NP(=N)(NC)NC)(NC)NC,N2,10,50,570
N=P(N=P(N=[SH](=O)Nc1ccccc1)(Nc1ccccc1)Nc1ccccc1)(Nc1ccccc1)Nc1ccccc1,N2,10,10,280
N=P(N=P(N=[SH](=O)Nc1ccccc1)(Nc1ccccc1)Nc1ccccc1)(Nc1ccccc1)Nc1ccccc1,N2,10,50,680
CCN[SH](=O)=NP(=NP(=N)(NCC)NCC)(NCC)NCC,N2,10,10,230
CCN[SH](=O)=NP(=NP(=N)(NCC)NCC)(NCC)NCC,N2,10,50,360
CCCN[SH](=O)=NP(=NP(=N)(NCCC)NCCC)(NCCC)NCCC,N2,10,10,230
CCCN[SH](=O)=NP(=NP(=N)(NCCC)NCCC)(NCCC)NCCC,N2,10,50,350
CCCCN[SH](=O)=NP(=NP(=N)(NCCCC)NCCCC)(NCCCC)NCCCC,N2,10,10,240
CCCCN[SH](=O)=NP(=NP(=N)(NCCCC)NCCCC)(NCCCC)NCCCC,N2,10,50,350
CCCCCCN[SH](=O)=NP(=NP(=N)(NCCCCCC)NCCCCCC)(NCCCCCC)NCCCCCC,N2,10,10,230
CCCCCCN[SH](=O)=NP(=NP(=N)(NCCCCCC)NCCCCCC)(NCCCCCC)NCCCCCC,N2,10,50,310
C=CCN[SH](=O)=NP(=NP(=N)(NCC=C)NCC=C)(NCC=C)NCC=C,N2,10,10,250
C=CCN[SH](=O)=NP(=NP(=N)(NCC=C)NCC=C)(NCC=C)NCC=C,N2,10,50,620
CCCCN[PH](=N)NCCCC,N2,20,5,208.1
C1=Nc2cc3c(cc2=N1)N=C(c1ccc2ccccc2c1)N=3,N2,10,5,494
C1=Nc2cc3c(cc2=N1)N=C(c1ccc2ccccc2c1)N=3,N2,10,10,588
C1=Nc2cc3c(cc2=N1)N=C(c1ccc2ccccc2c1)N=3,air,10,10,533
c1nc2cc(-c3ccc4[nH]c(C56CC7CC(CC(C7)C5)C6)nc4c3)ccc2[nH]1,N2,10,0,540
c1nc2cc(-c3ccc4[nH]c(C56CC7CC(CC(C7)C5)C6)nc4c3)ccc2[nH]1,N2,10,40,580
N=[PH](c1ccccc1)c1ccccc1,Ar,10,10,420
c1ccc(-c2nc3cc(-c4ccc5[nH]cnc5c4)ccc3[nH]2)cc1,N2,10,10,180
CCCN[PH](=N)NCCC,N2,20,5,231.1
CCNc1ccccc1,N2,10,0,148
CCNc1ccccc1,air,4,1,250
Nc1ccccc1CO,air,10,10,125
Nc1ccc(-c2ccccc2)cc1,N2,10,10,293
N#CC(C#N)=Cc1ccc(-c2ccc(C(Nc3ccc(-c4ccc(N)cc4)cc3)=C(C#N)C#N)cc2)cc1,N2,10,10,610
N#CC(C#N)=Cc1ccc(-c2ccc(C(Nc3ccc(-c4ccc(N)cc4)cc3)=C(C#N)C#N)cc2)cc1,air,10,10,500
COc1cc(-c2ccc(NC(=C(C#N)C#N)c3ccc(-c4ccc(C=C(C#N)C#N)cc4)cc3)c(OC)c2)ccc1N,N2,10,10,470
COc1cc(-c2ccc(NC(=C(C#N)C#N)c3ccc(-c4ccc(C=C(C#N)C#N)cc4)cc3)c(OC)c2)ccc1N,air,10,10,450
CCCCCCCCc1cc[nH]c1,N2,20,10,314
N#Cc1ccc(C2COc3ccc(C(=O)c4ccc5c(c4)CC(c4ccc(C#N)c(C#N)c4)CO5)cc3C2)cc1C#N,N2,10,5,544
N#Cc1ccc(C2COc3ccc(C(=O)c4ccc5c(c4)CC(c4ccc(C#N)c(C#N)c4)CO5)cc3C2)cc1C#N,N2,10,10,596
N#Cc1ccc(C2COc3ccc(C(=O)c4ccc5c(c4)CC(c4ccc(C#N)c(C#N)c4)CO5)cc3C2)cc1C#N,air,10,5,390
N#Cc1ccc(C2COc3ccc(C(=O)c4ccc5c(c4)CC(c4ccc(C#N)c(C#N)c4)CO5)cc3C2)cc1C#N,air,10,10,450
N#Cc1ccc(C2COc3ccc(C(=O)c4ccc5c(c4)CC(c4ccc(C#N)c(C#N)c4)CO5)cc3C2)cc1C#N,air,10,25,600
N#COc1ccc(N2COc3c(ccc4ccccc34)C2)cc1,N2,10,5,332
N#COc1ccc(N2COc3c(ccc4ccccc34)C2)cc1,N2,10,10,359
CCOc1ccccc1N,air,10,10,325
CCCCCCCCCCc1cc[nH]c1,N2,10,0,223
CCc1ccccc1N,N2,10,0,160
C=CNc1ccc(N=C)cc1,N2,10,5,398
C=CNc1ccc(N=C)cc1,N2,10,10,422
C=CNc1ccc(-c2ccc(N=C)cc2)cc1,N2,10,5,317
C=CNc1ccc(-c2ccc(N=C)cc2)cc1,N2,10,10,350
C=CNc1cccc2c(N=C)cccc12,N2,10,5,322
C=CNc1cccc2c(N=C)cccc12,N2,10,10,361
C=CNc1cccc(N=C)c1,N2,10,5,294
C=CNc1cccc(N=C)c1,N2,10,10,334
C=CNc1ccc(Cc2ccc(N=C)cc2)cc1,N2,10,10,384
C=CNc1ccc(Cc2ccc(N=C)cc2)cc1,N2,10,5,331
C=CNc1ccc(Cc2ccc(N=C)cc2)cc1,air,10,10,400
C=CNc1ccc(CCc2ccc(N=C)cc2)cc1,N2,10,5,332
C=CNc1ccc(CCc2ccc(N=C)cc2)cc1,N2,10,10,350
C=Cc1ccc(C#CC#Cc2ccc(/C=N/c3ccc(C(c4ccccc4)c4ccc(N=C)cc4)cc3)cc2)cc1,N2,10,10,510
N#CC(C#N)=Cc1ccc(C(=C(C#N)C#N)N2CCNCC2)cc1,N2,10,5,350
N#CC(C#N)=Cc1ccc(C(=C(C#N)C#N)N2CCNCC2)cc1,air,10,5,340
N#CC(C#N)=Cc1cccc(C(=C(C#N)C#N)N2CCNCC2)c1,N2,10,5,360
N#CC(C#N)=Cc1cccc(C(=C(C#N)C#N)N2CCNCC2)c1,air,10,5,350
CC1CN(C(=C(C#N)C#N)c2ccc(C=C(C#N)C#N)cc2)C(C)CN1,N2,10,5,340
CC1CN(C(=C(C#N)C#N)c2ccc(C=C(C#N)C#N)cc2)C(C)CN1,air,10,5,340
CC1CN(C(=C(C#N)C#N)c2cccc(C=C(C#N)C#N)c2)C(C)CN1,N2,10,5,335
CC1CN(C(=C(C#N)C#N)c2cccc(C=C(C#N)C#N)c2)C(C)CN1,air,10,5,340
O=[SH](=O)c1ccc(/N=C/Nc2ccccc2)cc1,N2,10,5,337
O=[SH](=O)c1ccc(/N=C/Nc2ccccc2)cc1,N2,10,10,370
C=CNc1ccc(C(=O)c2ccc(N=C)cc2)cc1,N2,10,5,319
C=CNc1ccc(C(=O)c2ccc(N=C)cc2)cc1,N2,10,10,365
Nc1ccccc1Br,N2,10,0,324
Nc1ccccc1Br,N2,10,10,408
C=Nc1ccc(Cc2ccc(NC(=C)C)cc2)cc1,N2,10,10,425
C=Nc1ccc(Cc2ccc(NC(=C)CC)cc2)cc1,N2,10,10,432
C=Nc1ccc(Cc2ccc(NC(=C)CCC)cc2)cc1,N2,10,10,421
C=Nc1ccc(Cc2ccc(NC(=C)CCCC)cc2)cc1,N2,10,10,427
C=Nc1ccc(Cc2ccc(NC(=C)c3ccccc3)cc2)cc1,N2,10,10,461
N=[PH](OC/C=C/c1ccccc1)OC/C=C/c1ccccc1,N2,20,20,320
O=C(/C=C/Nc1ccccc1)c1cccc(C(=O)/C=C/Nc2cccc([SH](=O)=O)c2)c1,air,5,10,381
O=C(/C=C/Nc1ccccc1)c1ccc(C(=O)/C=C/Nc2cccc([SH](=O)=O)c2)cc1,air,5,10,419
CCCCCCc1cc[nH]c1,N2,10,0,162
N#CC(C#N)=Cc1cccc(C(Nc2cccc(N)c2)=C(C#N)C#N)c1,N2,10,10,578
N#CC(C#N)=Cc1ccc(C(Nc2ccc(/C=C/c3ccc(N)cc3)cc2)=C(C#N)C#N)cc1,N2,10,10,618
CC(C)(c1ccc(N)cc1)c1cccc(C(C)(C)c2ccc(NC(=C(C#N)C#N)c3ccc(C=C(C#N)C#N)cc3)cc2)c1,N2,10,10,487
COc1cc(-c2ccc(NC(=C(C#N)C#N)c3ccc(C=C(C#N)C#N)cc3)c(OC)c2)ccc1N,N2,10,10,470
Nc1cc(F)ccc1F,N2,15,10,250
Cc1cccc(CNc2ccccc2)c1O,Ar,5,5,300
O=S(=O)(O)c1cccc(C2=Nc3cc4c(cc3=N2)N=CN=4)c1,N2,10,10,370
O=S(=O)(O)c1cccc(C2=Nc3cc4c(cc3=N2)N=CN=4)c1,N2,10,20,430
CC(C)(c1ccccc1)c1ccc(-c2nc3cc(-c4ccc5[nH]cnc5c4)ccc3[nH]2)cc1,air,10,5,520
CCCCc1ccc(N(c2ccccc2)c2ccc(-c3ccc4[nH]c5ccccc5c4c3)cc2)cc1,N2,20,5,440
CCCCCCCCn1c2ccccc2c2cc(-c3ccc4c(c3)c3cc(-c5ccc(N(c6ccccc6)c6ccc(CCCC)cc6)cc5)ccc3n4CCCCCCCC)ccc21,N2,20,5,448
CCCCCCC1(CCCCCC)c2cc(-c3ccccc3)c(OC)cc2-c2cc(OC)c(-c3ccc(Nc4ccc(CCCC)cc4)cc3)cc21,N2,20,5,300
Brc1ccc2[nH]ccc2c1,N2,10,10,329.85
Cc1ccc2c(c1)CCN2,N2,10,20,341.85
C#C[SiH](C)C#C,N2,10,5,608
N#COc1ccc(N2COc3ccc4ccccc4c3C2)cc1,N2,10,5,311
N#COc1ccc(N2COc3ccc4ccccc4c3C2)cc1,N2,10,10,330
N#COc1ccccc1N1COc2c(ccc3ccccc23)C1,N2,10,5,302
N#COc1ccccc1N1COc2c(ccc3ccccc23)C1,N2,10,10,323
N#COc1ccccc1N1COc2ccc3ccccc3c2C1,N2,10,5,309
N#COc1ccccc1N1COc2ccc3ccccc3c2C1,N2,10,10,327
O=C1NC(=O)c2cc(S(=O)(=O)c3ccc4c(c3)C(=O)N(c3ccc(N(c5ccccc5)c5ccc(Oc6ccc7c(c6)C(=O)c6ccccc6C7=O)cc5)cc3)C4=O)ccc21,N2,10,5,520
O=C1NC(=O)c2cc(S(=O)(=O)c3ccc4c(c3)C(=O)N(c3ccc(N(c5ccccc5)c5ccc(Oc6ccc7c(c6)C(=O)c6ccccc6C7=O)cc5)cc3)C4=O)ccc21,N2,10,10,560
O=C1NC(=O)c2cc(S(=O)(=O)c3ccc4c(c3)C(=O)N(c3ccc(N(c5ccccc5)c5ccc(Oc6ccc7c(c6)C(=O)c6ccccc6C7=O)cc5)cc3)C4=O)ccc21,air,10,5,515
O=C1NC(=O)c2cc(S(=O)(=O)c3ccc4c(c3)C(=O)N(c3ccc(N(c5ccccc5)c5ccc(Oc6ccc7c(c6)C(=O)c6ccccc6C7=O)cc5)cc3)C4=O)ccc21,air,10,10,570
N#COc1ccc(N2COc3ccccc3C2)cc1,N2,10,5,384
N#COc1ccc(N2COc3ccccc3C2)cc1,N2,10,10,428
C[SiH](C)CC[Si](C)(C)O,N2,10,0,225
C[SiH](C)CC[Si](C)(C)O,air,10,0,200
C[SiH](C)c1cccc([Si](C)(C)O)c1,N2,10,0,415
C[SiH](C)c1cccc([Si](C)(C)O)c1,air,10,0,361
Cc1cc(C)cc(-c2cc(C)c(O[Si](C)(C)CC[Si](C)(C)O)c(C)c2)c1,N2,10,5,280
Cc1cc(C)cc(-c2cc(C)c(O[Si](C)(C)CC[Si](C)(C)O)c(C)c2)c1,air,10,5,335
Cc1cc(C)cc(-c2cc(C)c(O[Si](C)(C)c3ccc([Si](C)(C)O)cc3)c(C)c2)c1,N2,10,5,455
Cc1cc(C)cc(-c2cc(C)c(O[Si](C)(C)c3ccc([Si](C)(C)O)cc3)c(C)c2)c1,air,10,5,365
C[SiH](C)c1ccccc1,air,5,5,370
C[SiH](C)c1ccccc1,N2,5,5,480
CCO[SiH](c1ccccc1)c1ccccc1,N2,10,5,441
CCO[SiH](C)c1ccccc1,N2,10,5,465
CCCC[SiH](C)c1ccccc1,N2,10,5,453
CCO[SiH](OCC)c1ccccc1,N2,10,5,450
CCCC[SiH](CCCC)c1ccccc1,N2,10,5,437
C[SiH](c1ccccc1)c1ccccc1,N2,10,5,495
C[SiH](c1ccccc1)c1ccc(C#C[Si](C)(C)C)cc1,N2,10,5,463
C[SiH](C)C#Cc1ccc([SiH](C)c2ccccc2)cc1,N2,10,5,490
CN(C)Cc1ccc([SiH](C)c2ccccc2)cc1,N2,10,5,394
CCO[SiH](c1ccccc1)c1ccc(CN(C)C)cc1,N2,10,5,365
C=C[SiH](C)c1ccccc1,N2,10,5,486
C#C[SiH](C)c1ccccc1,N2,10,5,452
C#Cc1ccc([SiH](C)c2ccccc2)cc1,N2,10,5,568
C[SiH2]c1ccccc1,N2,10,10,380
C[SiH2]c1ccccc1,air,10,10,620
[SiH3]c1ccccc1,N2,10,10,630
[SiH3]c1ccccc1,air,10,10,350
C#Cc1cccc(C#C[SiH3])c1,air,10,5,572
C#Cc1ccc(C#C[SiH2]c2ccccc2)cc1,Ar,10,5,577
C#Cc1ccc(C#C[SiH2]c2ccccc2)cc1,air,10,5,476
C#Cc1ccccc1C#C[SiH2]c1ccccc1,Ar,10,5,561
C#Cc1ccccc1C#C[SiH2]c1ccccc1,air,10,5,567
C=C[Si](C)(O)O[Si](C)(C)c1ccc([SiH](C)C)cc1,air,15,20,690
Cc1ccccc1[SiH](C)C,N2,5,0,300
Cc1ccccc1[SiH](C)C,air,5,0,250
Cc1ccccc1[SiH](C)C,air,5,80,450
Cc1ccccc1[SiH](C)c1ccccc1,N2,5,0,300
Cc1ccccc1[SiH](C)c1ccccc1,N2,5,5,360
Cc1ccccc1[SiH](C)c1ccccc1,air,5,0,250
Cc1ccccc1[SiH](C)c1ccccc1,air,5,15,350
Cc1ccccc1[SiH](c1ccccc1)c1ccccc1,N2,5,0,300
Cc1ccccc1[SiH](c1ccccc1)c1ccccc1,N2,5,5,360
Cc1ccccc1[SiH](c1ccccc1)c1ccccc1,air,5,0,300
C/C=C/C[SiH](c1ccccc1)c1ccccc1,N2,5,5,275
C/C=C/C[SiH](c1ccccc1)c1ccccc1,N2,5,90,400
C=C[SiH](C=C)C/C=C/C,N2,4,1,100
C=C[SiH](C=C)C/C=C/C,air,4,1,350
CC/C=C/C[SiH](C)c1ccccc1,N2,4,0,250
CCCCC[SiH](C)c1ccccc1,N2,4,0,250
C=C[Si](O)(C=C)O[Si](C)(C)c1ccc([SiH](C)C)cc1,air,15,20,740
C=C[Si](C)(O)O[Si](C)(C=C)O[Si](C)(C)c1ccc([SiH](C)C)cc1,air,15,20,760
COc1ccc(OC(=O)c2ccc(OCCC[SiH](C)O)cc2)cc1,N2,10,5,296
C[SiH](O)CCCOc1ccc(/N=N/c2ccc(S(=O)(=O)O)cc2)cc1,N2,10,5,200
CC(C)CCCC(C)C1CCC2C3CC=C4CC(OC(=O)c5ccc(OCCC[SiH](C)O)cc5)CCC4(C)C3CCC12C,air,10,5,332.1
CC(C)CCCC(C)C1CCC2C3CC=C4CC(OC(=O)c5ccc(OCCC[SiH](C)O)c(S(=O)(=O)O[K])c5)CCC4(C)C3CCC12C,air,10,5,319.5
O[Si](c1ccccc1)(c1ccccc1)c1ccc([SiH](c2ccccc2)c2ccccc2)cc1,air,10,5,540
O[Si](c1ccccc1)(c1ccccc1)c1ccc(-c2ccc([SiH](c3ccccc3)c3ccccc3)cc2)cc1,air,10,5,540
C[SiH](C)c1ccc(-c2ccc([Si](C)(C)O)cc2)cc1,air,10,5,517
N#COc1ccc(/C=N/c2ccc(OCCCCOc3ccc(/N=C/c4ccc(OC#N)cc4)cc3)cc2)cc1,air,10,5,465
N#COc1ccc(/C=N\c2ccc(OCCCCCOc3ccc(/N=C/c4ccc(OC#N)cc4)cc3)cc2)cc1,air,10,5,358
N#COc1ccc(/C=N/c2ccc(OCCCCCCOc3ccc(/N=C/c4ccc(OC#N)cc4)cc3)cc2)cc1,air,10,5,399
C#CC#CCn1c(=O)c2cc3c(=O)n(C)c(=O)c3cc2c1=O,N2,10,1,345
C#CC#CCn1c(=O)c2cc3c(=O)n(C)c(=O)c3cc2c1=O,N2,10,10,410
CC(C)(c1ccc(OCC2CO2)cc1)c1ccc(OCC2CO2)cc1,air,20,10,264
CC(C)(c1ccc(OCC2CO2)cc1)c1ccc(OCC2CO2)cc1,air,20,99.9,750
CC(C)(c1ccc(OCC2CO2)cc1)c1ccc(OCC2CO2)cc1,N2,10,50,390
N#COc1ccc(Cc2ccc(-c3ccc(Cc4ccc(OC#N)cc4)cc3)cc2)cc1,N2,10,5,442
C#CC#CCn1c(=O)c2cc3c(=O)n(CCC)c(=O)c3cc2c1=O,N2,10,1,340
C#CC#CCn1c(=O)c2cc3c(=O)n(CCC)c(=O)c3cc2c1=O,N2,10,10,420
O=Cc1ccc(-c2ccccc2)cc1,air,10,5,560
O=C(c1ccccc1)c1ccc(C(=O)c2ccc([SH](=O)=O)cc2)cc1,air,10,10,491
O=C(c1ccccc1)c1cccc(C(=O)c2ccc([SH](=O)=O)cc2)c1,air,10,10,552
O=Cc1ccc(C(=O)c2ccc(/C=C3\CC/C(=C\c4ccccc4)C3=O)cc2)cc1,air,10,10,300
O=Cc1ccc(/C=C2\CC/C(=C\c3ccc(C(=O)c4ccc(-c5ccccc5)cc4)cc3)C2=O)cc1,air,10,10,205
O=CCCCCCCCCC(=O)c1ccc(/C=C2\CC/C(=C\c3ccccc3)C2=O)cc1,air,10,10,220
O=Cc1ccc(C(=O)c2ccc(/C=C3\CCC/C(=C\c4ccccc4)C3=O)cc2)cc1,air,10,10,190
O=Cc1ccc(/C=C2\CCC/C(=C\c3ccc(C(=O)c4ccc(-c5ccccc5)cc4)cc3)C2=O)cc1,air,10,10,180
O=CCCCCCCCCC(=O)c1ccc(/C=C2\CCC/C(=C\c3ccccc3)C2=O)cc1,air,10,10,215
C[SiH](c1ccc(C#N)c(C#N)c1)c1ccc([SiH](C)c2ccc(C#N)c(C#N)c2)c(C#N)c1,N2,10,5,660
C[SiH](c1ccc(C#N)c(C#N)c1)c1ccc([SiH](C)c2ccc(C#N)c(C#N)c2)c(C#N)c1,air,10,5,460
C=C(C#Cc1ccccc1)c1ccc2c(c1)C(=O)N(c1cccc(Oc3cccc(Oc4cccc(N5C(=O)c6ccc(C(=C)C#Cc7ccccc7)cc6C5=O)c4)c3)c1)C2=O,N2,10,5,432
CC#CC#CCn1c(=O)c2cc3c(=O)n(C(C)(C)C)c(=O)c3cc2c1=O,N2,10,1,185
CC#CC#CCn1c(=O)c2cc3c(=O)n(C(C)(C)C)c(=O)c3cc2c1=O,N2,10,10,315
O=C(C#Cc1ccccc1)c1ccc2c(c1)C(=O)N(c1ccc(Oc3cccc(Oc4ccc(N5C(=O)c6ccc(C(=O)C#Cc7ccccc7)cc6C5=O)cc4)c3)cc1)C2=O,N2,10,5,322
CCC(C)[SH](=O)=O,N2,10,5,195
Cc1ccc(S(=O)(=O)Oc2ccc(C3(c4ccccc4)CCCC3)cc2)cc1S(=O)(=O)O,N2,40,5,355
N#CC(c1ccccc1)(c1ccc(C(C#N)(c2ccc([SH](=O)=O)cc2)N2CCOCC2)cc1)N1CCOCC1,air,10,10,268
N#CC(c1ccccc1)(c1cccc(C(C#N)(c2ccc([SH](=O)=O)cc2)N2CCOCC2)c1)N1CCOCC1,air,10,10,298
O=C(C#Cc1ccccc1)c1ccc2c(c1)C(=O)N(c1ccc(Oc3ccc(N4C(=O)c5ccc(C(=O)C#Cc6ccccc6)cc5C4=O)cc3)cc1)C2=O,N2,10,5,460
C#CC#CCn1c(=O)c2cc3c(=O)n(C(CC)CC)c(=O)c3cc2c1=O,N2,10,1,190
C#CC#CCn1c(=O)c2cc3c(=O)n(C(CC)CC)c(=O)c3cc2c1=O,N2,10,10,310
c1ccc(C23CC4CC(CC(C4)C2)C3)cc1,air,20,5,370
c1ccc(-c2nc3ccccc3o2)cc1,air,20,5,600
Cc1ccc2oc(-c3ccccc3)nc2c1,air,20,5,530
CCCCOc1ccc(OCCCC)cc1,N2,10,10,385
c1ccc(-c2ccc(-c3ccc(-c4ccccc4)cc3)cc2)cc1,air,10,10,335
C(=N/c1ccccc1)\c1ccc(-c2ccccc2)cc1,N2,10,5,558
O=C(c1ccccc1)c1ccccc1,N2,10,5,517
O=C(c1ccccc1)c1ccccc1,air,10,5,495
Cc1ccc(C(=O)c2ccccc2)cc1,N2,10,10,504
O=C(c1ccccc1)c1ccc(F)cc1,N2,10,10,509
CCCCCCCCCCCCCCc1ccc(O)c(-c2ccccc2O)c1,N2,10,20,364
CCCCCCCCCCCCCCc1ccc(O)c(-c2ccccc2O)c1,N2,10,50,439
CCCCCCCCCCCCCCCCc1ccc(N)c(-c2ccccc2N)c1,N2,10,20,298
CCCCCCCCCCCCCCCCc1ccc(N)c(-c2ccccc2N)c1,N2,10,50,629
CC(C)(C)c1cc(C(C)(c2ccc(N)cc2)P2(=O)Oc3ccccc3-c3ccccc32)ccc1-n1c(=O)c2cc3c(=O)oc(=O)c3cc2c1=O,N2,10,5,477
CC(C)(C)c1cc(C(C)(c2ccc(N)cc2)P2(=O)Oc3ccccc3-c3ccccc32)ccc1-n1c(=O)c2cc3c(=O)oc(=O)c3cc2c1=O,air,10,5,360
CC(C)(C)c1cc(C(C)(c2ccc(N)cc2)P2(=O)Oc3ccccc3-c3ccccc32)ccc1N1C(=O)c2ccc(Oc3ccc4c(c3)C(=O)OC4=O)cc2C1=O,N2,10,5,465
CC(C)(C)c1cc(C(C)(c2ccc(N)cc2)P2(=O)Oc3ccccc3-c3ccccc32)ccc1N1C(=O)c2ccc(Oc3ccc4c(c3)C(=O)OC4=O)cc2C1=O,air,10,5,458
CC(C)c1ccc(-c2ccccc2)cc1,N2,10,5,515
CC(C)c1ccc(-c2ccccc2)cc1,N2,10,10,533
CC(C)c1ccc(-c2ccccc2)cc1,air,10,5,515
CC(C)c1ccc(-c2ccccc2)cc1,air,10,10,535
CC(C)(c1ccc(O)cc1)c1ccc(O)cc1,air,20,5,348
O=Cc1ccccc1O,air,5,5,190
O=Cc1ccccc1O,air,5,50,435
COc1ccc(/N=N/c2ccc(O)cc2)cc1,N2,10,0,230
O=S(=O)(O)c1ccc(/N=N/c2ccc(O)cc2)cc1,N2,10,0,230
O=C(O)c1ccc(/N=N/c2ccc(O)cc2)cc1,N2,10,0,230
N#Cc1ccc(/N=N/c2ccc(O)cc2)cc1,N2,10,0,230
Nc1ccc(/N=N/c2ccc(O)cc2)cc1,N2,10,0,230
c1ccc(-c2ccc(C3CCCCC3)cc2)cc1,N2,10,5,454
c1ccc(-c2ccc(C3c4ccccc4-c4ccccc43)cc2)cc1,N2,10,5,421
COc1cccc(/C=N/c2ccc(C)cc2)c1,N2,10,0,214
COc1cccc(/C=N/c2ccc(C)cc2)c1,N2,10,50,257
Oc1ccccc1/C=N/c1ccc(N2CCOCC2)cc1,N2,10,0,268
Oc1ccccc1/C=N/c1ccc(N2CCOCC2)cc1,N2,10,20,734
CC(C)(C)c1cc(C(C)(c2ccc(N)cc2)P2(=O)Oc3ccccc3-c3ccccc32)ccc1N1C(=O)c2ccc(C(=O)c3ccc4c(c3)C(=O)OC4=O)cc2C1=O,N2,10,5,456
CC(C)(C)c1cc(C(C)(c2ccc(N)cc2)P2(=O)Oc3ccccc3-c3ccccc32)ccc1N1C(=O)c2ccc(C(=O)c3ccc4c(c3)C(=O)OC4=O)cc2C1=O,air,10,5,456
CC(C)(C)c1cc(C(C)(c2ccc(N)cc2)P2(=O)Oc3ccccc3-c3ccccc32)ccc1N1C(=O)c2ccc(-c3ccc4c(c3)C(=O)OC4=O)cc2C1=O,N2,10,5,461
CC(C)(C)c1cc(C(C)(c2ccc(N)cc2)P2(=O)Oc3ccccc3-c3ccccc32)ccc1N1C(=O)c2ccc(-c3ccc4c(c3)C(=O)OC4=O)cc2C1=O,air,10,5,462
CC(C)(C)c1cc(C(C)(c2ccc(N)cc2)P2(=O)Oc3ccccc3-c3ccccc32)ccc1N1C(=O)c2ccc(C(c3ccc4c(c3)C(=O)OC4=O)(C(F)(F)F)C(F)(F)F)cc2C1=O,N2,10,5,464
CC(C)(C)c1cc(C(C)(c2ccc(N)cc2)P2(=O)Oc3ccccc3-c3ccccc32)ccc1N1C(=O)c2ccc(C(c3ccc4c(c3)C(=O)OC4=O)(C(F)(F)F)C(F)(F)F)cc2C1=O,air,10,5,457
COc1cc(C(C)(c2ccc(N)cc2)P2(=O)Oc3ccccc3-c3ccccc32)ccc1-n1c(=O)c2cc3c(=O)oc(=O)c3cc2c1=O,N2,10,5,467
COc1cc(C(C)(c2ccc(N)cc2)P2(=O)Oc3ccccc3-c3ccccc32)ccc1-n1c(=O)c2cc3c(=O)oc(=O)c3cc2c1=O,air,10,5,466
COc1cc(C(C)(c2ccc(N)cc2)P2(=O)Oc3ccccc3-c3ccccc32)ccc1N1C(=O)c2ccc(Oc3ccc4c(c3)C(=O)OC4=O)cc2C1=O,N2,10,5,461
COc1cc(C(C)(c2ccc(N)cc2)P2(=O)Oc3ccccc3-c3ccccc32)ccc1N1C(=O)c2ccc(Oc3ccc4c(c3)C(=O)OC4=O)cc2C1=O,air,10,5,460
COc1cc(C(C)(c2ccc(N)cc2)P2(=O)Oc3ccccc3-c3ccccc32)ccc1N1C(=O)c2ccc(C(=O)c3ccc4c(c3)C(=O)OC4=O)cc2C1=O,N2,10,5,464
COc1cc(C(C)(c2ccc(N)cc2)P2(=O)Oc3ccccc3-c3ccccc32)ccc1N1C(=O)c2ccc(C(=O)c3ccc4c(c3)C(=O)OC4=O)cc2C1=O,air,10,5,456
N#COc1ccc(OCCOc2ccc(OC#N)cc2)cc1,N2,10,5,366
C#CC#CCN1C(=O)c2ccc(C(c3ccc4c(c3)C(=O)N(C)C4=O)(C(F)(F)F)C(F)(F)F)cc2C1=O,N2,10,1,330
C#CC#CCN1C(=O)c2ccc(C(c3ccc4c(c3)C(=O)N(C)C4=O)(C(F)(F)F)C(F)(F)F)cc2C1=O,N2,10,10,410
C#CC#CCN1C(=O)c2ccc(C(c3ccc4c(c3)C(=O)N(C)C4=O)(C(F)(F)F)C(F)(F)F)cc2C1=O,N2,10,50,500
COc1cc(C(C)(c2ccc(N)cc2)P2(=O)Oc3ccccc3-c3ccccc32)ccc1N1C(=O)c2ccc(-c3ccc4c(c3)C(=O)OC4=O)cc2C1=O,N2,10,5,469
COc1cc(C(C)(c2ccc(N)cc2)P2(=O)Oc3ccccc3-c3ccccc32)ccc1N1C(=O)c2ccc(-c3ccc4c(c3)C(=O)OC4=O)cc2C1=O,air,10,5,474
CCOC(=O)CC,N2,10,0,337
COc1cc(C(C)(c2ccc(N)cc2)P2(=O)Oc3ccccc3-c3ccccc32)ccc1N1C(=O)c2ccc(C(c3ccc4c(c3)C(=O)OC4=O)(C(F)(F)F)C(F)(F)F)cc2C1=O,N2,10,5,466
COc1cc(C(C)(c2ccc(N)cc2)P2(=O)Oc3ccccc3-c3ccccc32)ccc1N1C(=O)c2ccc(C(c3ccc4c(c3)C(=O)OC4=O)(C(F)(F)F)C(F)(F)F)cc2C1=O,air,10,5,469
CP(=O)(c1cccc(N)c1)c1cccc(N2C(=O)c3ccc(Oc4ccc5c(c4)C(=O)OC5=O)cc3C2=O)c1,air,10,5,472
CP(=O)(c1cccc(N)c1)c1cccc(N2C(=O)c3ccc(C(=O)c4ccc5c(c4)C(=O)OC5=O)cc3C2=O)c1,air,10,5,467
CP(=O)(c1cccc(N)c1)c1cccc(N2C(=O)c3ccc(C(c4ccc5c(c4)C(=O)OC5=O)(C(F)(F)F)C(F)(F)F)cc3C2=O)c1,air,10,5,480
Nc1cccc(OCc2ccc(COc3cccc(N4C(=O)c5ccc(C(=O)c6ccc7c(c6)C(=O)OC7=O)cc5C4=O)c3)cc2)c1,air,10,5,466
Nc1cccc(OCc2ccc(COc3cccc(N4C(=O)c5ccc(Oc6ccc7c(c6)C(=O)OC7=O)cc5C4=O)c3)cc2)c1,air,10,5,438
Nc1cccc(OCc2ccc(COc3cccc(N4C(=O)c5ccc(C(c6ccc7c(c6)C(=O)OC7=O)(C(F)(F)F)C(F)(F)F)cc5C4=O)c3)cc2)c1,air,10,5,431
Nc1ccc(Cc2ccc(N3C(=O)c4ccc(C(=O)c5ccc6c(c5)C(=O)N(c5cccc(OCc7ccc(COc8cccc(N9C(=O)c%10ccc(C(=O)c%11ccc%12c(c%11)C(=O)OC%12=O)cc%10C9=O)c8)cc7)c5)C6=O)cc4C3=O)cc2)cc1,air,10,5,503
Nc1ccc(Cc2ccc(N3C(=O)c4ccc(Oc5ccc6c(c5)C(=O)N(c5cccc(OCc7ccc(COc8cccc(N9C(=O)c%10ccc(Oc%11ccc%12c(c%11)C(=O)OC%12=O)cc%10C9=O)c8)cc7)c5)C6=O)cc4C3=O)cc2)cc1,air,10,5,478
C#CC#CCN1C(=O)c2ccc(C(c3ccc4c(c3)C(=O)N(CCC)C4=O)(C(F)(F)F)C(F)(F)F)cc2C1=O,N2,10,1,390
C#CC#CCN1C(=O)c2ccc(C(c3ccc4c(c3)C(=O)N(CCC)C4=O)(C(F)(F)F)C(F)(F)F)cc2C1=O,N2,10,10,430
N#COc1ccc(OCCOCCOc2ccc(OC#N)cc2)cc1,N2,10,5,346
Nc1ccc(Cc2ccc(N3C(=O)c4ccc(C(c5ccc6c(c5)C(=O)N(c5cccc(OCc7ccc(COc8cccc(N9C(=O)c%10ccc(C(c%11ccc%12c(c%11)C(=O)OC%12=O)(C(F)(F)F)C(F)(F)F)cc%10C9=O)c8)cc7)c5)C6=O)(C(F)(F)F)C(F)(F)F)cc4C3=O)cc2)cc1,air,10,5,473
Cc1cc(C(c2ccccc2)c2ccc(N3C(=O)c4ccc(Oc5ccc(C(C)(C)c6ccc(Oc7ccc8c(c7)C(=O)OC8=O)cc6)cc5)cc4C3=O)c(C)c2)ccc1N,N2,10,10,499
Cc1cc(C(c2ccc(F)cc2)c2ccc(N3C(=O)c4ccc(Oc5ccc(C(C)(C)c6ccc(Oc7ccc8c(c7)C(=O)OC8=O)cc6)cc5)cc4C3=O)c(C)c2)ccc1N,N2,10,10,504
Cc1cc(C(c2ccc(Br)cc2)c2ccc(N3C(=O)c4ccc(Oc5ccc(C(C)(C)c6ccc(Oc7ccc8c(c7)C(=O)OC8=O)cc6)cc5)cc4C3=O)c(C)c2)ccc1N,N2,10,10,526
Cc1cc(C(c2ccccc2)c2ccc(N3C(=O)c4ccc(Oc5ccc(C(C)(C)c6ccc(Oc7ccc8c(c7)C(=O)N(c7ccc(Oc9ccc(N%10C(=O)c%11ccc(Oc%12ccc(C(C)(C)c%13ccc(Oc%14ccc%15c(c%14)C(=O)OC%15=O)cc%13)cc%12)cc%11C%10=O)cc9)cc7)C8=O)cc6)cc5)cc4C3=O)c(C)c2)ccc1N,N2,10,10,519
Cc1cc(C(c2ccc(F)cc2)c2ccc(N3C(=O)c4ccc(Oc5ccc(C(C)(C)c6ccc(Oc7ccc8c(c7)C(=O)N(c7ccc(Oc9ccc(N%10C(=O)c%11ccc(Oc%12ccc(C(C)(C)c%13ccc(Oc%14ccc%15c(c%14)C(=O)OC%15=O)cc%13)cc%12)cc%11C%10=O)cc9)cc7)C8=O)cc6)cc5)cc4C3=O)c(C)c2)ccc1N,N2,10,10,494
Cc1cc(C(c2ccc(Br)cc2)c2ccc(N3C(=O)c4ccc(Oc5ccc(C(C)(C)c6ccc(Oc7ccc8c(c7)C(=O)N(c7ccc(Oc9ccc(N%10C(=O)c%11ccc(Oc%12ccc(C(C)(C)c%13ccc(Oc%14ccc%15c(c%14)C(=O)OC%15=O)cc%13)cc%12)cc%11C%10=O)cc9)cc7)C8=O)cc6)cc5)cc4C3=O)c(C)c2)ccc1N,N2,10,10,516
Nc1ccc(Sc2ccc(P(=O)(c3ccccc3)c3ccc(Sc4ccc(N5C(=O)c6ccc(Sc7ccc(Sc8ccc(Sc9ccc%10c(c9)C(=O)OC%10=O)cc8)cc7)cc6C5=O)cc4)cc3)cc2)cc1,N2,10,5,502
Nc1ccc(Sc2ccc(P(=O)(c3ccccc3)c3ccc(Sc4ccc(N5C(=O)c6ccc(Oc7ccc8c(c7)C(=O)OC8=O)cc6C5=O)cc4)cc3)cc2)cc1,N2,10,5,546
Nc1ccc(Sc2ccc(P(=O)(c3ccccc3)c3ccc(Sc4ccc(N5C(=O)c6ccc(C(c7ccc8c(c7)C(=O)OC8=O)(C(F)(F)F)C(F)(F)F)cc6C5=O)cc4)cc3)cc2)cc1,N2,10,5,524.9
N#COc1ccc(OCCOCCOCCOc2ccc(OC#N)cc2)cc1,N2,10,5,357
Nc1ccc(Sc2ccc(P(=O)(c3ccccc3)c3ccc(Sc4ccc(-n5c(=O)c6cc7c(=O)oc(=O)c7cc6c5=O)cc4)cc3)cc2)cc1,N2,10,5,520.24
CC(C)(c1ccc(OC#N)cc1)c1cccc(C(C)(C)c2ccc(OC#N)cc2)c1,N2,10,5,439
CC1CC2C3CC(c4ccccc4OC#N)C(C3)C2C1,N2,10,5,447
Cc1cc(Cc2cc(C)c(OC#N)c(C)c2)cc(C)c1OC#N,N2,10,5,443
N#COc1ccc(C(=C(Cl)Cl)c2ccc(OC#N)cc2)cc1,N2,10,5,441
N#COc1ccc(/C=C\c2cc(OC#N)cc(OC#N)c2)cc1,N2,10,5,442
N#COc1ccc(/C=C\c2cc(OC#N)cc(OC#N)c2)cc1,air,10,5,442
O=C1NC(=O)c2cc(Oc3ccc(-c4cc(-c5ccccc5)cc(-c5ccc(Oc6ccc7c(c6)C(=O)N(c6ccc(Oc8ccc(-c9cc(-c%10ccc(C(F)(F)F)cc%10)cc(-c%10ccc(Oc%11ccccc%11)cc%10)n9)cc8)cc6)C7=O)cc5)n4)cc3)ccc21,air,10,5,572
O=C1NC(=O)c2cc(Oc3ccc(-c4cc(-c5ccccc5)cc(-c5ccc(Oc6ccc7c(c6)C(=O)N(c6ccc(Oc8ccc(-c9cc(-c%10ccc(C(F)(F)F)cc%10)cc(-c%10ccc(Oc%11ccccc%11)cc%10)n9)cc8)cc6)C7=O)cc5)n4)cc3)ccc21,air,10,10,594
O=C1NC(=O)c2cc(Oc3ccc(-c4cc(-c5ccccc5)cc(-c5ccc(Oc6ccc7c(c6)C(=O)N(c6ccc(Oc8ccc(-c9cc(-c%10ccc(C(F)(F)F)cc%10)cc(-c%10ccc(Oc%11ccccc%11)cc%10)n9)cc8)cc6)C7=O)cc5)n4)cc3)ccc21,N2,10,5,525
O=C1NC(=O)c2cc(Oc3ccc(-c4cc(-c5ccccc5)cc(-c5ccc(Oc6ccc7c(c6)C(=O)N(c6ccc(Oc8ccc(-c9cc(-c%10ccc(C(F)(F)F)cc%10)cc(-c%10ccc(Oc%11ccccc%11)cc%10)n9)cc8)cc6)C7=O)cc5)n4)cc3)ccc21,N2,10,10,601
CNc1cc(NC(=O)c2cccc(C(C)=O)c2)cc(C(=O)Oc2ccc(Oc3ccc(C#N)c(C#N)c3)cc2)c1,N2,10,5,381
[C-]#[N+]c1ccc(Oc2cccc(N3C(=O)c4ccc(Oc5ccc6c(c5)C(=O)NC6=O)cc4C3=O)c2)cc1C#N,N2,10,1,476.3
[C-]#[N+]c1ccc(Oc2cccc(N3C(=O)c4ccc(Oc5ccc6c(c5)C(=O)NC6=O)cc4C3=O)c2)cc1C#N,N2,10,5,517.7
[C-]#[N+]c1ccc(Oc2cccc(N3C(=O)c4ccc(Oc5ccc6c(c5)C(=O)NC6=O)cc4C3=O)c2)cc1C#N,N2,10,10,542.6
[C-]#[N+]c1ccc(Oc2cccc(N3C(=O)c4ccc(Oc5ccc6c(c5)C(=O)NC6=O)cc4C3=O)c2)cc1C#N,air,10,1,481
[C-]#[N+]c1ccc(Oc2cccc(N3C(=O)c4ccc(Oc5ccc6c(c5)C(=O)NC6=O)cc4C3=O)c2)cc1C#N,air,10,5,518.6
[C-]#[N+]c1ccc(Oc2cccc(N3C(=O)c4ccc(Oc5ccc6c(c5)C(=O)NC6=O)cc4C3=O)c2)cc1C#N,air,10,10,539.6
O=C1NC(=O)c2cc(Oc3ccc(-c4cc(-c5ccccc5)cc(-c5ccc(Oc6ccc7c(c6)C(=O)N(c6ccc(Oc8ccc(-c9cc(-c%10ccccc%10)cc(-c%10ccc(Oc%11ccccc%11)cc%10)n9)cc8)cc6)C7=O)cc5)n4)cc3)ccc21,N2,10,5,522
O=C1NC(=O)c2cc(Oc3ccc(-c4cc(-c5ccccc5)cc(-c5ccc(Oc6ccc7c(c6)C(=O)N(c6ccc(Oc8ccc(-c9cc(-c%10ccccc%10)cc(-c%10ccc(Oc%11ccccc%11)cc%10)n9)cc8)cc6)C7=O)cc5)n4)cc3)ccc21,N2,10,10,585
O=C1NC(=O)c2cc(Oc3ccc(-c4cc(-c5ccccc5)cc(-c5ccc(Oc6ccc7c(c6)C(=O)N(c6ccc(Oc8ccc(-c9cc(-c%10ccccc%10)cc(-c%10ccc(Oc%11ccccc%11)cc%10)n9)cc8)cc6)C7=O)cc5)n4)cc3)ccc21,air,10,5,543
O=C1NC(=O)c2cc(Oc3ccc(-c4cc(-c5ccccc5)cc(-c5ccc(Oc6ccc7c(c6)C(=O)N(c6ccc(Oc8ccc(-c9cc(-c%10ccccc%10)cc(-c%10ccc(Oc%11ccccc%11)cc%10)n9)cc8)cc6)C7=O)cc5)n4)cc3)ccc21,air,10,10,575
CC(C)(c1ccc(OCC(O)COc2ccc(N3C(=O)C=CC3=O)cc2)cc1)c1ccc(OCC(O)COc2ccc(N3C(=O)C=CC3=O)cc2)cc1,N2,10,5,347
CC(C)(c1ccc(OCC(O)COc2ccc(N3C(=O)C=CC3=O)cc2)cc1)c1ccc(OCC(O)COc2ccc(N3C(=O)C=CC3=O)cc2)cc1,air,10,5,367
C#Cc1cccc(C#C[SiH2]C#Cc2cccc(C#C)c2)c1,Ar,10,5,930
C#Cc1cccc(C#C[SiH2]C#Cc2cccc(C#C)c2)c1,air,10,5,530
O=C(c1ccc(Oc2ccc3c(c2)C(=O)NC3=O)cc1)c1cccc(C(=O)c2ccc(Oc3ccc4c(c3)C(=O)N(c3ccc(Oc5ccc(-c6cc(-c7ccccc7)cc(-c7ccc(Oc8ccccc8)cc7)n6)cc5)cc3)C4=O)cc2)n1,N2,10,5,531
O=C(c1ccc(Oc2ccc3c(c2)C(=O)NC3=O)cc1)c1cccc(C(=O)c2ccc(Oc3ccc4c(c3)C(=O)N(c3ccc(Oc5ccc(-c6cc(-c7ccccc7)cc(-c7ccc(Oc8ccccc8)cc7)n6)cc5)cc3)C4=O)cc2)n1,N2,10,10,564
O=C(c1ccc(Oc2ccc3c(c2)C(=O)NC3=O)cc1)c1cccc(C(=O)c2ccc(Oc3ccc4c(c3)C(=O)N(c3ccc(Oc5ccc(-c6cc(-c7ccccc7)cc(-c7ccc(Oc8ccccc8)cc7)n6)cc5)cc3)C4=O)cc2)n1,air,10,5,541
O=C(c1ccc(Oc2ccc3c(c2)C(=O)NC3=O)cc1)c1cccc(C(=O)c2ccc(Oc3ccc4c(c3)C(=O)N(c3ccc(Oc5ccc(-c6cc(-c7ccccc7)cc(-c7ccc(Oc8ccccc8)cc7)n6)cc5)cc3)C4=O)cc2)n1,air,10,10,576
O=C1C=CC(=O)N1c1ccc(OCC(O)COc2cccc(OCC(O)COc3ccc(N4C(=O)C=CC4=O)cc3)c2)cc1,N2,10,5,362
O=C1C=CC(=O)N1c1ccc(OCC(O)COc2cccc(OCC(O)COc3ccc(N4C(=O)C=CC4=O)cc3)c2)cc1,air,10,5,364
O=C1C=CC(=O)N1c1ccc(OCC(O)COc2ccc(OCC(O)COc3ccc(N4C(=O)C=CC4=O)cc3)c(P3(=O)Oc4ccccc4-c4ccccc43)c2)cc1,N2,10,5,320
O=C1C=CC(=O)N1c1ccc(OCC(O)COc2ccc(OCC(O)COc3ccc(N4C(=O)C=CC4=O)cc3)c(P3(=O)Oc4ccccc4-c4ccccc43)c2)cc1,air,10,5,300
O=C1C=CC(=O)N1c1ccc(OCC(O)CO[Si](OCC(O)COc2ccc(N3C(=O)C=CC3=O)cc2)(c2ccccc2)c2ccccc2)cc1,N2,10,5,401
O=C1C=CC(=O)N1c1ccc(OCC(O)CO[Si](OCC(O)COc2ccc(N3C(=O)C=CC3=O)cc2)(c2ccccc2)c2ccccc2)cc1,air,10,5,391
COc1cccc2c1OCN(c1ccccc1)C2,N2,10,0,290
COc1cccc2c1OCN(c1ccccc1)C2,N2,10,5,301
COc1cccc2c1OCN(c1ccccc1)C2,N2,10,10,390
COc1cccc2c1OCN(c1ccc(C)cc1)C2,N2,10,0,266
COc1cccc2c1OCN(c1ccc(C)cc1)C2,N2,10,5,281
COc1cccc2c1OCN(c1ccc(C)cc1)C2,N2,10,10,344
COc1cccc2c1OCN(c1ccccc1C)C2,N2,10,0,301
COc1cccc2c1OCN(c1ccccc1C)C2,N2,10,10,359
O=C(c1ccc(Oc2ccc3c(c2)C(=O)NC3=O)cc1)c1cccc(C(=O)c2ccc(Oc3ccc4c(c3)C(=O)N(c3ccc(Oc5ccc(-c6cc(-c7ccc(C(F)(F)F)cc7)cc(-c7ccc(Oc8ccccc8)cc7)n6)cc5)cc3)C4=O)cc2)n1,N2,10,5,536
O=C(c1ccc(Oc2ccc3c(c2)C(=O)NC3=O)cc1)c1cccc(C(=O)c2ccc(Oc3ccc4c(c3)C(=O)N(c3ccc(Oc5ccc(-c6cc(-c7ccc(C(F)(F)F)cc7)cc(-c7ccc(Oc8ccccc8)cc7)n6)cc5)cc3)C4=O)cc2)n1,N2,10,10,571
O=C(c1ccc(Oc2ccc3c(c2)C(=O)NC3=O)cc1)c1cccc(C(=O)c2ccc(Oc3ccc4c(c3)C(=O)N(c3ccc(Oc5ccc(-c6cc(-c7ccc(C(F)(F)F)cc7)cc(-c7ccc(Oc8ccccc8)cc7)n6)cc5)cc3)C4=O)cc2)n1,air,10,5,529
O=C(c1ccc(Oc2ccc3c(c2)C(=O)NC3=O)cc1)c1cccc(C(=O)c2ccc(Oc3ccc4c(c3)C(=O)N(c3ccc(Oc5ccc(-c6cc(-c7ccc(C(F)(F)F)cc7)cc(-c7ccc(Oc8ccccc8)cc7)n6)cc5)cc3)C4=O)cc2)n1,air,10,10,563
O=C1C=CC(=O)N1c1ccc(OCC(O)CNc2ccc(Cc3ccc(NCC(O)COc4ccc(N5C(=O)C=CC5=O)cc4)cc3)cc2)cc1,N2,10,5,342
O=C1C=CC(=O)N1c1ccc(OCC(O)CNc2ccc(Cc3ccc(NCC(O)COc4ccc(N5C(=O)C=CC5=O)cc4)cc3)cc2)cc1,air,10,5,355
C#Cc1ccc(C(=O)c2ccc(Oc3ccc(C(C)(C)c4ccc(Oc5ccc(C(=O)c6ccc(Oc7ccc(C(C)(C)c8ccc(Oc9ccc(C(=O)c%10ccc(C#C)cc%10)cc9)cc8)cc7)cc6)cc5)cc4)cc3)cc2)cc1,air,10,0,475
C#Cc1ccc(C(=O)c2ccc(Oc3ccc(C(C)(C)c4ccc(Oc5ccc(C(=O)c6ccc(Oc7ccc(C(C)(C)c8ccc(Oc9ccc(C(=O)c%10ccc(C#C)cc%10)cc9)cc8)cc7)cc6)cc5)cc4)cc3)cc2)cc1,air,10,5,510
C#Cc1ccc(C(=O)c2ccc(Oc3ccc(C(C)(C)c4ccc(Oc5ccc(C(=O)c6ccc(Oc7ccc(C(C)(C)c8ccc(Oc9ccc(C(=O)c%10ccc(C#C)cc%10)cc9)cc8)cc7)cc6)cc5)cc4)cc3)cc2)cc1,air,10,10,520
C#Cc1ccc(C(=O)c2ccc(Oc3ccc(C(C)(C)c4ccc(Oc5ccc(C(=O)c6ccc(Oc7ccc(C(C)(C)c8ccc(Oc9ccc(C(=O)c%10ccc(C#C)cc%10)cc9)cc8)cc7)cc6)cc5)cc4)cc3)cc2)cc1,N2,10,0,440
C#Cc1ccc(C(=O)c2ccc(Oc3ccc(C(C)(C)c4ccc(Oc5ccc(C(=O)c6ccc(Oc7ccc(C(C)(C)c8ccc(Oc9ccc(C(=O)c%10ccc(C#C)cc%10)cc9)cc8)cc7)cc6)cc5)cc4)cc3)cc2)cc1,N2,10,5,510
C#Cc1ccc(C(=O)c2ccc(Oc3ccc(C(C)(C)c4ccc(Oc5ccc(C(=O)c6ccc(Oc7ccc(C(C)(C)c8ccc(Oc9ccc(C(=O)c%10ccc(C#C)cc%10)cc9)cc8)cc7)cc6)cc5)cc4)cc3)cc2)cc1,N2,10,10,585
C=C(CC(=O)O)C(=O)OCC(COC(=O)C(=C)CC(=O)O)OC(=O)C(=C)CC(=O)O,N2,10,0,286
C=C(CC(=O)O)C(=O)OCC(COC(=O)C(=C)CC(=O)O)OC(=O)C(=C)CC(=O)O,N2,10,90,450
C=C(CC(=O)OCC)C(=O)OCC(COC(=O)C(=C)CC(=O)OCC)OC(=O)C(=C)CC(=O)OCC,N2,10,0,180
O=C1C=CC(=O)N1c1ccc(OCC2CO2)cc1,N2,10,0,410
O=C1C=CC(=O)N1c1ccc(OCC2CO2)cc1,air,10,5,363
O=C1CC(P2(=O)Oc3ccccc3-c3ccccc32)C(=O)N1c1ccc(OCC(O)Cn2c(=O)n(CC(O)COc3ccc(N4C(=O)CC(P5(=O)Oc6ccccc6-c6ccccc65)C4=O)cc3)c(=O)n(CC(O)COc3ccc(N4C(=O)CC(P5(=O)Oc6ccccc6-c6ccccc65)C4=O)cc3)c2=O)cc1,N2,10,5,285
CC(C)(c1ccc(Oc2ccc3c(c2)C(=O)N(c2ccc(-c4ccc5cc(-c6ccccc6)oc5c4)cc2O)C3=O)cc1)c1ccc(Oc2ccc3c(c2)C(=O)N(c2ccc(-c4ccc5nc(-c6ccccc6)oc5c4)cc2O)C3=O)cc1,air,10,5,403
CC(C)(c1ccc(Oc2ccc3c(c2)C(=O)N(c2ccc(-c4ccc5cc(-c6ccccc6)oc5c4)cc2O)C3=O)cc1)c1ccc(Oc2ccc3c(c2)C(=O)N(c2ccc(-c4ccc5nc(-c6ccccc6)oc5c4)cc2O)C3=O)cc1,N2,10,5,425
NCCNCC(O)COc1ccc(N2C(=O)C=CC2=O)cc1,air,10,0,400
NCCNCCNCC(O)COc1ccc(N2C(=O)C=CC2=O)cc1,air,10,0,402
NCCNCCNCCNCC(O)COc1ccc(N2C(=O)C=CC2=O)cc1,air,10,0,406
O=C1C=CC(=O)N1c1ccc(OCC(O)CNCCN2CCNCC2)cc1,air,10,0,410
CC1(C)CC(N)CC(C)(CNCC(O)COc2ccc(N3C(=O)C=CC3=O)cc2)C1,air,10,0,402
C=C(C)C(=O)OCC(O)COC(=O)c1ccc(N2C(=O)C=CC2=O)cc1,air,10,10,364
C=C(C)C(=O)OCC(O)COC(=O)c1ccc(N2C(=O)C=CC2=O)cc1,air,10,50,620
C#Cc1ccc(C(=O)c2ccc(Oc3ccc(Sc4ccc(Oc5ccc(S(=O)(=O)c6ccc(Oc7ccc(Sc8ccc(Oc9ccc(C(=O)c%10ccc(C#C)cc%10)cc9)cc8)cc7)cc6)cc5)cc4)cc3)cc2)cc1,air,10,0,445
C#Cc1ccc(C(=O)c2ccc(Oc3ccc(Sc4ccc(Oc5ccc(S(=O)(=O)c6ccc(Oc7ccc(Sc8ccc(Oc9ccc(C(=O)c%10ccc(C#C)cc%10)cc9)cc8)cc7)cc6)cc5)cc4)cc3)cc2)cc1,air,10,5,490
C#Cc1ccc(C(=O)c2ccc(Oc3ccc(Sc4ccc(Oc5ccc(S(=O)(=O)c6ccc(Oc7ccc(Sc8ccc(Oc9ccc(C(=O)c%10ccc(C#C)cc%10)cc9)cc8)cc7)cc6)cc5)cc4)cc3)cc2)cc1,air,10,10,505
Cc1cc(Oc2ccc(NC(=O)c3ccc(-c4nc5ccc(-c6ccc7ncoc7c6)cc5o4)cc3)cc2)ccc1N1C(=O)c2ccc(Oc3ccc(C(C)(C)c4ccc(Oc5ccc6c(c5)C(=O)NC6=O)cc4)cc3)cc2C1=O,air,10,5,448
Cc1cc(Oc2ccc(NC(=O)c3ccc(-c4nc5ccc(-c6ccc7ncoc7c6)cc5o4)cc3)cc2)ccc1N1C(=O)c2ccc(Oc3ccc(C(C)(C)c4ccc(Oc5ccc6c(c5)C(=O)NC6=O)cc4)cc3)cc2C1=O,N2,10,5,454
Cc1ccc(Oc2ccc(Oc3ccc(N4C(=O)c5ccc(C(c6ccc7c(c6)C(=O)N(C)C7=O)(C(F)(F)F)C(F)(F)F)cc5C4=O)cc3C(F)(F)F)c3c2[C@H]2c4ccccc4[C@H]3c3ccccc32)c(C(F)(F)F)c1,N2,10,5,532
Cc1ccc(N2C(=O)c3ccc(C(c4ccc5c(c4)C(=O)N(C)C5=O)(C(F)(F)F)C(F)(F)F)cc3C2=O)c2c1[C@H]1c3ccccc3[C@H]2c2ccccc21,N2,10,5,506
O=C1c2ccc(Oc3ccc(C#Cc4ccccc4)cc3)cc2C(=O)N1c1ccc(Oc2cccc(N3C(=O)c4ccc(Oc5ccc6c(c5)C(=O)N(c5ccc(Oc7cccc(N8C(=O)c9ccc(Oc%10ccc(C#Cc%11ccccc%11)cc%10)cc9C8=O)c7)cc5)C6=O)cc4C3=O)c2)cc1,air,10,5,502
C#Cc1ccc(C(=O)c2ccc(Oc3ccc(C(c4ccc(Oc5ccc(S(=O)(=O)c6ccc(Oc7ccc(C(c8ccc(Oc9ccc(C(=O)c%10ccc(C#C)cc%10)cc9)cc8)(C(F)(F)F)C(F)(F)F)cc7)cc6)cc5)cc4)(C(F)(F)F)C(F)(F)F)cc3)cc2)cc1,air,10,0,430
C#Cc1ccc(C(=O)c2ccc(Oc3ccc(C(c4ccc(Oc5ccc(S(=O)(=O)c6ccc(Oc7ccc(C(c8ccc(Oc9ccc(C(=O)c%10ccc(C#C)cc%10)cc9)cc8)(C(F)(F)F)C(F)(F)F)cc7)cc6)cc5)cc4)(C(F)(F)F)C(F)(F)F)cc3)cc2)cc1,air,10,5,505
C#Cc1ccc(C(=O)c2ccc(Oc3ccc(C(c4ccc(Oc5ccc(S(=O)(=O)c6ccc(Oc7ccc(C(c8ccc(Oc9ccc(C(=O)c%10ccc(C#C)cc%10)cc9)cc8)(C(F)(F)F)C(F)(F)F)cc7)cc6)cc5)cc4)(C(F)(F)F)C(F)(F)F)cc3)cc2)cc1,air,10,10,525
Cc1cc(Oc2ccc(NC(=O)c3ccc(-c4nc5ccc(-c6ccc7ncoc7c6)cc5o4)cc3)cc2)ccc1N1C(=O)c2ccc(C(c3ccc4c(c3)C(=O)NC4=O)(C(F)(F)F)C(F)(F)F)cc2C1=O,air,10,5,440
Cc1cc(Oc2ccc(NC(=O)c3ccc(-c4nc5ccc(-c6ccc7ncoc7c6)cc5o4)cc3)cc2)ccc1N1C(=O)c2ccc(C(c3ccc4c(c3)C(=O)NC4=O)(C(F)(F)F)C(F)(F)F)cc2C1=O,N2,10,5,460
O=C1c2ccc(C#Cc3ccccc3)cc2C(=O)N1c1ccc(Oc2cccc(N3C(=O)c4ccc(Oc5ccc6c(c5)C(=O)N(c5ccc(Oc7cccc(N8C(=O)c9ccc(C#Cc%10ccccc%10)cc9C8=O)c7)cc5)C6=O)cc4C3=O)c2)cc1,air,10,5,516
C#Cc1ccc(C(=O)c2ccc(Oc3ccc(C(c4ccc(Oc5ccc(C(=O)c6ccc(Oc7ccc(C(c8ccc(Oc9ccc(C(=O)c%10ccc(C#C)cc%10)cc9)cc8)(C(F)(F)F)C(F)(F)F)cc7)cc6)cc5)cc4)(C(F)(F)F)C(F)(F)F)cc3)cc2)cc1,air,10,0,470
C#Cc1ccc(C(=O)c2ccc(Oc3ccc(C(c4ccc(Oc5ccc(C(=O)c6ccc(Oc7ccc(C(c8ccc(Oc9ccc(C(=O)c%10ccc(C#C)cc%10)cc9)cc8)(C(F)(F)F)C(F)(F)F)cc7)cc6)cc5)cc4)(C(F)(F)F)C(F)(F)F)cc3)cc2)cc1,air,10,5,525
C#Cc1ccc(C(=O)c2ccc(Oc3ccc(C(c4ccc(Oc5ccc(C(=O)c6ccc(Oc7ccc(C(c8ccc(Oc9ccc(C(=O)c%10ccc(C#C)cc%10)cc9)cc8)(C(F)(F)F)C(F)(F)F)cc7)cc6)cc5)cc4)(C(F)(F)F)C(F)(F)F)cc3)cc2)cc1,air,10,10,550
Cc1ccc(N(c2ccc(N3C(=O)c4ccc(C(c5ccc6c(c5)C(=O)N(C)C6=O)(C(F)(F)F)C(F)(F)F)cc4C3=O)cc2)c2ccc(N(c3ccc(C(C)(C)c4ccccc4)cc3)c3ccc(C(C)(C)c4ccccc4)cc3)cc2)cc1,air,10,10,466
Cc1ccc(N(c2ccc(N3C(=O)c4ccc(C(c5ccc6c(c5)C(=O)N(C)C6=O)(C(F)(F)F)C(F)(F)F)cc4C3=O)cc2)c2ccc(N(c3ccc(C(C)(C)c4ccccc4)cc3)c3ccc(C(C)(C)c4ccccc4)cc3)cc2)cc1,N2,10,10,528
O=C1NC(=O)c2cc(C(c3ccc4c(c3)C(=O)N(c3ccc(Oc5ccccc5)cc3)C4=O)(C(F)(F)F)C(F)(F)F)ccc21,air,10,5,508
O=C1NC(=O)c2cc(C(c3ccc4c(c3)C(=O)N(c3ccc(Oc5ccccc5)cc3)C4=O)(C(F)(F)F)C(F)(F)F)ccc21,N2,10,5,508
Cc1ccc(N(c2ccc(N3C(=O)c4ccc(Oc5ccc6c(c5)C(=O)N(C)C6=O)cc4C3=O)cc2)c2ccc(N(c3ccc(C(C)(C)c4ccccc4)cc3)c3ccc(C(C)(C)c4ccccc4)cc3)cc2)cc1,air,10,10,424
Cc1ccc(N(c2ccc(N3C(=O)c4ccc(Oc5ccc6c(c5)C(=O)N(C)C6=O)cc4C3=O)cc2)c2ccc(N(c3ccc(C(C)(C)c4ccccc4)cc3)c3ccc(C(C)(C)c4ccccc4)cc3)cc2)cc1,N2,10,10,519
Cc1ccc(N(c2ccc(N3C(=O)c4ccc(S(=O)(=O)c5ccc6c(c5)C(=O)N(C)C6=O)cc4C3=O)cc2)c2ccc(N(c3ccc(C(C)(C)c4ccccc4)cc3)c3ccc(C(C)(C)c4ccccc4)cc3)cc2)cc1,air,10,10,446
Cc1ccc(N(c2ccc(N3C(=O)c4ccc(S(=O)(=O)c5ccc6c(c5)C(=O)N(C)C6=O)cc4C3=O)cc2)c2ccc(N(c3ccc(C(C)(C)c4ccccc4)cc3)c3ccc(C(C)(C)c4ccccc4)cc3)cc2)cc1,N2,10,10,504
Cc1ccc(N(c2ccc(N3C(=O)c4ccc(Oc5ccc6c(c5)C(=O)N(C)C6=O)cc4C3=O)cc2)c2ccc(N(c3ccccc3)c3ccccc3)cc2)cc1,air,10,10,600
Cc1ccc(N(c2ccc(N3C(=O)c4ccc(Oc5ccc6c(c5)C(=O)N(C)C6=O)cc4C3=O)cc2)c2ccc(N(c3ccccc3)c3ccccc3)cc2)cc1,air,10,5,567
Cc1ccc(N(c2ccc(N3C(=O)c4ccc(Oc5ccc6c(c5)C(=O)N(C)C6=O)cc4C3=O)cc2)c2ccc(N(c3ccccc3)c3ccccc3)cc2)cc1,N2,10,10,610
Cc1ccc(N(c2ccc(N3C(=O)c4ccc(Oc5ccc6c(c5)C(=O)N(C)C6=O)cc4C3=O)cc2)c2ccc(N(c3ccccc3)c3ccccc3)cc2)cc1,N2,10,5,586
Cc1ccc(N(c2ccccc2)c2ccc(N3C(=O)c4ccc(Oc5ccc6c(c5)C(=O)N(C)C6=O)cc4C3=O)cc2)cc1,air,10,10,611
Cc1ccc(N(c2ccccc2)c2ccc(N3C(=O)c4ccc(Oc5ccc6c(c5)C(=O)N(C)C6=O)cc4C3=O)cc2)cc1,N2,10,10,608
Cc1ccc(N(c2ccc(N(c3ccccc3)c3ccccc3)cc2)c2ccc(-n3c(=O)c4cc5c(=O)n(C)c(=O)c5cc4c3=O)cc2)cc1,air,10,5,584
Cc1ccc(N(c2ccc(N(c3ccccc3)c3ccccc3)cc2)c2ccc(-n3c(=O)c4cc5c(=O)n(C)c(=O)c5cc4c3=O)cc2)cc1,air,10,10,610
Cc1ccc(N(c2ccc(N(c3ccccc3)c3ccccc3)cc2)c2ccc(-n3c(=O)c4cc5c(=O)n(C)c(=O)c5cc4c3=O)cc2)cc1,N2,10,5,607
Cc1ccc(N(c2ccc(N(c3ccccc3)c3ccccc3)cc2)c2ccc(-n3c(=O)c4cc5c(=O)n(C)c(=O)c5cc4c3=O)cc2)cc1,N2,10,10,624
Cc1ccc(N(c2ccc(N3C(=O)c4ccc(-c5ccc6c(c5)C(=O)N(C)C6=O)cc4C3=O)cc2)c2ccc(N(c3ccccc3)c3ccccc3)cc2)cc1,air,10,5,591
Cc1ccc(N(c2ccc(N3C(=O)c4ccc(-c5ccc6c(c5)C(=O)N(C)C6=O)cc4C3=O)cc2)c2ccc(N(c3ccccc3)c3ccccc3)cc2)cc1,air,10,10,622
Cc1ccc(N(c2ccc(N3C(=O)c4ccc(-c5ccc6c(c5)C(=O)N(C)C6=O)cc4C3=O)cc2)c2ccc(N(c3ccccc3)c3ccccc3)cc2)cc1,N2,10,5,602
Cc1ccc(N(c2ccc(N3C(=O)c4ccc(-c5ccc6c(c5)C(=O)N(C)C6=O)cc4C3=O)cc2)c2ccc(N(c3ccccc3)c3ccccc3)cc2)cc1,N2,10,10,629
Cc1ccc(N(c2ccc(N3C(=O)c4ccc(C(=O)c5ccc6c(c5)C(=O)N(C)C6=O)cc4C3=O)cc2)c2ccc(N(c3ccccc3)c3ccccc3)cc2)cc1,air,10,5,537
Cc1ccc(N(c2ccc(N3C(=O)c4ccc(C(=O)c5ccc6c(c5)C(=O)N(C)C6=O)cc4C3=O)cc2)c2ccc(N(c3ccccc3)c3ccccc3)cc2)cc1,air,10,10,589
Cc1ccc(N(c2ccc(N3C(=O)c4ccc(C(=O)c5ccc6c(c5)C(=O)N(C)C6=O)cc4C3=O)cc2)c2ccc(N(c3ccccc3)c3ccccc3)cc2)cc1,N2,10,5,582
Cc1ccc(N(c2ccc(N3C(=O)c4ccc(C(=O)c5ccc6c(c5)C(=O)N(C)C6=O)cc4C3=O)cc2)c2ccc(N(c3ccccc3)c3ccccc3)cc2)cc1,N2,10,10,618
C#Cc1ccc(C(=O)c2ccc(Oc3ccc(C(C)(C)c4ccc(Oc5cccc(Oc6ccc(C(C)(C)c7ccc(Oc8ccc(C(=O)c9ccc(C#C)cc9)cc8)cc7)cc6)c5C#N)cc4)cc3)cc2)cc1,air,10,0,435
C#Cc1ccc(C(=O)c2ccc(Oc3ccc(C(C)(C)c4ccc(Oc5cccc(Oc6ccc(C(C)(C)c7ccc(Oc8ccc(C(=O)c9ccc(C#C)cc9)cc8)cc7)cc6)c5C#N)cc4)cc3)cc2)cc1,air,10,5,485
C#Cc1ccc(C(=O)c2ccc(Oc3ccc(C(C)(C)c4ccc(Oc5cccc(Oc6ccc(C(C)(C)c7ccc(Oc8ccc(C(=O)c9ccc(C#C)cc9)cc8)cc7)cc6)c5C#N)cc4)cc3)cc2)cc1,air,10,10,505
Cc1ccc(N(c2ccc(N3C(=O)c4ccc(S(=O)(=O)c5ccc6c(c5)C(=O)N(C)C6=O)cc4C3=O)cc2)c2ccc(N(c3ccccc3)c3ccccc3)cc2)cc1,air,10,5,537
Cc1ccc(N(c2ccc(N3C(=O)c4ccc(S(=O)(=O)c5ccc6c(c5)C(=O)N(C)C6=O)cc4C3=O)cc2)c2ccc(N(c3ccccc3)c3ccccc3)cc2)cc1,air,10,10,582
Cc1ccc(N(c2ccc(N3C(=O)c4ccc(S(=O)(=O)c5ccc6c(c5)C(=O)N(C)C6=O)cc4C3=O)cc2)c2ccc(N(c3ccccc3)c3ccccc3)cc2)cc1,N2,10,5,528
Cc1ccc(N(c2ccc(N3C(=O)c4ccc(S(=O)(=O)c5ccc6c(c5)C(=O)N(C)C6=O)cc4C3=O)cc2)c2ccc(N(c3ccccc3)c3ccccc3)cc2)cc1,N2,10,10,568
BB(B)B(B)B(B(B)B)B1CC1c1cccc(C#C[Si](C)(C)C#Cc2cccc(C#C[SiH](C)C)c2)c1,N2,10,5,552
Cc1ccc(N(c2ccc(N3C(=O)c4ccc(C(c5ccc6c(c5)C(=O)N(C)C6=O)(C(F)(F)F)C(F)(F)F)cc4C3=O)cc2)c2ccc(N(c3ccccc3)c3ccccc3)cc2)cc1,air,10,5,546
Cc1ccc(N(c2ccc(N3C(=O)c4ccc(C(c5ccc6c(c5)C(=O)N(C)C6=O)(C(F)(F)F)C(F)(F)F)cc4C3=O)cc2)c2ccc(N(c3ccccc3)c3ccccc3)cc2)cc1,air,10,10,574
Cc1ccc(N(c2ccc(N3C(=O)c4ccc(C(c5ccc6c(c5)C(=O)N(C)C6=O)(C(F)(F)F)C(F)(F)F)cc4C3=O)cc2)c2ccc(N(c3ccccc3)c3ccccc3)cc2)cc1,N2,10,5,559
Cc1ccc(N(c2ccc(N3C(=O)c4ccc(C(c5ccc6c(c5)C(=O)N(C)C6=O)(C(F)(F)F)C(F)(F)F)cc4C3=O)cc2)c2ccc(N(c3ccccc3)c3ccccc3)cc2)cc1,N2,10,10,585
Cc1ccc(N(c2ccccc2)c2ccc(-n3c(=O)c4cc5c(=O)n(C)c(=O)c5cc4c3=O)cc2)cc1,air,10,10,596
Cc1ccc(N(c2ccccc2)c2ccc(-n3c(=O)c4cc5c(=O)n(C)c(=O)c5cc4c3=O)cc2)cc1,N2,10,10,606
Cc1ccc(N(c2ccccc2)c2ccc(N3C(=O)c4ccc(-c5ccc6c(c5)C(=O)N(C)C6=O)cc4C3=O)cc2)cc1,air,10,10,619
Cc1ccc(N(c2ccccc2)c2ccc(N3C(=O)c4ccc(-c5ccc6c(c5)C(=O)N(C)C6=O)cc4C3=O)cc2)cc1,N2,10,10,613
Cc1ccc(N(c2ccccc2)c2ccc(N3C(=O)c4ccc(C(=O)c5ccc6c(c5)C(=O)N(C)C6=O)cc4C3=O)cc2)cc1,air,10,10,590
Cc1ccc(N(c2ccccc2)c2ccc(N3C(=O)c4ccc(C(=O)c5ccc6c(c5)C(=O)N(C)C6=O)cc4C3=O)cc2)cc1,N2,10,10,590
Cc1ccc(N(c2ccccc2)c2ccc(N3C(=O)c4ccc(S(=O)(=O)c5ccc6c(c5)C(=O)N(C)C6=O)cc4C3=O)cc2)cc1,air,10,10,577
Cc1ccc(N(c2ccccc2)c2ccc(N3C(=O)c4ccc(S(=O)(=O)c5ccc6c(c5)C(=O)N(C)C6=O)cc4C3=O)cc2)cc1,N2,10,10,546
Cc1ccc(N(c2ccccc2)c2ccc(N3C(=O)c4ccc(C(c5ccc6c(c5)C(=O)N(C)C6=O)(C(F)(F)F)C(F)(F)F)cc4C3=O)cc2)cc1,air,10,10,571
Cc1ccc(N(c2ccccc2)c2ccc(N3C(=O)c4ccc(C(c5ccc6c(c5)C(=O)N(C)C6=O)(C(F)(F)F)C(F)(F)F)cc4C3=O)cc2)cc1,N2,10,10,581
C#Cc1ccc(C(=O)c2ccc(Oc3ccc(Sc4ccc(Oc5cccc(Oc6ccc(Sc7ccc(Oc8ccc(C(=O)c9ccc(C#C)cc9)cc8)cc7)cc6)c5C#N)cc4)cc3)cc2)cc1,air,10,0,405
C#Cc1ccc(C(=O)c2ccc(Oc3ccc(Sc4ccc(Oc5cccc(Oc6ccc(Sc7ccc(Oc8ccc(C(=O)c9ccc(C#C)cc9)cc8)cc7)cc6)c5C#N)cc4)cc3)cc2)cc1,air,10,5,460
C#Cc1ccc(C(=O)c2ccc(Oc3ccc(Sc4ccc(Oc5cccc(Oc6ccc(Sc7ccc(Oc8ccc(C(=O)c9ccc(C#C)cc9)cc8)cc7)cc6)c5C#N)cc4)cc3)cc2)cc1,air,10,10,495
C#Cc1ccc(C(=O)c2ccc(Oc3ccc(Sc4ccc(Oc5cccc(Oc6ccc(Sc7ccc(Oc8ccc(C(=O)c9ccc(C#C)cc9)cc8)cc7)cc6)c5C#N)cc4)cc3)cc2)cc1,N2,10,0,395
C#Cc1ccc(C(=O)c2ccc(Oc3ccc(Sc4ccc(Oc5cccc(Oc6ccc(Sc7ccc(Oc8ccc(C(=O)c9ccc(C#C)cc9)cc8)cc7)cc6)c5C#N)cc4)cc3)cc2)cc1,N2,10,5,460
C#Cc1ccc(C(=O)c2ccc(Oc3ccc(Sc4ccc(Oc5cccc(Oc6ccc(Sc7ccc(Oc8ccc(C(=O)c9ccc(C#C)cc9)cc8)cc7)cc6)c5C#N)cc4)cc3)cc2)cc1,N2,10,10,495
O=Cc1ccc(Nc2ccc(-c3ccc(N4C(=O)c5ccc(C(c6ccc7c(c6)C(=O)N(c6ccc(-c8ccc(NC(=O)c9ccccc9)c(O)c8)cc6O)C7=O)(C(F)(F)F)C(F)(F)F)cc5C4=O)c(O)c3)cc2O)cc1,air,10,5,412
O=Cc1ccc(Nc2ccc(-c3ccc(N4C(=O)c5ccc(C(c6ccc7c(c6)C(=O)N(c6ccc(-c8ccc(NC(=O)c9ccccc9)c(O)c8)cc6O)C7=O)(C(F)(F)F)C(F)(F)F)cc5C4=O)c(O)c3)cc2O)cc1,N2,10,5,427
Cc1ccc(N(c2ccc(N3C(=O)c4ccc(C(=O)c5ccc6c(c5)C(=O)N(C)C6=O)cc4C3=O)cc2)c2ccc(N(c3ccc(C(C)(C)c4ccccc4)cc3)c3ccc(C(C)(C)c4ccccc4)cc3)cc2)cc1,air,10,10,466
Cc1ccc(N(c2ccc(N3C(=O)c4ccc(C(=O)c5ccc6c(c5)C(=O)N(C)C6=O)cc4C3=O)cc2)c2ccc(N(c3ccc(C(C)(C)c4ccccc4)cc3)c3ccc(C(C)(C)c4ccccc4)cc3)cc2)cc1,N2,10,10,517
Cc1ccc(N(c2ccc(N3C(=O)c4ccc(-c5ccc6c(c5)C(=O)N(C)C6=O)cc4C3=O)cc2)c2ccc(N(c3ccc(C(C)(C)c4ccccc4)cc3)c3ccc(C(C)(C)c4ccccc4)cc3)cc2)cc1,air,10,10,505
Cc1ccc(N(c2ccc(N3C(=O)c4ccc(-c5ccc6c(c5)C(=O)N(C)C6=O)cc4C3=O)cc2)c2ccc(N(c3ccc(C(C)(C)c4ccccc4)cc3)c3ccc(C(C)(C)c4ccccc4)cc3)cc2)cc1,N2,10,10,535
Cc1ccc(N(c2ccc(N(c3ccc(C(C)(C)c4ccccc4)cc3)c3ccc(C(C)(C)c4ccccc4)cc3)cc2)c2ccc(-n3c(=O)c4cc5c(=O)n(C)c(=O)c5cc4c3=O)cc2)cc1,air,10,10,493
Cc1ccc(N(c2ccc(N(c3ccc(C(C)(C)c4ccccc4)cc3)c3ccc(C(C)(C)c4ccccc4)cc3)cc2)c2ccc(-n3c(=O)c4cc5c(=O)n(C)c(=O)c5cc4c3=O)cc2)cc1,N2,10,10,521
Cc1cc2cc3cc(C)c(N4C(=O)c5ccc6c7c(ccc(c57)C4=O)C(=O)N(C)C6=O)cc3nc2cc1C,N2,10,5,418
Cc1cc2cc3cc(C)c(N4C(=O)c5ccc6c7c(ccc(c57)C4=O)C(=O)N(C)C6=O)cc3nc2cc1C,N2,10,10,469
Cc1cc2cc3cc(C)c(N4C(=O)c5cccc6c(C(=O)c7ccc(C(=O)c8ccc9c%10c(cccc8%10)C(=O)N(C)C9=O)cc7)ccc(c56)C4=O)cc3nc2cc1C,N2,10,5,370
Cc1cc2cc3cc(C)c(N4C(=O)c5cccc6c(C(=O)c7ccc(C(=O)c8ccc9c%10c(cccc8%10)C(=O)N(C)C9=O)cc7)ccc(c56)C4=O)cc3nc2cc1C,N2,10,10,446
O=C1c2ccc(C#Cc3ccccc3)cc2C(=O)N1c1ccc(Oc2ccc(Oc3ccc(-n4c(=O)c5cc6c(=O)n(-c7ccc(Oc8ccc(Oc9ccc(N%10C(=O)c%11ccc(C#Cc%12ccccc%12)cc%11C%10=O)cc9)c(-c9ccccc9)c8)cc7)c(=O)c6cc5c4=O)cc3)c(-c3ccccc3)c2)cc1,N2,10,5,532
O=C1c2ccc(C#Cc3ccccc3)cc2C(=O)N1c1ccc(Oc2ccc(Oc3ccc(-n4c(=O)c5cc6c(=O)n(-c7ccc(Oc8ccc(Oc9ccc(N%10C(=O)c%11ccc(C#Cc%12ccccc%12)cc%11C%10=O)cc9)c(-c9ccccc9)c8)cc7)c(=O)c6cc5c4=O)cc3)c(-c3ccccc3)c2)cc1,air,10,5,517
O=C1OC(=O)c2cc(-c3ccc4c(c3)C(=O)N(c3cccc(Oc5ccc6c(c5)Sc5ccc(Oc7cccc(N8C(=O)c9ccc(-c%10ccc%11c(c%10)C(=O)OC%11=O)cc9C8=O)c7)cc5S6)c3)C4=O)ccc21,N2,10,5,527
O=C1OC(=O)c2cc(-c3ccc4c(c3)C(=O)N(c3cccc(Oc5ccc6c(c5)Sc5ccc(Oc7cccc(N8C(=O)c9ccc(-c%10ccc%11c(c%10)C(=O)OC%11=O)cc9C8=O)c7)cc5S6)c3)C4=O)ccc21,N2,10,10,549
Cc1cc2cc3cc(C)c(N4C(=O)c5ccc(Oc6ccc(C(C)(C)c7ccc(Oc8ccc9c(c8)C(=O)N(C)C9=O)cc7)cc6)cc5C4=O)cc3nc2cc1C,N2,10,5,465
Cc1cc2cc3cc(C)c(N4C(=O)c5ccc(Oc6ccc(C(C)(C)c7ccc(Oc8ccc9c(c8)C(=O)N(C)C9=O)cc7)cc6)cc5C4=O)cc3nc2cc1C,N2,10,10,477
Cc1ccc(N(c2ccc(-c3cc(C(F)(F)F)cc(C(F)(F)F)c3)cc2)c2ccc(N3C(=O)c4ccc(C(c5ccc6c(c5)C(=O)N(C)C6=O)(C(F)(F)F)C(F)(F)F)cc4C3=O)cc2)cc1,air,10,5,488
Cc1ccc(N(c2ccc(-c3cc(C(F)(F)F)cc(C(F)(F)F)c3)cc2)c2ccc(N3C(=O)c4ccc5c6ccc7c8c(ccc(c9ccc(c4c59)C3=O)c86)C(=O)N(C)C7=O)cc2)cc1,air,10,5,494
Cc1ccc(N(c2ccc(-c3cc(C(F)(F)F)cc(C(F)(F)F)c3)cc2)c2ccc(N3C(=O)c4ccc5c6ccc7c8c(ccc(c9ccc(c4c59)C3=O)c86)C(=O)N(C)C7=O)cc2)cc1,air,10,40,600
Cc1ccc(N(c2ccc(-c3ccc(-c4cccs4)s3)cc2)c2ccc(N3C(=O)c4ccc(C(c5ccc6c(c5)C(=O)N(C)C6=O)(C(F)(F)F)C(F)(F)F)cc4C3=O)cc2)cc1,air,10,5,506
Cc1ccc(N(c2ccc(-c3ccc(-c4cccs4)s3)cc2)c2ccc(N3C(=O)c4ccc5c6ccc7c8c(ccc(c9ccc(c4c59)C3=O)c86)C(=O)N(C)C7=O)cc2)cc1,air,10,5,509
Cc1ccc(N(c2ccc(-c3ccc(-c4cccs4)s3)cc2)c2ccc(N3C(=O)c4ccc5c6ccc7c8c(ccc(c9ccc(c4c59)C3=O)c86)C(=O)N(C)C7=O)cc2)cc1,air,10,15,600
C#Cc1cccc(C#C[SiH](C#Cc2cccc(C#C)c2)C=C)c1,Ar,10,5,867
C#Cc1cccc(C#C[SiH](C#Cc2cccc(C#C)c2)C=C)c1,air,10,5,562
O=C1OC(=O)c2cc(-c3cccc4c3C(=O)N(c3cccc(Oc5ccc6c(c5)Sc5ccc(Oc7cccc(N8C(=O)c9cccc(-c%10ccc%11c(c%10)C(=O)OC%11=O)c9C8=O)c7)cc5S6)c3)C4=O)ccc21,N2,10,5,526
O=C1OC(=O)c2cc(-c3cccc4c3C(=O)N(c3cccc(Oc5ccc6c(c5)Sc5ccc(Oc7cccc(N8C(=O)c9cccc(-c%10ccc%11c(c%10)C(=O)OC%11=O)c9C8=O)c7)cc5S6)c3)C4=O)ccc21,N2,10,10,545
C=CC1CC(C)C2C(=O)N(c3ccccc3)C(=O)C12,N2,10,5,465
Cc1ccc(-c2ccc(N3C(=O)c4ccc(C(c5ccc6c(c5)C(=O)N(C)C6=O)(C(F)(F)F)C(F)(F)F)cc4C3=O)cc2C(F)(F)F)c(C(F)(F)F)c1,N2,10,5,528
Cc1ccc(-c2ccc(N3C(=O)c4ccc(C(c5ccc6c(c5)C(=O)N(C)C6=O)(C(F)(F)F)C(F)(F)F)cc4C3=O)cc2C(F)(F)F)c(C(F)(F)F)c1,air,10,5,516
Cc1ccc(Oc2ccc(-n3c(=O)c4cc5c(=O)n(C)c(=O)c5cc4c3=O)cc2)cc1,N2,10,5,581
O=C1OC(=O)c2cc(Oc3ccc4c(c3)C(=O)N(c3cccc(Oc5ccc6c(c5)Sc5ccc(Oc7cccc(N8C(=O)c9ccc(Oc%10ccc%11c(c%10)C(=O)OC%11=O)cc9C8=O)c7)cc5S6)c3)C4=O)ccc21,N2,10,5,522
O=C1OC(=O)c2cc(Oc3ccc4c(c3)C(=O)N(c3cccc(Oc5ccc6c(c5)Sc5ccc(Oc7cccc(N8C(=O)c9ccc(Oc%10ccc%11c(c%10)C(=O)OC%11=O)cc9C8=O)c7)cc5S6)c3)C4=O)ccc21,N2,10,10,538
Cc1ccc(N2C(=O)C3CCC(C(=O)Oc4ccc(OC(=O)C5CCC6C(=O)N(C)C(=O)C6C5)cc4)CC3C2=O)cc1,N2,10,5,424
Cc1ccc(N2C(=O)C3CCC(C(=O)Oc4ccc(OC(=O)C5CCC6C(=O)N(C)C(=O)C6C5)cc4)CC3C2=O)cc1,air,10,5,412
Cc1ccc(Oc2ccc(N3C(=O)C4CCC(C(=O)Oc5ccc(OC(=O)C6CCC7C(=O)N(C)C(=O)C7C6)cc5)CC4C3=O)cc2)cc1,N2,10,5,428
Cc1ccc(Oc2ccc(N3C(=O)C4CCC(C(=O)Oc5ccc(OC(=O)C6CCC7C(=O)N(C)C(=O)C7C6)cc5)CC4C3=O)cc2)cc1,air,10,5,418
Cc1ccc(-c2ccc(N3C(=O)C4CCC(C(=O)Oc5ccc(OC(=O)C6CCC7C(=O)N(C)C(=O)C7C6)cc5)CC4C3=O)cc2C(F)(F)F)c(C(F)(F)F)c1,N2,10,5,441
Cc1ccc(-c2ccc(N3C(=O)C4CCC(C(=O)Oc5ccc(OC(=O)C6CCC7C(=O)N(C)C(=O)C7C6)cc5)CC4C3=O)cc2C(F)(F)F)c(C(F)(F)F)c1,air,10,5,407
Cc1ccc(-c2ccc(N3C(=O)C4CCC(C(=O)Oc5ccc(OC(=O)C6CCC7C(=O)N(C)C(=O)C7C6)cc5)CC4C3=O)c(C)c2)cc1C,N2,10,5,426
Cc1ccc(-c2ccc(N3C(=O)C4CCC(C(=O)Oc5ccc(OC(=O)C6CCC7C(=O)N(C)C(=O)C7C6)cc5)CC4C3=O)c(C)c2)cc1C,air,10,5,387
Cc1ccc(Oc2ccc(S(=O)(=O)c3ccc(Oc4ccc(N5C(=O)C6CCC(C(=O)Oc7ccc(OC(=O)C8CCC9C(=O)N(C)C(=O)C9C8)cc7)CC6C5=O)cc4)cc3)cc2)cc1,N2,10,5,416
Cc1ccc(Oc2ccc(S(=O)(=O)c3ccc(Oc4ccc(N5C(=O)C6CCC(C(=O)Oc7ccc(OC(=O)C8CCC9C(=O)N(C)C(=O)C9C8)cc7)CC6C5=O)cc4)cc3)cc2)cc1,air,10,5,389
O=C1OC(=O)c2cc(C(c3ccc4c(c3)C(=O)N(c3cccc(Oc5ccc6c(c5)Sc5ccc(Oc7cccc(N8C(=O)c9ccc(C(c%10ccc%11c(c%10)C(=O)OC%11=O)(C(F)(F)F)C(F)(F)F)cc9C8=O)c7)cc5S6)c3)C4=O)(C(F)(F)F)C(F)(F)F)ccc21,N2,10,5,512
O=C1OC(=O)c2cc(C(c3ccc4c(c3)C(=O)N(c3cccc(Oc5ccc6c(c5)Sc5ccc(Oc7cccc(N8C(=O)c9ccc(C(c%10ccc%11c(c%10)C(=O)OC%11=O)(C(F)(F)F)C(F)(F)F)cc9C8=O)c7)cc5S6)c3)C4=O)(C(F)(F)F)C(F)(F)F)ccc21,N2,10,10,534
Cc1ccc(Oc2ccc(N3C(=O)C4CCC(C(=O)Oc5ccc(OC(=O)C6CCC7C(=O)N(C)C(=O)C7C6)cc5C)CC4C3=O)cc2)cc1,N2,10,5,424
Cc1ccc(Oc2ccc(N3C(=O)C4CCC(C(=O)Oc5ccc(OC(=O)C6CCC7C(=O)N(C)C(=O)C7C6)cc5C)CC4C3=O)cc2)cc1,air,10,5,398
O=C(c1ccc(Oc2ccc(C(=O)c3c(F)c(F)c(Oc4ccc(C(c5ccc(Oc6c(F)c(F)c(C(=O)c7ccc(Oc8ccc(C(=O)c9c(F)c(F)c(Oc%10ccc(C#Cc%11ccccc%11)cc%10)c(F)c9F)cc8)cc7)c(F)c6F)cc5)(C(F)(F)F)C(F)(F)F)cc4)c(F)c3F)cc2)cc1)c1c(F)c(F)c(Oc2ccc(C#Cc3ccccc3)cc2)c(F)c1F,N2,10,10,559
Cc1ccc(-c2ccc(N3C(=O)C4CCC(C(=O)Oc5ccc(OC(=O)C6CCC7C(=O)N(C)C(=O)C7C6)cc5C)CC4C3=O)c(C)c2)cc1C,N2,10,5,396
Cc1ccc(-c2ccc(N3C(=O)C4CCC(C(=O)Oc5ccc(OC(=O)C6CCC7C(=O)N(C)C(=O)C7C6)cc5C)CC4C3=O)c(C)c2)cc1C,air,10,5,379
Cc1ccc(-c2ccc(N3C(=O)C4CCC(C(=O)Oc5ccc(OC(=O)C6CCC7C(=O)N(C)C(=O)C7C6)cc5C)CC4C3=O)cc2C(F)(F)F)c(C(F)(F)F)c1,N2,10,5,427
Cc1ccc(-c2ccc(N3C(=O)C4CCC(C(=O)Oc5ccc(OC(=O)C6CCC7C(=O)N(C)C(=O)C7C6)cc5C)CC4C3=O)cc2C(F)(F)F)c(C(F)(F)F)c1,air,10,5,403
Cc1ccc(Oc2ccc(N3C(=O)C4CCC(C(=O)Oc5ccc(-c6ccc(OC(=O)C7CCC8C(=O)N(C)C(=O)C8C7)cc6)cc5)CC4C3=O)cc2)cc1,N2,10,5,405
Cc1ccc(Oc2ccc(N3C(=O)C4CCC(C(=O)Oc5ccc(-c6ccc(OC(=O)C7CCC8C(=O)N(C)C(=O)C8C7)cc6)cc5)CC4C3=O)cc2)cc1,air,10,5,393
Cc1ccc(-c2ccc(N3C(=O)C4CCC(C(=O)Oc5ccc(-c6ccc(OC(=O)C7CCC8C(=O)N(C)C(=O)C8C7)cc6)cc5)CC4C3=O)c(C)c2)cc1C,N2,10,5,407
Cc1ccc(-c2ccc(N3C(=O)C4CCC(C(=O)Oc5ccc(-c6ccc(OC(=O)C7CCC8C(=O)N(C)C(=O)C8C7)cc6)cc5)CC4C3=O)c(C)c2)cc1C,air,10,5,379
Cc1ccc(-c2ccc(N3C(=O)C4CCC(C(=O)Oc5ccc(-c6ccc(OC(=O)C7CCC8C(=O)N(C)C(=O)C8C7)cc6)cc5)CC4C3=O)cc2C(F)(F)F)c(C(F)(F)F)c1,N2,10,5,423
Cc1ccc(-c2ccc(N3C(=O)C4CCC(C(=O)Oc5ccc(-c6ccc(OC(=O)C7CCC8C(=O)N(C)C(=O)C8C7)cc6)cc5)CC4C3=O)cc2C(F)(F)F)c(C(F)(F)F)c1,air,10,5,401
Cc1ccc(Oc2ccc(S(=O)(=O)c3ccc(Oc4ccc(N5C(=O)C6CCC(C(=O)Oc7ccc(-c8ccc(OC(=O)C9CCC%10C(=O)N(C)C(=O)C%10C9)cc8)cc7)CC6C5=O)cc4)cc3)cc2)cc1,N2,10,5,423
Cc1ccc(Oc2ccc(S(=O)(=O)c3ccc(Oc4ccc(N5C(=O)C6CCC(C(=O)Oc7ccc(-c8ccc(OC(=O)C9CCC%10C(=O)N(C)C(=O)C%10C9)cc8)cc7)CC6C5=O)cc4)cc3)cc2)cc1,air,10,5,384
CC1CCC(CC2CCC(N3C(=O)C4CCC(C(=O)Oc5ccc(-c6ccc(OC(=O)C7CCC8C(=O)N(C)C(=O)C8C7)cc6)cc5)CC4C3=O)CC2)CC1,N2,10,5,417
CC1CCC(CC2CCC(N3C(=O)C4CCC(C(=O)Oc5ccc(-c6ccc(OC(=O)C7CCC8C(=O)N(C)C(=O)C8C7)cc6)cc5)CC4C3=O)CC2)CC1,air,10,5,408
O=C(c1ccc(Oc2ccc(C(=O)c3c(F)c(F)c(Oc4ccc(C5(c6ccc(Oc7c(F)c(F)c(C(=O)c8ccc(Oc9ccc(C(=O)c%10c(F)c(F)c(Oc%11ccc(C#Cc%12ccccc%12)cc%11)c(F)c%10F)cc9)cc8)c(F)c7F)cc6)c6ccccc6-c6ccccc65)cc4)c(F)c3F)cc2)cc1)c1c(F)c(F)c(Oc2ccc(C#Cc3ccccc3)cc2)c(F)c1F,N2,10,10,598
Cc1ccc(N2C(=O)C3CCC(C(=O)Oc4ccc(C5(c6ccc(OC(=O)C7CCC8C(=O)N(C)C(=O)C8C7)cc6)c6ccccc6-c6ccccc65)cc4)CC3C2=O)cc1,N2,10,5,419
Cc1ccc(N2C(=O)C3CCC(C(=O)Oc4ccc(C5(c6ccc(OC(=O)C7CCC8C(=O)N(C)C(=O)C8C7)cc6)c6ccccc6-c6ccccc65)cc4)CC3C2=O)cc1,air,10,5,391
Cc1ccc(Oc2ccc(N3C(=O)C4CCC(C(=O)Oc5ccc(C6(c7ccc(OC(=O)C8CCC9C(=O)N(C)C(=O)C9C8)cc7)c7ccccc7-c7ccccc76)cc5)CC4C3=O)cc2)cc1,N2,10,5,426
Cc1ccc(Oc2ccc(N3C(=O)C4CCC(C(=O)Oc5ccc(C6(c7ccc(OC(=O)C8CCC9C(=O)N(C)C(=O)C9C8)cc7)c7ccccc7-c7ccccc76)cc5)CC4C3=O)cc2)cc1,air,10,5,403
CC1CCC(CC2CCC(N3C(=O)C4CCC(C(=O)Oc5ccc(C6(c7ccc(OC(=O)C8CCC9C(=O)N(C)C(=O)C9C8)cc7)c7ccccc7-c7ccccc76)cc5)CC4C3=O)CC2)CC1,N2,10,5,422
CC1CCC(CC2CCC(N3C(=O)C4CCC(C(=O)Oc5ccc(C6(c7ccc(OC(=O)C8CCC9C(=O)N(C)C(=O)C9C8)cc7)c7ccccc7-c7ccccc76)cc5)CC4C3=O)CC2)CC1,air,10,5,389
Cc1ccc(-c2ccc(N3C(=O)C4CCC(C(=O)OC5CCC(C6CCC(OC(=O)C7CCC8C(=O)N(C)C(=O)C8C7)CC6)CC5)CC4C3=O)cc2C(F)(F)F)c(C(F)(F)F)c1,N2,10,5,346
Cc1ccc(-c2ccc(N3C(=O)C4CCC(C(=O)OC5CCC(C6CCC(OC(=O)C7CCC8C(=O)N(C)C(=O)C8C7)CC6)CC5)CC4C3=O)cc2C(F)(F)F)c(C(F)(F)F)c1,air,10,5,336
Cc1ccc(Oc2ccc(S(=O)(=O)c3ccc(Oc4ccc(N5C(=O)C6CCC(C(=O)OC7CCC(C8CCC(OC(=O)C9CCC%10C(=O)N(C)C(=O)C%10C9)CC8)CC7)CC6C5=O)cc4)cc3)cc2)cc1,N2,10,5,348
Cc1ccc(Oc2ccc(S(=O)(=O)c3ccc(Oc4ccc(N5C(=O)C6CCC(C(=O)OC7CCC(C8CCC(OC(=O)C9CCC%10C(=O)N(C)C(=O)C%10C9)CC8)CC7)CC6C5=O)cc4)cc3)cc2)cc1,air,10,5,341
O=C1c2ccc(C#Cc3ccccc3)cc2C(=O)N1c1ccc(Oc2ccc(-n3c(=O)c4ccc5c(=O)n(-c6ccc(Oc7ccc(N8C(=O)c9ccc(C#Cc%10ccccc%10)cc9C8=O)cc7C(F)(F)F)c(C(F)(F)F)c6)c(=O)c5c4c3=O)cc2C(F)(F)F)c(C(F)(F)F)c1,N2,10,5,550
O=C1c2ccc(C#Cc3ccccc3)cc2C(=O)N1c1ccc(Oc2ccc(-n3c(=O)c4ccc5c(=O)n(-c6ccc(Oc7ccc(N8C(=O)c9ccc(C#Cc%10ccccc%10)cc9C8=O)cc7C(F)(F)F)c(C(F)(F)F)c6)c(=O)c5c4c3=O)cc2C(F)(F)F)c(C(F)(F)F)c1,air,10,5,517
O=C1c2ccc(C#Cc3ccccc3)cc2C(=O)N1c1ccc(-c2ccc(N3C(=O)c4cccc(-c5cccc6c5C(=O)N(c5ccc(-c7ccc(N8C(=O)c9ccc(C#Cc%10ccccc%10)cc9C8=O)cc7C(F)(F)F)c(C(F)(F)F)c5)C6=O)c4C3=O)cc2C(F)(F)F)c(C(F)(F)F)c1,N2,10,5,572
O=C1c2ccc(C#Cc3ccccc3)cc2C(=O)N1c1ccc(-c2ccc(N3C(=O)c4cccc(-c5cccc6c5C(=O)N(c5ccc(-c7ccc(N8C(=O)c9ccc(C#Cc%10ccccc%10)cc9C8=O)cc7C(F)(F)F)c(C(F)(F)F)c5)C6=O)c4C3=O)cc2C(F)(F)F)c(C(F)(F)F)c1,air,10,5,569
Cc1ccc(-c2ccc(N3C(=O)c4ccc(C(=O)Oc5ccc(-c6ccc(OC(=O)c7ccc8c(c7)C(=O)N(C)C8=O)cc6)cc5)cc4C3=O)c(C)c2)cc1C,N2,10,5,472
Cc1ccc(-c2ccc(N3C(=O)c4ccc(C(=O)Oc5ccc(-c6ccc(OC(=O)c7ccc8c(c7)C(=O)N(C)C8=O)cc6)cc5)cc4C3=O)c(C)c2)cc1C,air,10,5,446
Cc1ccc(Oc2ccc(N3C(=O)C4C5C=CC(C6C(=O)N(C)C(=O)C56)C4C3=O)cc2)cc1,N2,10,5,415
Cc1ccc(Oc2ccc(N3C(=O)C4C5C=CC(C6C(=O)N(C)C(=O)C56)C4C3=O)cc2)cc1,air,10,5,330
Cc1ccc(Oc2ccc(N3C(=O)C4C5C=CC(C)(C6C(=O)N(C)C(=O)C56)C4C3=O)cc2)cc1,N2,10,5,395
Cc1ccc(Oc2ccc(N3C(=O)C4C5C=CC(C)(C6C(=O)N(C)C(=O)C56)C4C3=O)cc2)cc1,air,10,5,400
Cc1ccc(Cc2ccc(N3C(=O)C4C5C=CC(C)(C6C(=O)N(C)C(=O)C56)C4C3=O)cc2)cc1,N2,10,5,410
Cc1ccc(Cc2ccc(N3C(=O)C4C5C=CC(C)(C6C(=O)N(C)C(=O)C56)C4C3=O)cc2)cc1,air,10,5,335
Cc1ccc(Cc2ccc(N3C(=O)C4C5C=CC(C6C(=O)N(C)C(=O)C56)C4C3=O)cc2)cc1,N2,10,5,410
Cc1ccc(Cc2ccc(N3C(=O)C4C5C=CC(C6C(=O)N(C)C(=O)C56)C4C3=O)cc2)cc1,air,10,5,385
Cc1cccc(C(=O)c2cccc(N3C(=O)C4C5C=CC(C6C(=O)N(C)C(=O)C56)C4C3=O)c2)c1,N2,10,5,365
Cc1cccc(C(=O)c2cccc(N3C(=O)C4C5C=CC(C6C(=O)N(C)C(=O)C56)C4C3=O)c2)c1,air,10,5,350
Cc1cccc(C(=O)c2cccc(N3C(=O)C4C5C=CC(C)(C6C(=O)N(C)C(=O)C56)C4C3=O)c2)c1,N2,10,5,365
Cc1cccc(C(=O)c2cccc(N3C(=O)C4C5C=CC(C)(C6C(=O)N(C)C(=O)C56)C4C3=O)c2)c1,air,10,5,350
Cc1ccc(S(=O)(=O)c2ccc(N3C(=O)C4C5C=CC(C)(C6C(=O)N(C)C(=O)C56)C4C3=O)cc2)cc1,N2,10,5,372
Cc1ccc(S(=O)(=O)c2ccc(N3C(=O)C4C5C=CC(C)(C6C(=O)N(C)C(=O)C56)C4C3=O)cc2)cc1,air,10,5,338
Cc1ccc(S(=O)(=O)c2ccc(N3C(=O)C4C5C=CC(C6C(=O)N(C)C(=O)C56)C4C3=O)cc2)cc1,N2,10,5,365
Cc1ccc(S(=O)(=O)c2ccc(N3C(=O)C4C5C=CC(C6C(=O)N(C)C(=O)C56)C4C3=O)cc2)cc1,air,10,5,385
O=C1c2ccc(C#Cc3ccccc3)cc2C(=O)N1c1ccc(Oc2ccc(N3C(=O)c4cccc(-c5cccc6c5C(=O)N(c5ccc(Oc7ccc(N8C(=O)c9ccc(C#Cc%10ccccc%10)cc9C8=O)cc7)cc5)C6=O)c4C3=O)cc2)cc1,N2,10,5,550
O=C1c2ccc(C#Cc3ccccc3)cc2C(=O)N1c1ccc(Oc2ccc(N3C(=O)c4cccc(-c5cccc6c5C(=O)N(c5ccc(Oc7ccc(N8C(=O)c9ccc(C#Cc%10ccccc%10)cc9C8=O)cc7)cc5)C6=O)c4C3=O)cc2)cc1,air,10,5,557
Cc1ccc(OC[C@]2(C)CC[C@H](COc3ccc(N4C(=O)c5ccc(Oc6ccc7c(c6)C(=O)N(C)C7=O)cc5C4=O)cc3C(F)(F)F)C2(C)C)c(C(F)(F)F)c1,N2,10,5,420
Cc1ccc(OC[C@]2(C)CC[C@H](COc3ccc(N4C(=O)c5ccc(Oc6ccc7c(c6)C(=O)N(C)C7=O)cc5C4=O)cc3C(F)(F)F)C2(C)C)c(C(F)(F)F)c1,N2,10,10,432
Cc1ccc(OC[C@]2(C)CC[C@H](COc3ccc(N4C(=O)c5ccc(Oc6ccc7c(c6)C(=O)N(C)C7=O)cc5C4=O)cc3C(F)(F)F)C2(C)C)c(C(F)(F)F)c1,air,10,5,369
Cc1ccc(OC[C@]2(C)CC[C@H](COc3ccc(N4C(=O)c5ccc(Oc6ccc7c(c6)C(=O)N(C)C7=O)cc5C4=O)cc3C(F)(F)F)C2(C)C)c(C(F)(F)F)c1,air,10,10,397
Cc1ccc(OC[C@]2(C)CC[C@H](COc3ccc(N4C(=O)c5ccc(-c6ccc7c(c6)C(=O)N(C)C7=O)cc5C4=O)cc3C(F)(F)F)C2(C)C)c(C(F)(F)F)c1,N2,10,5,418
Cc1ccc(OC[C@]2(C)CC[C@H](COc3ccc(N4C(=O)c5ccc(-c6ccc7c(c6)C(=O)N(C)C7=O)cc5C4=O)cc3C(F)(F)F)C2(C)C)c(C(F)(F)F)c1,N2,10,10,430
Cc1ccc(OC[C@]2(C)CC[C@H](COc3ccc(N4C(=O)c5ccc(-c6ccc7c(c6)C(=O)N(C)C7=O)cc5C4=O)cc3C(F)(F)F)C2(C)C)c(C(F)(F)F)c1,air,10,5,360
Cc1ccc(OC[C@]2(C)CC[C@H](COc3ccc(N4C(=O)c5ccc(-c6ccc7c(c6)C(=O)N(C)C7=O)cc5C4=O)cc3C(F)(F)F)C2(C)C)c(C(F)(F)F)c1,air,10,10,377
Cc1ccc(OC[C@]2(C)CC[C@H](COc3ccc(N4C(=O)c5ccc(C(=O)c6ccc7c(c6)C(=O)N(C)C7=O)cc5C4=O)cc3C(F)(F)F)C2(C)C)c(C(F)(F)F)c1,N2,10,5,410
Cc1ccc(OC[C@]2(C)CC[C@H](COc3ccc(N4C(=O)c5ccc(C(=O)c6ccc7c(c6)C(=O)N(C)C7=O)cc5C4=O)cc3C(F)(F)F)C2(C)C)c(C(F)(F)F)c1,N2,10,10,427
Cc1ccc(OC[C@]2(C)CC[C@H](COc3ccc(N4C(=O)c5ccc(C(=O)c6ccc7c(c6)C(=O)N(C)C7=O)cc5C4=O)cc3C(F)(F)F)C2(C)C)c(C(F)(F)F)c1,air,10,5,367
Cc1ccc(OC[C@]2(C)CC[C@H](COc3ccc(N4C(=O)c5ccc(C(=O)c6ccc7c(c6)C(=O)N(C)C7=O)cc5C4=O)cc3C(F)(F)F)C2(C)C)c(C(F)(F)F)c1,air,10,10,392
Cc1ccc(OC[C@]2(C)CC[C@H](COc3ccc(N4C(=O)c5ccc(C(=O)OC[C@]6(C)CC[C@H](COC(=O)c7ccc8c(c7)C(=O)N(C)C8=O)C6(C)C)cc5C4=O)cc3C(F)(F)F)C2(C)C)c(C(F)(F)F)c1,N2,10,5,374
Cc1ccc(OC[C@]2(C)CC[C@H](COc3ccc(N4C(=O)c5ccc(C(=O)OC[C@]6(C)CC[C@H](COC(=O)c7ccc8c(c7)C(=O)N(C)C8=O)C6(C)C)cc5C4=O)cc3C(F)(F)F)C2(C)C)c(C(F)(F)F)c1,N2,10,10,380
Cc1ccc(OC[C@]2(C)CC[C@H](COc3ccc(N4C(=O)c5ccc(C(=O)OC[C@]6(C)CC[C@H](COC(=O)c7ccc8c(c7)C(=O)N(C)C8=O)C6(C)C)cc5C4=O)cc3C(F)(F)F)C2(C)C)c(C(F)(F)F)c1,air,10,5,360
Cc1ccc(OC[C@]2(C)CC[C@H](COc3ccc(N4C(=O)c5ccc(C(=O)OC[C@]6(C)CC[C@H](COC(=O)c7ccc8c(c7)C(=O)N(C)C8=O)C6(C)C)cc5C4=O)cc3C(F)(F)F)C2(C)C)c(C(F)(F)F)c1,air,10,10,369
Cc1ccc(Oc2ccc(Oc3ccc(N4C(=O)c5ccc(C(=O)c6ccc7c(c6)C(=O)N(C)C7=O)cc5C4=O)cc3)cc2)cc1,N2,10,5,464
Cc1ccc(Oc2ccc(Oc3ccc(N4C(=O)c5ccc(C(=O)c6ccc7c(c6)C(=O)N(C)C7=O)cc5C4=O)cc3)cc2)cc1,N2,10,10,541
Cc1ccc(Oc2ccc(Oc3ccc(N4C(=O)c5ccc(C(=O)c6ccc7c(c6)C(=O)N(C)C7=O)cc5C4=O)cc3)cc2)cc1,air,10,5,486
Cc1ccc(Oc2ccc(Oc3ccc(N4C(=O)c5ccc(C(=O)c6ccc7c(c6)C(=O)N(C)C7=O)cc5C4=O)cc3)cc2)cc1,air,10,10,521
Cc1ccc(Oc2ccc(Oc3ccc(N4C(=O)c5ccc(Oc6ccc7c(c6)C(=O)N(C)C7=O)cc5C4=O)cc3)cc2)cc1,N2,10,5,527
Cc1ccc(Oc2ccc(Oc3ccc(N4C(=O)c5ccc(Oc6ccc7c(c6)C(=O)N(C)C7=O)cc5C4=O)cc3)cc2)cc1,N2,10,10,555
Cc1ccc(Oc2ccc(Oc3ccc(N4C(=O)c5ccc(Oc6ccc7c(c6)C(=O)N(C)C7=O)cc5C4=O)cc3)cc2)cc1,air,10,5,507
Cc1ccc(Oc2ccc(Oc3ccc(N4C(=O)c5ccc(Oc6ccc7c(c6)C(=O)N(C)C7=O)cc5C4=O)cc3)cc2)cc1,air,10,10,547
Cc1ccc(Oc2ccc(Oc3ccc(N4C(=O)c5ccc(-c6ccc7c(c6)C(=O)N(C)C7=O)cc5C4=O)cc3)cc2)cc1,N2,10,5,558
Cc1ccc(Oc2ccc(Oc3ccc(N4C(=O)c5ccc(-c6ccc7c(c6)C(=O)N(C)C7=O)cc5C4=O)cc3)cc2)cc1,N2,10,10,577
Cc1ccc(Oc2ccc(Oc3ccc(N4C(=O)c5ccc(-c6ccc7c(c6)C(=O)N(C)C7=O)cc5C4=O)cc3)cc2)cc1,air,10,5,521
Cc1ccc(Oc2ccc(Oc3ccc(N4C(=O)c5ccc(-c6ccc7c(c6)C(=O)N(C)C7=O)cc5C4=O)cc3)cc2)cc1,air,10,10,556
Cc1ccc(Oc2ccc(Oc3ccc(N4C(=O)c5ccc(C(=O)OC[C@]6(C)CC[C@H](COC(=O)c7ccc8c(c7)C(=O)N(C)C8=O)C6(C)C)cc5C4=O)cc3)cc2)cc1,N2,10,5,368
Cc1ccc(Oc2ccc(Oc3ccc(N4C(=O)c5ccc(C(=O)OC[C@]6(C)CC[C@H](COC(=O)c7ccc8c(c7)C(=O)N(C)C8=O)C6(C)C)cc5C4=O)cc3)cc2)cc1,N2,10,10,377
Cc1ccc(Oc2ccc(Oc3ccc(N4C(=O)c5ccc(C(=O)OC[C@]6(C)CC[C@H](COC(=O)c7ccc8c(c7)C(=O)N(C)C8=O)C6(C)C)cc5C4=O)cc3)cc2)cc1,air,10,5,367
Cc1ccc(Oc2ccc(Oc3ccc(N4C(=O)c5ccc(C(=O)OC[C@]6(C)CC[C@H](COC(=O)c7ccc8c(c7)C(=O)N(C)C8=O)C6(C)C)cc5C4=O)cc3)cc2)cc1,air,10,10,375
Cc1ccc(-c2ccc(N3C(=O)c4ccc(C(=O)Nc5ccc(-c6ccc(NC(=O)c7ccc8c(c7)C(=O)N(C)C8=O)cc6C(F)(F)F)c(C(F)(F)F)c5)cc4C3=O)cc2C(F)(F)F)c(C(F)(F)F)c1,N2,10,5,476
Cc1ccc(-c2ccc(N3C(=O)c4ccc(C(=O)Nc5ccc(-c6ccc(NC(=O)c7ccc8c(c7)C(=O)N(C)C8=O)cc6C(F)(F)F)c(C(F)(F)F)c5)cc4C3=O)cc2C(F)(F)F)c(C(F)(F)F)c1,air,10,5,470
O=C1c2ccc(C#Cc3ccccc3)cc2C(=O)N1c1ccc(C2(c3ccc(N4C(=O)c5cccc(-c6cccc7c6C(=O)N(c6ccc(C8(c9ccc(N%10C(=O)c%11ccc(C#Cc%12ccccc%12)cc%11C%10=O)cc9)c9ccccc9-c9ccccc98)cc6)C7=O)c5C4=O)cc3)c3ccccc3-c3ccccc32)cc1,N2,10,5,567
O=C1c2ccc(C#Cc3ccccc3)cc2C(=O)N1c1ccc(C2(c3ccc(N4C(=O)c5cccc(-c6cccc7c6C(=O)N(c6ccc(C8(c9ccc(N%10C(=O)c%11ccc(C#Cc%12ccccc%12)cc%11C%10=O)cc9)c9ccccc9-c9ccccc98)cc6)C7=O)c5C4=O)cc3)c3ccccc3-c3ccccc32)cc1,air,10,5,563
Cc1ccc(-c2ccc(N3C(=O)c4ccc(C(=O)Nc5ccc(-c6ccc(NC(=O)c7ccc8c(c7)C(=O)N(C)C8=O)c(C(F)(F)F)c6)cc5C(F)(F)F)cc4C3=O)cc2C(F)(F)F)c(C(F)(F)F)c1,N2,10,5,418
Cc1ccc(-c2ccc(N3C(=O)c4ccc(C(=O)Nc5ccc(-c6ccc(NC(=O)c7ccc8c(c7)C(=O)N(C)C8=O)c(C(F)(F)F)c6)cc5C(F)(F)F)cc4C3=O)cc2C(F)(F)F)c(C(F)(F)F)c1,air,10,5,416
Cc1ccc(-c2ccc(N3C(=O)c4ccc(C(=O)Nc5ccc(-c6ccc(NC(=O)c7ccc8c(c7)C(=O)N(C)C8=O)cc6C)c(C)c5)cc4C3=O)cc2C(F)(F)F)c(C(F)(F)F)c1,N2,10,5,450
Cc1ccc(-c2ccc(N3C(=O)c4ccc(C(=O)Nc5ccc(-c6ccc(NC(=O)c7ccc8c(c7)C(=O)N(C)C8=O)cc6C)c(C)c5)cc4C3=O)cc2C(F)(F)F)c(C(F)(F)F)c1,air,10,5,461
Cc1ccc(-c2ccc(N3C(=O)c4ccc(C(=O)Nc5cc(Cl)c(-c6cc(Cl)c(NC(=O)c7ccc8c(c7)C(=O)N(C)C8=O)cc6Cl)cc5Cl)cc4C3=O)cc2C(F)(F)F)c(C(F)(F)F)c1,N2,10,5,457
Cc1ccc(-c2ccc(N3C(=O)c4ccc(C(=O)Nc5cc(Cl)c(-c6cc(Cl)c(NC(=O)c7ccc8c(c7)C(=O)N(C)C8=O)cc6Cl)cc5Cl)cc4C3=O)cc2C(F)(F)F)c(C(F)(F)F)c1,air,10,5,449
Cc1ccc(-c2ccc(N3C(=O)c4ccc(C(=O)Nc5ccc(NC(=O)c6ccc7c(c6)C(=O)N(C)C7=O)c(C(F)(F)F)c5)cc4C3=O)cc2C(F)(F)F)c(C(F)(F)F)c1,N2,10,5,419
Cc1ccc(-c2ccc(N3C(=O)c4ccc(C(=O)Nc5ccc(NC(=O)c6ccc7c(c6)C(=O)N(C)C7=O)c(C(F)(F)F)c5)cc4C3=O)cc2C(F)(F)F)c(C(F)(F)F)c1,air,10,5,418
O=C(Cl)c1ccc2c(c1)C(=O)N(c1ccc(-c3ccc(N4C(=O)c5ccc(C(=O)Cl)cc5C4=O)cc3C(F)(F)F)c(C(F)(F)F)c1)C2=O,N2,10,5,428
O=C(Cl)c1ccc2c(c1)C(=O)N(c1ccc(-c3ccc(N4C(=O)c5ccc(C(=O)Cl)cc5C4=O)cc3C(F)(F)F)c(C(F)(F)F)c1)C2=O,air,10,5,426
Cc1ccc(-c2ccc(N3C(=O)c4ccc(C(=O)Oc5ccc(-c6ccc(OC(=O)c7ccc8c(c7)C(=O)N(C)C8=O)cc6C(F)(F)F)c(C(F)(F)F)c5)cc4C3=O)cc2C(F)(F)F)c(C(F)(F)F)c1,N2,10,5,449
Cc1ccc(-c2ccc(N3C(=O)c4ccc(C(=O)Oc5ccc(-c6ccc(OC(=O)c7ccc8c(c7)C(=O)N(C)C8=O)cc6C(F)(F)F)c(C(F)(F)F)c5)cc4C3=O)cc2C(F)(F)F)c(C(F)(F)F)c1,air,10,5,435
Cc1ccc(Oc2ccc3c(c2)Cc2cc(Oc4ccc(N5C(=O)c6ccc(-c7ccc8c(c7)C(=O)N(C)C8=O)cc6C5=O)cc4C(F)(F)F)ccc2C32c3ccccc3-c3ccccc32)c(C(F)(F)F)c1,N2,10,5,570
Cc1ccc(Oc2ccc3c(c2)Cc2cc(Oc4ccc(N5C(=O)c6ccc(-c7ccc8c(c7)C(=O)N(C)C8=O)cc6C5=O)cc4C(F)(F)F)ccc2C32c3ccccc3-c3ccccc32)c(C(F)(F)F)c1,N2,10,10,594
Cc1ccc(Oc2ccc3c(c2)Cc2cc(Oc4ccc(N5C(=O)c6ccc(-c7ccc8c(c7)C(=O)N(C)C8=O)cc6C5=O)cc4C(F)(F)F)ccc2C32c3ccccc3-c3ccccc32)c(C(F)(F)F)c1,air,10,5,546
Cc1ccc(Oc2ccc3c(c2)Cc2cc(Oc4ccc(N5C(=O)c6ccc(-c7ccc8c(c7)C(=O)N(C)C8=O)cc6C5=O)cc4C(F)(F)F)ccc2C32c3ccccc3-c3ccccc32)c(C(F)(F)F)c1,air,10,10,572
Cc1ccc(Oc2ccc3c(c2)Cc2cc(Oc4ccc(N5C(=O)c6ccc(C(=O)c7ccc8c(c7)C(=O)N(C)C8=O)cc6C5=O)cc4C(F)(F)F)ccc2C32c3ccccc3-c3ccccc32)c(C(F)(F)F)c1,N2,10,5,548
Cc1ccc(Oc2ccc3c(c2)Cc2cc(Oc4ccc(N5C(=O)c6ccc(C(=O)c7ccc8c(c7)C(=O)N(C)C8=O)cc6C5=O)cc4C(F)(F)F)ccc2C32c3ccccc3-c3ccccc32)c(C(F)(F)F)c1,N2,10,10,574
Cc1ccc(Oc2ccc3c(c2)Cc2cc(Oc4ccc(N5C(=O)c6ccc(C(=O)c7ccc8c(c7)C(=O)N(C)C8=O)cc6C5=O)cc4C(F)(F)F)ccc2C32c3ccccc3-c3ccccc32)c(C(F)(F)F)c1,air,10,5,531
Cc1ccc(Oc2ccc3c(c2)Cc2cc(Oc4ccc(N5C(=O)c6ccc(C(=O)c7ccc8c(c7)C(=O)N(C)C8=O)cc6C5=O)cc4C(F)(F)F)ccc2C32c3ccccc3-c3ccccc32)c(C(F)(F)F)c1,air,10,10,561
Cc1ccc(Oc2ccc3c(c2)Cc2cc(Oc4ccc(N5C(=O)c6ccc(Oc7ccc8c(c7)C(=O)N(C)C8=O)cc6C5=O)cc4C(F)(F)F)ccc2C32c3ccccc3-c3ccccc32)c(C(F)(F)F)c1,N2,10,5,543
Cc1ccc(Oc2ccc3c(c2)Cc2cc(Oc4ccc(N5C(=O)c6ccc(Oc7ccc8c(c7)C(=O)N(C)C8=O)cc6C5=O)cc4C(F)(F)F)ccc2C32c3ccccc3-c3ccccc32)c(C(F)(F)F)c1,N2,10,10,561
Cc1ccc(Oc2ccc3c(c2)Cc2cc(Oc4ccc(N5C(=O)c6ccc(Oc7ccc8c(c7)C(=O)N(C)C8=O)cc6C5=O)cc4C(F)(F)F)ccc2C32c3ccccc3-c3ccccc32)c(C(F)(F)F)c1,air,10,5,531
Cc1ccc(Oc2ccc3c(c2)Cc2cc(Oc4ccc(N5C(=O)c6ccc(Oc7ccc8c(c7)C(=O)N(C)C8=O)cc6C5=O)cc4C(F)(F)F)ccc2C32c3ccccc3-c3ccccc32)c(C(F)(F)F)c1,air,10,10,549
Cc1ccc(Oc2ccc3c(c2)Cc2cc(Oc4ccc(N5C(=O)c6ccc(C(c7ccc8c(c7)C(=O)N(C)C8=O)(C(F)(F)F)C(F)(F)F)cc6C5=O)cc4C(F)(F)F)ccc2C32c3ccccc3-c3ccccc32)c(C(F)(F)F)c1,N2,10,5,549
Cc1ccc(Oc2ccc3c(c2)Cc2cc(Oc4ccc(N5C(=O)c6ccc(C(c7ccc8c(c7)C(=O)N(C)C8=O)(C(F)(F)F)C(F)(F)F)cc6C5=O)cc4C(F)(F)F)ccc2C32c3ccccc3-c3ccccc32)c(C(F)(F)F)c1,N2,10,10,576
Cc1ccc(Oc2ccc3c(c2)Cc2cc(Oc4ccc(N5C(=O)c6ccc(C(c7ccc8c(c7)C(=O)N(C)C8=O)(C(F)(F)F)C(F)(F)F)cc6C5=O)cc4C(F)(F)F)ccc2C32c3ccccc3-c3ccccc32)c(C(F)(F)F)c1,air,10,5,534
Cc1ccc(Oc2ccc3c(c2)Cc2cc(Oc4ccc(N5C(=O)c6ccc(C(c7ccc8c(c7)C(=O)N(C)C8=O)(C(F)(F)F)C(F)(F)F)cc6C5=O)cc4C(F)(F)F)ccc2C32c3ccccc3-c3ccccc32)c(C(F)(F)F)c1,air,10,10,560
CNc1ccc(Oc2ccc(NC(=O)c3ccc(C(C)=O)cc3)cc2-c2cc(F)c(F)c(F)c2)c(-c2cc(F)c(F)c(F)c2)c1,N2,10,5,456
CNc1ccc(Oc2ccc(NC(=O)c3ccc(C(C)=O)cc3)cc2-c2cc(F)c(F)c(F)c2)c(-c2cc(F)c(F)c(F)c2)c1,N2,10,10,467
CNc1ccc(Oc2ccc(NC(=O)c3cccc(C(C)=O)c3)cc2-c2cc(F)c(F)c(F)c2)c(-c2cc(F)c(F)c(F)c2)c1,N2,10,5,451
CNc1ccc(Oc2ccc(NC(=O)c3cccc(C(C)=O)c3)cc2-c2cc(F)c(F)c(F)c2)c(-c2cc(F)c(F)c(F)c2)c1,N2,10,10,464
CNc1ccc(Oc2ccc(NC(=O)c3ccc(C(C)=O)cn3)cc2-c2cc(F)c(F)c(F)c2)c(-c2cc(F)c(F)c(F)c2)c1,N2,10,5,460
CNc1ccc(Oc2ccc(NC(=O)c3ccc(C(C)=O)cn3)cc2-c2cc(F)c(F)c(F)c2)c(-c2cc(F)c(F)c(F)c2)c1,N2,10,10,471
CNc1ccc(Oc2ccc(NC(=O)c3cccc(C(C)=O)n3)cc2-c2cc(F)c(F)c(F)c2)c(-c2cc(F)c(F)c(F)c2)c1,N2,10,5,456
CNc1ccc(Oc2ccc(NC(=O)c3cccc(C(C)=O)n3)cc2-c2cc(F)c(F)c(F)c2)c(-c2cc(F)c(F)c(F)c2)c1,N2,10,10,468
CNc1ccc(Oc2ccc(NC(=O)c3cccc(C(C)=O)c3)cc2-c2ccccc2)c(-c2ccccc2)c1,N2,10,5,443
CNc1ccc(Oc2ccc(NC(=O)c3cccc(C(C)=O)c3)cc2-c2ccccc2)c(-c2ccccc2)c1,N2,10,10,452
CNc1ccc(Oc2ccc(NC(=O)c3cccc(C(C)=O)c3)cc2)cc1,N2,10,5,448
CNc1ccc(Oc2ccc(NC(=O)c3cccc(C(C)=O)c3)cc2)cc1,N2,10,10,515
CC(C)(C)c1cc(-c2nnc(-c3ccc(N4C(=O)C=CC4=O)cc3)o2)cc(-c2nnc(-c3ccc(N4C(=O)C=CC4=O)cc3)o2)c1,N2,10,5,453.8
CC(C)(C)c1cc(-c2nnc(-c3ccc(N4C(=O)C=CC4=O)cc3)o2)cc(-c2nnc(-c3ccc(N4C(=O)C=CC4=O)cc3)o2)c1,air,10,5,400.6
CNc1ccc(Oc2ccc(NC(=O)c3cccc(C(C)=O)c3)cc2-c2ccc(Oc3ccccc3)cc2)c(-c2ccc(Oc3ccccc3)cc2)c1,N2,10,10,525
CNc1ccc(Oc2ccc(-n3c(=O)c4cc5c(=O)n(C)c(=O)c5cc4c3=O)cc2-c2ccccc2)c(-c2ccccc2)c1,N2,10,10,622
Cc1cc(Oc2c(F)c(F)c(-c3c(F)c(F)c(Oc4cc(C)c(N5C(=O)c6ccc(C(c7ccc8c(c7)C(=O)N(C)C8=O)(C(F)(F)F)C(F)(F)F)cc6C5=O)c(C)c4)c(F)c3F)c(F)c2F)cc(C)c1C,N2,10,5,481
Cc1cc(Oc2c(F)c(F)c(-c3c(F)c(F)c(Oc4cc(C)c(N5C(=O)c6ccc(C(c7ccc8c(c7)C(=O)N(C)C8=O)(C(F)(F)F)C(F)(F)F)cc6C5=O)c(C)c4)c(F)c3F)c(F)c2F)cc(C)c1C,N2,10,10,507
Cc1cc(Oc2c(F)c(F)c(-c3c(F)c(F)c(Oc4cc(C)c(-n5c(=O)c6cc7c(=O)n(C)c(=O)c7cc6c5=O)c(C)c4)c(F)c3F)c(F)c2F)cc(C)c1C,N2,10,5,478
Cc1cc(Oc2c(F)c(F)c(-c3c(F)c(F)c(Oc4cc(C)c(-n5c(=O)c6cc7c(=O)n(C)c(=O)c7cc6c5=O)c(C)c4)c(F)c3F)c(F)c2F)cc(C)c1C,N2,10,10,518
Cc1cc(Oc2c(F)c(F)c(-c3c(F)c(F)c(Oc4cc(C)c(N5C(=O)c6ccc(-c7ccc8c(c7)C(=O)N(C)C8=O)cc6C5=O)c(C)c4)c(F)c3F)c(F)c2F)cc(C)c1C,N2,10,5,484
Cc1cc(Oc2c(F)c(F)c(-c3c(F)c(F)c(Oc4cc(C)c(N5C(=O)c6ccc(-c7ccc8c(c7)C(=O)N(C)C8=O)cc6C5=O)c(C)c4)c(F)c3F)c(F)c2F)cc(C)c1C,N2,10,10,522
Cc1cc(Oc2c(F)c(F)c(-c3c(F)c(F)c(Oc4cc(C)c(N5C(=O)c6ccc(Oc7ccc8c(c7)C(=O)N(C)C8=O)cc6C5=O)c(C)c4)c(F)c3F)c(F)c2F)cc(C)c1C,N2,10,5,480
Cc1cc(Oc2c(F)c(F)c(-c3c(F)c(F)c(Oc4cc(C)c(N5C(=O)c6ccc(Oc7ccc8c(c7)C(=O)N(C)C8=O)cc6C5=O)c(C)c4)c(F)c3F)c(F)c2F)cc(C)c1C,N2,10,10,527
Cc1ccc(Oc2c(F)c(F)c(-c3c(F)c(F)c(Oc4ccc(-n5c(=O)c6cc7c(=O)n(C)c(=O)c7cc6c5=O)cc4)c(F)c3F)c(F)c2F)cc1,N2,10,5,559
Cc1ccc(Oc2c(F)c(F)c(-c3c(F)c(F)c(Oc4ccc(-n5c(=O)c6cc7c(=O)n(C)c(=O)c7cc6c5=O)cc4)c(F)c3F)c(F)c2F)cc1,N2,10,10,592
Cc1ccc2oc(-c3ccc(-n4c(=O)c5cc6c(=O)n(C)c(=O)c6cc5c4=O)cc3)nc2c1,N2,10,5,565
Cc1ccc2oc(-c3ccc(-n4c(=O)c5cc6c(=O)n(C)c(=O)c6cc5c4=O)cc3)nc2c1,air,10,5,547
C[Si](C)(c1ccc(-c2nnc(-c3ccc(N4C(=O)C=CC4=O)cc3)o2)cc1)c1ccc(-c2nnc(-c3ccc(N4C(=O)C=CC4=O)cc3)o2)cc1,N2,10,5,461.5
C[Si](C)(c1ccc(-c2nnc(-c3ccc(N4C(=O)C=CC4=O)cc3)o2)cc1)c1ccc(-c2nnc(-c3ccc(N4C(=O)C=CC4=O)cc3)o2)cc1,air,10,5,415.6
Cc1ccc2oc(-c3ccc(N4C(=O)c5ccc(-c6ccc7c(c6)C(=O)N(C)C7=O)cc5C4=O)cc3)nc2c1,N2,10,5,579
Cc1ccc2oc(-c3ccc(-n4c(=O)c5cc6cc7c(=O)n(C)c(=O)c7cc6cc5c4=O)cc3)nc2c1,N2,10,5,601
Cc1ccc2oc(-c3ccc(-n4c(=O)c5cc6cc7c(=O)n(C)c(=O)c7cc6cc5c4=O)cc3)nc2c1,air,10,5,575
Cc1ccc2nc(-c3ccc(-n4c(=O)c5cc6c(=O)n(C)c(=O)c6cc5c4=O)cc3)oc2c1,N2,10,5,557
Cc1ccc2nc(-c3ccc(N4C(=O)c5ccc(-c6ccc7c(c6)C(=O)N(C)C7=O)cc5C4=O)cc3)oc2c1,N2,10,5,572
Cc1ccc(-c2nc3ccc(-c4ccc5nc(-c6ccc(-n7c(=O)c8cc9c(=O)n(C)c(=O)c9cc8c7=O)cc6)oc5c4)cc3o2)cc1,N2,10,5,576
Cc1ccc(-c2nc3ccc(-c4ccc5nc(-c6ccc(-n7c(=O)c8cc9c(=O)n(C)c(=O)c9cc8c7=O)cc6)oc5c4)cc3o2)cc1,air,10,5,549
Cc1ccc(-c2nc3ccc(-c4ccc5nc(-c6ccc(N7C(=O)c8ccc(-c9ccc%10c(c9)C(=O)N(C)C%10=O)cc8C7=O)cc6)oc5c4)cc3o2)cc1,N2,10,5,592
Cc1ccc(-c2nc3ccc(-c4ccc5nc(-c6ccc(N7C(=O)c8ccc(-c9ccc%10c(c9)C(=O)N(C)C%10=O)cc8C7=O)cc6)oc5c4)cc3o2)cc1,air,10,5,567
Cc1ccc(-c2nc3ccc(-c4ccc5nc(-c6ccc(-n7c(=O)c8cc9cc%10c(=O)n(C)c(=O)c%10cc9cc8c7=O)cc6)oc5c4)cc3o2)cc1,N2,10,5,603
Cc1ccc(-c2nc3ccc(-c4ccc5nc(-c6ccc(-n7c(=O)c8cc9cc%10c(=O)n(C)c(=O)c%10cc9cc8c7=O)cc6)oc5c4)cc3o2)cc1,air,10,5,592
C[Si](C)(c1ccc(OC(=O)c2ccc(N3C(=O)C=CC3=O)cc2)cc1)c1ccc(OC(=O)c2ccc(N3C(=O)C=CC3=O)cc2)cc1,N2,10,5,453.5
C[Si](C)(c1ccc(OC(=O)c2ccc(N3C(=O)C=CC3=O)cc2)cc1)c1ccc(OC(=O)c2ccc(N3C(=O)C=CC3=O)cc2)cc1,air,10,5,427.5
Cc1ccc(-c2nc3cc4nc(-c5ccc(N6C(=O)c7ccc(-c8ccc9c(c8)C(=O)N(C)C9=O)cc7C6=O)cc5)oc4cc3o2)cc1,N2,10,5,594
CNc1ccc(-c2sc(-c3ccc(NC(=O)c4ccc(C(C)=O)cc4)cc3)c(-c3ccccc3)c2-c2ccccc2)cc1,air,10,10,500
CNc1ccc(-c2c(-c3ccccc3)sc(-c3ccccc3)c2-c2ccc(NC(=O)c3ccc(C(C)=O)cc3)cc2)cc1,air,10,10,510
CNc1ccc(-c2c(-c3ccccc3)oc(-c3ccccc3)c2-c2ccc(NC(=O)c3ccc(C(C)=O)cc3)cc2)cc1,air,10,10,410
CNc1ccc(-c2c(-c3ccccc3)[nH]c(-c3ccccc3)c2-c2ccc(NC(=O)c3ccc(C(C)=O)cc3)cc2)cc1,air,10,10,450
CNc1ccc(-n2c(-c3ccccc3)c(-c3ccccc3)n(-c3ccc(NC(=O)c4ccc(C(C)=O)cc4)cc3)c2=O)cc1,air,10,10,420
C[Si](C)(c1ccc(C(=O)Oc2ccc(N3C(=O)C=CC3=O)cc2)cc1)c1ccc(C(=O)Oc2ccc(N3C(=O)C=CC3=O)cc2)cc1,N2,10,5,475.8
C[Si](C)(c1ccc(C(=O)Oc2ccc(N3C(=O)C=CC3=O)cc2)cc1)c1ccc(C(=O)Oc2ccc(N3C(=O)C=CC3=O)cc2)cc1,air,10,5,444.5
CNc1ccc(/C(=C(\c2ccccc2)c2ccc(NC(=O)c3ccc(C(C)=O)cc3)cc2)c2ccccc2)cc1,air,10,10,500
CNc1ccc(C(=C(c2ccccc2)c2ccccc2)c2ccc(NC(=O)c3ccc(C(C)=O)cc3)cc2)cc1,air,10,10,480
CNc1ccc(N(c2ccccc2)c2ccc(NC(=O)c3ccc(C(C)=O)cc3)cc2)cc1,air,10,10,455
CNc1ccc(P(c2ccccc2)c2ccc(NC(=O)c3ccc(C(C)=O)cc3)cc2)cc1,air,10,10,425
O=C1c2ccc(C#Cc3ccccc3)cc2C(=O)N1c1ccc(Oc2cccc(N3C(=O)c4ccc(C(c5ccccc5)(c5ccc6c(c5)C(=O)N(c5ccc(Oc7cccc(N8C(=O)c9ccc(C#Cc%10ccccc%10)cc9C8=O)c7)cc5)C6=O)C(F)(F)F)cc4C3=O)c2)cc1,air,10,0,475
O=C1c2ccc(C#Cc3ccccc3)cc2C(=O)N1c1ccc(Oc2cccc(N3C(=O)c4ccc(C(c5ccccc5)(c5ccc6c(c5)C(=O)N(c5ccc(Oc7cccc(N8C(=O)c9ccc(C#Cc%10ccccc%10)cc9C8=O)c7)cc5)C6=O)C(F)(F)F)cc4C3=O)c2)cc1,air,10,5,497
O=C1c2ccc(C#Cc3ccccc3)cc2C(=O)N1c1ccc(Oc2cccc(N3C(=O)c4ccc(C(c5ccccc5)(c5ccc6c(c5)C(=O)N(c5ccc(Oc7cccc(N8C(=O)c9ccc(C#Cc%10ccccc%10)cc9C8=O)c7)cc5)C6=O)C(F)(F)F)cc4C3=O)c2)cc1,air,10,10,524
Cc1ccc(-c2sc(-c3ccc(N4C(=O)c5ccc(-c6ccc7c(c6)C(=O)N(C)C7=O)cc5C4=O)cc3)c(-c3ccccc3)c2-c2ccccc2)cc1,air,10,10,535
Cc1ccc(-c2c(-c3ccccc3)sc(-c3ccccc3)c2-c2ccc(N3C(=O)c4ccc(-c5ccc6c(c5)C(=O)N(C)C6=O)cc4C3=O)cc2)cc1,air,10,10,625
Cc1ccc(-c2c(-c3ccccc3)oc(-c3ccccc3)c2-c2ccc(N3C(=O)c4ccc(-c5ccc6c(c5)C(=O)N(C)C6=O)cc4C3=O)cc2)cc1,air,10,10,505
Cc1ccc(-c2c(-c3ccccc3)[nH]c(-c3ccccc3)c2-c2ccc(N3C(=O)c4ccc(-c5ccc6c(c5)C(=O)N(C)C6=O)cc4C3=O)cc2)cc1,air,10,10,540
Cc1ccc(-n2c(-c3ccccc3)c(-c3ccccc3)n(-c3ccc(N4C(=O)c5ccc(-c6ccc7c(c6)C(=O)N(C)C7=O)cc5C4=O)cc3)c2=O)cc1,air,10,10,535
C[Si](C)(c1ccc(C(=O)Oc2ccc(N3C(=O)C=CC3=O)cc2)cc1)c1ccc(C(=O)Oc2ccc(N3C(=O)CC(Nc4ccc(Oc5ccc(NC6CC(=O)N(c7ccc(OC(=O)c8ccc([Si](C)(C)c9ccc(C(=O)Oc%10ccc(N%11C(=O)C=CC%11=O)cc%10)cc9)cc8)cc7)C6=O)cc5)cc4)C3=O)cc2)cc1,N2,10,5,355.4
C[Si](C)(c1ccc(C(=O)Oc2ccc(N3C(=O)C=CC3=O)cc2)cc1)c1ccc(C(=O)Oc2ccc(N3C(=O)CC(Nc4ccc(Oc5ccc(NC6CC(=O)N(c7ccc(OC(=O)c8ccc([Si](C)(C)c9ccc(C(=O)Oc%10ccc(N%11C(=O)C=CC%11=O)cc%10)cc9)cc8)cc7)C6=O)cc5)cc4)C3=O)cc2)cc1,air,10,5,360.3
Cc1ccc(/C(=C(\c2ccccc2)c2ccc(N3C(=O)c4ccc(-c5ccc6c(c5)C(=O)N(C)C6=O)cc4C3=O)cc2)c2ccccc2)cc1,air,10,10,555
Cc1ccc(C(=C(c2ccccc2)c2ccccc2)c2ccc(N3C(=O)c4ccc(-c5ccc6c(c5)C(=O)N(C)C6=O)cc4C3=O)cc2)cc1,air,10,10,550
Cc1ccc(P(c2ccccc2)c2ccc(N3C(=O)c4ccc(-c5ccc6c(c5)C(=O)N(C)C6=O)cc4C3=O)cc2)cc1,air,10,10,515
CNc1ccc(Oc2ccccc2-c2ccccc2Oc2ccc(NC(=O)c3ccc(C(C)=O)cc3)cc2)cc1,air,10,10,445
O=C1c2ccc(C#Cc3ccccc3)cc2C(=O)N1c1ccc(Oc2ccc(N3C(=O)c4ccc(C(c5ccccc5)(c5ccc6c(c5)C(=O)N(c5ccc(Oc7ccc(N8C(=O)c9ccc(C#Cc%10ccccc%10)cc9C8=O)cc7)cc5)C6=O)C(F)(F)F)cc4C3=O)cc2)cc1,air,10,0,505
O=C1c2ccc(C#Cc3ccccc3)cc2C(=O)N1c1ccc(Oc2ccc(N3C(=O)c4ccc(C(c5ccccc5)(c5ccc6c(c5)C(=O)N(c5ccc(Oc7ccc(N8C(=O)c9ccc(C#Cc%10ccccc%10)cc9C8=O)cc7)cc5)C6=O)C(F)(F)F)cc4C3=O)cc2)cc1,air,10,5,522
O=C1c2ccc(C#Cc3ccccc3)cc2C(=O)N1c1ccc(Oc2ccc(N3C(=O)c4ccc(C(c5ccccc5)(c5ccc6c(c5)C(=O)N(c5ccc(Oc7ccc(N8C(=O)c9ccc(C#Cc%10ccccc%10)cc9C8=O)cc7)cc5)C6=O)C(F)(F)F)cc4C3=O)cc2)cc1,air,10,10,534
CNc1ccc(Oc2ccccc2-c2ccccc2Oc2ccc(NC(=O)c3ccc(S(=O)(=O)c4ccc(C(C)=O)cc4)cc3)cc2)cc1,air,10,10,500
CNc1ccc(Oc2ccc3ccccc3c2-c2c(Oc3ccc(NC(=O)c4ccc(S(=O)(=O)c5ccc(C(C)=O)cc5)cc4)cc3)ccc3ccccc23)cc1,air,10,10,480
CNc1ccc(Oc2ccc3ccccc3c2-c2c(Oc3ccc(NC(=O)c4ccc(C(C)=O)cc4)cc3)ccc3ccccc23)cc1,air,10,10,510
CNc1ccc(-c2ccccc2-c2ccccc2-c2ccc(NC(=O)c3ccc(C(C)=O)cc3)cc2)cc1,air,10,10,505
C[Si](C)(c1ccc(OC(=O)c2ccc(N3C(=O)C=CC3=O)cc2)cc1)c1ccc(C(=O)Oc2ccc(N3C(=O)CC(Nc4ccc(Oc5ccc(NC6CC(=O)N(c7ccc(OC(=O)c8ccc([Si](C)(C)c9ccc(OC(=O)c%10ccc(N%11C(=O)C=CC%11=O)cc%10)cc9)cc8)cc7)C6=O)cc5)cc4)C3=O)cc2)cc1,N2,10,5,343.5
C[Si](C)(c1ccc(OC(=O)c2ccc(N3C(=O)C=CC3=O)cc2)cc1)c1ccc(C(=O)Oc2ccc(N3C(=O)CC(Nc4ccc(Oc5ccc(NC6CC(=O)N(c7ccc(OC(=O)c8ccc([Si](C)(C)c9ccc(OC(=O)c%10ccc(N%11C(=O)C=CC%11=O)cc%10)cc9)cc8)cc7)C6=O)cc5)cc4)C3=O)cc2)cc1,air,10,5,331.5
CNc1ccc(-c2ccccc2-c2ccccc2-c2ccc(NC(=O)c3ccc(S(=O)(=O)c4ccc(C(C)=O)cc4)cc3)cc2)cc1,air,10,10,505
Cc1ccc(Oc2ccccc2-c2ccccc2Oc2ccc(N3C(=O)c4ccc(-c5ccc6c(c5)C(=O)N(C)C6=O)cc4C3=O)cc2)cc1,air,10,10,545
Cc1ccc(Oc2ccccc2-c2ccccc2Oc2ccc(N3C(=O)c4ccc(S(=O)(=O)c5ccc6c(c5)C(=O)N(C)C6=O)cc4C3=O)cc2)cc1,air,10,10,510
Cc1ccc(Oc2ccc3ccccc3c2-c2c(Oc3ccc(N4C(=O)c5ccc(S(=O)(=O)c6ccc7c(c6)C(=O)N(C)C7=O)cc5C4=O)cc3)ccc3ccccc23)cc1,air,10,10,480
Cc1ccc(Oc2ccc3ccccc3c2-c2c(Oc3ccc(N4C(=O)c5ccc(-c6ccc7c(c6)C(=O)N(C)C7=O)cc5C4=O)cc3)ccc3ccccc23)cc1,air,10,10,555
COc1ccc(S(=O)(=O)c2ccc(OC(=O)c3ccc(S(=O)(=O)c4ccc(C(C)=O)cc4)cc3)cc2)cc1,N2,10,10,440
O=C1c2ccc(C#Cc3ccccc3)cc2C(=O)N1c1ccc(Oc2cccc(Oc3ccc(N4C(=O)c5ccc(C(c6ccccc6)(c6ccc7c(c6)C(=O)N(c6ccc(Oc8cccc(Oc9ccc(N%10C(=O)c%11ccc(C#Cc%12ccccc%12)cc%11C%10=O)cc9)c8)cc6)C7=O)C(F)(F)F)cc5C4=O)cc3)c2)cc1,air,10,0,477
O=C1c2ccc(C#Cc3ccccc3)cc2C(=O)N1c1ccc(Oc2cccc(Oc3ccc(N4C(=O)c5ccc(C(c6ccccc6)(c6ccc7c(c6)C(=O)N(c6ccc(Oc8cccc(Oc9ccc(N%10C(=O)c%11ccc(C#Cc%12ccccc%12)cc%11C%10=O)cc9)c8)cc6)C7=O)C(F)(F)F)cc5C4=O)cc3)c2)cc1,air,10,5,507
O=C1c2ccc(C#Cc3ccccc3)cc2C(=O)N1c1ccc(Oc2cccc(Oc3ccc(N4C(=O)c5ccc(C(c6ccccc6)(c6ccc7c(c6)C(=O)N(c6ccc(Oc8cccc(Oc9ccc(N%10C(=O)c%11ccc(C#Cc%12ccccc%12)cc%11C%10=O)cc9)c8)cc6)C7=O)C(F)(F)F)cc5C4=O)cc3)c2)cc1,air,10,10,537
COCCOc1ccc(S(=O)(=O)c2ccc(OCCOC(=O)c3ccc(S(=O)(=O)c4ccc(C(C)=O)cc4)cc3)cc2)cc1,N2,10,10,396
COCC(C)Oc1ccc(S(=O)(=O)c2ccc(OC(C)COC(=O)c3ccc(S(=O)(=O)c4ccc(C(C)=O)cc4)cc3)cc2)cc1,N2,10,10,375
COc1c(Br)cc(S(=O)(=O)c2cc(Br)c(OC(=O)c3ccc(S(=O)(=O)c4ccc(C(C)=O)cc4)cc3)c(Br)c2)cc1Br,N2,10,10,380
CC(C)(C)c1cc(-c2nnc(-c3ccc(N4C(=O)C=CC4=O)cc3)o2)cc(-c2nnc(-c3ccc(N4C(=O)CC(Nc5ccc(Oc6ccc(NC7CC(=O)N(c8ccc(-c9nnc(-c%10cc(-c%11nnc(-c%12ccc(N%13C(=O)C=CC%13=O)cc%12)o%11)cc(C(C)(C)C)c%10)o9)cc8)C7=O)cc6)cc5)C4=O)cc3)o2)c1,N2,10,5,357
CC(C)(C)c1cc(-c2nnc(-c3ccc(N4C(=O)C=CC4=O)cc3)o2)cc(-c2nnc(-c3ccc(N4C(=O)CC(Nc5ccc(Oc6ccc(NC7CC(=O)N(c8ccc(-c9nnc(-c%10cc(-c%11nnc(-c%12ccc(N%13C(=O)C=CC%13=O)cc%12)o%11)cc(C(C)(C)C)c%10)o9)cc8)C7=O)cc6)cc5)C4=O)cc3)o2)c1,air,10,5,359.8
COCCOc1c(Br)cc(S(=O)(=O)c2cc(Br)c(OCCOC(=O)c3ccc(S(=O)(=O)c4ccc(C(C)=O)cc4)cc3)c(Br)c2)cc1Br,N2,10,10,306
COCC(C)Oc1c(Br)cc(S(=O)(=O)c2cc(Br)c(OC(C)COC(=O)c3ccc(S(=O)(=O)c4ccc(C(C)=O)cc4)cc3)c(Br)c2)cc1Br,N2,10,10,329
COc1ccc(C(C)(C)c2ccc(OC(=O)c3ccc(S(=O)(=O)c4ccc(C(C)=O)cc4)cc3)cc2)cc1,N2,10,10,456
COCCOc1ccc(C(C)(C)c2ccc(OCCOC(=O)c3ccc(S(=O)(=O)c4ccc(C(C)=O)cc4)cc3)cc2)cc1,N2,10,10,365
COCC(C)Oc1ccc(C(C)(C)c2ccc(OC(C)COC(=O)c3ccc(S(=O)(=O)c4ccc(C(C)=O)cc4)cc3)cc2)cc1,N2,10,10,376
COc1c(Br)cc(C(C)(C)c2cc(Br)c(OC(=O)c3ccc(S(=O)(=O)c4ccc(C(C)=O)cc4)cc3)c(Br)c2)cc1Br,N2,10,10,392
COCCOc1c(Br)cc(C(C)(C)c2cc(Br)c(OCCOC(=O)c3ccc(S(=O)(=O)c4ccc(C(C)=O)cc4)cc3)c(Br)c2)cc1Br,N2,10,10,351
O=C1c2ccc(C#Cc3ccccc3)cc2C(=O)N1c1ccc(-c2ccc(N3C(=O)c4ccc(C(c5ccccc5)(c5ccc6c(c5)C(=O)N(c5ccc(-c7ccc(N8C(=O)c9ccc(C#Cc%10ccccc%10)cc9C8=O)cc7C(F)(F)F)c(C(F)(F)F)c5)C6=O)C(F)(F)F)cc4C3=O)cc2C(F)(F)F)c(C(F)(F)F)c1,air,10,0,493
O=C1c2ccc(C#Cc3ccccc3)cc2C(=O)N1c1ccc(-c2ccc(N3C(=O)c4ccc(C(c5ccccc5)(c5ccc6c(c5)C(=O)N(c5ccc(-c7ccc(N8C(=O)c9ccc(C#Cc%10ccccc%10)cc9C8=O)cc7C(F)(F)F)c(C(F)(F)F)c5)C6=O)C(F)(F)F)cc4C3=O)cc2C(F)(F)F)c(C(F)(F)F)c1,air,10,5,509
O=C1c2ccc(C#Cc3ccccc3)cc2C(=O)N1c1ccc(-c2ccc(N3C(=O)c4ccc(C(c5ccccc5)(c5ccc6c(c5)C(=O)N(c5ccc(-c7ccc(N8C(=O)c9ccc(C#Cc%10ccccc%10)cc9C8=O)cc7C(F)(F)F)c(C(F)(F)F)c5)C6=O)C(F)(F)F)cc4C3=O)cc2C(F)(F)F)c(C(F)(F)F)c1,air,10,10,528
COCC(C)Oc1c(Br)cc(C(C)(C)c2cc(Br)c(OC(C)COC(=O)c3ccc(S(=O)(=O)c4ccc(C(C)=O)cc4)cc3)c(Br)c2)cc1Br,N2,10,10,323
COc1ccc(C(c2ccc(OC(=O)c3ccc(S(=O)(=O)c4ccc(C(C)=O)cc4)cc3)cc2)(C(F)(F)F)C(F)(F)F)cc1,N2,10,10,490
C[Si](C)(c1ccc(-c2nnc(-c3ccc(N4C(=O)C=CC4=O)cc3)o2)cc1)c1ccc(-c2nnc(-c3ccc(N4C(=O)CC(Nc5ccc(Oc6ccc(NC7CC(=O)N(c8ccc(-c9nnc(-c%10ccc([Si](C)(C)c%11ccc(-c%12nnc(-c%13ccc(N%14C(=O)C=CC%14=O)cc%13)o%12)cc%11)cc%10)o9)cc8)C7=O)cc6)cc5)C4=O)cc3)o2)cc1,N2,10,5,360
C[Si](C)(c1ccc(-c2nnc(-c3ccc(N4C(=O)C=CC4=O)cc3)o2)cc1)c1ccc(-c2nnc(-c3ccc(N4C(=O)CC(Nc5ccc(Oc6ccc(NC7CC(=O)N(c8ccc(-c9nnc(-c%10ccc([Si](C)(C)c%11ccc(-c%12nnc(-c%13ccc(N%14C(=O)C=CC%14=O)cc%13)o%12)cc%11)cc%10)o9)cc8)C7=O)cc6)cc5)C4=O)cc3)o2)cc1,air,10,5,343.6
COCCOc1ccc(C(c2ccc(OCCOC(=O)c3ccc(S(=O)(=O)c4ccc(C(C)=O)cc4)cc3)cc2)(C(F)(F)F)C(F)(F)F)cc1,N2,10,10,386
COCC(C)Oc1ccc(C(c2ccc(OC(C)COC(=O)c3ccc(S(=O)(=O)c4ccc(C(C)=O)cc4)cc3)cc2)(C(F)(F)F)C(F)(F)F)cc1,N2,10,10,370
COc1c(Br)cc(C(c2cc(Br)c(OC(=O)c3ccc(S(=O)(=O)c4ccc(C(C)=O)cc4)cc3)c(Br)c2)(C(F)(F)F)C(F)(F)F)cc1Br,N2,10,10,417
COCCOc1c(Br)cc(C(c2cc(Br)c(OCCOC(=O)c3ccc(S(=O)(=O)c4ccc(C(C)=O)cc4)cc3)c(Br)c2)(C(F)(F)F)C(F)(F)F)cc1Br,N2,10,10,352
COCC(C)Oc1c(Br)cc(C(c2cc(Br)c(OC(C)COC(=O)c3ccc(S(=O)(=O)c4ccc(C(C)=O)cc4)cc3)c(Br)c2)(C(F)(F)F)C(F)(F)F)cc1Br,N2,10,10,341
Cc1ccc(-c2ccc(Oc3ccc4c(c3)C3(CC4(C)C)CC(C)(C)c4ccc(Oc5ccc(-c6ccc(N7C(=O)c8ccc(Oc9ccc(C(C)(C)c%10ccc(Oc%11ccc%12c(c%11)C(=O)N(C)C%12=O)cc%10)cc9)cc8C7=O)cc6)cc5C(F)(F)F)cc43)c(C(F)(F)F)c2)cc1,air,10,5,461
Cc1ccc(-c2ccc(Oc3ccc4c(c3)C3(CC4(C)C)CC(C)(C)c4ccc(Oc5ccc(-c6ccc(N7C(=O)c8ccc(Oc9ccc(C(C)(C)c%10ccc(Oc%11ccc%12c(c%11)C(=O)N(C)C%12=O)cc%10)cc9)cc8C7=O)cc6)cc5C(F)(F)F)cc43)c(C(F)(F)F)c2)cc1,air,10,10,524
Cc1ccc(-c2ccc(Oc3ccc4c(c3)C3(CC4(C)C)CC(C)(C)c4ccc(Oc5ccc(-c6ccc(N7C(=O)c8ccc(C(c9ccc%10c(c9)C(=O)N(C)C%10=O)(C(F)(F)F)C(F)(F)F)cc8C7=O)cc6)cc5C(F)(F)F)cc43)c(C(F)(F)F)c2)cc1,air,10,5,446
Cc1ccc(-c2ccc(Oc3ccc4c(c3)C3(CC4(C)C)CC(C)(C)c4ccc(Oc5ccc(-c6ccc(N7C(=O)c8ccc(C(c9ccc%10c(c9)C(=O)N(C)C%10=O)(C(F)(F)F)C(F)(F)F)cc8C7=O)cc6)cc5C(F)(F)F)cc43)c(C(F)(F)F)c2)cc1,air,10,10,511
Cc1ccc(-c2ccc(Oc3ccc4c(c3)C3(CC4(C)C)CC(C)(C)c4ccc(Oc5ccc(-c6ccc(N7C(=O)c8ccc(C(=O)c9ccc%10c(c9)C(=O)N(C)C%10=O)cc8C7=O)cc6)cc5C(F)(F)F)cc43)c(C(F)(F)F)c2)cc1,air,10,5,427
Cc1ccc(-c2ccc(Oc3ccc4c(c3)C3(CC4(C)C)CC(C)(C)c4ccc(Oc5ccc(-c6ccc(N7C(=O)c8ccc(C(=O)c9ccc%10c(c9)C(=O)N(C)C%10=O)cc8C7=O)cc6)cc5C(F)(F)F)cc43)c(C(F)(F)F)c2)cc1,air,10,10,490
O=C1c2ccc(C#Cc3ccccc3)cc2C(=O)N1c1ccc(N2C(=O)c3ccc(C(c4ccccc4)(c4ccc5c(c4)C(=O)N(c4ccc(N6C(=O)c7ccc(C#Cc8ccccc8)cc7C6=O)cc4)C5=O)C(F)(F)F)cc3C2=O)cc1,air,10,0,480
O=C1c2ccc(C#Cc3ccccc3)cc2C(=O)N1c1ccc(N2C(=O)c3ccc(C(c4ccccc4)(c4ccc5c(c4)C(=O)N(c4ccc(N6C(=O)c7ccc(C#Cc8ccccc8)cc7C6=O)cc4)C5=O)C(F)(F)F)cc3C2=O)cc1,air,10,5,505
O=C1c2ccc(C#Cc3ccccc3)cc2C(=O)N1c1ccc(N2C(=O)c3ccc(C(c4ccccc4)(c4ccc5c(c4)C(=O)N(c4ccc(N6C(=O)c7ccc(C#Cc8ccccc8)cc7C6=O)cc4)C5=O)C(F)(F)F)cc3C2=O)cc1,air,10,10,543
Cc1ccc(-c2ccc(Oc3ccc4c(c3)C3(CC4(C)C)CC(C)(C)c4ccc(Oc5ccc(-c6ccc(N7C(=O)c8ccc(Oc9ccc%10c(c9)C(=O)N(C)C%10=O)cc8C7=O)cc6)cc5C(F)(F)F)cc43)c(C(F)(F)F)c2)cc1,air,10,5,409
Cc1ccc(-c2ccc(Oc3ccc4c(c3)C3(CC4(C)C)CC(C)(C)c4ccc(Oc5ccc(-c6ccc(N7C(=O)c8ccc(Oc9ccc%10c(c9)C(=O)N(C)C%10=O)cc8C7=O)cc6)cc5C(F)(F)F)cc43)c(C(F)(F)F)c2)cc1,air,10,10,476
Cc1ccc(-c2ccc(Oc3ccc4c(c3)C3(CC4(C)C)CC(C)(C)c4ccc(Oc5ccc(-c6ccc(-n7c(=O)c8cc9c(=O)n(C)c(=O)c9cc8c7=O)cc6)cc5C(F)(F)F)cc43)c(C(F)(F)F)c2)cc1,air,10,5,491
Cc1ccc(-c2ccc(Oc3ccc4c(c3)C3(CC4(C)C)CC(C)(C)c4ccc(Oc5ccc(-c6ccc(-n7c(=O)c8cc9c(=O)n(C)c(=O)c9cc8c7=O)cc6)cc5C(F)(F)F)cc43)c(C(F)(F)F)c2)cc1,air,10,10,543
CNc1ccc(Oc2ccc3nc(-c4ccccc4)c(-c4ccc(-c5nc6cc(Oc7ccc(NC(=O)CN8C(=O)c9ccc(C(c%10ccc%11c(c%10)C(=O)N(CC(C)=O)C%11=O)(C(F)(F)F)C(F)(F)F)cc9C8=O)cc7)ccc6nc5-c5ccccc5)cc4)nc3c2)cc1,air,10,5,365
CNc1ccc(Oc2ccc3nc(-c4ccccc4)c(-c4ccc(-c5nc6cc(Oc7ccc(NC(=O)CN8C(=O)c9ccc(C(c%10ccc%11c(c%10)C(=O)N(CC(C)=O)C%11=O)(C(F)(F)F)C(F)(F)F)cc9C8=O)cc7)ccc6nc5-c5ccccc5)cc4)nc3c2)cc1,air,10,10,405
CNc1ccc(Oc2ccc3nc(-c4ccccc4)c(-c4ccc(Oc5ccc(-c6nc7cc(Oc8ccc(NC(=O)CN9C(=O)c%10ccc(C(c%11ccc%12c(c%11)C(=O)N(CC(C)=O)C%12=O)(C(F)(F)F)C(F)(F)F)cc%10C9=O)cc8)ccc7nc6-c6ccccc6)cc5)cc4)nc3c2)cc1,air,10,5,360
CNc1ccc(Oc2ccc3nc(-c4ccccc4)c(-c4ccc(Oc5ccc(-c6nc7cc(Oc8ccc(NC(=O)CN9C(=O)c%10ccc(C(c%11ccc%12c(c%11)C(=O)N(CC(C)=O)C%12=O)(C(F)(F)F)C(F)(F)F)cc%10C9=O)cc8)ccc7nc6-c6ccccc6)cc5)cc4)nc3c2)cc1,air,10,10,405
CNc1ccc(Oc2ccc3nc(-c4ccccc4)c(-c4ccc(N5C(=O)c6ccc7c8c(ccc(c68)C5=O)C(=O)N(c5ccc(-c6nc8cc(Oc9ccc(NC(=O)CN%10C(=O)c%11ccc(C(c%12ccc%13c(c%12)C(=O)N(CC(C)=O)C%13=O)(C(F)(F)F)C(F)(F)F)cc%11C%10=O)cc9)ccc8nc6-c6ccccc6)cc5)C7=O)cc4)nc3c2)cc1,air,10,5,380
CNc1ccc(Oc2ccc3nc(-c4ccccc4)c(-c4ccc(N5C(=O)c6ccc7c8c(ccc(c68)C5=O)C(=O)N(c5ccc(-c6nc8cc(Oc9ccc(NC(=O)CN%10C(=O)c%11ccc(C(c%12ccc%13c(c%12)C(=O)N(CC(C)=O)C%13=O)(C(F)(F)F)C(F)(F)F)cc%11C%10=O)cc9)ccc8nc6-c6ccccc6)cc5)C7=O)cc4)nc3c2)cc1,air,10,10,410
CNc1ccc(-c2nnc(-c3ccc(NC(=O)CN4C(=O)c5ccc(C(c6ccc7c(c6)C(=O)N(CC(C)=O)C7=O)(C(F)(F)F)C(F)(F)F)cc5C4=O)cc3)o2)cc1,air,10,5,370
CNc1ccc(-c2nnc(-c3ccc(NC(=O)CN4C(=O)c5ccc(C(c6ccc7c(c6)C(=O)N(CC(C)=O)C7=O)(C(F)(F)F)C(F)(F)F)cc5C4=O)cc3)o2)cc1,air,10,10,400
CNc1ccc(Oc2ccc(-c3nnc(-c4ccc(Oc5ccc(NC(=O)CN6C(=O)c7ccc(C(c8ccc9c(c8)C(=O)N(CC(C)=O)C9=O)(C(F)(F)F)C(F)(F)F)cc7C6=O)cc5)cc4)o3)cc2)cc1,air,10,5,350
CNc1ccc(Oc2ccc(-c3nnc(-c4ccc(Oc5ccc(NC(=O)CN6C(=O)c7ccc(C(c8ccc9c(c8)C(=O)N(CC(C)=O)C9=O)(C(F)(F)F)C(F)(F)F)cc7C6=O)cc5)cc4)o3)cc2)cc1,air,10,10,375
Cc1cc(C)c(N2C(=O)c3ccc(-c4cccc(-c5ccc6c(c5)C(=O)N(C)C6=O)c4)cc3C2=O)c(C)c1C,N2,10,0,530
Cc1cc(C)c(N2C(=O)c3ccc(-c4cc(-c5ccc6c(c5)C(=O)N(C)C6=O)cc(C(C)(C)C)c4)cc3C2=O)c(C)c1C,N2,10,0,520
Cc1cc(C)c(N2C(=O)c3ccc(-c4cc(C(C)(C)C)cc(-c5ccc6c(c5)C(=O)N(C)C6=O)c4NC(=O)C(C)(C)C)cc3C2=O)c(C)c1C,N2,10,0,510
Cc1ccc(N2C(=O)c3ccc(-c4ccc5c(c4)C(=O)N(C)C5=O)cc3C2=O)cc1,N2,10,5,532
Cc1ccc(N2C(=O)c3ccc(-c4ccc5c(c4)C(=O)N(C)C5=O)cc3C2=O)cc1,N2,10,10,563
CNc1ccc(Oc2ccc(C(C)(C)c3ccccc3)cc2)c(NC(=O)c2ccc(C(C)=O)cc2)c1,N2,10,0,410
CNc1ccc(Oc2ccc(C(C)(C)c3ccccc3)cc2)c(NC(=O)c2cccc(C(C)=O)c2)c1,N2,10,0,395
CNc1ccc(Oc2ccc(S(=O)(=O)c3ccc(C)cc3)cc2)c(NC(=O)c2cccc(C(C)=O)c2)c1,N2,10,0,371
CNc1ccc(Oc2ccc(S(=O)(=O)c3ccc(C)cc3)cc2)c(NC(=O)c2ccc(C(C)=O)cc2)c1,N2,10,0,400
Cc1ccc(Oc2ccc(-n3c(=O)c4cc5c(=O)n(C)c(=O)c5cc4c3=O)c(C(C)(C)C)c2)cc1C(C)(C)C,N2,10,5,490
Cc1ccc(Oc2ccc(N3C(=O)c4ccc(-c5ccc6c(c5)C(=O)N(C)C6=O)cc4C3=O)c(C(C)(C)C)c2)cc1C(C)(C)C,N2,10,5,500
Cc1ccc(Oc2ccc(N3C(=O)c4ccc(-c5ccc6c(c5)C(=O)N(C)C6=O)cc4C3=O)c(C(C)(C)C)c2)cc1,N2,10,5,525
Cc1ccc(Oc2ccc(N3C(=O)c4ccc(Oc5ccc6c(c5)C(=O)N(C)C6=O)cc4C3=O)c(C(C)(C)C)c2)cc1,N2,10,5,512
C#Cc1cccc(C#C[SiH](C#Cc2cccc(C#C)c2)CCCCCCCC)c1,Ar,10,5,442
C#Cc1cccc(C#C[SiH](C#Cc2cccc(C#C)c2)CCCCCCCC)c1,air,10,5,447
C#Cc1ccc(Oc2cccc(Oc3ccc(C#C[Si](C)(C)C#Cc4ccc(Oc5cccc(Oc6ccc(C#C)cc6)n5)cc4)cc3)n2)cc1,N2,10,5,500
C#Cc1ccc(Oc2cccc(Oc3ccc(C#C[Si](C)(C)C#Cc4ccc(Oc5cccc(Oc6ccc(C#C)cc6)n5)cc4)cc3)n2)cc1,air,10,5,482
C(#Cc1ccccc1CCCc1ccccc1C#Cc1ccccc1)c1ccccc1,N2,10,10,365
Cc1ccc(Oc2ccc(N3C(=O)c4ccc(Oc5ccc6c(c5)C(=O)N(C)C6=O)cc4C3=O)c(C(C)(C)C)c2)cc1C(C)(C)C,N2,10,5,510
Cc1ccc(Oc2ccc(N3C(=O)c4ccc(C(c5ccc6c(c5)C(=O)N(C)C6=O)(C(F)(F)F)C(F)(F)F)cc4C3=O)c(C(C)(C)C)c2)cc1C(C)(C)C,N2,10,5,500
CCc1ccc(C)cc1,N2,10,10,388
Cc1ccc(Oc2ccc(N3C(=O)c4ccc(C(c5ccc6c(c5)C(=O)N(C)C6=O)(C(F)(F)F)C(F)(F)F)cc4C3=O)c(C(C)(C)C)c2)cc1,N2,10,5,502
COC(=O)c1ccccc1C(=O)Nc1ccc(O)cc1,N2,10,10,220
CC1CCC(CNC(=O)CCCCCCCCC(N)=O)CC1,N2,10,1,350
CCC1CCC2CCCC12,N2,10,5,430
Cc1ccc(Oc2ccc(N3C(=O)c4ccc(Oc5ccc(C(C)(C)c6ccc(Oc7ccc8c(c7)C(=O)N(C)C8=O)cc6)cc5)cc4C3=O)c(C(C)(C)C)c2)cc1,N2,10,5,507
CCc1c(F)c(F)c(F)c(F)c1F,N2,10,0,450
Cc1ccc(Oc2ccc(N3C(=O)c4ccc(Oc5ccc(C(C)(C)c6ccc(Oc7ccc8c(c7)C(=O)N(C)C8=O)cc6)cc5)cc4C3=O)c(C(C)(C)C)c2)cc1C(C)(C)C,N2,10,5,512
CCc1ccncc1,N2,20,10,371
CCc1ccncc1,air,10,5,325
Cc1ccc2c(c1)[C@]1(c3cc(-n4c(=O)c5cc6c(=O)n(C)c(=O)c6cc5c4=O)ccc3-2)[C@H]2CC3CC(C2)C[C@@H]1C3,N2,10,0,490
Cc1ccc2c(c1)[C@]1(c3cc(N4C(=O)c5ccc(-c6ccc7c(c6)C(=O)N(C)C7=O)cc5C4=O)ccc3-2)[C@H]2CC3CC(C2)C[C@@H]1C3,N2,10,0,490
Cc1ccc2c(c1)[C@]1(c3cc(N4C(=O)c5ccc(C(c6ccc7c(c6)C(=O)N(C)C7=O)(C(F)(F)F)C(F)(F)F)cc5C4=O)ccc3-2)[C@H]2CC3CC(C2)C[C@@H]1C3,N2,10,0,480
CNC(=O)c1ccc(C(c2ccc(C(=O)Nc3ccc4c(c3)[C@]3(c5cc(C)ccc5-4)[C@H]4CC5CC(C4)C[C@@H]3C5)cc2)(C(F)(F)F)C(F)(F)F)cc1,N2,10,0,460
CNC(=O)c1cccc(C(=O)Nc2ccc3c(c2)[C@]2(c4cc(C)ccc4-3)[C@H]3CC4CC(C3)C[C@@H]2C4)c1,N2,10,0,475
C(#Cc1cccc(CCCc2cccc(C#Cc3ccccc3)c2)c1)c1ccccc1,N2,10,10,491
CNc1ccc(Oc2ccc(NC(=O)c3ccccc3-c3ccccc3C(C)=O)cc2-c2ccc(Oc3ccccc3)cc2)c(-c2ccc(Oc3ccccc3)cc2)c1,N2,10,10,482
CNc1ccc(Oc2ccc(NC(=O)c3ccccc3-c3ccccc3C(C)=O)cc2)cc1,N2,10,10,504
CNc1ccc(Oc2ccccc2-c2ccccc2Oc2ccc(NC(=O)c3ccc(Oc4ccc(C(C)=O)cc4)cc3)cc2)cc1,N2,10,10,520
CC(=O)Nc1ccc(Oc2ccc(NC(=O)c3cccc(C)c3)cc2)nc1,N2,10,10,443
CNC(=O)c1cccc(C(=O)Nc2ccc(-c3ccc(C)cc3-c3cccc4ccccc34)c(-c3cccc4ccccc34)c2)c1,N2,10,10,520
CNc1ccc(Oc2ccc(NC(=O)c3cc(Oc4ccc(C(F)(F)F)cc4)cc(C(C)=O)c3)cc2)cc1,N2,10,10,486
CC(=O)c1ccc(C(=O)N(c2ccccc2)c2ccc(-c3ccc(N(C)c4ccccc4)cc3)cc2)cc1,N2,10,10,500
Cc1c(C)c2c(c(C)c1Br)CN1CN2Cc2c(C)c(Br)c(N3C(=O)c4ccc(C(c5ccc6c(c5)C(=O)N(C)C6=O)(C(F)(F)F)C(F)(F)F)cc4C3=O)c(C)c21,N2,10,0,400
C(#Cc1ccc(CCCc2ccc(C#Cc3ccccc3)cc2)cc1)c1ccccc1,N2,10,10,476
Cc1cc(C)c2c(c1C)CN1CN2Cc2c1c(C)cc(C)c2N1C(=O)c2ccc(C(c3ccc4c(c3)C(=O)N(C)C4=O)(C(F)(F)F)C(F)(F)F)cc2C1=O,N2,10,0,440
Cc1cc(C)c2c(c1C)CN1CN2Cc2c(C)cc(N3C(=O)c4ccc(C(c5ccc6c(c5)C(=O)N(C)C6=O)(C(F)(F)F)C(F)(F)F)cc4C3=O)c(C)c21,N2,10,0,487
Cc1ccc2c(c1C)N1Cc3ccc(N4C(=O)c5ccc(C(c6ccc7c(c6)C(=O)N(C)C7=O)(C(F)(F)F)C(F)(F)F)cc5C4=O)c(C)c3N(C2)C1,N2,10,0,449
CNc1ccc(Oc2ccc(C3(c4ccc(Oc5ccc(NC(=O)c6ccc(C(C)=O)cc6Oc6ccc(C(F)(F)F)cc6)cc5)cc4)c4ccccc4Oc4ccccc43)cc2)cc1,N2,10,5,455
CNc1ccc(Oc2ccc(C3(c4ccc(Oc5ccc(NC(=O)c6ccc(C(C)=O)cc6Oc6ccc(C(F)(F)F)cc6)cc5)cc4)c4ccccc4Oc4ccccc43)cc2)cc1,N2,10,10,480
Cc1ccc(-c2nc3cc(N4C(=O)c5ccc(-c6ccc7c(c6)C(=O)N(C)C7=O)cc5C4=O)ccc3o2)cc1,N2,10,5,592
Cc1ccc(-c2nc3cc(N4C(=O)c5ccc(-c6ccc7c(c6)C(=O)N(C)C7=O)cc5C4=O)ccc3o2)cc1,N2,10,10,610
Cc1cc(C(F)(F)F)ccc1Oc1cccc2c(Oc3ccc(C(F)(F)F)cc3-n3c(=O)c4cc5c(=O)n(C)c(=O)c5cc4c3=O)cccc12,N2,10,0,458
Cc1cc(C(F)(F)F)ccc1Oc1cccc2c(Oc3ccc(C(F)(F)F)cc3-n3c(=O)c4cc5c(=O)n(C)c(=O)c5cc4c3=O)cccc12,N2,10,5,520
Cc1cc(C(F)(F)F)ccc1Oc1cccc2c(Oc3ccc(C(F)(F)F)cc3-n3c(=O)c4cc5c(=O)n(C)c(=O)c5cc4c3=O)cccc12,N2,10,10,526
Cc1cc(C(F)(F)F)ccc1Oc1cccc2c(Oc3ccc(C(F)(F)F)cc3N3C(=O)c4ccc(C(=O)c5ccc6c(c5)C(=O)N(C)C6=O)cc4C3=O)cccc12,N2,10,0,442
Cc1cc(C(F)(F)F)ccc1Oc1cccc2c(Oc3ccc(C(F)(F)F)cc3N3C(=O)c4ccc(C(=O)c5ccc6c(c5)C(=O)N(C)C6=O)cc4C3=O)cccc12,N2,10,5,515
Cc1cc(C(F)(F)F)ccc1Oc1cccc2c(Oc3ccc(C(F)(F)F)cc3N3C(=O)c4ccc(C(=O)c5ccc6c(c5)C(=O)N(C)C6=O)cc4C3=O)cccc12,N2,10,10,531
Cc1cc(C(F)(F)F)ccc1Oc1cccc2c(Oc3ccc(C(F)(F)F)cc3N3C(=O)c4ccc(Oc5ccc6c(c5)C(=O)N(C)C6=O)cc4C3=O)cccc12,N2,10,0,449
Cc1cc(C(F)(F)F)ccc1Oc1cccc2c(Oc3ccc(C(F)(F)F)cc3N3C(=O)c4ccc(Oc5ccc6c(c5)C(=O)N(C)C6=O)cc4C3=O)cccc12,N2,10,5,518
Cc1cc(C(F)(F)F)ccc1Oc1cccc2c(Oc3ccc(C(F)(F)F)cc3N3C(=O)c4ccc(Oc5ccc6c(c5)C(=O)N(C)C6=O)cc4C3=O)cccc12,N2,10,10,528
Cc1cc(C(F)(F)F)ccc1Oc1cccc2c(Oc3ccc(C(F)(F)F)cc3N3C(=O)c4ccc(Oc5ccc6c(c5)C(=O)N(C)C6=O)cc4C3=O)cccc12,N2,10,25,600
CC(CC(CC(CCc1ccccc1C#Cc1ccccc1)c1ccccc1C#Cc1ccccc1)c1ccccc1)c1ccccc1,N2,10,10,343
Cc1cc(C(F)(F)F)ccc1Oc1cccc2c(Oc3ccc(C(F)(F)F)cc3N3C(=O)c4ccc(C(c5ccc6c(c5)C(=O)N(C)C6=O)(C(F)(F)F)C(F)(F)F)cc4C3=O)cccc12,N2,10,0,436
Cc1cc(C(F)(F)F)ccc1Oc1cccc2c(Oc3ccc(C(F)(F)F)cc3N3C(=O)c4ccc(C(c5ccc6c(c5)C(=O)N(C)C6=O)(C(F)(F)F)C(F)(F)F)cc4C3=O)cccc12,N2,10,5,482
Cc1cc(C(F)(F)F)ccc1Oc1cccc2c(Oc3ccc(C(F)(F)F)cc3N3C(=O)c4ccc(C(c5ccc6c(c5)C(=O)N(C)C6=O)(C(F)(F)F)C(F)(F)F)cc4C3=O)cccc12,N2,10,10,502
Cc1ccc(Oc2cccc3c(Oc4ccc(N5C(=O)c6ccc(C(=O)c7ccc8c(c7)C(=O)N(C)C8=O)cc6C5=O)cc4C(F)(F)F)cccc23)c(C(F)(F)F)c1,N2,10,5,593
Cc1ccc(Oc2cccc3c(Oc4ccc(N5C(=O)c6ccc(C(=O)c7ccc8c(c7)C(=O)N(C)C8=O)cc6C5=O)cc4C(F)(F)F)cccc23)c(C(F)(F)F)c1,N2,10,10,624
Cc1ccc(Oc2cccc3ccc(Oc4ccc(N5C(=O)c6ccc(C(=O)c7ccc8c(c7)C(=O)N(C)C8=O)cc6C5=O)cc4C(F)(F)F)cc23)c(C(F)(F)F)c1,N2,10,5,559
Cc1ccc(Oc2cccc3ccc(Oc4ccc(N5C(=O)c6ccc(C(=O)c7ccc8c(c7)C(=O)N(C)C8=O)cc6C5=O)cc4C(F)(F)F)cc23)c(C(F)(F)F)c1,N2,10,10,585
Cc1ccc(Oc2ccc(N3C(=O)C4CC(C5CC(=O)N(C)C5=O)c5ccc(C(C)(C)C)cc5C4C3=O)cc2)cc1,N2,10,5,438
Cc1ccc(Oc2ccc(N3C(=O)C4CC(C5CC(=O)N(C)C5=O)c5ccc(C(C)(C)C)cc5C4C3=O)cc2)cc1,N2,10,10,452
Cc1ccc(Oc2ccc(N3C(=O)C4CC(C5CC(=O)N(C)C5=O)c5ccc(C(C)(C)C)cc5C4C3=O)cc2)cc1,air,10,5,385
Cc1ccc(Oc2ccc(N3C(=O)C4CC(C5CC(=O)N(C)C5=O)c5ccc(C(C)(C)C)cc5C4C3=O)cc2)cc1,air,10,10,407
Cc1ccc(Oc2ccc(Oc3ccc(N4C(=O)C5CC(C6CC(=O)N(C)C6=O)c6ccc(C(C)(C)C)cc6C5C4=O)cc3)cc2)cc1,N2,10,5,440
Cc1ccc(Oc2ccc(Oc3ccc(N4C(=O)C5CC(C6CC(=O)N(C)C6=O)c6ccc(C(C)(C)C)cc6C5C4=O)cc3)cc2)cc1,N2,10,10,455
Cc1ccc(Oc2ccc(Oc3ccc(N4C(=O)C5CC(C6CC(=O)N(C)C6=O)c6ccc(C(C)(C)C)cc6C5C4=O)cc3)cc2)cc1,air,10,5,396
Cc1ccc(Oc2ccc(Oc3ccc(N4C(=O)C5CC(C6CC(=O)N(C)C6=O)c6ccc(C(C)(C)C)cc6C5C4=O)cc3)cc2)cc1,air,10,10,420
Cc1ccc(Oc2ccc(C(C)(C)c3ccc(Oc4ccc(N5C(=O)C6CC(C7CC(=O)N(C)C7=O)c7ccc(C(C)(C)C)cc7C6C5=O)cc4)cc3)cc2)cc1,N2,10,5,436
Cc1ccc(Oc2ccc(C(C)(C)c3ccc(Oc4ccc(N5C(=O)C6CC(C7CC(=O)N(C)C7=O)c7ccc(C(C)(C)C)cc7C6C5=O)cc4)cc3)cc2)cc1,N2,10,10,453
Cc1ccc(Oc2ccc(C(C)(C)c3ccc(Oc4ccc(N5C(=O)C6CC(C7CC(=O)N(C)C7=O)c7ccc(C(C)(C)C)cc7C6C5=O)cc4)cc3)cc2)cc1,air,10,5,418
Cc1ccc(Oc2ccc(C(C)(C)c3ccc(Oc4ccc(N5C(=O)C6CC(C7CC(=O)N(C)C7=O)c7ccc(C(C)(C)C)cc7C6C5=O)cc4)cc3)cc2)cc1,air,10,10,444
Cc1ccc(Oc2ccc(C(c3ccc(Oc4ccc(N5C(=O)C6CC(C7CC(=O)N(C)C7=O)c7ccc(C(C)(C)C)cc7C6C5=O)cc4)cc3)(C(F)(F)F)C(F)(F)F)cc2)cc1,N2,10,5,434
Cc1ccc(Oc2ccc(C(c3ccc(Oc4ccc(N5C(=O)C6CC(C7CC(=O)N(C)C7=O)c7ccc(C(C)(C)C)cc7C6C5=O)cc4)cc3)(C(F)(F)F)C(F)(F)F)cc2)cc1,N2,10,10,447
Cc1ccc(Oc2ccc(C(c3ccc(Oc4ccc(N5C(=O)C6CC(C7CC(=O)N(C)C7=O)c7ccc(C(C)(C)C)cc7C6C5=O)cc4)cc3)(C(F)(F)F)C(F)(F)F)cc2)cc1,air,10,5,408
Cc1ccc(Oc2ccc(C(c3ccc(Oc4ccc(N5C(=O)C6CC(C7CC(=O)N(C)C7=O)c7ccc(C(C)(C)C)cc7C6C5=O)cc4)cc3)(C(F)(F)F)C(F)(F)F)cc2)cc1,air,10,10,431
Cc1ccc(Oc2ccc(Oc3ccc(N4C(=O)c5ccc(C(c6ccc7c(c6)C(=O)N(C)C7=O)(C(F)(F)F)C(F)(F)F)cc5C4=O)cc3)c3c2C2c4ccccc4C3c3ccccc32)cc1,N2,10,0,507
Cc1ccc(Oc2ccc(Oc3ccc(N4C(=O)c5ccc(C(c6ccc7c(c6)C(=O)N(C)C7=O)(C(F)(F)F)C(F)(F)F)cc5C4=O)cc3)c3c2C2c4ccccc4C3c3ccccc32)cc1,N2,10,5,523
Cc1ccc(Oc2ccc(Oc3ccc(N4C(=O)c5ccc(C(c6ccc7c(c6)C(=O)N(C)C7=O)(C(F)(F)F)C(F)(F)F)cc5C4=O)cc3)c3c2C2c4ccccc4C3c3ccccc32)cc1,N2,10,10,540
Cc1ccc(Oc2ccc(Oc3ccc(N4C(=O)c5ccc(C(c6ccc7c(c6)C(=O)N(C)C7=O)(C(F)(F)F)C(F)(F)F)cc5C4=O)cc3C(F)(F)F)c3c2C2c4ccccc4C3c3ccccc32)c(C(F)(F)F)c1,N2,10,0,504
Cc1ccc(Oc2ccc(Oc3ccc(N4C(=O)c5ccc(C(c6ccc7c(c6)C(=O)N(C)C7=O)(C(F)(F)F)C(F)(F)F)cc5C4=O)cc3C(F)(F)F)c3c2C2c4ccccc4C3c3ccccc32)c(C(F)(F)F)c1,N2,10,5,523
Cc1ccc(Oc2ccc(Oc3ccc(N4C(=O)c5ccc(C(c6ccc7c(c6)C(=O)N(C)C7=O)(C(F)(F)F)C(F)(F)F)cc5C4=O)cc3C(F)(F)F)c3c2C2c4ccccc4C3c3ccccc32)c(C(F)(F)F)c1,N2,10,10,540
Cc1cc(C(c2ccccc2)c2cc(C)c(N3C(=O)c4ccc(C(c5ccc6c(c5)C(=O)N(C)C6=O)(C(F)(F)F)C(F)(F)F)cc4C3=O)c(C)c2)cc(C)c1C,N2,10,0,496
Cc1cc(C(c2ccccc2)c2cc(C)c(N3C(=O)c4ccc(C(c5ccc6c(c5)C(=O)N(C)C6=O)(C(F)(F)F)C(F)(F)F)cc4C3=O)c(C)c2)cc(C)c1C,N2,10,5,503
Cc1cc(C(c2ccccc2)c2cc(C)c(N3C(=O)c4ccc(C(c5ccc6c(c5)C(=O)N(C)C6=O)(C(F)(F)F)C(F)(F)F)cc4C3=O)c(C)c2)cc(C)c1C,N2,10,10,520
CC(CC(CC(CCc1cccc(C#Cc2ccccc2)c1)c1cccc(C#Cc2ccccc2)c1)c1ccccc1)c1ccccc1,N2,10,10,421
Cc1cc(C(c2ccc(F)cc2)c2cc(C)c(N3C(=O)c4ccc(C(c5ccc6c(c5)C(=O)N(C)C6=O)(C(F)(F)F)C(F)(F)F)cc4C3=O)c(C)c2)cc(C)c1C,N2,10,0,501
Cc1cc(C(c2ccc(F)cc2)c2cc(C)c(N3C(=O)c4ccc(C(c5ccc6c(c5)C(=O)N(C)C6=O)(C(F)(F)F)C(F)(F)F)cc4C3=O)c(C)c2)cc(C)c1C,N2,10,5,508
Cc1cc(C(c2ccc(F)cc2)c2cc(C)c(N3C(=O)c4ccc(C(c5ccc6c(c5)C(=O)N(C)C6=O)(C(F)(F)F)C(F)(F)F)cc4C3=O)c(C)c2)cc(C)c1C,N2,10,10,524
Cc1cc(C(c2cc(C)c(N3C(=O)c4ccc(C(c5ccc6c(c5)C(=O)N(C)C6=O)(C(F)(F)F)C(F)(F)F)cc4C3=O)c(C)c2)c2cc(F)c(F)c(F)c2)cc(C)c1C,N2,10,0,496
Cc1cc(C(c2cc(C)c(N3C(=O)c4ccc(C(c5ccc6c(c5)C(=O)N(C)C6=O)(C(F)(F)F)C(F)(F)F)cc4C3=O)c(C)c2)c2cc(F)c(F)c(F)c2)cc(C)c1C,N2,10,5,501
Cc1cc(C(c2cc(C)c(N3C(=O)c4ccc(C(c5ccc6c(c5)C(=O)N(C)C6=O)(C(F)(F)F)C(F)(F)F)cc4C3=O)c(C)c2)c2cc(F)c(F)c(F)c2)cc(C)c1C,N2,10,10,520
CC(=O)Nc1ccc(NC(=O)c2cc(C)cc(OC(=C(C(F)(C(F)(F)F)C(F)(F)F)C(F)(C(F)(F)F)C(F)(F)F)C(F)(F)F)c2)cc1,N2,10,10,526
CC(=O)Nc1ccc(NC(=O)c2cc(C)cc(OC(=C(C(F)(C(F)(F)F)C(F)(F)F)C(F)(C(F)(F)F)C(F)(F)F)C(F)(F)F)c2)cc1,air,10,10,513
CC(=O)Nc1cccc(NC(=O)c2cc(C)cc(OC(=C(C(F)(C(F)(F)F)C(F)(F)F)C(F)(C(F)(F)F)C(F)(F)F)C(F)(F)F)c2)c1,N2,10,10,515
CC(=O)Nc1cccc(NC(=O)c2cc(C)cc(OC(=C(C(F)(C(F)(F)F)C(F)(F)F)C(F)(C(F)(F)F)C(F)(F)F)C(F)(F)F)c2)c1,air,10,10,501
CC(=O)Nc1ccc(Cc2ccc(NC(=O)c3cc(C)cc(OC(=C(C(F)(C(F)(F)F)C(F)(F)F)C(F)(C(F)(F)F)C(F)(F)F)C(F)(F)F)c3)cc2)cc1,N2,10,10,498
CC(=O)Nc1ccc(Cc2ccc(NC(=O)c3cc(C)cc(OC(=C(C(F)(C(F)(F)F)C(F)(F)F)C(F)(C(F)(F)F)C(F)(F)F)C(F)(F)F)c3)cc2)cc1,air,10,10,488
CC(=O)Nc1ccc(Oc2ccc(NC(=O)c3cc(C)cc(OC(=C(C(F)(C(F)(F)F)C(F)(F)F)C(F)(C(F)(F)F)C(F)(F)F)C(F)(F)F)c3)cc2)cc1,N2,10,10,506
CC(=O)Nc1ccc(Oc2ccc(NC(=O)c3cc(C)cc(OC(=C(C(F)(C(F)(F)F)C(F)(F)F)C(F)(C(F)(F)F)C(F)(F)F)C(F)(F)F)c3)cc2)cc1,air,10,10,495
CC(=O)Nc1ccc(S(=O)(=O)c2ccc(NC(=O)c3cc(C)cc(OC(=C(C(F)(C(F)(F)F)C(F)(F)F)C(F)(C(F)(F)F)C(F)(F)F)C(F)(F)F)c3)cc2)cc1,N2,10,10,517
CC(=O)Nc1ccc(S(=O)(=O)c2ccc(NC(=O)c3cc(C)cc(OC(=C(C(F)(C(F)(F)F)C(F)(F)F)C(F)(C(F)(F)F)C(F)(F)F)C(F)(F)F)c3)cc2)cc1,air,10,10,503
CC(=O)Nc1ccc(C(c2ccc(NC(=O)c3cc(C)cc(OC(=C(C(F)(C(F)(F)F)C(F)(F)F)C(F)(C(F)(F)F)C(F)(F)F)C(F)(F)F)c3)cc2)(C(F)(F)F)C(F)(F)F)cc1,N2,10,10,513
CC(=O)Nc1ccc(C(c2ccc(NC(=O)c3cc(C)cc(OC(=C(C(F)(C(F)(F)F)C(F)(F)F)C(F)(C(F)(F)F)C(F)(F)F)C(F)(F)F)c3)cc2)(C(F)(F)F)C(F)(F)F)cc1,air,10,10,499
CNc1ccc(NC(=O)c2ccc(C(C)=O)cc2Oc2ccc(C(F)(F)F)cc2)cc1,N2,10,0,428
CNc1ccc(NC(=O)c2ccc(C(C)=O)cc2Oc2ccc(C(F)(F)F)cc2)cc1,N2,10,5,443
CNc1ccc(NC(=O)c2ccc(C(C)=O)cc2Oc2ccc(C(F)(F)F)cc2)cc1,N2,10,10,480
CNc1cccc(NC(=O)c2ccc(C(C)=O)cc2Oc2ccc(C(F)(F)F)cc2)c1,N2,10,0,425
CNc1cccc(NC(=O)c2ccc(C(C)=O)cc2Oc2ccc(C(F)(F)F)cc2)c1,N2,10,5,442
CNc1cccc(NC(=O)c2ccc(C(C)=O)cc2Oc2ccc(C(F)(F)F)cc2)c1,N2,10,10,481
CC(CC(CC(CCc1ccc(C#Cc2ccccc2)cc1)c1ccc(C#Cc2ccccc2)cc1)c1ccccc1)c1ccccc1,N2,10,10,433
CNc1ccc(-c2ccc(NC(=O)c3ccc(C(C)=O)cc3Oc3ccc(C(F)(F)F)cc3)cc2)cc1,N2,10,0,460
CNc1ccc(-c2ccc(NC(=O)c3ccc(C(C)=O)cc3Oc3ccc(C(F)(F)F)cc3)cc2)cc1,N2,10,5,472
CNc1ccc(-c2ccc(NC(=O)c3ccc(C(C)=O)cc3Oc3ccc(C(F)(F)F)cc3)cc2)cc1,N2,10,10,497
CNc1ccc(Oc2ccc(NC(=O)c3ccc(C(C)=O)cc3Oc3ccc(C(F)(F)F)cc3)cc2)cc1,N2,10,0,454
CNc1ccc(Oc2ccc(NC(=O)c3ccc(C(C)=O)cc3Oc3ccc(C(F)(F)F)cc3)cc2)cc1,N2,10,5,458
CNc1ccc(Oc2ccc(NC(=O)c3ccc(C(C)=O)cc3Oc3ccc(C(F)(F)F)cc3)cc2)cc1,N2,10,10,485
CNc1ccc(Oc2ccc(Oc3ccc(NC(=O)c4ccc(C(C)=O)cc4Oc4ccc(C(F)(F)F)cc4)cc3)cc2)cc1,N2,10,0,436
CNc1ccc(Oc2ccc(Oc3ccc(NC(=O)c4ccc(C(C)=O)cc4Oc4ccc(C(F)(F)F)cc4)cc3)cc2)cc1,N2,10,5,452
CNc1ccc(Oc2ccc(Oc3ccc(NC(=O)c4ccc(C(C)=O)cc4Oc4ccc(C(F)(F)F)cc4)cc3)cc2)cc1,N2,10,10,482
CNc1ccc(Oc2cccc(Oc3ccc(NC(=O)c4ccc(C(C)=O)cc4Oc4ccc(C(F)(F)F)cc4)cc3)c2)cc1,N2,10,0,434
CNc1ccc(Oc2cccc(Oc3ccc(NC(=O)c4ccc(C(C)=O)cc4Oc4ccc(C(F)(F)F)cc4)cc3)c2)cc1,N2,10,5,450
CNc1ccc(Oc2cccc(Oc3ccc(NC(=O)c4ccc(C(C)=O)cc4Oc4ccc(C(F)(F)F)cc4)cc3)c2)cc1,N2,10,10,484
CNc1ccc(Oc2ccc(NC(=O)c3ccc(C(C)=O)cc3)cc2)nc1,N2,10,5,467
CNc1ccc(Oc2ccc(NC(=O)c3ccc(C(C)=O)cc3)cc2)nc1,N2,10,10,477
CNc1ccc(Oc2ccc(NC(=O)c3ccc(C(C)=O)cc3)cc2)cc1,N2,10,5,460
CNc1ccc(Oc2ccc(NC(=O)c3ccc(C(C)=O)cc3)cc2)cc1,N2,10,10,482
CNc1ccc(Oc2ccc(NC(=O)c3cccc(C(C)=O)c3)cc2)nc1,N2,10,5,425
CNc1ccc(Oc2ccc(NC(=O)c3cccc(C(C)=O)c3)cc2)nc1,N2,10,10,443
CNc1ccc(Oc2ccc(C(c3ccc(Oc4ccc(NC(=O)c5ccc6c(c5)C(=O)N(c5ccc(Oc7ccc([C@]8(c9ccc(Oc%10ccc(N%11C(=O)c%12ccc(C(C)=O)cc%12C%11=O)cc%10)cc9)C[C@@H]9CC[C@H]8C9)cc7)cc5)C6=O)cc4)cc3)(C(F)(F)F)C(F)(F)F)cc2)cc1,N2,10,10,504
CNc1ccc(Oc2ccc(C(c3ccc(Oc4ccc(NC(=O)c5ccc6c(c5)C(=O)N(c5ccc(Oc7ccc([C@]8(c9ccc(Oc%10ccc(N%11C(=O)c%12ccc(C(C)=O)cc%12C%11=O)cc%10)cc9)C[C@@H]9CC[C@H]8C9)cc7)cc5)C6=O)cc4)cc3)(C(F)(F)F)C(F)(F)F)cc2)cc1,air,10,10,504
CNc1ccc(Oc2ccc(Oc3ccc(NC(=O)c4ccc5c(c4)C(=O)N(c4ccc(Oc6ccc([C@]7(c8ccc(Oc9ccc(N%10C(=O)c%11ccc(C(C)=O)cc%11C%10=O)cc9)cc8)C[C@@H]8CC[C@H]7C8)cc6)cc4)C5=O)cc3)cc2C(C)(C)C)cc1,N2,10,10,480
CNc1ccc(Oc2ccc(Oc3ccc(NC(=O)c4ccc5c(c4)C(=O)N(c4ccc(Oc6ccc([C@]7(c8ccc(Oc9ccc(N%10C(=O)c%11ccc(C(C)=O)cc%11C%10=O)cc9)cc8)C[C@@H]8CC[C@H]7C8)cc6)cc4)C5=O)cc3)cc2C(C)(C)C)cc1,air,10,10,490
CNc1ccc(Oc2c(C)cc(C(C)(C)c3cc(C)c(Oc4ccc(NC(=O)c5ccc6c(c5)C(=O)N(c5ccc(Oc7ccc([C@]8(c9ccc(Oc%10ccc(N%11C(=O)c%12ccc(C(C)=O)cc%12C%11=O)cc%10)cc9)C[C@@H]9CC[C@H]8C9)cc7)cc5)C6=O)cc4)c(C)c3)cc2C)cc1,N2,10,10,472
CNc1ccc(Oc2c(C)cc(C(C)(C)c3cc(C)c(Oc4ccc(NC(=O)c5ccc6c(c5)C(=O)N(c5ccc(Oc7ccc([C@]8(c9ccc(Oc%10ccc(N%11C(=O)c%12ccc(C(C)=O)cc%12C%11=O)cc%10)cc9)C[C@@H]9CC[C@H]8C9)cc7)cc5)C6=O)cc4)c(C)c3)cc2C)cc1,air,10,10,498
CNc1ccc(Oc2ccc(-c3ccc(Oc4ccc(NC(=O)c5ccc6c(c5)C(=O)N(c5ccc(Oc7ccc([C@]8(c9ccc(Oc%10ccc(N%11C(=O)c%12ccc(C(C)=O)cc%12C%11=O)cc%10)cc9)C[C@@H]9CC[C@H]8C9)cc7)cc5)C6=O)cc4)cc3C)c(C)c2)cc1,N2,10,10,498
CNc1ccc(Oc2ccc(-c3ccc(Oc4ccc(NC(=O)c5ccc6c(c5)C(=O)N(c5ccc(Oc7ccc([C@]8(c9ccc(Oc%10ccc(N%11C(=O)c%12ccc(C(C)=O)cc%12C%11=O)cc%10)cc9)C[C@@H]9CC[C@H]8C9)cc7)cc5)C6=O)cc4)cc3C)c(C)c2)cc1,air,10,10,520
O=C(c1ccc2c(c1)C(=O)N(c1ccc(Oc3ccc(-c4ccc(Oc5ccc(N6C(=O)[C@H]7C8C=CC(C8)[C@H]7C6=O)cc5C(F)(F)F)cc4)cc3)c(C(F)(F)F)c1)C2=O)c1ccc2c(c1)C(=O)N(c1ccc(Oc3ccc(-c4ccc(Oc5ccc(N6C(=O)[C@H]7C8C=CC(C8)[C@H]7C6=O)cc5C(F)(F)F)cc4)cc3)c(C(F)(F)F)c1)C2=O,N2,20,5,499
O=C(c1ccc2c(c1)C(=O)N(c1ccc(Oc3ccc(-c4ccc(Oc5ccc(N6C(=O)[C@H]7C8C=CC(C8)[C@H]7C6=O)cc5C(F)(F)F)cc4)cc3)c(C(F)(F)F)c1)C2=O)c1ccc2c(c1)C(=O)N(c1ccc(Oc3ccc(-c4ccc(Oc5ccc(N6C(=O)[C@H]7C8C=CC(C8)[C@H]7C6=O)cc5C(F)(F)F)cc4)cc3)c(C(F)(F)F)c1)C2=O,N2,20,10,558
CNc1ccc(Oc2ccc(C3(c4ccc(Oc5ccc(NC(=O)c6ccc7c(c6)C(=O)N(c6ccc(Oc8ccc([C@]9(c%10ccc(Oc%11ccc(N%12C(=O)c%13ccc(C(C)=O)cc%13C%12=O)cc%11)cc%10)C[C@@H]%10CC[C@H]9C%10)cc8)cc6)C7=O)cc5)cc4)[C@H]4CC5CC(C4)C[C@@H]3C5)cc2)cc1,N2,10,10,494
CNc1ccc(Oc2ccc(C3(c4ccc(Oc5ccc(NC(=O)c6ccc7c(c6)C(=O)N(c6ccc(Oc8ccc([C@]9(c%10ccc(Oc%11ccc(N%12C(=O)c%13ccc(C(C)=O)cc%13C%12=O)cc%11)cc%10)C[C@@H]%10CC[C@H]9C%10)cc8)cc6)C7=O)cc5)cc4)[C@H]4CC5CC(C4)C[C@@H]3C5)cc2)cc1,air,10,10,511
CNc1ccc(Oc2c(C)cc(C(C)(C)c3cc(C)c(Oc4ccc(NC(=O)c5ccc6c(c5)C(=O)N(c5ccc(Oc7ccc(C(C)(C)c8ccc(Oc9ccc(N%10C(=O)c%11ccc(C(C)=O)cc%11C%10=O)cc9)cc8)cc7)cc5)C6=O)cc4)c(C)c3)cc2C)cc1,N2,10,10,455
Cc1cc(OC(=O)c2ccc(C(=O)Oc3cc(C)c(-n4c(=O)c5cc6c(=O)n(C)c(=O)c6cc5c4=O)c(C)c3)cc2)cc(C)c1C,N2,10,5,511.5
Cc1cc(OC(=O)c2ccc(C(=O)Oc3cc(C)c(-n4c(=O)c5cc6c(=O)n(C)c(=O)c6cc5c4=O)c(C)c3)cc2)cc(C)c1C,N2,10,10,529.6
Cc1cc(OC(=O)c2ccc(C(=O)Oc3cc(C)c(N4C(=O)c5ccc(-c6ccc7c(c6)C(=O)N(C)C7=O)cc5C4=O)c(C)c3)cc2)cc(C)c1C,N2,10,5,509.7
Cc1cc(OC(=O)c2ccc(C(=O)Oc3cc(C)c(N4C(=O)c5ccc(-c6ccc7c(c6)C(=O)N(C)C7=O)cc5C4=O)c(C)c3)cc2)cc(C)c1C,N2,10,10,523.3
Cc1cc(OC(=O)c2ccc(C(=O)Oc3cc(C)c(N4C(=O)c5ccc(Oc6ccc7c(c6)C(=O)N(C)C7=O)cc5C4=O)c(C)c3)cc2)cc(C)c1C,N2,10,5,483.1
Cc1cc(OC(=O)c2ccc(C(=O)Oc3cc(C)c(N4C(=O)c5ccc(Oc6ccc7c(c6)C(=O)N(C)C7=O)cc5C4=O)c(C)c3)cc2)cc(C)c1C,N2,10,10,496.7
Cc1cc(OC(=O)c2ccc(C(=O)Oc3cc(C)c(N4C(=O)c5ccc(C(c6ccc7c(c6)C(=O)N(C)C7=O)(C(F)(F)F)C(F)(F)F)cc5C4=O)c(C)c3)cc2)cc(C)c1C,N2,10,5,483.2
Cc1cc(OC(=O)c2ccc(C(=O)Oc3cc(C)c(N4C(=O)c5ccc(C(c6ccc7c(c6)C(=O)N(C)C7=O)(C(F)(F)F)C(F)(F)F)cc5C4=O)c(C)c3)cc2)cc(C)c1C,N2,10,10,501.3
Cc1ccc(OC(=O)c2ccc(C(=O)Oc3ccc(N4C(=O)c5ccc(-c6ccc7c(c6)C(=O)N(C)C7=O)cc5C4=O)cc3)cc2)cc1,N2,10,5,549.3
Cc1ccc(OC(=O)c2ccc(C(=O)Oc3ccc(N4C(=O)c5ccc(-c6ccc7c(c6)C(=O)N(C)C7=O)cc5C4=O)cc3)cc2)cc1,N2,10,10,563.6
Cc1ccc(OC(=O)c2ccc(C(=O)Oc3ccc(-n4c(=O)c5cc6c(=O)n(C)c(=O)c6cc5c4=O)cc3)cc2)cc1,N2,10,5,586.4
Cc1ccc(OC(=O)c2ccc(C(=O)Oc3ccc(-n4c(=O)c5cc6c(=O)n(C)c(=O)c6cc5c4=O)cc3)cc2)cc1,N2,10,10,603.1
C#CCOc1ccc(N2COc3ccccc3C2)cc1,Ar,5,5,362
C#CCOc1ccc(N2COc3ccccc3C2)cc1,Ar,5,10,400
C#CCOc1ccc(N2COc3ccccc3C2)cc1,N2,10,10,272
Cc1ccc(-c2ccc(N3C(=O)c4ccc(C(=O)Oc5ccc(OC(=O)c6ccc7c(c6)C(=O)N(C)C7=O)c(C)c5C)cc4C3=O)cc2C(F)(F)F)c(C(F)(F)F)c1,N2,10,5,461
Cc1ccc(-c2ccc(N3C(=O)c4ccc(C(=O)Oc5ccc(OC(=O)c6ccc7c(c6)C(=O)N(C)C7=O)c(C)c5C)cc4C3=O)cc2C(F)(F)F)c(C(F)(F)F)c1,air,10,5,422
Cc1ccc(-c2ccc(N3C(=O)c4ccc(C(=O)Oc5c(C)cc(OC(=O)c6ccc7c(c6)C(=O)N(C)C7=O)cc5C)cc4C3=O)cc2C(F)(F)F)c(C(F)(F)F)c1,N2,10,5,464
Cc1ccc(-c2ccc(N3C(=O)c4ccc(C(=O)Oc5c(C)cc(OC(=O)c6ccc7c(c6)C(=O)N(C)C7=O)cc5C)cc4C3=O)cc2C(F)(F)F)c(C(F)(F)F)c1,air,10,5,443
Cc1ccc(-c2ccc(N3C(=O)c4ccc(C(=O)Oc5c(C)cc(OC(=O)c6ccc7c(c6)C(=O)N(C)C7=O)c(C)c5C)cc4C3=O)cc2C(F)(F)F)c(C(F)(F)F)c1,N2,10,5,454
Cc1ccc(-c2ccc(N3C(=O)c4ccc(C(=O)Oc5c(C)cc(OC(=O)c6ccc7c(c6)C(=O)N(C)C7=O)c(C)c5C)cc4C3=O)cc2C(F)(F)F)c(C(F)(F)F)c1,air,10,5,419
Cc1ccc(-c2ccc(N3C(=O)c4ccc(C(=O)Oc5ccc(OC(=O)c6ccc7c(c6)C(=O)N(C)C7=O)c6c5C5CCC6C5)cc4C3=O)cc2C(F)(F)F)c(C(F)(F)F)c1,N2,10,5,452
Cc1ccc(-c2ccc(N3C(=O)c4ccc(C(=O)Oc5ccc(OC(=O)c6ccc7c(c6)C(=O)N(C)C7=O)c6c5C5CCC6C5)cc4C3=O)cc2C(F)(F)F)c(C(F)(F)F)c1,air,10,5,444
Cc1ccc(-c2ccc(N3C(=O)c4ccc(C(=O)Oc5ccc(OC(=O)c6ccc7c(c6)C(=O)N(C)C7=O)cc5C(C)(C)C)cc4C3=O)cc2C(F)(F)F)c(C(F)(F)F)c1,N2,10,5,489
Cc1ccc(-c2ccc(N3C(=O)c4ccc(C(=O)Oc5ccc(OC(=O)c6ccc7c(c6)C(=O)N(C)C7=O)cc5C(C)(C)C)cc4C3=O)cc2C(F)(F)F)c(C(F)(F)F)c1,air,10,5,430
Cc1ccc(-c2ccc(N3C(=O)c4ccc(C(=O)Oc5cc(C(C)(C)C)c(OC(=O)c6ccc7c(c6)C(=O)N(C)C7=O)cc5C(C)(C)C)cc4C3=O)cc2C(F)(F)F)c(C(F)(F)F)c1,N2,10,5,441
Cc1ccc(-c2ccc(N3C(=O)c4ccc(C(=O)Oc5cc(C(C)(C)C)c(OC(=O)c6ccc7c(c6)C(=O)N(C)C7=O)cc5C(C)(C)C)cc4C3=O)cc2C(F)(F)F)c(C(F)(F)F)c1,air,10,5,405
CCC(C)(C)c1cc(OC(=O)c2ccc3c(c2)C(=O)N(c2ccc(-c4ccc(C)cc4C(F)(F)F)c(C(F)(F)F)c2)C3=O)c(C(C)(C)CC)cc1OC(=O)c1ccc2c(c1)C(=O)N(C)C2=O,N2,10,5,449
CCC(C)(C)c1cc(OC(=O)c2ccc3c(c2)C(=O)N(c2ccc(-c4ccc(C)cc4C(F)(F)F)c(C(F)(F)F)c2)C3=O)c(C(C)(C)CC)cc1OC(=O)c1ccc2c(c1)C(=O)N(C)C2=O,air,10,5,404
C#CCOc1ccc(N2CCc3cc(C(C)(C)c4ccc5c(c4)CCN(c4ccc(OCC#C)cc4)O5)ccc3O2)cc1,Ar,5,5,352
C#CCOc1ccc(N2CCc3cc(C(C)(C)c4ccc5c(c4)CCN(c4ccc(OCC#C)cc4)O5)ccc3O2)cc1,Ar,5,10,388
O=C1NC(=O)c2cc(Sc3ccc(S(=O)(=O)c4ccc(Sc5ccc6c(c5)C(=O)N(c5ccc(Oc7ccccc7)cc5)C6=O)cc4)cc3)ccc21,N2,20,5,504
O=C1NC(=O)c2c(Sc3ccc(S(=O)(=O)c4ccc(Sc5cccc6c5C(=O)N(c5ccc(Oc7ccccc7)cc5)C6=O)cc4)cc3)cccc21,N2,20,5,496
O=C1NC(=O)c2c(Sc3ccc(S(=O)(=O)c4ccc(Sc5cccc6c5C(=O)N(c5ccc(Oc7ccc(Oc8ccccc8)cc7)cc5)C6=O)cc4)cc3)cccc21,N2,20,5,500
O=C1NC(=O)c2cc(Sc3ccc(S(=O)(=O)c4ccc(Sc5ccc6c(c5)C(=O)N(c5ccc(Oc7ccc(Oc8ccccc8)cc7)cc5)C6=O)cc4)cc3)ccc21,N2,20,5,497
C(#Cc1cc(C#Cc2ccccc2)c(C#Cc2ccccc2)cc1C#Cc1ccccc1)c1ccccc1,N2,10,5,550
N#Cc1ccc(Oc2ccc([Si](c3ccccc3)(c3ccccc3)c3ccc(Oc4ccc(C#N)c(C#N)c4)cc3)cc2)cc1C#N,N2,10,5,526
N#Cc1ccc(Oc2ccc([Si](c3ccccc3)(c3ccccc3)c3ccc(Oc4ccc(C#N)c(C#N)c4)cc3)cc2)cc1C#N,N2,10,10,557
N#Cc1ccc(Oc2ccc([Si](c3ccccc3)(c3ccccc3)c3ccc(Oc4ccc(C#N)c(C#N)c4)cc3)cc2)cc1C#N,air,10,5,497
N#Cc1ccc(Oc2ccc([Si](c3ccccc3)(c3ccccc3)c3ccc(Oc4ccc(C#N)c(C#N)c4)cc3)cc2)cc1C#N,air,10,10,537
C=CCc1ccc(Oc2ccc(C#N)c(C#N)c2)c(OC)c1,N2,20,5,465
C=CCc1ccc(Oc2ccc(C#N)c(C#N)c2)c(OC)c1,N2,20,10,527
COc1ccccc1Oc1ccc(C#N)c(C#N)c1,N2,20,5,484
COc1ccccc1Oc1ccc(C#N)c(C#N)c1,N2,20,10,536
COc1ccccc1Oc1ccc(C#N)c(C#N)c1,air,20,10,536
N#Cc1ccc(Oc2ccc(/C=C/c3cccc(/C=C/c4ccc(Oc5ccc(C#N)c(C#N)c5)cc4)n3)cc2)cc1C#N,N2,10,5,524.2
N#Cc1ccc(Oc2ccc(/C=C/c3cccc(/C=C/c4ccc(Oc5ccc(C#N)c(C#N)c5)cc4)n3)cc2)cc1C#N,N2,10,10,576.7
N#Cc1ccc(Oc2ccc(/C=C/c3cccc(/C=C/c4ccc(Oc5ccc(C#N)c(C#N)c5)cc4)n3)cc2)cc1C#N,air,10,5,519.7
N#Cc1ccc(Oc2ccc(/C=C/c3cccc(/C=C/c4ccc(Oc5ccc(C#N)c(C#N)c5)cc4)n3)cc2)cc1C#N,air,10,10,560.9
N#Cc1c(Oc2ccc(C(c3ccc(O)cc3)(C(F)(F)F)C(F)(F)F)cc2)cccc1Oc1ccc(C(c2ccc(O)cc2)(C(F)(F)F)C(F)(F)F)cc1,N2,20,5,519.2
N#Cc1ccc(Oc2cc(F)ccc2Cc2c(F)ccc(Cc3c(O)cccc3F)c2Oc2ccc(C#N)c(C#N)c2)cc1C#N,N2,10,5,452.4
N#Cc1ccc(Oc2cc(F)ccc2Cc2c(F)ccc(Cc3c(O)cccc3F)c2Oc2ccc(C#N)c(C#N)c2)cc1C#N,N2,10,10,504.7
N#Cc1ccc(Oc2cc(F)ccc2Cc2c(F)ccc(Cc3c(O)cccc3F)c2Oc2ccc(C#N)c(C#N)c2)cc1C#N,air,10,5,443.7
N#Cc1ccc(Oc2cc(F)ccc2Cc2c(F)ccc(Cc3c(O)cccc3F)c2Oc2ccc(C#N)c(C#N)c2)cc1C#N,air,10,10,495.7
N#Cc1ccc(Oc2cccc(N3C(=O)c4ccc(Oc5ccc(-c6nn(-c7ccc8c(c7)C(=O)N(c7ccc(Oc9ccc(N%10C(=O)c%11ccc(Oc%12ccc(-c%13nn(-c%14ccc%15c(c%14)C(=O)N(c%14cccc(Oc%16ccc(C#N)c(C#N)c%16)c%14)C%15=O)c(=O)c%14ccccc%13%14)cc%12)cc%11C%10=O)cc9)cc7)C8=O)c(=O)c7ccccc67)cc5)cc4C3=O)c2)cc1C#N,N2,20,5,545
N#Cc1ccc(Oc2cccc(N3C(=O)c4ccc(Oc5ccc(-c6nn(-c7ccc8c(c7)C(=O)N(c7ccc(Oc9ccc(N%10C(=O)c%11ccc(Oc%12ccc(-c%13nn(-c%14ccc%15c(c%14)C(=O)N(c%14cccc(Oc%16ccc(C#N)c(C#N)c%16)c%14)C%15=O)c(=O)c%14ccccc%13%14)cc%12)cc%11C%10=O)cc9)cc7)C8=O)c(=O)c7ccccc67)cc5)cc4C3=O)c2)cc1C#N,N2,20,10,575
N#Cc1c(Oc2ccc(-c3n[nH]c(=O)c4ccccc34)cc2)cccc1Oc1ccc(-c2nn(-c3ccc(C(=O)c4ccc(F)cc4)cc3)c(=O)c3ccccc23)cc1,N2,20,5,511
O=c1[nH]nc(-c2ccc(Oc3ccc(S(=O)(=O)c4ccc(Cl)cc4)cc3)cc2)c2ccccc12,N2,20,5,505
O=c1[nH]nc(-c2ccc(Oc3ccc(S(=O)(=O)c4ccc(Cl)cc4)cc3)cc2)c2ccccc12,N2,20,10,512
O=c1[nH]nc(-c2ccc(Oc3ccc(S(=O)(=O)c4ccc(Cl)cc4)cc3)cc2)c2ccccc12,N2,20,20,533
O=c1[nH]nc(-c2ccc(Oc3ccc(-c4nc(-c5ccccc5)nc(-c5ccc(F)cc5)n4)cc3)cc2)c2ccccc12,N2,20,5,536
O=c1[nH]nc(-c2ccc(Oc3ccc(-c4nc(-c5ccccc5)nc(-c5ccc(F)cc5)n4)cc3)cc2)c2ccccc12,N2,20,10,563
O=c1[nH]nc(-c2ccc(Oc3ccc(-c4nc(-c5ccccc5)nc(-c5ccc(F)cc5)n4)cc3)cc2)c2ccccc12,N2,20,20,627
O=c1[nH]nc(-c2ccc(Oc3ccc(S(=O)(=O)c4ccc(Cn5nc(-c6ccc(Oc7ccc(-c8nc(-c9ccccc9)nc(-c9ccc(F)cc9)n8)cc7)cc6)c6ccccc6c5=O)cc4)cc3)cc2)c2ccccc12,N2,20,5,519
O=c1[nH]nc(-c2ccc(Oc3ccc(S(=O)(=O)c4ccc(Cn5nc(-c6ccc(Oc7ccc(-c8nc(-c9ccccc9)nc(-c9ccc(F)cc9)n8)cc7)cc6)c6ccccc6c5=O)cc4)cc3)cc2)c2ccccc12,N2,20,10,534
O=c1[nH]nc(-c2ccc(Oc3ccc(S(=O)(=O)c4ccc(Cn5nc(-c6ccc(Oc7ccc(-c8nc(-c9ccccc9)nc(-c9ccc(F)cc9)n8)cc7)cc6)c6ccccc6c5=O)cc4)cc3)cc2)c2ccccc12,N2,20,20,590
CC(C)(c1ccc2c(c1)CN(c1ccc(F)cc1)CO2)c1ccc2c(c1)CN(c1ccc(F)cc1)CO2,N2,10,5,297.9
CC(C)(c1ccc2c(c1)CN(c1ccc(F)cc1)CO2)c1ccc2c(c1)CN(c1ccc(F)cc1)CO2,N2,10,10,324.5
CC(C)(c1ccc2c(c1)CN(c1ccc(F)cc1F)CO2)c1ccc2c(c1)CN(c1ccc(F)cc1F)CO2,N2,20,5,338
CC(C)(c1ccc2c(c1)CN(c1ccc(F)cc1F)CO2)c1ccc2c(c1)CN(c1ccc(F)cc1F)CO2,N2,20,10,367
CC(C)(c1ccc2c(c1)CN(c1ccc(F)c(F)c1F)CO2)c1ccc2c(c1)CN(c1ccc(F)c(F)c1F)CO2,N2,20,5,359
CC(C)(c1ccc2c(c1)CN(c1ccc(F)c(F)c1F)CO2)c1ccc2c(c1)CN(c1ccc(F)c(F)c1F)CO2,N2,20,10,400
Cc1cc(C(c2ccccc2)c2cc(C)c(Oc3ccc4c(c3)C(=O)N(c3ccc(Oc5ccc(C#N)c(C#N)c5)cc3)C4=O)c(C)c2)cc(C)c1Oc1ccc2c(c1)C(=O)N(c1ccc(Oc3ccc(C#N)c(C#N)c3)cc1)C2=O,N2,20,5,433
Cc1cc(C(c2ccccc2)c2cc(C)c(Oc3ccc4c(c3)C(=O)N(c3ccc(Oc5ccc(C#N)c(C#N)c5)cc3)C4=O)c(C)c2)cc(C)c1Oc1ccc2c(c1)C(=O)N(c1ccc(Oc3ccc(C#N)c(C#N)c3)cc1)C2=O,N2,20,10,482
Cc1cc(C(c2ccccc2)c2cc(C)c(Oc3ccc4c(c3)C(=O)N(c3ccc(Oc5ccc(C#N)c(C#N)c5)cc3)C4=O)c(C)c2)cc(C)c1Oc1ccc2c(c1)C(=O)N(c1ccc(Oc3ccc(C#N)c(C#N)c3)cc1)C2=O,air,20,5,424
Cc1cc(C(c2ccccc2)c2cc(C)c(Oc3ccc4c(c3)C(=O)N(c3ccc(Oc5ccc(C#N)c(C#N)c5)cc3)C4=O)c(C)c2)cc(C)c1Oc1ccc2c(c1)C(=O)N(c1ccc(Oc3ccc(C#N)c(C#N)c3)cc1)C2=O,air,20,10,467
COc1ccc(C(c2cc(C)c(Oc3ccc4c(c3)C(=O)N(c3ccc(Oc5ccc(C#N)c(C#N)c5)cc3)C4=O)c(C)c2)c2cc(C)c(Oc3ccc4c(c3)C(=O)N(c3ccc(Oc5ccc(C#N)c(C#N)c5)cc3)C4=O)c(C)c2)cc1,N2,20,5,429
COc1ccc(C(c2cc(C)c(Oc3ccc4c(c3)C(=O)N(c3ccc(Oc5ccc(C#N)c(C#N)c5)cc3)C4=O)c(C)c2)c2cc(C)c(Oc3ccc4c(c3)C(=O)N(c3ccc(Oc5ccc(C#N)c(C#N)c5)cc3)C4=O)c(C)c2)cc1,N2,20,10,476
COc1ccc(C(c2cc(C)c(Oc3ccc4c(c3)C(=O)N(c3ccc(Oc5ccc(C#N)c(C#N)c5)cc3)C4=O)c(C)c2)c2cc(C)c(Oc3ccc4c(c3)C(=O)N(c3ccc(Oc5ccc(C#N)c(C#N)c5)cc3)C4=O)c(C)c2)cc1,air,20,5,421
COc1ccc(C(c2cc(C)c(Oc3ccc4c(c3)C(=O)N(c3ccc(Oc5ccc(C#N)c(C#N)c5)cc3)C4=O)c(C)c2)c2cc(C)c(Oc3ccc4c(c3)C(=O)N(c3ccc(Oc5ccc(C#N)c(C#N)c5)cc3)C4=O)c(C)c2)cc1,air,20,10,462
COc1ccc(C(c2cc(C)c(Oc3ccc4c(c3)C(=O)N(c3ccc(Oc5ccc(C#N)c(C#N)c5)cc3)C4=O)c(C)c2)c2cc(C)c(Oc3ccc4c(c3)C(=O)N(c3ccc(Oc5ccc(C#N)c(C#N)c5)cc3)C4=O)c(C)c2)c(OC)c1,N2,20,5,428
COc1ccc(C(c2cc(C)c(Oc3ccc4c(c3)C(=O)N(c3ccc(Oc5ccc(C#N)c(C#N)c5)cc3)C4=O)c(C)c2)c2cc(C)c(Oc3ccc4c(c3)C(=O)N(c3ccc(Oc5ccc(C#N)c(C#N)c5)cc3)C4=O)c(C)c2)c(OC)c1,N2,20,10,474
COc1ccc(C(c2cc(C)c(Oc3ccc4c(c3)C(=O)N(c3ccc(Oc5ccc(C#N)c(C#N)c5)cc3)C4=O)c(C)c2)c2cc(C)c(Oc3ccc4c(c3)C(=O)N(c3ccc(Oc5ccc(C#N)c(C#N)c5)cc3)C4=O)c(C)c2)c(OC)c1,air,20,5,416
COc1ccc(C(c2cc(C)c(Oc3ccc4c(c3)C(=O)N(c3ccc(Oc5ccc(C#N)c(C#N)c5)cc3)C4=O)c(C)c2)c2cc(C)c(Oc3ccc4c(c3)C(=O)N(c3ccc(Oc5ccc(C#N)c(C#N)c5)cc3)C4=O)c(C)c2)c(OC)c1,air,20,10,457
N#Cc1ccc(-n2nc(-c3ccc(Oc4cccc(Oc5ccc(-c6nn(-c7ccc(C#N)c(C#N)c7)c(=O)c7ccccc67)cc5)c4C#N)cc3)c3ccccc3c2=O)cc1C#N,N2,20,5,534
N#Cc1ccc(-n2nc(-c3ccc(Oc4cccc(Oc5ccc(-c6nn(-c7ccc(C#N)c(C#N)c7)c(=O)c7ccccc67)cc5)c4C#N)cc3)c3ccccc3c2=O)cc1C#N,N2,20,10,582
N#Cc1ccc(-n2nc(-c3ccc(Oc4cccc(Oc5ccc(-c6nn(-c7ccc(C#N)c(C#N)c7)c(=O)c7ccccc67)cc5)c4C#N)cc3)c3ccccc3c2=O)cc1C#N,air,20,5,500
N#Cc1ccc(-n2nc(-c3ccc(Oc4cccc(Oc5ccc(-c6nn(-c7ccc(C#N)c(C#N)c7)c(=O)c7ccccc67)cc5)c4C#N)cc3)c3ccccc3c2=O)cc1C#N,air,20,10,533
CC(C)(c1ccc(Oc2ccc3c(c2)C(=O)N(c2ccc(C4c5ccccc5-c5cc(-c6ccc7c(c6)-c6ccccc6C7c6ccc(N)cc6)ccc54)cc2)C3=O)cc1)c1ccc(Oc2ccc3c(c2)C(=O)N(c2ccc(C4c5ccccc5-c5cc(-c6ccc7c(c6)-c6ccccc6C7c6ccc(N)cc6)ccc54)cc2)C3=O)cc1,N2,20,5,526
CC(C)(c1ccc(Oc2ccc3c(c2)C(=O)N(c2ccc(C4c5ccccc5-c5cc(-c6ccc7c(c6)-c6ccccc6C7c6ccc(N)cc6)ccc54)cc2)C3=O)cc1)c1ccc(Oc2ccc3c(c2)C(=O)N(c2ccc(C4c5ccccc5-c5cc(-c6ccc7c(c6)-c6ccccc6C7c6ccc(N)cc6)ccc54)cc2)C3=O)cc1,N2,20,10,561
Nc1ccc(N2C(=O)c3ccc(Oc4ccc(-c5nn(-c6ccc7c(c6)C(=O)N(c6ccc(N)cc6)C7=O)c(=O)c6ccccc56)cc4)cc3C2=O)cc1,N2,10,5,510
Nc1ccc(Oc2ccc(N3C(=O)c4ccc(Oc5ccc(-c6nn(-c7ccc8c(c7)C(=O)N(c7ccc(Oc9ccc(N)cc9)cc7)C8=O)c(=O)c7ccccc67)cc5)cc4C3=O)cc2)cc1,N2,10,5,505
Nc1ccc(Cc2ccc(N3C(=O)c4ccc(Oc5ccc(-c6nn(-c7ccc8c(c7)C(=O)N(c7ccc(Cc9ccc(N)cc9)cc7)C8=O)c(=O)c7ccccc67)cc5)cc4C3=O)cc2)cc1,N2,10,5,482
Nc1cccc(N2C(=O)c3ccc(Oc4ccc(-c5nn(-c6ccc7c(c6)C(=O)N(c6cccc(N)c6)C7=O)c(=O)c6ccccc56)cc4)cc3C2=O)c1,N2,10,5,505
Nc1ccc(-n2nc(-c3ccc(Oc4ccc(N5C(=O)c6ccc(Oc7ccc(-c8nn(-c9ccc%10c(c9)C(=O)N(c9ccc(Oc%11ccc(-c%12nn(-c%13ccc(N)cc%13)c(=O)c%13ccccc%12%13)cc%11)cc9)C%10=O)c(=O)c9ccccc89)cc7)cc6C5=O)cc4)cc3)c3ccccc3c2=O)cc1,N2,10,5,506
N#Cc1ccc(Oc2ccc(C(=O)c3cccc(C(=O)c4ccc(Oc5ccc(C#N)c(C#N)c5)cc4)n3)cc2)cc1C#N,N2,10,5,538
N#Cc1ccc(Oc2ccc(C(=O)c3cccc(C(=O)c4ccc(Oc5ccc(C#N)c(C#N)c5)cc4)n3)cc2)cc1C#N,air,10,5,530
Oc1ccc(-c2ccc(Oc3ccc(-c4nc(-c5ccccc5)nc(-c5ccc(Oc6ccc(-c7ccc(O)cc7)cc6)cc5)n4)cc3)cc2)cc1,air,10,1,548
Oc1ccc(-c2ccc(Oc3ccc(-c4nc(-c5ccccc5)nc(-c5ccc(Oc6ccc(-c7ccc(O)cc7)cc6)cc5)n4)cc3)cc2)cc1,air,10,5,602
Oc1ccc(Oc2ccc(-c3nc(-c4ccccc4)nc(-c4ccc(Oc5ccc(O)cc5)cc4)n3)cc2)cc1,air,10,1,503
Oc1ccc(Oc2ccc(-c3nc(-c4ccccc4)nc(-c4ccc(Oc5ccc(O)cc5)cc4)n3)cc2)cc1,air,10,5,585
CC(C)(c1ccc(O)cc1)c1ccc(Oc2ccc(-c3nc(-c4ccccc4)nc(-c4ccc(Oc5ccc(C(C)(C)c6ccc(O)cc6)cc5)cc4)n3)cc2)cc1,air,10,1,450
CC(C)(c1ccc(O)cc1)c1ccc(Oc2ccc(-c3nc(-c4ccccc4)nc(-c4ccc(Oc5ccc(C(C)(C)c6ccc(O)cc6)cc5)cc4)n3)cc2)cc1,air,10,5,494
Oc1ccc2ccc(Oc3ccc(-c4nc(-c5ccccc5)nc(-c5ccc(Oc6ccc7ccc(O)cc7c6)cc5)n4)cc3)cc2c1,air,10,1,482
Oc1ccc2ccc(Oc3ccc(-c4nc(-c5ccccc5)nc(-c5ccc(Oc6ccc7ccc(O)cc7c6)cc5)n4)cc3)cc2c1,air,10,5,580
Oc1ccc(Sc2ccc(Oc3ccc(-c4nc(-c5ccccc5)nc(-c5ccc(Oc6ccc(Sc7ccc(O)cc7)cc6)cc5)n4)cc3)cc2)cc1,air,10,1,462
Oc1ccc(Sc2ccc(Oc3ccc(-c4nc(-c5ccccc5)nc(-c5ccc(Oc6ccc(Sc7ccc(O)cc7)cc6)cc5)n4)cc3)cc2)cc1,air,10,5,546
Oc1ccc(Oc2ccc(Oc3ccc(-c4nc(-c5ccccc5)nc(-c5ccc(Oc6ccc(Sc7ccc(O)cc7)cc6)cc5)n4)cc3)cc2)cc1,air,10,1,464
Oc1ccc(Oc2ccc(Oc3ccc(-c4nc(-c5ccccc5)nc(-c5ccc(Oc6ccc(Sc7ccc(O)cc7)cc6)cc5)n4)cc3)cc2)cc1,air,10,5,559
Oc1ccc(C(c2ccccc2)(c2ccccc2)c2ccc(Oc3ccc(-c4nc(-c5ccccc5)nc(-c5ccc(Oc6ccc(C(c7ccccc7)(c7ccccc7)c7ccc(O)cc7)cc6)cc5)n4)cc3)cc2)cc1,air,10,1,479
Oc1ccc(C(c2ccccc2)(c2ccccc2)c2ccc(Oc3ccc(-c4nc(-c5ccccc5)nc(-c5ccc(Oc6ccc(C(c7ccccc7)(c7ccccc7)c7ccc(O)cc7)cc6)cc5)n4)cc3)cc2)cc1,air,10,5,547
N#Cc1ccc(Oc2ccc(C3(c4ccc(Oc5cccc(C[Si](Oc6cccc(Oc7ccc(C8(c9ccc(Oc%10ccc(C#N)c(C#N)c%10)cc9)c9ccccc9-c9ccccc98)cc7)c6C#N)(c6ccccc6)c6ccccc6)c5C#N)cc4)c4ccccc4-c4ccccc43)cc2)cc1C#N,N2,10,5,662
N#Cc1ccc(Oc2ccc(C3(c4ccc(Oc5cccc(C[Si](Oc6cccc(Oc7ccc(C8(c9ccc(Oc%10ccc(C#N)c(C#N)c%10)cc9)c9ccccc9-c9ccccc98)cc7)c6C#N)(c6ccccc6)c6ccccc6)c5C#N)cc4)c4ccccc4-c4ccccc43)cc2)cc1C#N,air,10,5,517.2
N#Cc1ccc(Oc2ccc(C(c3ccc(Oc4ccc(C#N)c(C#N)c4)cc3)c3ccc(Oc4ccc(C#N)c(C#N)c4)cc3)cc2)cc1C#N,N2,10,5,511.2
N#Cc1ccc(Oc2ccc(C(c3ccc(Oc4ccc(C#N)c(C#N)c4)cc3)c3ccc(Oc4ccc(C#N)c(C#N)c4)cc3)cc2)cc1C#N,N2,10,10,552.6
N#Cc1ccc(Oc2ccc(C(c3ccc(Oc4ccc(C#N)c(C#N)c4)cc3)c3ccc(Oc4ccc(C#N)c(C#N)c4)cc3)cc2)cc1C#N,air,10,5,507.3
N#Cc1ccc(Oc2ccc(C(c3ccc(Oc4ccc(C#N)c(C#N)c4)cc3)c3ccc(Oc4ccc(C#N)c(C#N)c4)cc3)cc2)cc1C#N,air,10,10,547.9
C[Si](C)(Nc1ccc(Oc2ccc(C#N)c(C#N)c2)cc1)Nc1ccc(Oc2ccc(C#N)c(C#N)c2)cc1,N2,10,5,535
C[Si](C)(Nc1ccc(Oc2ccc(C#N)c(C#N)c2)cc1)Nc1ccc(Oc2ccc(C#N)c(C#N)c2)cc1,N2,10,10,610
C[Si](C)(Nc1ccc(Oc2ccc(C#N)c(C#N)c2)cc1)Nc1ccc(Oc2ccc(C#N)c(C#N)c2)cc1,air,10,5,558
C[Si](C)(Nc1ccc(Oc2ccc(C#N)c(C#N)c2)cc1)Nc1ccc(Oc2ccc(C#N)c(C#N)c2)cc1,air,10,10,607
C=C[Si](C)(Nc1ccc(Oc2ccc(C#N)c(C#N)c2)cc1)Nc1ccc(Oc2ccc(C#N)c(C#N)c2)cc1,N2,10,5,541
C=C[Si](C)(Nc1ccc(Oc2ccc(C#N)c(C#N)c2)cc1)Nc1ccc(Oc2ccc(C#N)c(C#N)c2)cc1,N2,10,10,627
C=C[Si](C)(Nc1ccc(Oc2ccc(C#N)c(C#N)c2)cc1)Nc1ccc(Oc2ccc(C#N)c(C#N)c2)cc1,air,10,10,597
C[SiH](Nc1ccc(Oc2ccc(C#N)c(C#N)c2)cc1)Nc1ccc(Oc2ccc(C#N)c(C#N)c2)cc1,N2,10,5,570
C[SiH](Nc1ccc(Oc2ccc(C#N)c(C#N)c2)cc1)Nc1ccc(Oc2ccc(C#N)c(C#N)c2)cc1,N2,10,10,687
C[SiH](Nc1ccc(Oc2ccc(C#N)c(C#N)c2)cc1)Nc1ccc(Oc2ccc(C#N)c(C#N)c2)cc1,air,10,5,562
C[SiH](Nc1ccc(Oc2ccc(C#N)c(C#N)c2)cc1)Nc1ccc(Oc2ccc(C#N)c(C#N)c2)cc1,air,10,10,606
C[Si](Oc1ccc(Oc2ccc(C#N)c(C#N)c2)cc1)(Oc1ccc(Oc2ccc(C#N)c(C#N)c2)cc1)c1ccccc1,Ar,10,5,537
C[Si](Oc1ccc(Oc2ccc(C#N)c(C#N)c2)cc1)(Oc1ccc(Oc2ccc(C#N)c(C#N)c2)cc1)c1ccccc1,air,10,5,520
N#Cc1ccc(Oc2ccc(C(=O)c3cc(N)cc(N)c3)cc2)cc1C#N,N2,10,5,446
N#Cc1ccc(Oc2ccc(C(=O)c3cc(N)cc(N)c3)cc2)cc1C#N,N2,10,10,505
N#Cc1ccc(Oc2ccc3c(c2)C(c2ccc(N)cc2)(c2ccc(N)cc2)c2cc(Oc4ccc(C#N)c(C#N)c4)ccc2-3)cc1C#N,N2,20,5,513
N#Cc1ccc(Oc2ccc3c(c2)C(c2ccc(N)cc2)(c2ccc(N)cc2)c2cc(Oc4ccc(C#N)c(C#N)c4)ccc2-3)cc1C#N,N2,20,10,567
N#Cc1ccc(Oc2ccc3c(c2)C(c2ccc(N)cc2)(c2ccc(N)cc2)c2cc(Oc4ccc(C#N)c(C#N)c4)ccc2-3)cc1C#N,air,20,5,529
N#Cc1ccc(Oc2ccc3c(c2)C(c2ccc(N)cc2)(c2ccc(N)cc2)c2cc(Oc4ccc(C#N)c(C#N)c4)ccc2-3)cc1C#N,air,20,10,568
C=CCc1ccc(Oc2ccc(C#N)c(C#N)c2)c(-c2cc(CC=C)ccc2Oc2ccc(C#N)c(C#N)c2)c1,N2,10,5,527.6
C=CCc1ccc(Oc2ccc(C#N)c(C#N)c2)c(-c2cc(CC=C)ccc2Oc2ccc(C#N)c(C#N)c2)c1,air,10,5,513.1
N#Cc1ccc(Oc2ccccc2-c2ccccc2Oc2ccc(C#N)c(C#N)c2)cc1C#N,N2,10,1,276.3
N#Cc1ccc(Oc2ccccc2-c2ccccc2Oc2ccc(C#N)c(C#N)c2)cc1C#N,N2,10,5,461.3
N#Cc1ccc(Oc2ccccc2-c2ccccc2Oc2ccc(C#N)c(C#N)c2)cc1C#N,air,10,5,461.5
C=CCc1ccc(Oc2ccc(C#N)c(C#N)c2)c(-c2ccc(Oc3ccc(C#N)c(C#N)c3)c(CC=C)c2)c1,N2,10,5,527.8
C=CCc1ccc(Oc2ccc(C#N)c(C#N)c2)c(-c2ccc(Oc3ccc(C#N)c(C#N)c3)c(CC=C)c2)c1,N2,10,1,276.3
C=CCc1ccc(Oc2ccc(C#N)c(C#N)c2)c(-c2ccc(Oc3ccc(C#N)c(C#N)c3)c(CC=C)c2)c1,air,10,5,506
N#Cc1ccc(Oc2ccc(OC(=O)c3cc(N)cc(NC(=O)c4cccc(C(=O)Cl)c4)c3)cc2)cc1C#N,N2,10,5,380
N#COc1ccc(S(=O)(=O)c2ccc(OC#N)cc2)cc1,air,10,5,255
N#COc1ccc(Oc2ccc(S(=O)(=O)c3ccc(Oc4ccc(OC#N)cc4)cc3)cc2)cc1,air,10,5,448
N#COc1ccc(C(=O)c2ccc(OC#N)cc2)cc1,air,10,5,387
N#COc1ccc(C(c2ccccc2)(c2ccc(OC#N)cc2)C(F)(F)F)cc1,air,10,5,443
N#COc1ccc(P(=O)(c2ccccc2)c2ccc(OC#N)cc2)cc1,air,10,5,371
N#COc1ccc(Oc2ccc(P(=O)(c3ccccc3)c3ccc(Oc4ccc(OC#N)cc4)cc3)cc2)cc1,air,10,5,444
N#COc1cccc(Oc2ccc(P(=O)(c3ccccc3)c3ccc(Oc4cccc(OC#N)c4)cc3)cc2)c1,air,10,5,425
CCc1ccc(OC(C)=O)cc1,N2,20,5,369.4
N#COc1ccc(C(c2ccc(OC#N)cc2)(c2ccc(OC#N)cc2)P2(=O)Oc3ccccc3-c3ccccc32)cc1,N2,20,5,348
CC(C)(c1ccc(OCC(O)COc2ccc(C(C)(C)c3ccc(OCC4CO4)cc3)cc2)cc1)c1ccc(OCC(O)Nc2ccc(Oc3ccc(C#N)c(C#N)c3)cc2)cc1,N2,20,5,397
CC(C)(c1ccc(OCC(O)COc2ccc(C(C)(C)c3ccc(OCC4CO4)cc3)cc2)cc1)c1ccc(OCC(O)Nc2ccc(Oc3ccc(C#N)c(C#N)c3)cc2)cc1,N2,20,30,698
CC(C)(c1ccc(OCC(O)COc2ccc(C(C)(C)c3ccc(OCC4CO4)cc3)cc2)cc1)c1ccc(OCC(O)Nc2ccc(Oc3ccc(C#N)c(C#N)c3)cc2)cc1,air,20,5,397
CC(C)(c1ccc(OCC(O)COc2ccc(C(C)(C)c3ccc(OCC4CO4)cc3)cc2)cc1)c1ccc(OCC(O)Nc2ccc(Oc3ccc(C#N)c(C#N)c3)cc2)cc1,air,20,30,639
N#Cc1ccc(Oc2cccc(OP(=O)(Oc3ccccc3)Oc3cccc(Oc4ccc(C#N)c(C#N)c4)c3)c2)cc1C#N,Ar,10,5,524
N#Cc1ccc(Oc2cccc(OP(=O)(Oc3ccccc3)Oc3cccc(Oc4ccc(C#N)c(C#N)c4)c3)c2)cc1C#N,air,10,5,524
N#Cc1ccc(Oc2ccc(NC(=O)c3ccccc3C(c3ccc(Oc4cccc(Cl)c4C#N)cc3)c3ccc(Oc4cccc(Oc5ccc(O)cc5)c4C#N)cc3)cc2)cc1C#N,N2,20,10,485
C=C[Si](C)(Cl)C#Cc1cccc(C#C[Si](C)(C#Cc2ccc3c(c2)Cc2cc(C#C[Si](C)(Cl)C=C)ccc2-3)C=C)c1,N2,10,5,639
C=C[Si](C)(Cl)C#Cc1ccc2c(c1)Cc1cc(C#C[Si](C)(Cl)C=C)ccc1-2,N2,10,5,528
C=C[Si](C)(Cl)C#Cc1cccc(C#C[Si](C)(C#Cc2ccc3c(c2)[nH]c2cc(C#C[Si](C)(Cl)C=C)ccc23)C=C)c1,N2,10,5,691
C#Cc1cccc(C#C[SiH](C#Cc2cccc(C#C)c2)c2ccccc2)c1,N2,10,5,755
C#Cc1cccc(C#C[SiH](C#Cc2ccc3c(c2)[nH]c2cc(C#C[SiH](Cl)c4ccccc4)ccc23)c2ccccc2)c1,N2,10,5,776
C#Cc1ccc(-c2nc3cc4oc(-c5ccc(C#C)cc5)nc4cc3o2)cc1,N2,10,5,622
C#Cc1cccc(-c2nc3cc4oc(-c5cccc(C#C)c5)nc4cc3o2)c1,N2,10,5,612
C#Cc1ccc(-c2nc3cc(C(C)(C)c4ccc5oc(-c6ccc(C#C)cc6)nc5c4)ccc3o2)cc1,N2,10,5,596
C#Cc1cccc(-c2nc3cc(C(C)(C)c4ccc5oc(-c6cccc(C#C)c6)nc5c4)ccc3o2)c1,N2,10,5,593
C#Cc1ccc(-c2nc3cc(S(=O)(=O)c4ccc5oc(-c6ccc(C#C)cc6)nc5c4)ccc3o2)cc1,N2,10,5,535
C#Cc1cccc(-c2nc3cc(S(=O)(=O)c4ccc5oc(-c6cccc(C#C)c6)nc5c4)ccc3o2)c1,N2,10,5,524
CC(C)(c1ccc(OCCCCOc2ccc(C(C)(C)c3ccc(Oc4ccc(C#N)c(C#N)c4)cc3)cc2)cc1)c1ccc(Oc2ccc(C#N)c(C#N)c2)cc1,N2,20,5,475
CC(C)(c1ccc(OCCCCOc2ccc(C(C)(C)c3ccc(Oc4ccc(C#N)c(C#N)c4)cc3)cc2)cc1)c1ccc(Oc2ccc(C#N)c(C#N)c2)cc1,N2,20,10,493
C#Cc1ccc(-c2nc3cc(-c4ccc5oc(-c6ccc(C#C)cc6)nc5c4)ccc3o2)cc1,N2,10,5,514
C#Cc1ccc(-c2nc3cc(-c4ccc5oc(-c6ccc(C#C)cc6)nc5c4)ccc3o2)cc1,air,10,5,583
C#Cc1ccc(-c2nc3cc(-c4ccc5oc(-c6ccc(C#C)cc6)nc5c4)ccc3o2)cc1,air,10,10,632
C#Cc1cccc(C#CC(C#Cc2cccc(C#C)c2)(C#Cc2cccc(C#C)c2)C#Cc2cccc(C=C)c2)c1,N2,10,5,654
C#Cc1ccc2oc(-c3ccc(C#C[Si](C)(C)Cl)cc3)nc2c1,N2,10,5,661
C#Cc1ccc(-c2nc3cc(-c4ccc5oc(-c6ccc(C#C[Si](C)(C)Cl)cc6)nc5c4)ccc3o2)cc1,N2,10,5,637
N#Cc1ccc(Oc2ccc(CO[Si](OCc3ccc(Oc4ccc(C#N)c(C#N)c4)cc3)(c3ccccc3)c3ccccc3)cc2)cc1C#N,Ar,10,5,532
N#Cc1ccc(Oc2ccc(CO[Si](OCc3ccc(Oc4ccc(C#N)c(C#N)c4)cc3)(c3ccccc3)c3ccccc3)cc2)cc1C#N,Ar,10,10,585
N#Cc1ccc(Oc2ccc(CO[Si](OCc3ccc(Oc4ccc(C#N)c(C#N)c4)cc3)(c3ccccc3)c3ccccc3)cc2)cc1C#N,air,10,5,532
N#Cc1ccc(Oc2ccc(CO[Si](OCc3ccc(Oc4ccc(C#N)c(C#N)c4)cc3)(c3ccccc3)c3ccccc3)cc2)cc1C#N,air,10,10,556
C[Si](OCc1ccc(Oc2ccc(C#N)c(C#N)c2)cc1)(OCc1ccc(Oc2ccc(C#N)c(C#N)c2)cc1)c1ccccc1,Ar,10,5,549
C[Si](OCc1ccc(Oc2ccc(C#N)c(C#N)c2)cc1)(OCc1ccc(Oc2ccc(C#N)c(C#N)c2)cc1)c1ccccc1,Ar,10,10,579
C[Si](OCc1ccc(Oc2ccc(C#N)c(C#N)c2)cc1)(OCc1ccc(Oc2ccc(C#N)c(C#N)c2)cc1)c1ccccc1,air,10,10,557
C[Si](OCc1ccc(Oc2ccc(C#N)c(C#N)c2)cc1)(OCc1ccc(Oc2ccc(C#N)c(C#N)c2)cc1)c1ccccc1,air,10,5,524
N#Cc1ccc(Oc2cccc(Oc3cccc(Oc4ccc(C#N)c(C#N)c4)c3)c2)cc1C#N,Ar,10,5,493
N#Cc1ccc(Oc2cccc(Oc3cccc(Oc4ccc(C#N)c(C#N)c4)c3)c2)cc1C#N,N2,10,5,534
N#Cc1ccc(Oc2cccc(Oc3cccc(Oc4ccc(C#N)c(C#N)c4)c3)c2)cc1C#N,air,10,5,538
N#Cc1ccc(Oc2ccc(NC(=O)c3ccc(N)cc3)cc2)cc1C#N,N2,10,5,531
N#Cc1ccc(Oc2ccc(NC(=O)c3ccc(N)cc3)cc2)cc1C#N,air,10,5,502
N#Cc1ccc(Oc2cccc(NC(=O)c3ccc(N)cc3)c2)cc1C#N,N2,10,5,506
N#Cc1ccc(Oc2cccc(NC(=O)c3ccc(N)cc3)c2)cc1C#N,air,10,5,501
N#Cc1ccc(Oc2ccccc2NC(=O)c2ccc(N)cc2)cc1C#N,N2,10,5,517
N#Cc1ccc(Oc2ccccc2NC(=O)c2ccc(N)cc2)cc1C#N,air,10,5,496
C#Cc1cccc(Nc2nc(Nc3cccc(C#C)c3)nc(Nc3cccc(C#C)c3)n2)c1,N2,10,5,521
C#Cc1ccc(-c2nc(-c3ccc(C#C)cc3)nc(-c3ccc(C#C)cc3)n2)cc1,N2,10,5,368
C#CCOc1nc(OCC#C)nc(OCC#C)n1,N2,10,5,344
C[Si](C)(c1ccc(-c2ccc(Oc3ccc(C#N)c(C#N)c3)cc2)cc1)c1ccc(-c2ccc(Oc3ccc(C#N)c(C#N)c3)cc2)cc1,N2,10,5,546
N#Cc1ccc(-c2nc3cc4nc(-c5ccc(C#N)cc5)oc4cc3o2)cc1,N2,10,5,618
N#Cc1ccc(-c2nc3cc4nc(-c5ccc(C#N)cc5)oc4cc3o2)cc1,air,10,5,600
N#Cc1ccc(-c2nc3cc4nc(-c5ccc(C#N)cc5)oc4cc3o2)cc1,air,10,10,659
N#Cc1ccc(-c2nc3cc(-c4ccc5oc(-c6ccc(C#N)cc6)nc5c4)ccc3o2)cc1,N2,10,5,605
N#Cc1ccc(-c2nc3cc(-c4ccc5oc(-c6ccc(C#N)cc6)nc5c4)ccc3o2)cc1,air,10,5,612
N#Cc1ccc(-c2nc3cc(-c4ccc5oc(-c6ccc(C#N)cc6)nc5c4)ccc3o2)cc1,air,10,10,669
CC(C)(c1ccc2oc(-c3ccc(C#N)cc3)nc2c1)c1ccc2oc(-c3ccc(C#N)cc3)nc2c1,N2,10,5,597
CC(C)(c1ccc2oc(-c3cccc(C#N)c3)nc2c1)c1ccc2oc(-c3cccc(C#N)c3)nc2c1,N2,10,5,577
N#Cc1cccc(-c2nc3cc(S(=O)(=O)c4ccc5oc(-c6cccc(C#N)c6)nc5c4)ccc3o2)c1,N2,10,5,520
N#Cc1ccc(-c2nc3cc(S(=O)(=O)c4ccc5oc(-c6ccc(C#N)cc6)nc5c4)ccc3o2)cc1,N2,10,5,528
Nc1cccc(N2C(=O)c3ccc(-c4ccc5c(c4)C(=O)N(c4cccc(N)c4)C5=O)cc3C2=O)c1,N2,10,5,452
Nc1ccc(N2C(=O)c3ccc(-c4ccc5c(c4)C(=O)N(c4ccc(N)cc4)C5=O)cc3C2=O)cc1,N2,10,5,460
Nc1cccc(Oc2ccc(N3C(=O)c4ccc(-c5ccc6c(c5)C(=O)N(c5ccc(Oc7cccc(N)c7)cc5)C6=O)cc4C3=O)cc2)c1,N2,10,5,450
C[Si](C)(c1ccc2c(c1)C(=O)N(c1ccc(C#Cc3ccccc3)cc1)C2=O)c1ccc2c(c1)C(=O)N(c1ccc(C#Cc3ccccc3)cc1)C2=O,N2,10,5,531
CC(=O)Nc1cccc(Oc2cccc(C#N)c2C#N)c1,N2,20,5,303
N#Cc1ccc(Oc2ccc(C(=O)c3ccc(Oc4cccc(Oc5ccc(C(=O)c6ccc(Oc7ccc(C#N)c(C#N)c7)cc6)cc5)c4C#N)cc3)cc2)cc1C#N,N2,20,5,515
N#Cc1ccc(Oc2ccc(C(=O)c3ccc(Oc4cccc(Oc5ccc(C(=O)c6ccc(Oc7ccc(C#N)c(C#N)c7)cc6)cc5)c4C#N)cc3)cc2)cc1C#N,air,20,5,516
N#Cc1ccc(Oc2ccc(C(=O)c3ccc(Oc4cccc(Oc5ccc(C(=O)c6ccc(Oc7ccc(C#N)c(C#N)c7)cc6)cc5)c4C#N)cc3)cc2)cc1C#N,air,20,25,600
CC(C)(c1ccc2c(c1)CNCO2)c1ccc2c(c1)CN(c1ccc(Oc3ccc(S(=O)(=O)c4ccc(Oc5ccc(N)cc5)cc4)cc3)cc1)CO2,N2,10,5,345
CC(C)(c1ccc2c(c1)CNCO2)c1ccc2c(c1)CN(c1ccc(Oc3ccc(S(=O)(=O)c4ccc(Oc5ccc(N)cc5)cc4)cc3)cc1)CO2,N2,10,10,378
C#Cc1ccc2ccc(C#C[Si](C)(C)C#Cc3ccc4ccc(C#C)cc4c3)cc2c1,N2,10,5,615
C[Si](C)(OCc1ccc(Oc2ccc(C#N)c(C#N)c2)cc1)OCc1ccc(Oc2ccc(C#N)c(C#N)c2)cc1,Ar,10,5,554
C[Si](C)(OCc1ccc(Oc2ccc(C#N)c(C#N)c2)cc1)OCc1ccc(Oc2ccc(C#N)c(C#N)c2)cc1,Ar,10,10,592
C[Si](C)(OCc1ccc(Oc2ccc(C#N)c(C#N)c2)cc1)OCc1ccc(Oc2ccc(C#N)c(C#N)c2)cc1,air,10,5,523
C[Si](C)(OCc1ccc(Oc2ccc(C#N)c(C#N)c2)cc1)OCc1ccc(Oc2ccc(C#N)c(C#N)c2)cc1,air,10,10,561
N#Cc1ccc(Oc2cccc(OP(=O)(Oc3cccc(Oc4ccc(C#N)c(C#N)c4)c3)c3ccccc3)c2)cc1C#N,Ar,10,5,524
N#Cc1ccc(Oc2cccc(OP(=O)(Oc3cccc(Oc4ccc(C#N)c(C#N)c4)c3)c3ccccc3)c2)cc1C#N,air,10,5,524
CC(C)c1cc(C2(c3ccc(Oc4ccc(-n5c(=O)c6cc7c(=O)n(-c8ccc(Oc9ccc(C%10(c%11ccc(Oc%12ccc(N)cc%12C(F)(F)F)c(C(C)C)c%11)c%11ccccc%11-c%11ccccc%11%10)cc9C(C)C)c(C(F)(F)F)c8)c(=O)c7cc6c5=O)cc4C(F)(F)F)c(C(C)C)c3)c3ccccc3-c3ccccc32)ccc1Oc1ccc(N)cc1C(F)(F)F,N2,20,5,479
CC(C)c1cc(C2(c3ccc(Oc4ccc(-n5c(=O)c6cc7c(=O)n(-c8ccc(Oc9ccc(C%10(c%11ccc(Oc%12ccc(N)cc%12C(F)(F)F)c(C(C)C)c%11)c%11ccccc%11-c%11ccccc%11%10)cc9C(C)C)c(C(F)(F)F)c8)c(=O)c7cc6c5=O)cc4C(F)(F)F)c(C(C)C)c3)c3ccccc3-c3ccccc32)ccc1Oc1ccc(N)cc1C(F)(F)F,air,20,5,478
CC(C)c1cc(C2(c3ccc(Oc4ccc(N5C(=O)c6ccc(-c7ccc8c(c7)C(=O)N(c7ccc(Oc9ccc(C%10(c%11ccc(Oc%12ccc(N)cc%12C(F)(F)F)c(C(C)C)c%11)c%11ccccc%11-c%11ccccc%11%10)cc9C(C)C)c(C(F)(F)F)c7)C8=O)cc6C5=O)cc4C(F)(F)F)c(C(C)C)c3)c3ccccc3-c3ccccc32)ccc1Oc1ccc(N)cc1C(F)(F)F,N2,20,5,473
CC(C)c1cc(C2(c3ccc(Oc4ccc(N5C(=O)c6ccc(-c7ccc8c(c7)C(=O)N(c7ccc(Oc9ccc(C%10(c%11ccc(Oc%12ccc(N)cc%12C(F)(F)F)c(C(C)C)c%11)c%11ccccc%11-c%11ccccc%11%10)cc9C(C)C)c(C(F)(F)F)c7)C8=O)cc6C5=O)cc4C(F)(F)F)c(C(C)C)c3)c3ccccc3-c3ccccc32)ccc1Oc1ccc(N)cc1C(F)(F)F,air,20,5,472
N#Cc1ccc(Oc2ccc(C3OCC4(CO3)COC(c3ccc(Oc5ccc(C#N)c(C#N)c5)cc3)OC4)cc2)cc1C#N,N2,10,5,413.3
N#Cc1ccc(Oc2ccc(C3OCC4(CO3)COC(c3ccc(Oc5ccc(C#N)c(C#N)c5)cc3)OC4)cc2)cc1C#N,N2,10,10,444.4
N#Cc1ccc(Oc2ccc(C3OCC4(CO3)COC(c3ccc(Oc5ccc(C#N)c(C#N)c5)cc3)OC4)cc2)cc1C#N,air,10,5,463.8
N#Cc1ccc(Oc2ccc(C3OCC4(CO3)COC(c3ccc(Oc5ccc(C#N)c(C#N)c5)cc3)OC4)cc2)cc1C#N,air,10,10,514.6
N#Cc1ccc(Oc2cccc(C3OCC4(CO3)COC(c3cccc(Oc5ccc(C#N)c(C#N)c5)c3)OC4)c2)cc1C#N,N2,10,5,423.7
N#Cc1ccc(Oc2cccc(C3OCC4(CO3)COC(c3cccc(Oc5ccc(C#N)c(C#N)c5)c3)OC4)c2)cc1C#N,N2,10,10,444.4
N#Cc1ccc(Oc2cccc(C3OCC4(CO3)COC(c3cccc(Oc5ccc(C#N)c(C#N)c5)c3)OC4)c2)cc1C#N,air,10,5,413.1
N#Cc1ccc(Oc2cccc(C3OCC4(CO3)COC(c3cccc(Oc5ccc(C#N)c(C#N)c5)c3)OC4)c2)cc1C#N,air,10,10,504.6
N#Cc1ccc(Oc2ccccc2C2OCC3(CO2)COC(c2ccccc2Oc2ccc(C#N)c(C#N)c2)OC3)cc1C#N,N2,10,5,434.6
N#Cc1ccc(Oc2ccccc2C2OCC3(CO2)COC(c2ccccc2Oc2ccc(C#N)c(C#N)c2)OC3)cc1C#N,N2,10,10,464.1
N#Cc1ccc(Oc2ccccc2C2OCC3(CO2)COC(c2ccccc2Oc2ccc(C#N)c(C#N)c2)OC3)cc1C#N,air,10,5,399.4
N#Cc1ccc(Oc2ccccc2C2OCC3(CO2)COC(c2ccccc2Oc2ccc(C#N)c(C#N)c2)OC3)cc1C#N,air,10,10,496.7
CC(C)c1cc(C2(c3ccc(Oc4ccc(N5C(=O)c6ccc(Oc7ccc8c(c7)C(=O)N(c7ccc(Oc9ccc(C%10(c%11ccc(Oc%12ccc(N)cc%12C(F)(F)F)c(C(C)C)c%11)c%11ccccc%11-c%11ccccc%11%10)cc9C(C)C)c(C(F)(F)F)c7)C8=O)cc6C5=O)cc4C(F)(F)F)c(C(C)C)c3)c3ccccc3-c3ccccc32)ccc1Oc1ccc(N)cc1C(F)(F)F,N2,20,5,479
CC(C)c1cc(C2(c3ccc(Oc4ccc(N5C(=O)c6ccc(Oc7ccc8c(c7)C(=O)N(c7ccc(Oc9ccc(C%10(c%11ccc(Oc%12ccc(N)cc%12C(F)(F)F)c(C(C)C)c%11)c%11ccccc%11-c%11ccccc%11%10)cc9C(C)C)c(C(F)(F)F)c7)C8=O)cc6C5=O)cc4C(F)(F)F)c(C(C)C)c3)c3ccccc3-c3ccccc32)ccc1Oc1ccc(N)cc1C(F)(F)F,air,20,5,473
CC(C)c1cc(C2(c3ccc(Oc4ccc(N5C(=O)c6ccc(C(c7ccc8c(c7)C(=O)N(c7ccc(Oc9ccc(C%10(c%11ccc(Oc%12ccc(N)cc%12C(F)(F)F)c(C(C)C)c%11)c%11ccccc%11-c%11ccccc%11%10)cc9C(C)C)c(C(F)(F)F)c7)C8=O)(C(F)(F)F)C(F)(F)F)cc6C5=O)cc4C(F)(F)F)c(C(C)C)c3)c3ccccc3-c3ccccc32)ccc1Oc1ccc(N)cc1C(F)(F)F,N2,20,5,478
N#Cc1ccc(Oc2ccc3cccc(N)c3c2)cc1C#N,N2,20,5,513
N#Cc1ccc(Oc2ccc3cccc(N)c3c2)cc1C#N,N2,20,10,590
N#Cc1ccc(Oc2ccc3cccc(N)c3c2)cc1C#N,air,20,5,505
N#Cc1ccc(Oc2ccc3cccc(N)c3c2)cc1C#N,air,20,10,544
CC(C)(c1ccc(Oc2ccc(C#N)c(C#N)c2)c(N)c1)c1ccc(Oc2ccc(C#N)c(C#N)c2)c(N)c1,N2,10,5,444
CC(C)(c1ccc(Oc2ccc(C#N)c(C#N)c2)c(N)c1)c1ccc(Oc2ccc(C#N)c(C#N)c2)c(N)c1,N2,10,10,506
Nc1cc(-c2ccccc2)c(Oc2c(-c3ccccc3)cc(-n3c(=O)c4cc5c(=O)n(-c6cc(-c7ccccc7)c(Oc7c(-c8ccccc8)cc(N)cc7-c7ccccc7)c(-c7ccccc7)c6)c(=O)c5cc4c3=O)cc2-c2ccccc2)c(-c2ccccc2)c1,N2,10,5,532
Nc1cc(-c2ccccc2)c(Oc2c(-c3ccccc3)cc(N3C(=O)c4ccc(-c5ccc6c(c5)C(=O)N(c5cc(-c7ccccc7)c(Oc7c(-c8ccccc8)cc(N)cc7-c7ccccc7)c(-c7ccccc7)c5)C6=O)cc4C3=O)cc2-c2ccccc2)c(-c2ccccc2)c1,N2,10,5,534
Nc1cc(-c2ccccc2)c(Oc2c(-c3ccccc3)cc(N3C(=O)c4ccc(Oc5ccc6c(c5)C(=O)N(c5cc(-c7ccccc7)c(Oc7c(-c8ccccc8)cc(N)cc7-c7ccccc7)c(-c7ccccc7)c5)C6=O)cc4C3=O)cc2-c2ccccc2)c(-c2ccccc2)c1,N2,10,5,532
Nc1cc(-c2ccccc2)c(Oc2c(-c3ccccc3)cc(N3C(=O)c4ccc(C(c5ccc6c(c5)C(=O)N(c5cc(-c7ccccc7)c(Oc7c(-c8ccccc8)cc(N)cc7-c7ccccc7)c(-c7ccccc7)c5)C6=O)(C(F)(F)F)C(F)(F)F)cc4C3=O)cc2-c2ccccc2)c(-c2ccccc2)c1,N2,10,5,530
Nc1cc(-c2ccccc2)c(Oc2c(-c3ccccc3)cc(N3C(=O)c4ccc(S(=O)(=O)c5ccc6c(c5)C(=O)N(c5cc(-c7ccccc7)c(Oc7c(-c8ccccc8)cc(N)cc7-c7ccccc7)c(-c7ccccc7)c5)C6=O)cc4C3=O)cc2-c2ccccc2)c(-c2ccccc2)c1,N2,10,5,506
Nc1cc(-c2ccccc2)c(Oc2c(-c3ccccc3)cc(N3C(=O)c4ccc(S(=O)(=O)c5ccc6c(c5)C(=O)N(c5cc(-c7ccccc7)c(Oc7c(-c8ccccc8)cc(N)cc7-c7ccccc7)c(-c7ccccc7)c5)C6=O)cc4C3=O)cc2-c2ccccc2)c(-c2ccccc2)c1,N2,10,10,520
Nc1cc(-c2ccccc2)c(Oc2c(-c3ccccc3)cc(N3C(=O)c4ccc5c6c(ccc(c46)C3=O)C(=O)N(c3cc(-c4ccccc4)c(Oc4c(-c6ccccc6)cc(N)cc4-c4ccccc4)c(-c4ccccc4)c3)C5=O)cc2-c2ccccc2)c(-c2ccccc2)c1,N2,10,5,542
Nc1cc(-c2ccccc2)c(Oc2c(-c3ccccc3)cc(N3C(=O)c4ccc5c6c(ccc(c46)C3=O)C(=O)N(c3cc(-c4ccccc4)c(Oc4c(-c6ccccc6)cc(N)cc4-c4ccccc4)c(-c4ccccc4)c3)C5=O)cc2-c2ccccc2)c(-c2ccccc2)c1,N2,10,10,552
N#Cc1ccc(Oc2ccc(Oc3cccc(Oc4ccc(-c5ccc(Oc6cccc(Oc7ccc(-c8ccc(Oc9ccc(C#N)c(C#N)c9)cc8)cc7)c6C#N)cc5)cc4)c3C#N)cc2)cc1C#N,N2,20,5,543.96
N#Cc1ccc(Oc2ccc(Oc3cccc(Oc4ccc(-c5ccc(Oc6cccc(Oc7ccc(-c8ccc(Oc9ccc(C#N)c(C#N)c9)cc8)cc7)c6C#N)cc5)cc4)c3C#N)cc2)cc1C#N,N2,20,10,576.7
N#Cc1ccc(Oc2ccc(Oc3cccc(Oc4ccc(-c5ccc(Oc6cccc(Oc7ccc(-c8ccc(Oc9ccc(C#N)c(C#N)c9)cc8)cc7)c6C#N)cc5)cc4)c3C#N)cc2)cc1C#N,N2,20,5,533
N#Cc1ccc(Oc2ccc(Oc3cccc(Oc4ccc(-c5ccc(Oc6cccc(Oc7ccc(-c8ccc(Oc9ccc(C#N)c(C#N)c9)cc8)cc7)c6C#N)cc5)cc4)c3C#N)cc2)cc1C#N,air,20,5,533.6
C#Cc1ccc(Oc2ccc(C3N=NC(c4ccc(Oc5ccc(C#C[Si](C)(C)C#Cc6ccc(Oc7ccc(C8N=NC(c9ccc(Oc%10ccc(C#C)cc%10)cc9)O8)cc7)cc6)cc5)cc4)O3)cc2)cc1,N2,10,5,458
C#Cc1ccc(Oc2ccc(C3N=NC(c4ccc(Oc5ccc(C#C[Si](C)(C)C#Cc6ccc(Oc7ccc(C8N=NC(c9ccc(Oc%10ccc(C#C)cc%10)cc9)O8)cc7)cc6)cc5)cc4)O3)cc2)cc1,air,10,5,460
N#Cc1ccc(Oc2ccc(Cc3ccc(Oc4ccc(C#N)c(C#N)c4)cc3)cc2)cc1C#N,N2,10,5,491
C#Cc1ccc(Oc2ccc(C3N=NC(c4ccc(Oc5ccc(C#C[Si](C)(C)C#Cc6ccc(Oc7ccc(C8N=NC(c9ccc(Oc%10ccc(C#C)cc%10)c(-c%10ccccc%10)c9)O8)cc7-c7ccccc7)cc6)cc5)c(-c5ccccc5)c4)O3)cc2-c2ccccc2)cc1,N2,10,5,466
C#Cc1ccc(Oc2ccc(C3N=NC(c4ccc(Oc5ccc(C#C[Si](C)(C)C#Cc6ccc(Oc7ccc(C8N=NC(c9ccc(Oc%10ccc(C#C)cc%10)c(-c%10ccccc%10)c9)O8)cc7-c7ccccc7)cc6)cc5)c(-c5ccccc5)c4)O3)cc2-c2ccccc2)cc1,air,10,5,470
CC(c1ccc(Oc2ccc(C#N)c(C#N)c2)cc1)c1ccc(Oc2ccc(C#N)c(C#N)c2)cc1,N2,10,5,495
C#Cc1ccc(Oc2ccc(C3N=NC(c4ccc(Oc5ccc(C#C[Si](C)(C)C#Cc6ccc(Oc7ccc(C8N=NC(c9ccc(Oc%10ccc(C#C)cc%10)c(C#Cc%10ccccc%10)c9)O8)cc7C#Cc7ccccc7)cc6)cc5)c(C#Cc5ccccc5)c4)O3)cc2C#Cc2ccccc2)cc1,N2,10,5,485
C#Cc1ccc(Oc2ccc(C3N=NC(c4ccc(Oc5ccc(C#C[Si](C)(C)C#Cc6ccc(Oc7ccc(C8N=NC(c9ccc(Oc%10ccc(C#C)cc%10)c(C#Cc%10ccccc%10)c9)O8)cc7C#Cc7ccccc7)cc6)cc5)c(C#Cc5ccccc5)c4)O3)cc2C#Cc2ccccc2)cc1,air,10,5,465
C#Cc1ccc(Oc2ccc(-c3nnc(-c4ccc(Oc5ccc(C#C[Si](C)(C)C#Cc6ccc(Oc7ccc(-c8nnc(-c9ccc(Oc%10ccc(C#C)cc%10)cc9)o8)cc7)cc6)cc5)cc4)o3)cc2)cc1,N2,10,5,458
C#Cc1ccc(Oc2ccc(-c3nnc(-c4ccc(Oc5ccc(C#C[Si](C)(C)C#Cc6ccc(Oc7ccc(-c8nnc(-c9ccc(Oc%10ccc(C#C)cc%10)cc9)o8)cc7)cc6)cc5)cc4)o3)cc2)cc1,Ar,10,5,460
C#Cc1ccc(Oc2ccc(-c3nnc(-c4ccc(Oc5ccc(C#C[Si](C)(C)C#Cc6ccc(Oc7ccc(-c8nnc(-c9ccc(Oc%10ccc(C#C)cc%10)c(-c%10ccccc%10)c9)o8)cc7-c7ccccc7)cc6)cc5)c(-c5ccccc5)c4)o3)cc2-c2ccccc2)cc1,N2,10,5,466
C#Cc1ccc(Oc2ccc(-c3nnc(-c4ccc(Oc5ccc(C#C[Si](C)(C)C#Cc6ccc(Oc7ccc(-c8nnc(-c9ccc(Oc%10ccc(C#C)cc%10)c(-c%10ccccc%10)c9)o8)cc7-c7ccccc7)cc6)cc5)c(-c5ccccc5)c4)o3)cc2-c2ccccc2)cc1,Ar,10,5,470
C#Cc1ccc(Oc2ccc(-c3nnc(-c4ccc(Oc5ccc(C#C[Si](C)(C)C#Cc6ccc(Oc7ccc(-c8nnc(-c9ccc(Oc%10ccc(C#C)cc%10)c(C#Cc%10ccccc%10)c9)o8)cc7C#Cc7ccccc7)cc6)cc5)c(C#Cc5ccccc5)c4)o3)cc2C#Cc2ccccc2)cc1,N2,10,5,485
C#Cc1ccc(Oc2ccc(-c3nnc(-c4ccc(Oc5ccc(C#C[Si](C)(C)C#Cc6ccc(Oc7ccc(-c8nnc(-c9ccc(Oc%10ccc(C#C)cc%10)c(C#Cc%10ccccc%10)c9)o8)cc7C#Cc7ccccc7)cc6)cc5)c(C#Cc5ccccc5)c4)o3)cc2C#Cc2ccccc2)cc1,Ar,10,5,465
CC(C)(c1ccc(Oc2ccc3c(c2)C(=O)N(c2ccc(Oc4ccc(C#N)c(C#N)c4)cc2)C3=O)cc1)c1ccc(Oc2ccc3c(c2)C(=O)N(c2ccc(Oc4ccc(C#N)c(C#N)c4)cc2)C3=O)cc1,N2,20,10,505
N#Cc1ccc(Oc2ccc(N3C(=O)c4ccc(C(c5ccc6c(c5)C(=O)N(c5ccc(Oc7ccc(C#N)c(C#N)c7)cc5)C6=O)(C(F)(F)F)C(F)(F)F)cc4C3=O)cc2)cc1C#N,N2,20,5,548
N#Cc1ccc(Oc2ccc(N3C(=O)c4ccc(C(c5ccc6c(c5)C(=O)N(c5ccc(Oc7ccc(C#N)c(C#N)c7)cc5)C6=O)(C(F)(F)F)C(F)(F)F)cc4C3=O)cc2)cc1C#N,N2,20,10,583
N#Cc1ccc(Oc2ccc(N3C(=O)c4ccc(C(c5ccc6c(c5)C(=O)N(c5ccc(Oc7ccc(C#N)c(C#N)c7)cc5)C6=O)(C(F)(F)F)C(F)(F)F)cc4C3=O)cc2)cc1C#N,N2,20,20,609
N#Cc1ccc(Oc2ccc(N3C(=O)c4ccc(C(c5ccc6c(c5)C(=O)N(c5ccc(Oc7ccc(C#N)c(C#N)c7)cc5)C6=O)(C(F)(F)F)C(F)(F)F)cc4C3=O)cc2)cc1C#N,N2,20,30,661
N#Cc1ccc(Oc2ccc(N3C(=O)c4ccc(Oc5ccc6c(c5)C(=O)N(c5ccc(Oc7ccc(C#N)c(C#N)c7)cc5)C6=O)cc4C3=O)cc2)cc1C#N,N2,20,5,494
N#Cc1ccc(Oc2ccc(N3C(=O)c4ccc(Oc5ccc6c(c5)C(=O)N(c5ccc(Oc7ccc(C#N)c(C#N)c7)cc5)C6=O)cc4C3=O)cc2)cc1C#N,N2,20,10,546
N#Cc1ccc(Oc2ccc(NC(=O)c3ccc(C(=O)Nc4ccc(Oc5ccc(C#N)c(C#N)c5)cc4)c(-c4cc(C(=O)Nc5ccc(Oc6ccc(C#N)c(C#N)c6)cc5)ccc4C(=O)Nc4ccc(Oc5ccc(C#N)c(C#N)c5)cc4)c3)cc2)cc1C#N,N2,10,5,514
N#Cc1ccc(Oc2ccc(NC(=O)c3ccc(C(=O)Nc4ccc(Oc5ccc(C#N)c(C#N)c5)cc4)c(-c4cc(C(=O)Nc5ccc(Oc6ccc(C#N)c(C#N)c6)cc5)ccc4C(=O)Nc4ccc(Oc5ccc(C#N)c(C#N)c5)cc4)c3)cc2)cc1C#N,N2,10,10,550
N#Cc1ccc(C(=O)Nc2ccc(Oc3ccc(NC(=O)c4ccc(Oc5ccc(-c6nn(-c7ccc(C(=O)Nc8ccc(Oc9ccc(NC(=O)c%10ccc(C#N)cc%10)cc9)cc8)cc7)c(=O)c7ccccc67)cc5)cc4)cc3)cc2)cc1,N2,20,5,464
N#Cc1ccc(C(=O)Nc2ccc(Oc3ccc(NC(=O)c4ccc(Oc5ccc(-c6nn(-c7ccc(C(=O)Nc8ccc(Oc9ccc(NC(=O)c%10ccc(C#N)cc%10)cc9)cc8)cc7)c(=O)c7ccccc67)cc5)cc4)cc3)cc2)cc1,N2,20,10,531
Nc1ccc2[nH]c(-c3ccc(N4C(=O)c5ccc(-c6ccc7c(c6)C(=O)N(c6ccc(-c8nc9cc(N)ccc9[nH]8)cc6)C7=O)cc5C4=O)cc3)nc2c1,N2,5,5,594
Nc1ccc2[nH]c(-c3ccc(N4C(=O)c5ccc(-c6ccc7c(c6)C(=O)N(c6ccc(-c8nc9cc(N)ccc9[nH]8)cc6)C7=O)cc5C4=O)cc3)nc2c1,N2,5,10,621
Nc1ccc2[nH]c(-c3ccc(N4C(=O)c5ccc(C(=O)c6ccc7c(c6)C(=O)N(c6ccc(-c8nc9cc(N)ccc9[nH]8)cc6)C7=O)cc5C4=O)cc3)nc2c1,N2,5,5,564
Nc1ccc2[nH]c(-c3ccc(N4C(=O)c5ccc(C(=O)c6ccc7c(c6)C(=O)N(c6ccc(-c8nc9cc(N)ccc9[nH]8)cc6)C7=O)cc5C4=O)cc3)nc2c1,N2,5,10,603
CC(C)(c1ccc(Oc2ccc3c(c2)C(=O)N(c2ccc(-c4nc5cc(N)ccc5[nH]4)cc2)C3=O)cc1)c1ccc(Oc2ccc3c(c2)C(=O)N(c2ccc(-c4nc5cc(N)ccc5[nH]4)cc2)C3=O)cc1,N2,5,5,506
CC(C)(c1ccc(Oc2ccc3c(c2)C(=O)N(c2ccc(-c4nc5cc(N)ccc5[nH]4)cc2)C3=O)cc1)c1ccc(Oc2ccc3c(c2)C(=O)N(c2ccc(-c4nc5cc(N)ccc5[nH]4)cc2)C3=O)cc1,N2,5,10,537
Nc1ccc2[nH]c(-c3ccc(N4C(=O)c5ccc(-c6cccc7c6C(=O)N(c6ccc(-c8nc9cc(N)ccc9[nH]8)cc6)C7=O)cc5C4=O)cc3)nc2c1,N2,5,5,595
Nc1ccc2[nH]c(-c3ccc(N4C(=O)c5ccc(-c6cccc7c6C(=O)N(c6ccc(-c8nc9cc(N)ccc9[nH]8)cc6)C7=O)cc5C4=O)cc3)nc2c1,N2,5,10,621
Nc1ccc2[nH]c(-c3ccc(-n4c(=O)c5cc6c(=O)n(-c7ccc(-c8nc9cc(N)ccc9[nH]8)cc7)c(=O)c6cc5c4=O)cc3)nc2c1,N2,5,5,570
Nc1ccc2[nH]c(-c3ccc(-n4c(=O)c5cc6c(=O)n(-c7ccc(-c8nc9cc(N)ccc9[nH]8)cc7)c(=O)c6cc5c4=O)cc3)nc2c1,N2,5,10,605
N#Cc1ccc(Oc2ccc(-c3ccc(Oc4ccc(-c5nc(-c6ccc(Oc7ccc(-c8ccc(Oc9ccc(C#N)c(C#N)c9)cc8)cc7)cc6)nc(-c6ccc(Oc7ccc(C#N)c(C#N)c7)cc6)n5)cc4)cc3)cc2)cc1C#N,N2,10,5,575
N#Cc1ccc(Oc2ccc(-c3ccc(Oc4ccc(-c5nc(-c6ccc(Oc7ccc(-c8ccc(Oc9ccc(C#N)c(C#N)c9)cc8)cc7)cc6)nc(-c6ccc(Oc7ccc(C#N)c(C#N)c7)cc6)n5)cc4)cc3)cc2)cc1C#N,N2,10,10,622
N#Cc1ccc(Oc2ccc(-c3ccc(Oc4ccc(-c5nc(-c6ccc(Oc7ccc(-c8ccc(Oc9ccc(C#N)c(C#N)c9)cc8)cc7)cc6)nc(-c6ccc(Oc7ccc(C#N)c(C#N)c7)cc6)n5)cc4)cc3)cc2)cc1C#N,air,10,5,553
N#Cc1ccc(Oc2ccc(-c3ccc(Oc4ccc(-c5nc(-c6ccc(Oc7ccc(-c8ccc(Oc9ccc(C#N)c(C#N)c9)cc8)cc7)cc6)nc(-c6ccc(Oc7ccc(C#N)c(C#N)c7)cc6)n5)cc4)cc3)cc2)cc1C#N,air,10,10,580
N#Cc1ccc(Oc2ccc(Oc3ccc(-c4nc(-c5ccc(Oc6ccc(Oc7ccc(C#N)c(C#N)c7)cc6)cc5)nc(-c5ccc(Oc6ccc(C#N)c(C#N)c6)cc5)n4)cc3)cc2)cc1C#N,N2,10,5,546
N#Cc1ccc(Oc2ccc(Oc3ccc(-c4nc(-c5ccc(Oc6ccc(Oc7ccc(C#N)c(C#N)c7)cc6)cc5)nc(-c5ccc(Oc6ccc(C#N)c(C#N)c6)cc5)n4)cc3)cc2)cc1C#N,N2,10,10,590
N#Cc1ccc(Oc2ccc(Oc3ccc(-c4nc(-c5ccc(Oc6ccc(Oc7ccc(C#N)c(C#N)c7)cc6)cc5)nc(-c5ccc(Oc6ccc(C#N)c(C#N)c6)cc5)n4)cc3)cc2)cc1C#N,air,10,5,533
N#Cc1ccc(Oc2ccc(Oc3ccc(-c4nc(-c5ccc(Oc6ccc(Oc7ccc(C#N)c(C#N)c7)cc6)cc5)nc(-c5ccc(Oc6ccc(C#N)c(C#N)c6)cc5)n4)cc3)cc2)cc1C#N,air,10,10,561
N#Cc1ccc(Oc2ccc(-c3nc(-c4ccc(Oc5cccc(Oc6ccc(C#N)c(C#N)c6)c5)cc4)nc(-c4ccc(Oc5cccc(Oc6ccc(C#N)c(C#N)c6)c5)cc4)n3)cc2)cc1C#N,N2,10,5,558
N#Cc1ccc(Oc2ccc(-c3nc(-c4ccc(Oc5cccc(Oc6ccc(C#N)c(C#N)c6)c5)cc4)nc(-c4ccc(Oc5cccc(Oc6ccc(C#N)c(C#N)c6)c5)cc4)n3)cc2)cc1C#N,N2,10,10,600
N#Cc1ccc(Oc2ccc(-c3nc(-c4ccc(Oc5cccc(Oc6ccc(C#N)c(C#N)c6)c5)cc4)nc(-c4ccc(Oc5cccc(Oc6ccc(C#N)c(C#N)c6)c5)cc4)n3)cc2)cc1C#N,air,10,5,531
N#Cc1ccc(Oc2ccc(-c3nc(-c4ccc(Oc5cccc(Oc6ccc(C#N)c(C#N)c6)c5)cc4)nc(-c4ccc(Oc5cccc(Oc6ccc(C#N)c(C#N)c6)c5)cc4)n3)cc2)cc1C#N,air,10,10,555
N#Cc1ccc(Oc2ccc(-c3nc(-c4ccc(Oc5ccc6c(Oc7ccc(C#N)c(C#N)c7)cccc6c5)cc4)nc(-c4ccc(Oc5ccc6c(Oc7ccc(C#N)c(C#N)c7)cccc6c5)cc4)n3)cc2)cc1C#N,N2,10,5,551
N#Cc1ccc(Oc2ccc(-c3nc(-c4ccc(Oc5ccc6c(Oc7ccc(C#N)c(C#N)c7)cccc6c5)cc4)nc(-c4ccc(Oc5ccc6c(Oc7ccc(C#N)c(C#N)c7)cccc6c5)cc4)n3)cc2)cc1C#N,N2,10,10,594
N#Cc1ccc(Oc2ccc(-c3nc(-c4ccc(Oc5ccc6c(Oc7ccc(C#N)c(C#N)c7)cccc6c5)cc4)nc(-c4ccc(Oc5ccc6c(Oc7ccc(C#N)c(C#N)c7)cccc6c5)cc4)n3)cc2)cc1C#N,air,10,5,482
N#Cc1ccc(Oc2ccc(-c3nc(-c4ccc(Oc5ccc6c(Oc7ccc(C#N)c(C#N)c7)cccc6c5)cc4)nc(-c4ccc(Oc5ccc6c(Oc7ccc(C#N)c(C#N)c7)cccc6c5)cc4)n3)cc2)cc1C#N,air,10,10,506
N#Cc1ccc(Oc2ccc(-c3nc(-c4ccc(Oc5ccc6cc(Oc7ccc(C#N)c(C#N)c7)ccc6c5)cc4)nc(-c4ccc(Oc5ccc6cc(Oc7ccc(C#N)c(C#N)c7)ccc6c5)cc4)n3)cc2)cc1C#N,N2,10,5,566
N#Cc1ccc(Oc2ccc(-c3nc(-c4ccc(Oc5ccc6cc(Oc7ccc(C#N)c(C#N)c7)ccc6c5)cc4)nc(-c4ccc(Oc5ccc6cc(Oc7ccc(C#N)c(C#N)c7)ccc6c5)cc4)n3)cc2)cc1C#N,N2,10,10,605
N#Cc1ccc(Oc2ccc(-c3nc(-c4ccc(Oc5ccc6cc(Oc7ccc(C#N)c(C#N)c7)ccc6c5)cc4)nc(-c4ccc(Oc5ccc6cc(Oc7ccc(C#N)c(C#N)c7)ccc6c5)cc4)n3)cc2)cc1C#N,air,10,5,519
N#Cc1ccc(Oc2ccc(-c3nc(-c4ccc(Oc5ccc6cc(Oc7ccc(C#N)c(C#N)c7)ccc6c5)cc4)nc(-c4ccc(Oc5ccc6cc(Oc7ccc(C#N)c(C#N)c7)ccc6c5)cc4)n3)cc2)cc1C#N,air,10,10,541
N#Cc1ccc(Oc2ccc(OP3(Oc4ccc(Oc5ccc(C#N)c(C#N)c5)cc4)=NP(Oc4ccc(Oc5ccc(C#N)c(C#N)c5)cc4)(Oc4ccc(Oc5ccc(C#N)c(C#N)c5)cc4)=NP(Oc4ccc(Oc5ccc(C#N)c(C#N)c5)cc4)(Oc4ccc(Oc5ccc(C#N)c(C#N)c5)cc4)=N3)cc2)cc1C#N,N2,10,5,527
N#Cc1ccc(Oc2ccc(OP3(Oc4ccc(Oc5ccc(C#N)c(C#N)c5)cc4)=NP(Oc4ccc(Oc5ccc(C#N)c(C#N)c5)cc4)(Oc4ccc(Oc5ccc(C#N)c(C#N)c5)cc4)=NP(Oc4ccc(Oc5ccc(C#N)c(C#N)c5)cc4)(Oc4ccc(Oc5ccc(C#N)c(C#N)c5)cc4)=N3)cc2)cc1C#N,air,10,5,510
C[Si](C)(O[Si](C)(C)c1ccc(Oc2ccc(C#N)c(C#N)c2)cc1)c1ccc(Oc2ccc(C#N)c(C#N)c2)cc1,Ar,10,5,503
C[Si](C)(O[Si](C)(C)c1ccc(Oc2ccc(C#N)c(C#N)c2)cc1)c1ccc(Oc2ccc(C#N)c(C#N)c2)cc1,Ar,10,10,538
C[Si](C)(O[Si](C)(C)c1ccc(Oc2ccc(C#N)c(C#N)c2)cc1)c1ccc(Oc2ccc(C#N)c(C#N)c2)cc1,air,10,5,495
C[Si](C)(O[Si](C)(C)c1ccc(Oc2ccc(C#N)c(C#N)c2)cc1)c1ccc(Oc2ccc(C#N)c(C#N)c2)cc1,air,10,10,579
CC(C)(c1cccc(OC[Si](C)(C)O)c1)c1cccc(Oc2ccc(C#N)c(C#N)c2)c1,air,10,5,420
CC(c1ccc(Oc2ccc(C#N)c(C#N)c2)cc1)(c1ccc(Oc2ccc(C#N)c(C#N)c2)cc1)c1ccc(Oc2ccc(C#N)c(C#N)c2)cc1,N2,20,5,396
CC(c1ccc(Oc2ccc(C#N)c(C#N)c2)cc1)(c1ccc(Oc2ccc(C#N)c(C#N)c2)cc1)c1ccc(Oc2ccc(C#N)c(C#N)c2)cc1,air,20,5,400
N#Cc1c(Oc2ccc(O)cc2)cccc1Oc1ccc(C2(c3ccc(O)cc3)OC(=O)c3ccccc32)cc1,N2,10,5,477
N#Cc1c(Oc2ccc(O)cc2)cccc1Oc1ccc(C2(c3ccc(O)cc3)OC(=O)c3ccccc32)cc1,N2,10,30,593
N#Cc1ccc(Oc2cccc(OP(=O)(Oc3cccc(Oc4ccc(C#N)c(C#N)c4)c3)Oc3cccc(Oc4ccc(C#N)c(C#N)c4)c3)c2)cc1C#N,N2,10,5,501
C=CCOc1ccc(Oc2ccc(C#N)c(C#N)c2)cc1OC,N2,10,5,482
C#CCOc1ccc(Oc2ccc(C#N)c(C#N)c2)cc1OC,N2,10,5,477
N#Cc1ccc(Oc2ccc(/C=C/c3cc(Oc4ccc(C#N)c(C#N)c4)cc(Oc4ccc(C#N)c(C#N)c4)c3)cc2)cc1C#N,N2,10,5,510
N#Cc1ccc(Oc2ccc(/C=C/c3cc(Oc4ccc(C#N)c(C#N)c4)cc(Oc4ccc(C#N)c(C#N)c4)c3)cc2)cc1C#N,air,10,5,575
N#Cc1ccc(Oc2ccc(/C=C/c3cc(Oc4ccc(C#N)c(C#N)c4)cc(Oc4ccc(C#N)c(C#N)c4)c3)cc2)cc1C#N,air,10,5,460
N#Cc1ccc(Oc2ccc(CCc3cc(Oc4ccc(C#N)c(C#N)c4)cc(Oc4ccc(C#N)c(C#N)c4)c3)cc2)cc1C#N,N2,10,5,500
N#Cc1ccc(Oc2ccc(CCc3cc(Oc4ccc(C#N)c(C#N)c4)cc(Oc4ccc(C#N)c(C#N)c4)c3)cc2)cc1C#N,air,10,5,438
c1ccc(B2Oc3ccccc3O2)cc1,N2,10,5,348
c1ccc(B2Oc3ccccc3O2)cc1,N2,10,10,399
N#Cc1ccc(Oc2ccc(-c3ccc(Oc4cccc(Oc5ccc(-c6ccc(Oc7ccc(C#N)c(C#N)c7)cc6)cc5)c4C#N)cc3)cc2)cc1C#N,N2,20,5,566
N#Cc1ccc(Oc2ccc(-c3ccc(Oc4cccc(Oc5ccc(-c6ccc(Oc7ccc(C#N)c(C#N)c7)cc6)cc5)c4C#N)cc3)cc2)cc1C#N,air,20,5,565
N#Cc1ccc(Oc2ccccc2Cc2cccc(Cc3cccc(Cc4ccccc4O)c3O)c2Oc2ccc(C#N)c(C#N)c2)cc1C#N,N2,10,5,492
N#Cc1ccc(Oc2ccccc2Cc2cccc(Cc3cccc(Cc4ccccc4O)c3O)c2Oc2ccc(C#N)c(C#N)c2)cc1C#N,N2,10,10,538
C=COc1ccccc1Cc1cccc(Cc2cccc(Cc3ccccc3Oc3ccc(C#N)c(C#N)c3)c2Oc2ccc(C#N)c(C#N)c2)c1OC=C,N2,10,5,494
C=COc1ccccc1Cc1cccc(Cc2cccc(Cc3ccccc3Oc3ccc(C#N)c(C#N)c3)c2Oc2ccc(C#N)c(C#N)c2)c1OC=C,N2,10,10,549
N#Cc1ccc(Oc2cccc(N3C(=O)c4ccc(Oc5ccc6c(c5)C(=O)N(c5cccc(Oc7ccc(C#N)c(C#N)c7)c5)C6=O)cc4C3=O)c2)cc1C#N,N2,10,5,474
O=C1c2ccc(Oc3ccc4c(c3)C(=O)N(c3cccc(C#Cc5ccccc5)c3)C4=O)cc2C(=O)N1c1cccc(C#Cc2ccccc2)c1,N2,10,5,532
C#CCOc1cc(N2C(=O)c3ccc(Oc4ccc(C(C)(C)c5ccc(Oc6ccc7c(c6)C(=O)N(c6ccc(Oc8ccc(C#N)c(C#N)c8)cc6)C7=O)cc5)cc4)cc3C2=O)cc(N2C(=O)c3ccc(Oc4ccc(C(C)(C)c5ccc(Oc6ccc7c(c6)C(=O)N(c6ccc(Oc8ccc(C#N)c(C#N)c8)cc6)C7=O)cc5)cc4)cc3C2=O)c1,N2,10,5,469
C#CCOc1cc(N2C(=O)c3ccc(Oc4ccc(C(C)(C)c5ccc(Oc6ccc7c(c6)C(=O)N(c6ccc(Oc8ccc(C#N)c(C#N)c8)cc6)C7=O)cc5)cc4)cc3C2=O)cc(N2C(=O)c3ccc(Oc4ccc(C(C)(C)c5ccc(Oc6ccc7c(c6)C(=O)N(c6ccc(Oc8ccc(C#N)c(C#N)c8)cc6)C7=O)cc5)cc4)cc3C2=O)c1,N2,10,10,496
C#CCOc1cc(N2C(=O)c3ccc(Oc4ccc(C(C)(C)c5ccc(Oc6ccc7c(c6)C(=O)N(c6ccc(Oc8ccc(C#N)c(C#N)c8)cc6)C7=O)cc5)cc4)cc3C2=O)cc(N2C(=O)c3ccc(Oc4ccc(C(C)(C)c5ccc(Oc6ccc7c(c6)C(=O)N(c6ccc(Oc8ccc(C#N)c(C#N)c8)cc6)C7=O)cc5)cc4)cc3C2=O)c1,air,10,5,477
C#CCOc1cc(N2C(=O)c3ccc(Oc4ccc(C(C)(C)c5ccc(Oc6ccc7c(c6)C(=O)N(c6ccc(Oc8ccc(C#N)c(C#N)c8)cc6)C7=O)cc5)cc4)cc3C2=O)cc(N2C(=O)c3ccc(Oc4ccc(C(C)(C)c5ccc(Oc6ccc7c(c6)C(=O)N(c6ccc(Oc8ccc(C#N)c(C#N)c8)cc6)C7=O)cc5)cc4)cc3C2=O)c1,air,10,10,510
C#CCOc1cc(N2C(=O)c3ccc(Oc4ccc(C(C)(C)c5ccc(Oc6ccc7c(c6)C(=O)N(c6ccccc6)C7=O)cc5)cc4)cc3C2=O)cc(N2C(=O)c3ccc(Oc4ccc(C(C)(C)c5ccc(Oc6ccc7c(c6)C(=O)N(c6ccccc6)C7=O)cc5)cc4)cc3C2=O)c1,N2,10,5,430
C#CCOc1cc(N2C(=O)c3ccc(Oc4ccc(C(C)(C)c5ccc(Oc6ccc7c(c6)C(=O)N(c6ccccc6)C7=O)cc5)cc4)cc3C2=O)cc(N2C(=O)c3ccc(Oc4ccc(C(C)(C)c5ccc(Oc6ccc7c(c6)C(=O)N(c6ccccc6)C7=O)cc5)cc4)cc3C2=O)c1,N2,10,10,450
C#CCOc1cc(N2C(=O)c3ccc(Oc4ccc(C(C)(C)c5ccc(Oc6ccc7c(c6)C(=O)N(c6ccccc6)C7=O)cc5)cc4)cc3C2=O)cc(N2C(=O)c3ccc(Oc4ccc(C(C)(C)c5ccc(Oc6ccc7c(c6)C(=O)N(c6ccccc6)C7=O)cc5)cc4)cc3C2=O)c1,air,10,5,419
C#CCOc1cc(N2C(=O)c3ccc(Oc4ccc(C(C)(C)c5ccc(Oc6ccc7c(c6)C(=O)N(c6ccccc6)C7=O)cc5)cc4)cc3C2=O)cc(N2C(=O)c3ccc(Oc4ccc(C(C)(C)c5ccc(Oc6ccc7c(c6)C(=O)N(c6ccccc6)C7=O)cc5)cc4)cc3C2=O)c1,air,10,10,445
N#Cc1ccc(Oc2ccc(-c3ccc(Oc4ccc5c(c4)C4=Nc6[nH]c(c7ccc(Oc8ccc(-c9ccc(Oc%10ccc(C#N)c(C#N)c%10)cc9)cc8)cc67)N=C6NC(N=c7[nH]c(c8ccc(Oc9ccc(-c%10ccc(Oc%11ccc(C#N)c(C#N)c%11)cc%10)cc9)cc78)=NC5N4)c4cc(Oc5ccc(-c7ccc(Oc8ccc(C#N)c(C#N)c8)cc7)cc5)ccc46)cc3)cc2)cc1C#N,N2,20,5,548
N#Cc1ccc(Oc2ccc(-c3ccc(Oc4ccc5c(c4)C4=Nc6[nH]c(c7ccc(Oc8ccc(-c9ccc(Oc%10ccc(C#N)c(C#N)c%10)cc9)cc8)cc67)N=C6NC(N=c7[nH]c(c8ccc(Oc9ccc(-c%10ccc(Oc%11ccc(C#N)c(C#N)c%11)cc%10)cc9)cc78)=NC5N4)c4cc(Oc5ccc(-c7ccc(Oc8ccc(C#N)c(C#N)c8)cc7)cc5)ccc46)cc3)cc2)cc1C#N,N2,20,10,615
Nc1ccc(C(=O)Nc2ccc(NC(=O)c3ccc(-n4c(=O)c5cc6c(=O)n(-c7ccc(C(=O)Nc8ccc(NC(=O)c9ccc(N)cc9)cc8)cc7)c(=O)c6cc5c4=O)cc3)cc2)cc1,N2,10,5,520
Nc1ccc(C(=O)Nc2ccc(NC(=O)c3ccc(-n4c(=O)c5cc6c(=O)n(-c7ccc(C(=O)Nc8ccc(NC(=O)c9ccc(N)cc9)cc8)cc7)c(=O)c6cc5c4=O)cc3)cc2)cc1,N2,10,10,538
Nc1ccc(C(=O)Nc2ccc(-c3ccc(NC(=O)c4ccc(-n5c(=O)c6cc7c(=O)n(-c8ccc(C(=O)Nc9ccc(-c%10ccc(NC(=O)c%11ccc(N)cc%11)cc%10C(F)(F)F)c(C(F)(F)F)c9)cc8)c(=O)c7cc6c5=O)cc4)cc3C(F)(F)F)c(C(F)(F)F)c2)cc1,N2,10,5,501
Nc1ccc(C(=O)Nc2ccc(-c3ccc(NC(=O)c4ccc(-n5c(=O)c6cc7c(=O)n(-c8ccc(C(=O)Nc9ccc(-c%10ccc(NC(=O)c%11ccc(N)cc%11)cc%10C(F)(F)F)c(C(F)(F)F)c9)cc8)c(=O)c7cc6c5=O)cc4)cc3C(F)(F)F)c(C(F)(F)F)c2)cc1,N2,10,10,524
Nc1ccc(C(=O)Nc2ccc(Oc3ccc(NC(=O)c4ccc(-n5c(=O)c6cc7c(=O)n(-c8ccc(C(=O)Nc9ccc(Oc%10ccc(NC(=O)c%11ccc(N)cc%11)cc%10)cc9)cc8)c(=O)c7cc6c5=O)cc4)cc3)cc2)cc1,N2,10,5,491
Nc1ccc(C(=O)Nc2ccc(Oc3ccc(NC(=O)c4ccc(-n5c(=O)c6cc7c(=O)n(-c8ccc(C(=O)Nc9ccc(Oc%10ccc(NC(=O)c%11ccc(N)cc%11)cc%10)cc9)cc8)c(=O)c7cc6c5=O)cc4)cc3)cc2)cc1,N2,10,10,508
Nc1ccc(C(=O)Nc2ccc(NC(=O)c3ccc(N4C(=O)c5ccc(-c6ccc7c(c6)C(=O)N(c6ccc(C(=O)Nc8ccc(NC(=O)c9ccc(N)cc9)cc8)cc6)C7=O)cc5C4=O)cc3)cc2)cc1,N2,10,5,528
Nc1ccc(C(=O)Nc2ccc(NC(=O)c3ccc(N4C(=O)c5ccc(-c6ccc7c(c6)C(=O)N(c6ccc(C(=O)Nc8ccc(NC(=O)c9ccc(N)cc9)cc8)cc6)C7=O)cc5C4=O)cc3)cc2)cc1,N2,10,10,548
Nc1ccc(C(=O)Nc2ccc(-c3ccc(NC(=O)c4ccc(N5C(=O)c6ccc(-c7ccc8c(c7)C(=O)N(c7ccc(C(=O)Nc9ccc(-c%10ccc(NC(=O)c%11ccc(N)cc%11)cc%10C(F)(F)F)c(C(F)(F)F)c9)cc7)C8=O)cc6C5=O)cc4)cc3C(F)(F)F)c(C(F)(F)F)c2)cc1,N2,10,5,516
Nc1ccc(C(=O)Nc2ccc(-c3ccc(NC(=O)c4ccc(N5C(=O)c6ccc(-c7ccc8c(c7)C(=O)N(c7ccc(C(=O)Nc9ccc(-c%10ccc(NC(=O)c%11ccc(N)cc%11)cc%10C(F)(F)F)c(C(F)(F)F)c9)cc7)C8=O)cc6C5=O)cc4)cc3C(F)(F)F)c(C(F)(F)F)c2)cc1,N2,10,10,541
Nc1ccc(C(=O)Nc2ccc(Oc3ccc(NC(=O)c4ccc(N5C(=O)c6ccc(-c7ccc8c(c7)C(=O)N(c7ccc(C(=O)Nc9ccc(Oc%10ccc(NC(=O)c%11ccc(N)cc%11)cc%10)cc9)cc7)C8=O)cc6C5=O)cc4)cc3)cc2)cc1,N2,10,5,506
Nc1ccc(C(=O)Nc2ccc(Oc3ccc(NC(=O)c4ccc(N5C(=O)c6ccc(-c7ccc8c(c7)C(=O)N(c7ccc(C(=O)Nc9ccc(Oc%10ccc(NC(=O)c%11ccc(N)cc%11)cc%10)cc9)cc7)C8=O)cc6C5=O)cc4)cc3)cc2)cc1,N2,10,10,526
CC(C)(c1ccc2c(c1)C(=O)N(c1ccc(C=O)cc1)C2=O)c1ccc2c(c1)C(=O)N(c1ccc(C(=O)Nc3ccc(Cc4ccc(N)cc4)cc3)cc1)C2=O,air,10,5,485
N#Cc1ccc(Oc2ccc(C(c3ccc(N)cc3)c3ccc(N4C(=O)c5ccc(Oc6ccc7c(c6)C(=O)NC7=O)cc5C4=O)cc3)cc2)cc1C#N,air,10,5,425
N#Cc1ccc(Oc2ccc(C(c3ccc(N)cc3)c3ccc(N4C(=O)c5ccc(C(=O)c6ccc7c(c6)C(=O)NC7=O)cc5C4=O)cc3)cc2)cc1C#N,air,10,5,420
CC(C)(c1ccc2c(c1)C(=O)N(c1ccc(C=O)cc1)C2=O)c1ccc2c(c1)C(=O)N(c1ccc(C(=O)Nc3ccc(C(c4ccc(N)cc4)c4ccc(Oc5ccc(C#N)c(C#N)c5)cc4)cc3)cc1)C2=O,air,10,5,427
N#Cc1ccc(Oc2ccc(C(c3ccc(N)cc3)c3ccc(NC(=O)c4ccc(C=O)cc4)cc3)cc2)cc1C#N,air,10,5,400
O=C(c1ccc2c(c1)C(=O)NC2=O)c1ccc2c(c1)C(=O)N(c1ccc(Cc3ccccc3)cc1)C2=O,air,10,5,525
N#Cc1ccc(Oc2ccc(-n3c(=O)c4cc5c(=O)n(-c6ccc(Oc7cccc8c(Oc9ccc(-n%10c(=O)c%11cc%12c(=O)n(-c%13ccc(Oc%14ccc(C#N)c(C#N)c%14)cc%13)c(=O)c%12cc%11c%10=O)cc9)cccc78)cc6)c(=O)c5cc4c3=O)cc2)cc1C#N,air,20,10,461
N#Cc1ccc(Oc2ccc(-n3c(=O)c4cc5c(=O)n(-c6ccc(Oc7cccc8c(Oc9ccc(-n%10c(=O)c%11cc%12c(=O)n(-c%13ccc(Oc%14ccc(C#N)c(C#N)c%14)cc%13)c(=O)c%12cc%11c%10=O)cc9)cccc78)cc6)c(=O)c5cc4c3=O)cc2)cc1C#N,N2,20,10,511
CC(C)(c1ccc(Oc2ccc(N3C(=O)c4cc5c(cc4C3=O)C(=O)C(c3ccc(Oc4ccc(C#N)c(C#N)c4)cc3)C5=O)cc2)cc1)c1ccc(Oc2ccc(-n3c(=O)c4cc5c(=O)n(-c6ccc(Oc7ccc(C#N)c(C#N)c7)cc6)c(=O)c5cc4c3=O)cc2)cc1,air,20,10,459
CC(C)(c1ccc(Oc2ccc(N3C(=O)c4cc5c(cc4C3=O)C(=O)C(c3ccc(Oc4ccc(C#N)c(C#N)c4)cc3)C5=O)cc2)cc1)c1ccc(Oc2ccc(-n3c(=O)c4cc5c(=O)n(-c6ccc(Oc7ccc(C#N)c(C#N)c7)cc6)c(=O)c5cc4c3=O)cc2)cc1,N2,20,10,509
Nc1ccc2c(c1)Sc1ccc(-n3c(=O)c4cc5c(=O)n(-c6ccc7c(c6)Sc6ccc(N)cc6S7)c(=O)c5cc4c3=O)cc1S2,N2,10,5,531
Nc1ccc2c(c1)Sc1ccc(-n3c(=O)c4cc5c(=O)n(-c6ccc7c(c6)Sc6ccc(N)cc6S7)c(=O)c5cc4c3=O)cc1S2,air,10,5,507
Nc1ccc2c(c1)Sc1ccc(N3C(=O)c4ccc(-c5ccc6c(c5)C(=O)N(c5ccc7c(c5)Sc5ccc(N)cc5S7)C6=O)cc4C3=O)cc1S2,N2,10,5,525
Nc1ccc2c(c1)Sc1ccc(N3C(=O)c4ccc(-c5ccc6c(c5)C(=O)N(c5ccc7c(c5)Sc5ccc(N)cc5S7)C6=O)cc4C3=O)cc1S2,air,10,5,505
Nc1ccc2c(c1)Oc1ccc(-n3c(=O)c4cc5c(=O)n(-c6ccc7c(c6)Sc6ccc(N)cc6O7)c(=O)c5cc4c3=O)cc1S2,N2,10,5,548
Nc1ccc2c(c1)Oc1ccc(N3C(=O)c4ccc(-c5ccc6c(c5)C(=O)N(c5ccc7c(c5)Sc5ccc(N)cc5O7)C6=O)cc4C3=O)cc1S2,N2,10,5,538
Nc1ccc2c(c1)Oc1ccc(N3C(=O)c4ccc(-c5ccc6c(c5)C(=O)N(c5ccc7c(c5)Sc5ccc(N)cc5O7)C6=O)cc4C3=O)cc1S2,air,10,5,519
Cc1cc(N)ccc1-c1ccc(N2C(=O)c3ccc(C(c4ccc5c(c4)C(=O)N(c4ccc(-c6ccc(N)cc6C)c(C)c4)C5=O)(C(F)(F)F)C(F)(F)F)cc3C2=O)cc1C,N2,10,5,511
Cc1cc(N)ccc1-c1ccc(N2C(=O)c3ccc(C(c4ccc5c(c4)C(=O)N(c4ccc(-c6ccc(N)cc6C)c(C)c4)C5=O)(C(F)(F)F)C(F)(F)F)cc3C2=O)cc1C,N2,10,10,537
Cc1cc(-c2ccc(N3C(=O)c4ccc(C(c5ccc6c(c5)C(=O)N(c5ccc(-c7ccc(N)c(C)c7)cc5C)C6=O)(C(F)(F)F)C(F)(F)F)cc4C3=O)c(C)c2)ccc1N,N2,10,5,520
Cc1cc(-c2ccc(N3C(=O)c4ccc(C(c5ccc6c(c5)C(=O)N(c5ccc(-c7ccc(N)c(C)c7)cc5C)C6=O)(C(F)(F)F)C(F)(F)F)cc4C3=O)c(C)c2)ccc1N,N2,10,10,540
Cc1cc(-c2cc(C)c(N3C(=O)c4ccc(C(c5ccc6c(c5)C(=O)N(c5cc(C)c(-c7cc(C)c(N)cc7C)cc5C)C6=O)(C(F)(F)F)C(F)(F)F)cc4C3=O)cc2C)c(C)cc1N,N2,10,5,507
Cc1cc(-c2cc(C)c(N3C(=O)c4ccc(C(c5ccc6c(c5)C(=O)N(c5cc(C)c(-c7cc(C)c(N)cc7C)cc5C)C6=O)(C(F)(F)F)C(F)(F)F)cc4C3=O)cc2C)c(C)cc1N,N2,10,10,534
OCc1cc(Cc2cccc(Cc3cc(Cc4cc(CO)c(O)c(CO)c4)cc(CO)c3O)c2O)ccc1O,N2,10,5,285
OCc1cc(Cc2cccc(Cc3cc(Cc4cc(CO)c(O)c(CO)c4)cc(CO)c3O)c2O)ccc1O,N2,10,10,403
OCc1cc(Cc2cccc(Cc3cc(Cc4cc(CO)c(O)c(CO)c4)cc(CO)c3O)c2O)ccc1O,air,10,5,286
OCc1cc(Cc2cccc(Cc3cc(Cc4cc(CO)c(O)c(CO)c4)cc(CO)c3O)c2O)ccc1O,air,10,10,435
Nc1ccc2c(c1)C1c3ccccc3C2c2cc(NC(=O)c3ccc(C(=O)O)cc3)ccc21,N2,10,10,428
Nc1ccc2c(c1)C1c3ccccc3C2c2cc(NC(=O)c3cccc(C(=O)O)c3)ccc21,N2,10,10,502
Nc1ccc2c(c1)C1c3ccccc3C2c2cc(NC(=O)c3ccc4cc(C(=O)O)ccc4c3)ccc21,N2,10,10,488
Nc1ccc2c(c1)C1c3ccccc3C2c2cc(NC(=O)CCCCC(=O)O)ccc21,N2,10,10,372
Nc1ccc2c(c1)C1c3ccccc3C2c2cc(NC(=O)CCCCCCCCC(=O)O)ccc21,N2,10,10,383
Nc1ccc2c(c1)C1c3ccccc3C2c2cc(NC(=O)CCCCCCCCCCC(=O)O)ccc21,N2,10,10,438
CCCCCCCCN1COc2cc3c(cc2C1)-c1cc2c(cc1C3(c1ccc(N3COc4ccccc4C3)cc1)c1ccc(N3COc4ccccc4C3)cc1)OCN(CCCCCCCC)C2,N2,20,5,334
COc1cc(CNCCNCc2ccc(Oc3ccc(C#N)c(C#N)c3)c(OC)c2)ccc1Oc1ccc(C#N)c(C#N)c1,N2,20,5,421
COc1cc(CNCCCNCc2ccc(Oc3ccc(C#N)c(C#N)c3)c(OC)c2)ccc1Oc1ccc(C#N)c(C#N)c1,N2,20,5,417
COc1cc(CNCCCNCc2ccc(Oc3ccc(C#N)c(C#N)c3)c(OC)c2)ccc1Oc1ccc(C#N)c(C#N)c1,N2,20,10,436
COc1cc(CNCCCCCCNCc2ccc(Oc3ccc(C#N)c(C#N)c3)c(OC)c2)ccc1Oc1ccc(C)c(C#N)c1,N2,20,5,371
COc1cc(CNCCCCCCNCc2ccc(Oc3ccc(C#N)c(C#N)c3)c(OC)c2)ccc1Oc1ccc(C)c(C#N)c1,N2,20,10,445
OCCOCCN1COc2cc3c(cc2C1)-c1cc2c(cc1C3(c1ccc(N3COc4ccccc4C3)cc1)c1ccc(N3COc4ccccc4C3)cc1)OCN(CCOCCO)C2,N2,10,10,374
C#CC1C=CC=C(N2COc3ccccc3C2)C1,N2,20,5,491
C#CC1C=CC=C(N2COc3ccccc3C2)C1,N2,20,10,592
Cc1ccccc1N1COc2ccc(C(C)(C)c3ccc4c(c3)CN(c3ccccc3C)CO4)cc2C1,N2,10,5,228
Cc1ccccc1N1COc2ccc(C(C)(C)c3ccc4c(c3)CN(c3ccccc3C)CO4)cc2C1,N2,10,1,220
Cc1ccc(N2COc3ccc(C(C)(C)c4ccc5c(c4)CN(c4ccc(C)cc4)CO5)cc3C2)cc1,N2,10,5,305
Cc1ccc(N2COc3ccc(C(C)(C)c4ccc5c(c4)CN(c4ccc(C)cc4)CO5)cc3C2)cc1,N2,10,1,264
c1ccc(N2COc3c(cccc3-c3cccc4c3OCN(c3ccccc3)C4)C2)cc1,air,20,10,260
O=C(c1ccc2c(c1)CN(c1ccccc1)CO2)c1ccc2c(c1)CN(c1ccccc1)CO2,air,20,10,290
C=CCN1COc2ccccc2C1,Ar,5,5,348
C=CCN1COc2ccccc2C1,Ar,5,10,374
C=CCc1cccc2c1OCN(c1ccccc1)C2,Ar,5,5,288
C=CCc1cccc2c1OCN(c1ccccc1)C2,Ar,5,10,356
C=CCc1cccc2c1OCN(c1ccccc1)C2,N2,5,5,288
C=CCN1COc2ccc(C(C)(C)c3ccc4c(c3)CN(CC=C)CO4)cc2C1,Ar,5,5,343
C=CCN1COc2ccc(C(C)(C)c3ccc4c(c3)CN(CC=C)CO4)cc2C1,Ar,5,10,367
c1ccc(N2COc3ccc(C45CC6CC(CC(C6)C4)C5)cc3C2)cc1,N2,10,5,335
c1ccc(N2COc3ccc(C45CC6CC(CC(C6)C4)C5)cc3C2)cc1,N2,10,10,365
CN1COc2ccc(C34CC5CC(CC(C5)C3)C4)cc2C1,N2,10,5,399
CN1COc2ccc(C34CC5CC(CC(C5)C3)C4)cc2C1,N2,10,10,439
O=c1ccc2ccc3c(c2o1)CN(Cc1ccco1)CO3,N2,10,10,427
O=C(Nc1cccc2c1OCN(c1ccccc1)C2)c1ccccc1,N2,10,5,325
O=C(Nc1cccc2c1OCN(c1ccccc1)C2)c1ccccc1,N2,10,10,369
c1coc(CN2COc3ccccc3C2)c1,N2,10,10,403
c1coc(CN2COc3ccccc3C2)c1,N2,10,5,360
CCCC/C=C/C/C=C/CCCCCCc1cccc2c1CN(Cc1ccco1)CO2,N2,20,5,374
CCCC/C=C/C/C=C/CCCCCCc1cccc2c1CN(Cc1ccco1)CO2,N2,20,10,403
COc1cc(C=O)cc2c1OCN(Cc1ccco1)C2,N2,10,10,395
Cc1ccc(N2COc3ccc4c(C)cc(=O)oc4c3C2)cc1,N2,10,10,323
O=c1ccc2ccc3c(c2o1)CN(c1ccccc1)CO3,N2,10,5,327
O=c1ccc2ccc3c(c2o1)CN(c1ccccc1)CO3,N2,10,10,373
Cc1cc(=O)oc2c3c(ccc12)OCN(c1ccccc1)C3,N2,10,5,312
Cc1cc(=O)oc2c3c(ccc12)OCN(c1ccccc1)C3,N2,10,10,361
c1ccc2c3c(ccc2c1)OCN(CCCN1COc2ccc4ccccc4c2C1)C3,N2,10,5,231
c1ccc2c(c1)CN(CCCN1COc3cc4ccccc4cc3C1)CO2,N2,10,5,244
c1ccc2c(c1)CN(CCCN1COc3ccccc3C1)CO2,N2,10,5,244
c1ccc(-c2nc(-c3ccc(N4COc5ccccc5C4)cc3)[nH]c2-c2ccccc2)cc1,N2,10,5,367
c1ccc(-c2nc(-c3ccc(N4COc5ccccc5C4)cc3)[nH]c2-c2ccccc2)cc1,N2,10,10,387
CCC(COCC(C)N(C)C)(COCC(C)N1COC2=CCC(C(C)(C)c3ccc4c(c3)CN(C)CO4)C=C2C1)COCC(C)N1COc2ccc(C(C)(C)c3ccc4c(c3)CN(C(C)COCC(CC)(COCC(C)N(C)C)COCC(C)N3COc5ccc(C(C)(C)c6ccc(C)cc6)cc5C3)CO4)cc2C1,N2,10,5,274
CC(=O)N1N=C(c2ccc3c(c2)CN(C)CO3)CC1c1ccc2c(c1)CN(c1ccc(F)cc1)CO2,N2,20,5,365
CCCCCCCCCCCCCCCCCCN1COc2ccc(C3=NN(C=O)C(c4ccc5c(c4)CN(CCCCCCCCCCCCCCCCCC)CO5)C3)cc2C1,N2,20,5,362
CCCCCCCCCCCCN1COc2ccc(C3=NN(C(C)=O)C(c4ccc5c(c4)CN(CCCCCCCCCCCC)CO5)C3)cc2C1,N2,10,5,140
Fc1ccc(N2COc3ccc(Cc4ccc5c(c4)CN(c4ccc(F)cc4)CO5)cc3C2)cc1,N2,10,5,396
c1ccc2c3c(ccc2c1)OCN(C1COC2C(C1)OCC2N1COc2ccc4ccccc4c2C1)C3,N2,10,10,324
COc1cccc2c1OCN(C1COC3C1OCC3N1COc3c(cccc3OC)C1)C2,N2,10,10,318
CC(CCC(=O)O)(c1ccc2c(c1)CN(c1ccccc1)CO2)c1ccc2c(c1)CN(c1ccccc1)CO2,N2,10,10,376.6
CC(CCC(=O)O)(c1ccc2c(c1)CN(c1ccccc1)CO2)c1ccc2c(c1)CN(c1ccccc1)CO2,N2,10,5,330
COC(=O)CCC(C)(c1ccc2c(c1)CN(c1ccccc1)CO2)c1ccc2c(c1)CN(c1ccccc1)CO2,N2,10,10,375
COC(=O)CCC(C)(c1ccc2c(c1)CN(c1ccccc1)CO2)c1ccc2c(c1)CN(c1ccccc1)CO2,air,10,10,386
C=P12OCC(COC(=O)CCC(C)(c3ccc4c(c3)CN(c3ccccc3)CO4)c3ccc4c(c3)CN(c3ccccc3)CO4)(CO1)CO2,N2,20,5,341.5
C=P12OCC(COC(=O)CCC(C)(c3ccc4c(c3)CN(c3ccccc3)CO4)c3ccc4c(c3)CN(c3ccccc3)CO4)(CO1)CO2,N2,20,10,385.4
C=P12OCC(COC(=O)CCC(C)(c3ccc4c(c3)CN(c3ccccc3)CO4)c3ccc4c(c3)CN(c3ccccc3)CO4)(CO1)CO2,air,20,5,355.5
C=P12OCC(COC(=O)CCC(C)(c3ccc4c(c3)CN(c3ccccc3)CO4)c3ccc4c(c3)CN(c3ccccc3)CO4)(CO1)CO2,air,20,10,399.5
C=P12OCC(COC(=O)CCC(C)(c3ccc4c(c3)CN(c3ccccc3)CO4)c3ccc4c(c3)CN(c3ccccc3)CO4)(CO1)CO2,air,20,50,615.5
O=C(CCCCCN1COc2ccccc2C1)Nc1ccc(Cc2ccc(NC(=O)CCCCCN3COc4ccccc4C3)cc2)cc1,N2,10,10,335
C=C(CCCN1COc2ccc(C(C)(CCCC(=O)OC)c3ccc4c(c3)CN(CCCC(=C)OC)CO4)cc2C1)OC,N2,10,5,320
COC(=O)CCC(C)(c1ccc2c(c1)CN(C(CC(C)C)C(=O)OC)CO2)c1ccc2c(c1)CN(C(CC(C)C)C(=O)OC)CO2,N2,10,5,341
COC(=O)CCC(C)(c1ccc2c(c1)CN(C(Cc1ccccc1)C(=O)OC)CO2)c1ccc2c(c1)CN(C(Cc1ccccc1)C(=O)OC)CO2,N2,10,5,341
c1coc(CN2COc3cc4c(cc3C2)OCO4)c1,N2,10,5,374
CC(C)c1ccc2c(c1)CCC1C(C)(CN3COc4cc5c(cc4C3)OCO5)CCCC21C,N2,10,5,331
CCCCCCCCCCCCCCCCCN1COc2cc3c(cc2C1)OCO3,N2,10,5,350
CCCCCCCCCCCCCCCc1ccc2c(c1)OCN(CCCCCC(=O)Nc1ccc(Cc3ccc(NC(=O)CCCCCN4COc5cc(CCCCCCCCCCCCCCC)ccc5C4)cc3)cc1)C2,N2,10,10,339
O=C(CCCCCN1COc2ccc(F)cc2C1)Nc1ccc(Cc2ccc(NC(=O)CCCCCN3COc4ccc(F)cc4C3)cc2)cc1,N2,10,10,354
CCCCCCCCCCCCCCCc1ccc2c(c1)OCN(c1ccc(C3(c4ccc(N5COc6cc(CCCCCCCCCCCC)ccc6C5)cc4)c4cc5c(cc4-c4cc6c(cc43)OCN(c3ccccc3)C6)CN(c3ccccc3)CO5)cc1)C2,N2,20,5,364
CN1COc2ccc3c(=O)c(-c4ccc5c(c4)CN(c4ccc(Cc6ccccc6)cc4)CO5)coc3c2C1,N2,10,5,383
CN1COc2ccc3c(=O)c(-c4ccc5c(c4)CN(c4ccc(Cc6ccccc6)cc4)CO5)coc3c2C1,air,10,5,373
CCCCCCN1COc2ccc(-c3coc4c5c(ccc4c3=O)OCN(C)C5)cc2C1,N2,10,5,346
CCCCCCN1COc2ccc(-c3coc4c5c(ccc4c3=O)OCN(C)C5)cc2C1,air,10,5,334
OB(O)c1cccc(N2COc3ccccc3C2)c1,N2,10,5,298
c1coc(CN2COc3c(ccc4c3OCN(Cc3ccco3)C4)C2)c1,N2,10,5,199
c1ccc(C2Oc3cc4c(cc3C(c3ccccc3)N2Cc2ccco2)OCO4)cc1,N2,10,10,231
CCCCOCCOCCOCCCN1COc2c(O)c3c(c(C(=O)O)c2C1)CN(C)CO3,N2,10,5,277
CCCCOCCOCCOCCCN1COc2c(O)c3c(c(C(=O)O)c2C1)CN(C)CO3,N2,10,10,306
CCCCOCCOCCOCCCN1COc2c(O)c3c(c(C(=O)Nc4ccc(C)cc4)c2C1)CN(C)CO3,N2,10,5,278
CCCCOCCOCCOCCCN1COc2c(O)c3c(c(C(=O)Nc4ccc(C)cc4)c2C1)CN(C)CO3,N2,10,10,310
O=C1C2C3C=CC(C3)C2C(=O)N1c1cccc2c1OCN(c1ccc(Oc3ccc(N4COc5c(cccc5N5C(=O)C6C7C=CC(C7)C6C5=O)C4)cc3)cc1)C2,N2,10,10,431
O=C1C2C3C=CC(C3)C2C(=O)N1c1cccc2c1OCN(c1ccc(Oc3ccc(N4COc5c(cccc5N5C(=O)C6C7C=CC(C7)C6C5=O)C4)cc3)cc1)C2,air,10,5,412
C[Si](C)(C)O[Si](C)(C)O[Si](C)(C)C1CC2CC1C1C(=O)N(c3cccc4c3OCN(c3ccc(Oc5ccc(N6COc7c(cccc7N7C(=O)C8C9CCC(C9)C8C7=O)C6)cc5)cc3)C4)C(=O)C21,N2,10,10,461
C[Si](C)(C)O[Si](C)(C)O[Si](C)(C)C1CC2CC1C1C(=O)N(c3cccc4c3OCN(c3ccc(Oc5ccc(N6COc7c(cccc7N7C(=O)C8C9CCC(C9)C8C7=O)C6)cc5)cc3)C4)C(=O)C21,air,10,5,400
C=CCc1cc2c(c(-c3cc(CC=C)cc4c3OCN(Cc3ccco3)C4)c1)OCN(Cc1ccco1)C2,N2,10,10,463
CCN1COc2c(C(C)C)ccc(C)c2C1,N2,20,5,151
CCN1COc2c(C(C)C)ccc(C)c2C1,N2,20,15,178
CCCCCCCCCCCCCCCc1ccc2c(c1)OCN(Cc1ccco1)C2,N2,10,5,342
Cc1ccc(C(C)C)c2c1CN(c1ccccc1)CO2,N2,20,5,154
Cc1ccc(C(C)C)c2c1CN(CCCCCCN1COc3c(C(C)C)ccc(C)c3C1)CO2,N2,20,5,126
Cc1ccc(C(C)C)c2c1CN(CCCCCCN1COc3c(C(C)C)ccc(C)c3C1)CO2,N2,20,15,198
c1coc(CN2COc3ccc(-c4nc5ccccc5nc4-c4ccc5c(c4)CN(Cc4ccco4)CO5)cc3C2)c1,N2,20,5,410
c1coc(CN2COc3ccc(-c4nc5ccccc5nc4-c4ccc5c(c4)CN(Cc4ccco4)CO5)cc3C2)c1,N2,20,10,486
c1coc(CN2COc3ccc(-c4nc5ccc(-c6ccc7nc(-c8ccc9c(c8)CN(Cc8ccco8)CO9)c(-c8ccc9c(c8)CN(Cc8ccco8)CO9)nc7c6)cc5nc4-c4ccc5c(c4)CN(Cc4ccco4)CO5)cc3C2)c1,N2,20,5,430
c1coc(CN2COc3ccc(-c4nc5ccc(-c6ccc7nc(-c8ccc9c(c8)CN(Cc8ccco8)CO9)c(-c8ccc9c(c8)CN(Cc8ccco8)CO9)nc7c6)cc5nc4-c4ccc5c(c4)CN(Cc4ccco4)CO5)cc3C2)c1,N2,20,10,519
C[Si](C)(c1ccc2c(c1)CN(P)CO2)c1ccc2c(c1)CN(P)CO2,air,10,5,411
C[Si](C)(c1ccc2c(c1)CN(P)CO2)c1ccc2c(c1)CN(P)CO2,air,10,10,471
C[Si](C)(c1ccc2c(c1)CN(P)CO2)c1ccc2c(c1)CN(P)CO2,N2,10,5,377
C[Si](C)(c1ccc2c(c1)CN(P)CO2)c1ccc2c(c1)CN(P)CO2,N2,10,10,410
CC(C)(c1ccc2c(c1)CN(Cc1ccco1)CO2)c1ccc2c(c1)CN(Cc1ccco1)CO2,N2,10,10,391
C#Cc1cccc(N2COc3c(cc(/C=C/C)cc3OC)C2)c1,N2,10,5,395
C#Cc1cccc(N2COc3c(cc(C=O)cc3OC)C2)c1,N2,10,5,393
CC1(C)OC(=O)C(C)(C2CC(=O)N(c3ccc(Cc4ccc(N5C(=O)CC(C6(C)C(=O)OC(C)(C)OC6=O)C5=O)cc4)cc3)C2=O)C(=O)O1,N2,10,5,342
O=C(Cc1ccc2c(c1)CN(c1ccccc1)CO2)c1ccc2c(c1)CN(c1ccccc1)CO2,N2,10,5,403
O=C(Cc1ccc2c(c1)CN(c1ccccc1)CO2)c1ccc2c(c1)CN(c1ccccc1)CO2,N2,10,10,440
CC(C)COC(C)COCCOCC(C)OCC(C)NC(=O)CCc1cccc2c1OCN(C)C2,N2,10,5,307
CC(C)COC(C)COCCOCC(C)OCC(C)NC(=O)CCc1cccc2c1OCN(C)C2,N2,10,10,351
CCCCCCCNC(=O)CCc1cccc2c1OCN(C)C2,N2,10,5,276
CCCCCCCNC(=O)CCc1cccc2c1OCN(C)C2,N2,10,10,303
CC1CCC2C(=O)N(c3cccc4c3OCN(c3ccccc3)C4)C(=O)C2C1,N2,10,5,327
CC1CCC2C(=O)N(c3cccc4c3OCN(c3ccccc3)C4)C(=O)C2C1,N2,10,10,367
O=C1C2CCCCC2C(=O)N1c1cccc2c1OCN(c1ccccc1)C2,N2,10,5,340
O=C1C2CCCCC2C(=O)N1c1cccc2c1OCN(c1ccccc1)C2,N2,10,10,375
O=C1C2CC=CCC2C(=O)N1c1cccc2c1OCN(c1ccccc1)C2,N2,10,5,342
O=C1C2CC=CCC2C(=O)N1c1cccc2c1OCN(c1ccccc1)C2,N2,10,10,382
OCc1ccc(N2COc3ccccc3C2)cc1,N2,10,5,233
OCc1ccc(N2COc3ccccc3C2)cc1,N2,10,10,255
O=C(CCc1ccc2c(c1)CN(Cc1ccco1)CO2)OCCCOC(=O)CCc1ccc2c(c1)CN(Cc1ccco1)CO2,N2,10,5,236
O=C(CCc1ccc2c(c1)CN(Cc1ccco1)CO2)OCCCOC(=O)CCc1ccc2c(c1)CN(Cc1ccco1)CO2,N2,10,10,443
O=C(CCCc1ccc2c(c1)CN(Cc1ccco1)CO2)OCCCCOC(=O)CCc1ccc2c(c1)CN(Cc1ccco1)CO2,N2,10,5,235
O=C(CCCc1ccc2c(c1)CN(Cc1ccco1)CO2)OCCCCOC(=O)CCc1ccc2c(c1)CN(Cc1ccco1)CO2,N2,10,10,435
N#Cc1ccc(Oc2cccc(N3C(=O)c4ccc(Oc5cccc6c(Oc7ccc8c(c7)C(=O)N(c7cccc(Oc9ccc(C#N)c(C#N)c9)c7)C8=O)cccc56)cc4C3=O)c2)cc1C#N,N2,10,5,460
N#Cc1ccc(-n2cnc3c(Nc4cccc(Oc5ccc(S(=O)(=O)c6ccc(Oc7cccc(Nc8ncnc9c8ncn9-c8ccc(C#N)c(C#N)c8)c7)cc6)cc5)c4)ncnc32)cc1C#N,N2,10,5,525.9
N#Cc1ccc(-n2cnc3c(Nc4cccc(Oc5ccc(S(=O)(=O)c6ccc(Oc7cccc(Nc8ncnc9c8ncn9-c8ccc(C#N)c(C#N)c8)c7)cc6)cc5)c4)ncnc32)cc1C#N,N2,10,10,566.8
N#Cc1ccc(-n2cnc3c(Nc4cccc(Oc5ccc(S(=O)(=O)c6ccc(Oc7cccc(Nc8ncnc9c8ncn9-c8ccc(C#N)c(C#N)c8)c7)cc6)cc5)c4)ncnc32)cc1C#N,air,10,5,522.9
N#Cc1ccc(-n2cnc3c(Nc4cccc(Oc5ccc(S(=O)(=O)c6ccc(Oc7cccc(Nc8ncnc9c8ncn9-c8ccc(C#N)c(C#N)c8)c7)cc6)cc5)c4)ncnc32)cc1C#N,air,10,10,554.7
COc1cc(C)c(C(C)c2cc(Oc3ccc(C#N)c(C#N)c3)c(OC)cc2C)cc1Oc1ccc(C#N)c(C#N)c1,N2,10,5,417
COc1cc(C)c(C(C)c2cc(Oc3ccc(C#N)c(C#N)c3)c(OC)cc2C)cc1Oc1ccc(C#N)c(C#N)c1,air,10,5,422
C=CCc1cc(CO)c(Oc2ccc(C#N)c(C#N)c2)c(OC)c1,N2,10,5,448
C#Cc1cccc(N2COc3ccc(C(C)(CC)c4ccc5c(c4)CN(c4cccc(C#C)c4)CO5)cc3C2)c1,N2,20,5,400
C#Cc1cccc(N2COc3ccc(C(C)(CC)c4ccc5c(c4)CN(c4cccc(C#C)c4)CO5)cc3C2)c1,N2,20,10,409
C#Cc1cccc(N2COc3ccc(C(C)(CC)c4ccc5c(c4)CN(c4cccc(C#C)c4)CO5)cc3C2)c1,air,20,5,392
C#Cc1cccc(N2COc3ccc(C(C)(CC)c4ccc5c(c4)CN(c4cccc(C#C)c4)CO5)cc3C2)c1,air,20,10,402
CCC(C)(c1ccc2c(c1)CN(c1ccccc1)CO2)c1ccc2c(c1)CN(c1ccccc1)CO2,N2,20,5,315
CCC(C)(c1ccc2c(c1)CN(c1ccccc1)CO2)c1ccc2c(c1)CN(c1ccccc1)CO2,N2,20,10,335
CCC(C)(c1ccc2c(c1)CN(c1ccccc1)CO2)c1ccc2c(c1)CN(c1ccccc1)CO2,air,20,5,316
CCC(C)(c1ccc2c(c1)CN(c1ccccc1)CO2)c1ccc2c(c1)CN(c1ccccc1)CO2,air,20,10,355
CCCCOCCOCCOCCCNCc1ccc(CNC)c(O)c1O,N2,10,5,271
CCCCOCCOCCOCCCNCc1ccc(CNC)c(O)c1O,N2,10,10,291
CCCCOCCOCCOCCCN(CSCCC(=O)OCCOC)Cc1ccc(CN(C)CSCCC(=O)OCCOC)c(O)c1O,N2,10,5,274
CCCCOCCOCCOCCCN(CSCCC(=O)OCCOC)Cc1ccc(CN(C)CSCCC(=O)OCCOC)c(O)c1O,N2,10,10,298
C[Si](C)(Oc1ccc(N2COc3ccccc3C2)cc1)Oc1ccc(N2COc3ccccc3C2)cc1,N2,20,5,374
C[Si](C)(Oc1ccc(N2COc3ccccc3C2)cc1)Oc1ccc(N2COc3ccccc3C2)cc1,N2,20,10,406
C[Si](C)(Oc1ccc(N2COc3ccccc3C2)cc1)Oc1ccc(N2COc3ccccc3C2)cc1,N2,20,20,470
C[Si](Oc1ccc(N2COc3ccccc3C2)cc1)(Oc1ccc(N2COc3ccccc3C2)cc1)c1ccccc1,N2,20,5,408
C[Si](Oc1ccc(N2COc3ccccc3C2)cc1)(Oc1ccc(N2COc3ccccc3C2)cc1)c1ccccc1,N2,20,10,446
C[Si](Oc1ccc(N2COc3ccccc3C2)cc1)(Oc1ccc(N2COc3ccccc3C2)cc1)c1ccccc1,N2,20,20,521
c1ccc([Si](Oc2ccc(N3COc4ccccc4C3)cc2)(Oc2ccc(N3COc4ccccc4C3)cc2)c2ccccc2)cc1,N2,10,5,420
c1ccc([Si](Oc2ccc(N3COc4ccccc4C3)cc2)(Oc2ccc(N3COc4ccccc4C3)cc2)c2ccccc2)cc1,N2,10,10,473
c1ccc([Si](Oc2ccc(N3COc4ccccc4C3)cc2)(Oc2ccc(N3COc4ccccc4C3)cc2)c2ccccc2)cc1,N2,10,20,588
CCO[Si](CCCN1COc2c(cccc2OC)C1)(OCC)OCC,N2,20,5,326
CCO[Si](CCCN1COc2c(cccc2OC)C1)(OCC)OCC,N2,20,10,415
C=CCc1cc2c(c(OC)c1)OCN(CCC[Si](OCC)(OCC)OCC)C2,N2,20,5,379
C=CCc1cc2c(c(OC)c1)OCN(CCC[Si](OCC)(OCC)OCC)C2,N2,20,10,424
CCO[Si](CCCN1COc2c(cc(C=O)cc2OC)C1)(OCC)OCC,N2,20,5,374
CCO[Si](CCCN1COc2c(cc(C=O)cc2OC)C1)(OCC)OCC,N2,20,10,412
FC(F)(F)C(c1ccc2c(c1)CN(c1ccccc1)CO2)(c1ccc2c(c1)CN(c1ccccc1)CO2)C(F)(F)F,N2,10,10,393.8
N#Cc1ccc(N2COc3ccc(N4C(=O)CC(CCc5ccccc5)C4=O)cc3C2)cc1,N2,10,10,350
CC(C)(CCc1ccccc1)C(=O)OCCOCCN1COc2ccccc2C1,N2,10,5,312
CC(C)(CCc1ccccc1)C(=O)OCCOCCN1COc2ccccc2C1,N2,10,10,350
CCCCCCCCCCCCCCCc1ccc2c(c1)OC(CCCC)N(Cc1ccco1)C2,N2,10,5,326
CCCCCCCCCCCCCCCc1ccc2c(c1)OC(c1ccccc1)N(Cc1ccco1)C2,N2,10,5,342
C#Cc1ccc(N2COc3ccc([OH+][Si](C)(C)[OH+]c4ccc([OH+][Si](C)(C)[OH+]c5ccc6c(c5)CN(c5ccc(C#C)cc5)CO6)cc4)cc3C2)cc1,air,10,5,485
C#Cc1ccc(N2COc3ccc([OH+][Si](C)(C)[OH+]c4ccc([OH+][Si](C)(C)[OH+]c5ccc6c(c5)CN(c5ccc(C#C)cc5)CO6)cc4)cc3C2)cc1,N2,10,5,380
CCCCCCCCCCCCCCCc1ccc2c(c1)OCN(CCC[Si](C)(C)O[Si](C)(C)CCCN1COc3cc(CCCCCCCCCCCCCC)ccc3C1)C2,N2,10,5,282
CCCCCCCCCCCCCCCc1ccc2c(c1)OCN(CCC[Si](C)(C)O[Si](C)(C)CCCN1COc3cc(CCCCCCCCCCCCCC)ccc3C1)C2,N2,10,10,319
C=CCc1cc(C(C)(C)c2ccc3c(c2CC=C)CN(c2cccc(Oc4ccc(O)c(O)c4)c2)CO3)cc2c1OCN(c1cccc(Oc3ccc(O)c(O)c3)c1)C2,N2,20,5,497
O=C1C=CC(=O)N1c1cccc2c1OCN(c1ccccc1)C2,N2,10,5,333
O=C1C=CC(=O)N1c1cccc2c1OCN(c1ccccc1)C2,N2,10,10,371
Cc1ccc2c(c1)CN(C)CO2,N2,10,5,315
Cc1ccc2c(c1)CN(C)CO2,N2,10,10,363
c1ccc(N2COc3ccc(Cc4ccc5c(c4)CN(c4ccccc4)CO5)cc3C2)cc1,N2,20,5,306
c1ccc(N2COc3ccc(Cc4ccc5c(c4)CN(c4ccccc4)CO5)cc3C2)cc1,air,10,5,269
c1ccc(N2COc3ccc(Cc4ccc5c(c4)CN(c4ccccc4)CO5)cc3C2)cc1,air,10,10,377
c1ccc(N2COc3ccc(Cc4ccc5c(c4)CN(c4ccccc4)CO5)cc3C2)cc1,air,10,20,473
c1ccc(N2COc3ccc(Cc4ccc5c(c4)CN(c4ccccc4)CO5)cc3C2)cc1,air,10,30,504
c1ccc(N2COc3ccc(Cc4ccc5c(c4)CN(c4ccccc4)CO5)cc3C2)cc1,air,10,40,531
c1ccc(N2COc3ccc(Cc4ccc5c(c4)CN(c4ccccc4)CO5)cc3C2)cc1,air,10,50,554
c1ccc(N2COc3ccc(Cc4ccc5c(c4)CN(c4ccccc4)CO5)cc3C2)cc1,air,10,60,572
c1ccc(N2COc3ccc(Cc4cccc5c4OCN(c4ccccc4)C5)cc3C2)cc1,N2,10,5,294
c1ccc(N2COc3ccc(Cc4cccc5c4OCN(c4ccccc4)C5)cc3C2)cc1,N2,10,10,349
c1ccc(N2COc3c(Cc4cccc5c4OCN(c4ccccc4)C5)cccc3C2)cc1,N2,10,5,353
c1ccc(N2COc3c(Cc4cccc5c4OCN(c4ccccc4)C5)cccc3C2)cc1,N2,10,10,403
CC(C)(c1ccc(Oc2ccc(C#N)c(C#N)c2)cc1)c1ccc(Oc2cccc(Oc3ccc(C(C)(C)c4ccc(Oc5ccc(C#N)c(C#N)c5)cc4)cc3)c2C#N)cc1,N2,20,5,512.55
CC(C)(c1ccc(Oc2ccc(C#N)c(C#N)c2)cc1)c1ccc(Oc2cccc(Oc3ccc(C(C)(C)c4ccc(Oc5ccc(C#N)c(C#N)c5)cc4)cc3)c2C#N)cc1,air,20,5,512.35
c1ccc(N2COc3ccc(N4COc5ccccc5C4)cc3C2)cc1,N2,10,5,350
c1ccc(N2COc3ccc(N4COc5ccccc5C4)cc3C2)cc1,N2,10,10,373
c1ccc(N2COc3ccc(N4COc5ccc(N6COc7ccccc7C6)cc5C4)cc3C2)cc1,N2,10,5,353
c1ccc(N2COc3ccc(N4COc5ccc(N6COc7ccccc7C6)cc5C4)cc3C2)cc1,N2,10,10,377
c1ccc(N2COc3ccc(N4COc5ccc(N6COc7ccc(N8COc9ccccc9C8)cc7C6)cc5C4)cc3C2)cc1,N2,10,5,343
c1ccc(N2COc3ccc(N4COc5ccc(N6COc7ccc(N8COc9ccccc9C8)cc7C6)cc5C4)cc3C2)cc1,N2,10,10,366
C=CCN1COc2ccc(C3(c4ccc5c(c4)CN(CC=C)CO5)c4ccccc4-c4ccccc43)cc2C1,N2,10,5,333
c1ccc(N2COc3ccc(-c4cc(-c5ccc6c(c5)CN(c5ccccc5)CO6)cc(-c5ccc6c(c5)CN(c5ccccc5)CO6)c4)cc3C2)cc1,N2,10,5,397
c1ccc(N2COc3ccc(-c4cc(-c5ccc6c(c5)CN(c5ccccc5)CO6)cc(-c5ccc6c(c5)CN(c5ccccc5)CO6)c4)cc3C2)cc1,N2,10,20,494
CCCCCCCCCCCCCCCc1ccc2c(c1)OCN(c1ccccc1)C2,N2,10,5,276
CCCCCCCCCCCCCCCc1ccc2c(c1)OCN(c1ccccc1)C2,N2,10,10,339
C=CCc1ccc2c(c1)CN(c1ccc(N3COc4ccc(CC=C)cc4C3)cc1)CO2,N2,10,5,413
c1ccc2c(c1)CNCO2,N2,10,5,229
c1ccc2c(c1)CNCO2,N2,10,10,288
CN1COc2ccccc2C1,N2,10,5,250
CN1COc2ccccc2C1,N2,10,10,298
CCCCCCCCCCCN1COc2ccccc2C1,N2,10,5,236
CCCCCCCCCCCN1COc2ccccc2C1,N2,10,10,256
c1ccc(N2COc3c(ccc4c3CN(c3ccccc3)CO4)C2)cc1,N2,10,5,223
c1ccc(N2COc3c(ccc4c3CN(c3ccccc3)CO4)C2)cc1,N2,10,10,241
c1ccc(N2COc3c(c4c(c5c3CN(c3ccccc3)CO5)CN(c3ccccc3)CO4)C2)cc1,N2,10,5,214
c1ccc(N2COc3c(c4c(c5c3CN(c3ccccc3)CO5)CN(c3ccccc3)CO4)C2)cc1,N2,10,10,245
C=CCc1cc2c(c(OC)c1)OCN(CCCCCCCCCCCCCCCCC)C2,N2,20,5,361
C=CCc1cc2c(c(OC)c1)OCN(CCCCCCCCCCCCCCCCC)C2,N2,20,10,394
CC1CC(=O)Oc2c1ccc1c2CN(c2ccccc2)CO1,N2,10,5,312
CC1CC(=O)Oc2c1ccc1c2CN(c2ccccc2)CO1,N2,10,10,361
c1cc(N2COc3ccccc3C2)cc(N2COc3ccccc3C2)c1,N2,10,5,341
C#Cc1cccc(C#C[SiH](C#Cc2cccc(C#CC)c2)c2ccccc2)c1,N2,10,5,755
Cc1ccc2c(c1)CN(CCOC(=O)c1ccc(C(=O)OCCN3COc4ccc(C)cc4C3)cc1)CO2,N2,10,5,263
Cc1ccc2c(c1)CN(CCOC(=O)c1ccc(C(=O)OCCN3COc4ccc(C)cc4C3)cc1)CO2,N2,10,10,289
O=C1c2ccc(C#Cc3ccccc3)cc2C(=O)N1c1ccc(Oc2ccc(N3C(=O)c4ccc(-c5cccc6c5C(=O)N(c5ccc(Oc7ccc(N8C(=O)c9ccc(C#Cc%10ccccc%10)cc9C8=O)cc7C(F)(F)F)c(C(F)(F)F)c5)C6=O)cc4C3=O)cc2C(F)(F)F)c(C(F)(F)F)c1,air,20,5,562
O=C(OCCOC(=O)c1ccc(N2COc3ccccc3C2)cc1)c1ccc(N2COc3ccccc3C2)cc1,N2,10,5,288.9
O=C(OCCOC(=O)c1ccc(N2COc3ccccc3C2)cc1)c1ccc(N2COc3ccccc3C2)cc1,N2,10,10,322.8
O=C(OCCCCOC(=O)c1ccc(N2COc3ccccc3C2)cc1)c1ccc(N2COc3ccccc3C2)cc1,N2,10,5,318.5
O=C(OCCCCOC(=O)c1ccc(N2COc3ccccc3C2)cc1)c1ccc(N2COc3ccccc3C2)cc1,N2,10,10,339
O=C(OCCCCCCOC(=O)c1ccc(N2COc3ccccc3C2)cc1)c1ccc(N2COc3ccccc3C2)cc1,N2,10,5,309.4
O=C(OCCCCCCOC(=O)c1ccc(N2COc3ccccc3C2)cc1)c1ccc(N2COc3ccccc3C2)cc1,N2,10,10,336
C(=N/CC/N=C/c1ccc2c(c1)CN(c1ccccc1)CO2)\c1ccc2c(c1)CN(c1ccccc1)CO2,N2,10,5,351
C(=N/CC/N=C/c1ccc2c(c1)CN(c1ccccc1)CO2)\c1ccc2c(c1)CN(c1ccccc1)CO2,N2,10,10,411
Cc1ccccc1N1COc2ccc(/C=N/CC/N=C/c3ccc4c(c3)CN(c3ccccc3C)CO4)cc2C1,N2,10,5,128
Cc1ccccc1N1COc2ccc(/C=N/CC/N=C/c3ccc4c(c3)CN(c3ccccc3C)CO4)cc2C1,N2,10,10,287
C(=N/CC/N=C/c1ccc2c(c1)CN(c1ccccn1)CO2)\c1ccc2c(c1)CN(c1ccccn1)CO2,N2,10,5,295
C(=N/CC/N=C/c1ccc2c(c1)CN(c1ccccn1)CO2)\c1ccc2c(c1)CN(c1ccccn1)CO2,N2,10,10,420
C=CCN1COc2ccc(C(C)(C)c3ccc4c(c3)N(CC=C)COC4)cc2C1,N2,10,5,342
C=CCN1COc2ccc(C(C)(C)c3ccc4c(c3)N(CC=C)COC4)cc2C1,N2,10,10,362
C=CCCCCCCCCC(=O)Oc1ccc2c(c1)CN(c1ccccc1)CO2,N2,10,5,268
C=CC(=O)Oc1ccc2c(c1)CN(c1ccccc1)CO2,N2,10,5,246
C=CCCCCCCCOc1ccc2c(c1)CN(c1ccccc1)CO2,N2,10,5,253
c1ccc(C2Oc3ccccc3CN2c2ccccc2)cc1,N2,10,5,134
c1ccc(C2Oc3ccccc3CN2c2ccc(N3Cc4ccccc4OC3c3ccccc3)cc2)cc1,N2,10,5,241
C=CCN1COc2cc3c(cc2C1)-c1cc2c(cc1C3(c1ccc(N3COc4ccccc4C3)cc1)c1ccc(N3COc4ccccc4C3)cc1)OCN(CC=C)C2,N2,10,5,370
C=CCN1COc2cc3c(cc2C1)-c1cc2c(cc1C3(c1ccc(N3COc4ccccc4C3)cc1)c1ccc(N3COc4ccccc4C3)cc1)OCN(CC=C)C2,N2,10,10,396
O=C1C2C3C=CC(C3)C2C(=O)N1c1cccc2c1OCN(c1ccc(Cc3ccc(N4COc5c(cccc5N5C(=O)C6C7C=CC(C7)C6C5=O)C4)cc3)cc1)C2,N2,10,5,463
O=C1C2C3C=CC(C3)C2C(=O)N1c1cccc2c1OCN(c1ccc(Cc3ccc(N4COc5c(cccc5N5C(=O)C6C7C=CC(C7)C6C5=O)C4)cc3)cc1)C2,N2,10,10,484
C#Cc1cccc(N2C(=O)c3ccc(Oc4cccc5c4C(=O)N(c4ccc(Oc6ccccc6)c(N6C(=O)c7ccc(Oc8cccc9c8C(=O)N(c8cccc(C#C)c8)C9=O)cc7C6=O)c4)C5=O)cc3C2=O)c1,N2,20,5,522
c1coc(CN2COc3c(c4c(c5c3CN(Cc3ccco3)CO5)CN(Cc3ccco3)CO4)C2)c1,air,10,5,298
c1coc(CN2COc3c(c4c(c5c3CN(Cc3ccco3)CO5)CN(Cc3ccco3)CO4)C2)c1,N2,10,5,304
c1coc(CN2COc3c(c4c(c5c3CN(Cc3ccco3)CO5)CN(Cc3ccco3)CO4)C2)c1,N2,10,10,370
O=C(O)c1ccc(N2COc3c(c4c(c5c3CN(c3ccc(C(=O)O)cc3)CO5)CN(c3ccc(C(=O)O)cc3)CO4)C2)cc1,N2,10,5,240
O=C(O)c1ccc(N2COc3c(c4c(c5c3CN(c3ccc(C(=O)O)cc3)CO5)CN(c3ccc(C(=O)O)cc3)CO4)C2)cc1,air,10,5,229
FC1(F)C(Oc2ccc(N3COc4ccccc4C3)cc2)=C(Oc2ccc(N3COc4ccccc4C3)cc2)C(F)(F)C1(F)F,N2,10,5,348
Fc1ccc2c(c1)CN(c1ccc(OC3=C(Oc4ccc(N5COc6ccc(F)cc6C5)cc4)C(F)(F)C(F)(F)C3(F)F)cc1)CO2,N2,10,5,350
Cc1ccc(N2COc3cc(O)c(/C=N/N=C/c4cc5c(cc4O)OCN(c4ccc(C)cc4)C5)cc3C2)cc1,N2,20,5,300
Cc1ccc(N2COc3cc(O)c(/C=N/N=C/c4cc5c(cc4O)OCN(c4ccc(C)cc4)C5)cc3C2)cc1,N2,20,10,338
O=c1cc(-c2ccc3c(c2)CN(Cc2ccco2)CO3)oc2c3c(cc(O)c12)OCN(Cc1ccco1)C3,N2,10,10,429
O=c1cc(-c2ccc3c(c2)CN(Cc2ccco2)CO3)oc2c3c(cc(O)c12)OCN(Cc1ccco1)C3,N2,10,5,301
Cc1ccc2c(c1)CN(c1ccccc1)CO2,N2,10,10,348
Cc1ccc2c(c1)CN(c1ccccc1)CO2,Ar,5,5,282
Cc1ccc2c(c1)CN(c1ccccc1)CO2,Ar,5,10,314
O=C1CC(c2ccc3c(c2)CN(Cc2ccco2)CO3)Oc2c3c(cc(O)c21)OCN(Cc1ccco1)C3,N2,10,10,404
O=c1cc(-c2ccc3c(c2)CN(Cc2ccco2)CO3)oc2c3c(c4c(c12)CN(Cc1ccco1)CO4)OCN(Cc1ccco1)C3,N2,10,10,345
C=Cc1ccc(N2COc3ccccc3C2)cc1,N2,5,10,394
C=Cc1ccc(N2COc3ccccc3C2)cc1,Ar,5,5,355
C=Cc1ccc(N2COc3ccccc3C2)cc1,Ar,5,10,378
c1ccc(CN(CC2CO2)CC2CO2)cc1,N2,10,5,301
CC(C)c1ccc2c(c1)CCC1C(C)(CN(CC3CO3)CC3CO3)CCCC21C,N2,10,5,309
O=C1c2ccccc2C(=O)N1c1cccc2c1OCN(c1ccccc1)C2,N2,10,10,358
O=C1c2ccccc2C(=O)N1c1cccc2c1OCN(c1ccccc1)C2,N2,10,5,319
CN1COc2ccc(C(C)(C)c3ccc4c(c3)CN(C)CO4)cc2C1,Ar,5,5,294
O=C1c2ccccc2C(=O)N1c1ccc2c(c1)CN(c1ccc(Cc3ccc(N4COc5ccc(N6C(=O)c7ccccc7C6=O)cc5C4)cc3)cc1)CO2,N2,10,5,343
O=C1c2ccccc2C(=O)N1c1ccc2c(c1)CN(c1ccc(Cc3ccc(N4COc5ccc(N6C(=O)c7ccccc7C6=O)cc5C4)cc3)cc1)CO2,N2,10,10,384
CCN1COc2ccc(C(C)(C)c3ccc4c(c3)CN(C)CO4)cc2C1,Ar,5,5,301
O=C1c2ccccc2C(=O)N1c1cccc2c1OCN(c1ccc(Cc3ccc(N4COc5c(cccc5N5C(=O)c6ccccc6C5=O)C4)cc3)cc1)C2,N2,10,5,303
O=C1c2ccccc2C(=O)N1c1cccc2c1OCN(c1ccc(Cc3ccc(N4COc5c(cccc5N5C(=O)c6ccccc6C5=O)C4)cc3)cc1)C2,N2,10,10,354
CN1COc2ccc(C(C)(C)c3ccc4c(c3)CN(c3ccc(Cc5ccccc5)cc3)CO4)cc2C1,Ar,5,5,342
Cc1ccc(Oc2ccc(N3COc4ccc(C(C)(C)c5ccc6c(c5)CN(C)CO6)cc4C3)cc2)cc1,Ar,5,5,332
O=C1C=CC(=O)N1c1ccc2nc(-c3ccccc3)c(-c3ccccc3)nc2c1,N2,20,5,465
O=C1C=CC(=O)N1c1ccc2nc(-c3ccccc3)c(-c3ccccc3)nc2c1,N2,20,10,488
O=C1C=CC(=O)N1c1cccc(-c2nc3ccccc3nc2-c2cccc(N3C(=O)C=CC3=O)c2)c1,N2,20,5,491
O=C1C=CC(=O)N1c1cccc(-c2nc3ccccc3nc2-c2cccc(N3C(=O)C=CC3=O)c2)c1,N2,20,10,506
Cc1ccc2c(c1)OCN(c1ccc(OCCCOc3ccc(N4COc5cc(C)ccc5C4)cc3)cc1)C2,N2,10,10,341
Cc1ccc2c(c1)OCN(c1ccc(OCCCOc3ccc(N4COc5cc(C)ccc5C4)cc3)cc1)C2,N2,10,20,372
Cc1ccc2c(c1)OCN(c1ccc(OCCCOc3ccc(N4COc5cc(C)ccc5C4)cc3)cc1)C2,N2,10,30,402
Cc1ccc2c(c1)OCN(c1ccc(OCCCCCCCOc3ccc(N4COc5cc(C)ccc5C4)cc3)cc1)C2,N2,10,10,335
Cc1ccc2c(c1)OCN(c1ccc(OCCCCCCCOc3ccc(N4COc5cc(C)ccc5C4)cc3)cc1)C2,N2,10,20,365
Cc1ccc2c(c1)OCN(c1ccc(OCCCCCCCOc3ccc(N4COc5cc(C)ccc5C4)cc3)cc1)C2,N2,10,30,394
Cc1ccc2c(c1)OCN(c1ccc(OCCCCCCCCCCCCCCCOc3ccc(N4COc5cc(C)ccc5C4)cc3)cc1)C2,N2,10,10,330
Cc1ccc2c(c1)OCN(c1ccc(OCCCCCCCCCCCCCCCOc3ccc(N4COc5cc(C)ccc5C4)cc3)cc1)C2,N2,10,20,364
Cc1ccc2c(c1)OCN(c1ccc(OCCCCCCCCCCCCCCCOc3ccc(N4COc5cc(C)ccc5C4)cc3)cc1)C2,N2,10,30,392
CC1C=CCC2C(=O)N(c3cccc4c3OCN(c3ccccc3C#N)C4)C(=O)C12,N2,10,5,333
CC1C=CCC2C(=O)N(c3cccc4c3OCN(c3ccccc3C#N)C4)C(=O)C12,N2,10,10,378
CC1C=CCC2C(=O)N(c3ccc4c(c3)CN(c3ccc(C#N)cc3)CO4)C(=O)C12,N2,10,5,323
CC1C=CCC2C(=O)N(c3ccc4c(c3)CN(c3ccc(C#N)cc3)CO4)C(=O)C12,N2,10,10,373
CCC(C)(c1ccc(Oc2ccc(C#N)c(C#N)c2)cc1)c1ccc(Oc2ccc(C#N)c(C#N)c2)cc1,N2,10,5,423
CCC(C)(c1ccc(Oc2ccc(C#N)c(C#N)c2)cc1)c1ccc(Oc2ccc(C#N)c(C#N)c2)cc1,N2,10,10,448
CCCC/C=C/C/C=C/CCCCCCc1cccc2c1CN(CCCCCCCCCCCCCCCCCC)CO2,N2,20,5,342
CCCC/C=C/C/C=C/CCCCCCc1cccc2c1CN(CCCCCCCCCCCCCCCCCC)CO2,N2,20,10,356
C=CCc1cc2c(c(OC)c1)OCN(CCCCCCCCCCCCCCCCCC)C2,N2,10,10,353
CCC/C=C/C/C=C/CCCCCCCc1cccc2c1CN(c1ccccc1)CO2,N2,10,5,347
CCCC1OC1CC1OC1CCCCCCCc1cccc(O)c1,N2,10,5,304.6
c1ccc(N2COc3cc4cc5c(cc4cc3C2)OCN(c2ccccc2)C5)cc1,air,10,5,400
c1ccc(N2COc3ccc(Sc4ccc5c(c4)CN(c4ccccc4)CO5)cc3C2)cc1,N2,10,10,389
c1ccc2c(c1)CN(CCN1COc3ccccc3C1)CO2,N2,10,1,254
c1ccc2c(c1)CN(CCN1COc3ccccc3C1)CO2,N2,10,5,291
c1ccc2c(c1)CN(CCCCN1COc3ccccc3C1)CO2,N2,10,1,257
c1ccc2c(c1)CN(CCCCN1COc3ccccc3C1)CO2,N2,10,5,270
c1ccc2c(c1)CN(CCCCCCN1COc3ccccc3C1)CO2,N2,10,1,266
c1ccc2c(c1)CN(CCCCCCN1COc3ccccc3C1)CO2,N2,10,5,280
c1ccc2c(c1)CN(CCCCCCCCN1COc3ccccc3C1)CO2,N2,10,1,271
c1ccc2c(c1)CN(CCCCCCCCN1COc3ccccc3C1)CO2,N2,10,5,287
c1ccc2c(c1)CCC(CCCCCCCCCCCCN1COc3ccccc3C1)C2,N2,10,1,272
c1ccc2c(c1)CCC(CCCCCCCCCCCCN1COc3ccccc3C1)C2,N2,10,5,286
C=CCc1cc2c(c(OC)c1)OCN(c1ccc(-c3nc(-c4ccccc4)c(-c4ccccc4)n3-c3ccc(N4COc5c(cc(CC=C)cc5OC)C4)cc3)cc1)C2,N2,20,5,324
C=CCc1cc2c(c(OC)c1)OCN(c1ccc(-c3nc(-c4ccccc4)c(-c4ccccc4)n3-c3ccc(N4COc5c(cc(CC=C)cc5OC)C4)cc3)cc1)C2,N2,20,10,353
N#Cc1ncn(CCCn2cnc(C#N)c2C#N)c1C#N,N2,10,5,491
N#Cc1ncn(CCCn2cnc(C#N)c2C#N)c1C#N,N2,10,10,591
N#Cc1ncn(CCCn2cnc(C#N)c2C#N)c1C#N,air,10,5,443
N#Cc1ncn(CCCn2cnc(C#N)c2C#N)c1C#N,air,10,10,506
N#Cc1ccc2c(c1)CN(c1ccc(-c3nc(-c4ccccc4)c(-c4ccccc4)n3-c3ccc(N4COc5ccc(C#N)cc5C4)cc3)cc1)CO2,N2,20,5,355
N#Cc1ccc2c(c1)CN(c1ccc(-c3nc(-c4ccccc4)c(-c4ccccc4)n3-c3ccc(N4COc5ccc(C#N)cc5C4)cc3)cc1)CO2,N2,20,10,377
c1ccc(-c2nc(-c3ccc(N4COc5c(ccc6ccccc56)C4)cc3)n(-c3ccc(N4COc5c(ccc6ccccc56)C4)cc3)c2-c2ccccc2)cc1,N2,20,5,362
c1ccc(-c2nc(-c3ccc(N4COc5c(ccc6ccccc56)C4)cc3)n(-c3ccc(N4COc5c(ccc6ccccc56)C4)cc3)c2-c2ccccc2)cc1,N2,20,10,396
C#Cc1cccc(N2COc3cc4c(cc3C2)ON(c2cccc(C#C)c2)CC4)c1,N2,20,5,380
C#Cc1cccc(N2COc3cc4c(cc3C2)ON(c2cccc(C#C)c2)CC4)c1,N2,20,10,428
C#Cc1ccc(N2COc3c(ccc4c5c(ccc34)CCN(c3cccc(C#C)c3)O5)C2)cc1,N2,20,5,488
C#Cc1ccc(N2COc3c(ccc4c5c(ccc34)CCN(c3cccc(C#C)c3)O5)C2)cc1,N2,20,10,573
C=CCN1COc2c(C)cccc2C1,Ar,5,5,312
C=CCN1COc2c(C)cccc2C1,Ar,5,10,331
C=CCN1COc2cc(C)ccc2C1,Ar,5,5,339
C=CCN1COc2cc(C)ccc2C1,Ar,5,10,351
C=CCN1COc2ccc(C)cc2C1,Ar,5,5,337
C=CCN1COc2ccc(C)cc2C1,Ar,5,10,349
C=CCN1COc2cc(C)cc(C)c2C1,Ar,5,5,305
C=CCN1COc2cc(C)cc(C)c2C1,Ar,5,10,324
Cc1cccc2c1OCN(c1ccccc1)C2,Ar,5,5,310
Cc1cccc2c1OCN(c1ccccc1)C2,N2,10,5,166.1
Cc1cccc2c1OCN(c1ccccc1)C2,N2,10,10,192.3
Cc1cccc2c1OCN(c1ccccc1)C2,N2,10,50,243.7
Cc1ccc2c(c1)OCN(c1ccccc1)C2,Ar,5,5,280
Cc1ccc2c(c1)OCN(c1ccccc1)C2,Ar,5,10,322
Cc1ccc2c(c1)OCN(c1ccccc1)C2,N2,10,5,156
Cc1ccc2c(c1)OCN(c1ccccc1)C2,N2,10,10,194.5
Cc1ccc2c(c1)OCN(c1ccccc1)C2,N2,10,50,378.7
Cc1cc(C)c2c(c1)OCN(c1ccccc1)C2,Ar,5,5,260
Cc1cc(C)c2c(c1)OCN(c1ccccc1)C2,Ar,5,10,286
N#Cc1cccc2c1CN(c1ccccc1)CO2,N2,20,5,332
N#Cc1cccc2c1CN(c1ccccc1)CO2,N2,20,10,371
N#Cc1ccc2c(c1)OCN(c1ccccc1)C2,N2,20,5,331
N#Cc1ccc2c(c1)OCN(c1ccccc1)C2,N2,20,10,369
N#Cc1cccc(N2COc3ccc(Cc4ccc5c(c4)CN(c4cccc(C#N)c4)CO5)cc3C2)c1,N2,10,10,537
N#Cc1ccc(N2COc3ccc(Cc4ccc5c(c4)CN(c4ccc(C#N)cc4)CO5)cc3C2)cc1,N2,10,10,436
C=CN1COc2ccc(N3C(=O)C=CC3=O)cc2C1,N2,5,5,394
C=CN1COc2ccc(N3C(=O)C=CC3=O)cc2C1,N2,5,10,412
C=CCOc1ccc(N2COc3ccc(N4C(=O)C=CC4=O)cc3C2)cc1,Ar,5,5,390
C=CCOc1ccc(N2COc3ccc(N4C(=O)C=CC4=O)cc3C2)cc1,Ar,5,10,421
CN1COc2ccc(P(=O)(c3ccccc3)c3ccc4c(c3)CN(C)CO4)cc2C1,N2,10,1,233
CN1COc2ccc(P(=O)(c3ccccc3)c3ccc4c(c3)CN(C)CO4)cc2C1,N2,10,5,250
O=P(c1ccccc1)(c1ccc2c(c1)CN(c1ccccc1)CO2)c1ccc2c(c1)CN(c1ccccc1)CO2,N2,10,1,256
O=P(c1ccccc1)(c1ccc2c(c1)CN(c1ccccc1)CO2)c1ccc2c(c1)CN(c1ccccc1)CO2,N2,10,5,302
C#Cc1cccc(N2COc3ccc(P(=O)(c4ccccc4)c4ccc5c(c4)CN(c4cccc(C#C)c4)CO5)cc3C2)c1,N2,10,1,307
C#Cc1cccc(N2COc3ccc(P(=O)(c4ccccc4)c4ccc5c(c4)CN(c4cccc(C#C)c4)CO5)cc3C2)c1,N2,10,5,405
CN1COc2ccc(Oc3ccc(P(=O)(c4ccccc4)c4ccc(Oc5ccc6c(c5)CN(C)CO6)cc4)cc3)cc2C1,N2,10,1,200
CN1COc2ccc(Oc3ccc(P(=O)(c4ccccc4)c4ccc(Oc5ccc6c(c5)CN(C)CO6)cc4)cc3)cc2C1,N2,10,5,212
CN1COc2ccc(Oc3ccc(P(=O)(c4ccccc4)c4ccc(Oc5ccc6c(c5)CN(c5ccccc5)CO6)cc4)cc3)cc2C1,N2,10,1,364
C#Cc1cccc(N2COc3ccc(Oc4ccc(P(c5ccccc5)c5ccc(Oc6ccc7c(c6)CN(c6cccc(C#C)c6)CO7)cc5)cc4)cc3C2)c1,N2,10,1,350
C#Cc1cccc(N2COc3ccc(Oc4ccc(P(c5ccccc5)c5ccc(Oc6ccc7c(c6)CN(c6cccc(C#C)c6)CO7)cc5)cc4)cc3C2)c1,N2,10,5,403
CN1COc2ccc(OP(=O)(Oc3ccc4c(c3)CN(C)CO4)c3ccccc3)cc2C1,N2,10,1,239
CN1COc2ccc(OP(=O)(Oc3ccc4c(c3)CN(C)CO4)c3ccccc3)cc2C1,N2,10,5,279
O=P(Oc1ccc2c(c1)CN(c1ccccc1)CO2)(Oc1ccc2c(c1)CN(c1ccccc1)CO2)c1ccccc1,N2,10,1,271
O=P(Oc1ccc2c(c1)CN(c1ccccc1)CO2)(Oc1ccc2c(c1)CN(c1ccccc1)CO2)c1ccccc1,N2,10,5,315
C#Cc1cccc(N2COc3ccc(OP(=O)(Oc4ccc5c(c4)CN(c4cccc(C#C)c4)CO5)c4ccccc4)cc3C2)c1,N2,10,1,313
C#Cc1cccc(N2COc3ccc(OP(=O)(Oc4ccc5c(c4)CN(c4cccc(C#C)c4)CO5)c4ccccc4)cc3C2)c1,N2,10,5,351
FC(F)(F)c1cccc(OP2(Oc3ccc(N4COc5ccccc5C4)cc3)=NP(Oc3ccc(N4COc5ccccc5C4)cc3)(Oc3cccc(C(F)(F)F)c3)=NP(Oc3cccc(C(F)(F)F)c3)(Oc3cccc(C(F)(F)F)c3)=N2)c1,N2,10,5,352
FC(F)(F)c1cccc(OP2(Oc3ccc(N4COc5ccccc5C4)cc3)=NP(Oc3ccc(N4COc5ccccc5C4)cc3)(Oc3cccc(C(F)(F)F)c3)=NP(Oc3cccc(C(F)(F)F)c3)(Oc3cccc(C(F)(F)F)c3)=N2)c1,N2,10,10,372
FC(F)(F)c1cccc(OP2(Oc3ccc(N4COc5ccccc5C4)cc3)=NP(Oc3ccc(N4COc5ccccc5C4)cc3)(Oc3cccc(C(F)(F)F)c3)=NP(Oc3cccc(C(F)(F)F)c3)(Oc3cccc(C(F)(F)F)c3)=N2)c1,air,10,5,351
FC(F)(F)c1cccc(OP2(Oc3ccc(N4COc5ccccc5C4)cc3)=NP(Oc3ccc(N4COc5ccccc5C4)cc3)(Oc3cccc(C(F)(F)F)c3)=NP(Oc3cccc(C(F)(F)F)c3)(Oc3cccc(C(F)(F)F)c3)=N2)c1,air,10,10,420
FC(F)(F)c1cccc(OP2(Oc3ccc(N4COc5ccccc5C4)cc3)=NP(Oc3ccc(N4COc5ccccc5C4)cc3)(Oc3cccc(C(F)(F)F)c3)=NP(Oc3ccc(N4COc5ccccc5C4)cc3)(Oc3cccc(C(F)(F)F)c3)=N2)c1,air,10,5,403
FC(F)(F)c1cccc(OP2(Oc3ccc(N4COc5ccccc5C4)cc3)=NP(Oc3ccc(N4COc5ccccc5C4)cc3)(Oc3cccc(C(F)(F)F)c3)=NP(Oc3ccc(N4COc5ccccc5C4)cc3)(Oc3cccc(C(F)(F)F)c3)=N2)c1,air,10,10,418
FC(F)(F)c1cccc(OP2(Oc3ccc(N4COc5ccccc5C4)cc3)=NP(Oc3ccc(N4COc5ccccc5C4)cc3)(Oc3ccc(N4COc5ccccc5C4)cc3)=NP(Oc3ccc(N4COc5ccccc5C4)cc3)(Oc3cccc(C(F)(F)F)c3)=N2)c1,N2,10,5,373
FC(F)(F)c1cccc(OP2(Oc3ccc(N4COc5ccccc5C4)cc3)=NP(Oc3ccc(N4COc5ccccc5C4)cc3)(Oc3ccc(N4COc5ccccc5C4)cc3)=NP(Oc3ccc(N4COc5ccccc5C4)cc3)(Oc3cccc(C(F)(F)F)c3)=N2)c1,N2,10,10,421
FC(F)(F)c1cccc(OP2(Oc3ccc(N4COc5ccccc5C4)cc3)=NP(Oc3ccc(N4COc5ccccc5C4)cc3)(Oc3ccc(N4COc5ccccc5C4)cc3)=NP(Oc3ccc(N4COc5ccccc5C4)cc3)(Oc3cccc(C(F)(F)F)c3)=N2)c1,air,10,5,369
FC(F)(F)c1cccc(OP2(Oc3ccc(N4COc5ccccc5C4)cc3)=NP(Oc3ccc(N4COc5ccccc5C4)cc3)(Oc3ccc(N4COc5ccccc5C4)cc3)=NP(Oc3ccc(N4COc5ccccc5C4)cc3)(Oc3cccc(C(F)(F)F)c3)=N2)c1,air,10,10,413
COc1cc(C=C(C#N)C#N)cc2c1OCN(Cc1ccco1)C2,N2,10,10,319
c1ccc(N2COc3ccc(-c4ccc5c(c4)CN(c4ccccc4)CO5)cc3C2)cc1,N2,20,10,416.73
c1ccc(N2COc3cc(C4CC5C6CC(c7ccc8c(c7)OCN(c7ccccc7)C8)C(C6)C5C4)ccc3C2)cc1,N2,10,5,391
O=C(O)CCc1ccc2c(c1)CN(Cc1ccco1)CO2,N2,10,5,576
O=C(O)CCc1ccc2c(c1)CN(Cc1ccco1)CO2,N2,10,10,631
O=C(O)CCc1ccc2c(c1)CN(Cc1ccco1)CO2,air,10,5,318
CC(C)(c1ccc2c(c1)CN(CCCCCCN1COc3ccc(C(C)(C)c4ccc(O)cc4)cc3C1)CC2)c1ccc2c(c1)CN(CCCCCCN)CO2,N2,10,1,270
CC(C)(c1ccc2c(c1)CN(CCCCCCN1COc3ccc(C(C)(C)c4ccc(O)cc4)cc3C1)CC2)c1ccc2c(c1)CN(CCCCCCN)CO2,N2,10,5,302
C=CCc1ccc(OP2(Oc3ccc(CC=C)cc3OC)=NP(Oc3ccc(CC=C)cc3OC)(Oc3ccc(CC=C)cc3OC)=NP(Oc3ccc(CC=C)cc3OC)(Oc3ccc(CC=C)cc3OC)=N2)c(OC)c1,N2,10,10,301.6
Cc1cccc(OP2(Oc3cccc(C)c3)=NP(Oc3cccc(C)c3)(Oc3cccc(C)c3)=NP(Oc3cccc(C)c3)(Oc3cccc(C)c3)=N2)c1,N2,10,10,352
Nc1ccc(Oc2cccc(Oc3ccc(NC(=O)c4ccc(N5C(=O)c6ccc(C(c7ccc8c(c7)C(=O)N(c7ccc(C(=O)Cl)cc7)C8=O)(C(F)(F)F)C(F)(F)F)cc6C5=O)cc4)cc3)c2)cc1,air,10,5,490
Nc1ccc(Oc2cccc(Oc3ccc(NC(=O)c4ccc(N5C(=O)c6ccc(C(c7ccc8c(c7)C(=O)N(c7ccc(C(=O)Cl)cc7)C8=O)(C(F)(F)F)C(F)(F)F)cc6C5=O)cc4)cc3)c2)cc1,air,10,10,535
N#Cc1ccc(Oc2ccc(C(c3ccc(N)cc3)c3ccc(NC(=O)c4ccc(N5C(=O)c6ccc(C(c7ccc8c(c7)C(=O)N(c7ccc(C(=O)Nc9ccc(Oc%10cccc(Oc%11ccc(N)cc%11)c%10)cc9)cc7)C8=O)(C(F)(F)F)C(F)(F)F)cc6C5=O)cc4)cc3)cc2)cc1C#N,air,10,5,430
N#Cc1ccc(Oc2ccc(C(c3ccc(N)cc3)c3ccc(NC(=O)c4ccc(N5C(=O)c6ccc(C(c7ccc8c(c7)C(=O)N(c7ccc(C(=O)Nc9ccc(Oc%10cccc(Oc%11ccc(N)cc%11)c%10)cc9)cc7)C8=O)(C(F)(F)F)C(F)(F)F)cc6C5=O)cc4)cc3)cc2)cc1C#N,air,10,10,480
N#Cc1ccc(Oc2ccc(C(c3ccc(N)cc3)c3ccc(NC(=O)c4ccc(N5C(=O)c6ccc(C(c7ccc8c(c7)C(=O)N(c7ccc(C(=O)Cl)cc7)C8=O)(C(F)(F)F)C(F)(F)F)cc6C5=O)cc4)cc3)cc2)cc1C#N,air,10,5,427
N#Cc1ccc(Oc2ccc(C(c3ccc(N)cc3)c3ccc(NC(=O)c4ccc(N5C(=O)c6ccc(C(c7ccc8c(c7)C(=O)N(c7ccc(C(=O)Cl)cc7)C8=O)(C(F)(F)F)C(F)(F)F)cc6C5=O)cc4)cc3)cc2)cc1C#N,air,10,10,475
O=C1C=Cc2ccc3c(c2C1)CN(c1ccccc1)CO3,N2,10,5,327
O=C1C=Cc2ccc3c(c2C1)CN(c1ccccc1)CO3,N2,10,10,373
O=P12OCC(CO)(CO1)CO2,N2,10,5,294.22
O=P12OCC(CO)(CO1)CO2,N2,10,50,576.85
O=P1(C(c2ccc(N3COc4ccccc4C3)cc2)(c2ccc(N3COc4ccccc4C3)cc2)c2ccc(N3COc4ccccc4C3)cc2)Oc2ccccc2-c2ccccc21,N2,20,5,349
C=CCc1cc(C(C)(C)c2cc(CC=C)c3c(c2)CN(CC=C)CO3)cc2c1OCN(CC=C)C2,N2,10,5,342
C=CCc1cc(C(C)(C)c2cc(CC=C)c3c(c2)CN(CC=C)CO3)cc2c1OCN(CC=C)C2,N2,10,10,382
Cc1cc(=O)oc2cc3c(cc12)CN(c1ccccc1)CO3,N2,20,10,321
Cc1cc(=O)oc2cc3c(cc12)CN(c1ccc(Oc2ccc(C(C)(C)c4ccc(Oc5ccc(N6COc7cc8oc(=O)cc(C)c8cc7C6)cc5)cc4)cc2)cc1)CO3,N2,20,10,381
Cc1cc(=O)oc2cc3c(cc12)CN(c1ccc(Oc2cc(Oc4ccc(N5COc6cc7oc(=O)cc(C)c7cc6C5)cc4)cc(Oc4ccc(N5COc6cc7oc(=O)cc(C)c7cc6C5)cc4)c2)cc1)CO3,N2,20,10,398
CNCc1cc(Cc2ccc(O)c(CNc3ccc(Oc4ccc(C(C)(C)c5ccc(Oc6ccc(C)cc6)cc5)cc4)cc3)c2)ccc1O,N2,20,5,422
Cc1ccc(Oc2ccc(C(C)(C)c3ccc(Oc4ccc(N5COc6ccc(Cc7ccc8c(c7)CN(C)CO8)cc6C5)cc4)cc3)cc2)cc1,N2,20,5,429
O=S(=O)(c1ccc(N2COc3ccccc3C2)cc1)c1ccc(N2COc3ccccc3C2)cc1,N2,10,5,337
O=S(=O)(c1ccc(N2COc3ccccc3C2)cc1)c1ccc(N2COc3ccccc3C2)cc1,N2,10,10,373
COc1cc(Cc2cc3c(c(OC)c2)OCN(Cc2ccco2)C3)cc2c1OCN(Cc1ccco1)C2,N2,10,5,382
COc1cc(Cc2cc3c(c(OC)c2)OCN(Cc2ccco2)C3)cc2c1OCN(Cc1ccco1)C2,N2,10,10,417
CCCN1COc2c(cc(Cc3cc4c(c(OC)c3)OCN(CCC)C4)cc2OC)C1,N2,10,5,349
CCCN1COc2c(cc(Cc3cc4c(c(OC)c3)OCN(CCC)C4)cc2OC)C1,N2,10,10,381
CNc1nc(NC)nc(NCOCNc2nc(NC)nc(N3COc4ccccc4C3)n2)n1,N2,10,5,357
CNc1nc(NC)nc(NCOCNc2nc(NC)nc(N3COc4ccccc4C3)n2)n1,N2,10,10,380
CNc1nc(NC)nc(NCOCNc2nc(NC)nc(N3COc4ccc(C(C)(C)c5ccc6c(c5)CN(C)CO6)cc4C3)n2)n1,N2,10,5,357
CC1=CC(N2COc3ccc(C(C)(C)c4ccc5c(c4)CN(c4cccc(C)c4)CO5)cc3C2)=CCC1,N2,10,1,300
CC1=CC(N2COc3ccc(C(C)(C)c4ccc5c(c4)CN(c4cccc(C)c4)CO5)cc3C2)=CCC1,N2,10,5,350
C=Cc1cccc(N2COc3ccccc3C2)c1,Ar,5,5,358
C=Cc1cccc(N2COc3ccccc3C2)c1,Ar,5,10,398
C=Cc1cccc(N2COc3ccccc3C2)c1,N2,10,5,491
C=Cc1cccc(N2COc3ccccc3C2)c1,N2,10,10,592
C=Cc1ccc(N2COc3ccc(C(C)(C)c4ccc5c(c4)CN(c4ccc(C=C)cc4)CO5)cc3C2)cc1,Ar,5,5,349
C=Cc1ccc(N2COc3ccc(C(C)(C)c4ccc5c(c4)CN(c4ccc(C=C)cc4)CO5)cc3C2)cc1,Ar,5,10,368
CC(C)(c1ccc(Oc2ccc(N3COc4ccccc4C3)cc2C(F)(F)F)cc1)c1ccc(Oc2ccc(N3COc4ccccc4C3)cc2C(F)(F)F)cc1,N2,20,5,372
FC(F)(F)c1cc(N2COc3ccccc3C2)ccc1Oc1ccc(C(c2ccc(Oc3ccc(N4COc5ccccc5C4)cc3C(F)(F)F)cc2)(C(F)(F)F)C(F)(F)F)cc1,N2,20,5,372
O=C1c2ccc(-c3ccc4c(c3)C(=O)N(c3ccc(Oc5ccc(O)cc5)cc3)C4=O)cc2C(=O)N1c1ccccc1,air,2,5,488
O=C1c2ccc(-c3ccc4c(c3)C(=O)N(c3ccc(Oc5ccc(O)cc5)cc3)C4=O)cc2C(=O)N1c1ccccc1,N2,2,10,524
O=C1c2ccc(-c3ccc4c(c3)C(=O)N(c3ccc(Oc5ccc(Oc6ccc(O)cc6)cc5)cc3)C4=O)cc2C(=O)N1c1ccccc1,air,2,5,479
O=C1c2ccc(-c3ccc4c(c3)C(=O)N(c3ccc(Oc5ccc(Oc6ccc(O)cc6)cc5)cc3)C4=O)cc2C(=O)N1c1ccccc1,N2,2,5,514
O=C1c2ccc(-c3ccc4c(c3)C(=O)N(c3ccc(Oc5ccc(Oc6ccc(Oc7ccc(O)cc7)cc6)cc5)cc3)C4=O)cc2C(=O)N1c1ccccc1,air,2,5,454
O=C1c2ccc(-c3ccc4c(c3)C(=O)N(c3ccc(Oc5ccc(Oc6ccc(Oc7ccc(O)cc7)cc6)cc5)cc3)C4=O)cc2C(=O)N1c1ccccc1,N2,2,5,496
O=C1c2ccc(-c3ccc4c(c3)C(=O)N(c3ccc(Oc5cccc(Oc6cccc(O)c6)c5)cc3)C4=O)cc2C(=O)N1c1ccccc1,air,2,5,493
O=C1c2ccc(-c3ccc4c(c3)C(=O)N(c3ccc(Oc5cccc(Oc6cccc(O)c6)c5)cc3)C4=O)cc2C(=O)N1c1ccccc1,N2,2,5,533
O=C1c2ccc(-c3ccc4c(c3)C(=O)N(c3ccc(Oc5cccc(Oc6cccc(Oc7cccc(O)c7)c6)c5)cc3)C4=O)cc2C(=O)N1c1ccccc1,air,2,5,461
O=C1c2ccc(-c3ccc4c(c3)C(=O)N(c3ccc(Oc5cccc(Oc6cccc(Oc7cccc(O)c7)c6)c5)cc3)C4=O)cc2C(=O)N1c1ccccc1,N2,2,5,502
O=C1c2ccc(-c3ccc4c(c3)C(=O)N(c3ccc(Oc5cccc(Oc6cccc(Oc7cccc(Oc8cccc(O)c8)c7)c6)c5)cc3)C4=O)cc2C(=O)N1c1ccccc1,air,2,5,490
O=C1c2ccc(-c3ccc4c(c3)C(=O)N(c3ccc(Oc5cccc(Oc6cccc(Oc7cccc(Oc8cccc(O)c8)c7)c6)c5)cc3)C4=O)cc2C(=O)N1c1ccccc1,N2,2,5,514
O=C1c2ccc(-c3ccc4c(c3)C(=O)N(c3ccc(Oc5ccccc5O)cc3)C4=O)cc2C(=O)N1c1ccccc1,air,2,5,494
O=C1c2ccc(-c3ccc4c(c3)C(=O)N(c3ccc(Oc5ccccc5O)cc3)C4=O)cc2C(=O)N1c1ccccc1,N2,2,5,539
O=C1c2ccc(-c3ccc4c(c3)C(=O)N(c3ccc(Oc5ccccc5O)cc3)C4=O)cc2C(=O)N1c1ccccc1,N2,2,15,600
O=C1c2ccc(-c3ccc4c(c3)C(=O)N(c3ccc(Oc5ccccc5Oc5ccccc5O)cc3)C4=O)cc2C(=O)N1c1ccccc1,air,2,5,445
O=C1c2ccc(-c3ccc4c(c3)C(=O)N(c3ccc(Oc5ccccc5Oc5ccccc5O)cc3)C4=O)cc2C(=O)N1c1ccccc1,N2,2,5,499
O=C1c2ccc(-c3ccc4c(c3)C(=O)N(c3ccc(Oc5ccccc5Oc5ccccc5Oc5ccccc5O)cc3)C4=O)cc2C(=O)N1c1ccccc1,air,2,5,448
O=C1c2ccc(-c3ccc4c(c3)C(=O)N(c3ccc(Oc5ccccc5Oc5ccccc5Oc5ccccc5O)cc3)C4=O)cc2C(=O)N1c1ccccc1,N2,2,5,480
O=C1c2ccc(Oc3ccc4c(c3)C(=O)N(c3ccc(Oc5ccc(O)cc5)cc3)C4O)cc2C(=O)N1c1ccccc1,air,2,5,482
O=C1c2ccc(Oc3ccc4c(c3)C(=O)N(c3ccc(Oc5ccc(O)cc5)cc3)C4O)cc2C(=O)N1c1ccccc1,N2,2,5,499
O=C1c2ccc(Oc3ccc4c(c3)C(=O)N(c3ccc(Oc5ccc(Oc6ccc(O)cc6)cc5)cc3)C4O)cc2C(=O)N1c1ccccc1,air,2,5,477
O=C1c2ccc(Oc3ccc4c(c3)C(=O)N(c3ccc(Oc5ccc(Oc6ccc(O)cc6)cc5)cc3)C4O)cc2C(=O)N1c1ccccc1,N2,2,5,506
O=C1c2ccc(Oc3ccc4c(c3)C(=O)N(c3ccc(Oc5ccc(Oc6ccc(Oc7ccc(O)cc7)cc6)cc5)cc3)C4O)cc2C(=O)N1c1ccccc1,air,2,5,461
O=C1c2ccc(Oc3ccc4c(c3)C(=O)N(c3ccc(Oc5ccc(Oc6ccc(Oc7ccc(O)cc7)cc6)cc5)cc3)C4O)cc2C(=O)N1c1ccccc1,N2,2,5,481
O=C1c2ccc(Oc3ccc4c(c3)C(=O)N(c3ccc(Oc5cccc(O)c5)cc3)C4O)cc2C(=O)N1c1ccccc1,air,2,5,464
O=C1c2ccc(Oc3ccc4c(c3)C(=O)N(c3ccc(Oc5cccc(O)c5)cc3)C4O)cc2C(=O)N1c1ccccc1,N2,2,5,503
O=C1c2ccc(Oc3ccc4c(c3)C(=O)N(c3ccc(Oc5cccc(Oc6cccc(O)c6)c5)cc3)C4O)cc2C(=O)N1c1ccccc1,air,2,5,499
O=C1c2ccc(Oc3ccc4c(c3)C(=O)N(c3ccc(Oc5cccc(Oc6cccc(O)c6)c5)cc3)C4O)cc2C(=O)N1c1ccccc1,N2,2,5,502
O=C1c2ccc(Oc3ccc4c(c3)C(=O)N(c3ccc(Oc5cccc(Oc6cccc(Oc7cccc(O)c7)c6)c5)cc3)C4O)cc2C(=O)N1c1ccccc1,air,2,5,480
O=C1c2ccc(Oc3ccc4c(c3)C(=O)N(c3ccc(Oc5cccc(Oc6cccc(Oc7cccc(O)c7)c6)c5)cc3)C4O)cc2C(=O)N1c1ccccc1,N2,2,5,501
O=C1c2ccc(Oc3ccc4c(c3)C(=O)N(c3ccc(Oc5ccccc5O)cc3)C4O)cc2C(=O)N1c1ccccc1,air,2,5,478
O=C1c2ccc(Oc3ccc4c(c3)C(=O)N(c3ccc(Oc5ccccc5O)cc3)C4O)cc2C(=O)N1c1ccccc1,N2,2,5,490
O=C1c2ccc(Oc3ccc4c(c3)C(=O)N(c3ccc(Oc5ccccc5Oc5ccccc5O)cc3)C4O)cc2C(=O)N1c1ccccc1,air,2,5,434
O=C1c2ccc(Oc3ccc4c(c3)C(=O)N(c3ccc(Oc5ccccc5Oc5ccccc5O)cc3)C4O)cc2C(=O)N1c1ccccc1,N2,2,5,480
Cc1ccc(N2COc3ccccc3C2P2(=O)Oc3ccccc3-c3ccccc32)cc1,N2,10,1,216
Cc1ccc(N2COc3ccccc3C2P2(=O)Oc3ccccc3-c3ccccc32)cc1,N2,10,5,242.1
O=P1(C2c3ccccc3OCN2c2ccc(F)cc2)Oc2ccccc2-c2ccccc21,N2,10,1,221
O=P1(C2c3ccccc3OCN2c2ccc(F)cc2)Oc2ccccc2-c2ccccc21,N2,10,5,252.6
COc1ccc(N2COc3ccccc3C2P2(=O)Oc3ccccc3-c3ccccc32)cc1,N2,10,1,228.3
COc1ccc(N2COc3ccccc3C2P2(=O)Oc3ccccc3-c3ccccc32)cc1,N2,10,5,246.3
CC(C)C(C)N1COc2ccc(C(C)(C)c3ccc4c(c3)CN([C@H](C)C(C)C)CO4)cc2C1,N2,20,5,298
CC(C)C(C)N1COc2ccc(C(C)(C)c3ccc4c(c3)CN([C@H](C)C(C)C)CO4)cc2C1,N2,20,10,332
CC(C)[C@H](C)N1COc2ccc(C(C)(C)c3ccc4c(c3)CN([C@H](C)C(C)C)CO4)cc2C1,N2,20,5,297
CC(C)[C@H](C)N1COc2ccc(C(C)(C)c3ccc4c(c3)CN([C@H](C)C(C)C)CO4)cc2C1,N2,20,10,329
c1cc(N2COc3cc4c(cc3C2)CC4)ccc1Cc1ccc(N2COc3cc4c(cc3C2)CC4)cc1,N2,10,5,381
c1cc(N2COc3cc4c(cc3C2)CC4)ccc1Cc1ccc(N2COc3cc4c(cc3C2)CC4)cc1,N2,10,10,396
c1cc(N2COc3cc4c(cc3C2)CC4)ccc1Oc1ccc(N2COc3cc4c(cc3C2)CC4)cc1,N2,10,5,376
c1cc(N2COc3cc4c(cc3C2)CC4)ccc1Oc1ccc(N2COc3cc4c(cc3C2)CC4)cc1,N2,10,10,396
O=C(O)C/C=C/c1ccc2c(c1)CN(c1ccccc1)CO2,N2,10,5,220
O=C(O)C/C=C/c1ccc2c(c1)CN(c1ccccc1)CO2,air,10,5,221
COc1cc(/C=C/CC(=O)O)cc2c1OCN(c1ccccc1)C2,N2,10,5,200
COc1cc(/C=C/CC(=O)O)cc2c1OCN(c1ccccc1)C2,air,10,5,190
O=C(O)CCCc1ccc2c(c1)CN(c1ccccc1)CO2,N2,10,5,293
O=C(O)CCCc1ccc2c(c1)CN(c1ccccc1)CO2,air,10,5,294
O=C1OC(c2ccc3c(c2)CN(c2ccccc2)CO3)c2ccc(-c3ccc(N4COc5ccccc5C4)cc3)cc21,N2,10,5,289
O=C1OC(c2ccc3c(c2)CN(c2ccccc2)CO3)c2ccc(-c3ccc(N4COc5ccccc5C4)cc3)cc21,N2,10,10,315
O=C1OC(c2ccc3c(c2)CN(c2ccccc2)CO3)c2ccc(-c3ccc(N4COc5ccccc5C4)cc3)cc21,N2,10,20,369
O=C1OC(c2ccc3c(c2)CN(c2ccccc2)CO3)c2ccc(-c3ccc(N4COc5ccccc5C4)cc3)cc21,N2,10,30,451
O=C1OC(c2ccc3c(c2)CN(c2ccccc2)CO3)c2ccc(-c3ccc(N4COc5ccccc5C4)cc3)cc21,N2,10,40,535
O=C1OC(c2ccc3c(c2)CN(c2ccccc2)CO3)c2ccc(-c3ccc(N4COc5ccccc5C4)cc3)cc21,air,10,5,323
O=C1OC(c2ccc3c(c2)CN(c2ccccc2)CO3)c2ccc(-c3ccc(N4COc5ccccc5C4)cc3)cc21,air,10,10,390
O=C1OC(c2ccc3c(c2)CN(c2ccccc2)CO3)c2ccc(-c3ccc(N4COc5ccccc5C4)cc3)cc21,air,10,20,479
O=C1OC(c2ccc3c(c2)CN(c2ccccc2)CO3)c2ccc(-c3ccc(N4COc5ccccc5C4)cc3)cc21,air,10,30,511
O=C1OC(c2ccc3c(c2)CN(c2ccccc2)CO3)c2ccc(-c3ccc(N4COc5ccccc5C4)cc3)cc21,air,10,40,532
O=C1OC(c2ccc3c(c2)CN(c2ccccc2)CO3)c2ccc(-c3ccc(N4COc5ccccc5C4)cc3)cc21,air,10,50,549
O=C1OC(c2ccc3c(c2)CN(c2ccccc2)CO3)c2ccc(-c3ccc(N4COc5ccccc5C4)cc3)cc21,air,10,60,566
c1ccc2c(c1)CN(c1ccc(Sc3ccc(N4COc5ccccc5C4)cc3)cc1)CO2,N2,10,5,313
c1ccc2c(c1)CN(c1ccc(Sc3ccc(N4COc5ccccc5C4)cc3)cc1)CO2,N2,10,10,351
c1ccc2c(c1)CN(c1ccc(Sc3ccc(N4COc5ccccc5C4)cc3)cc1)CO2,N2,10,20,437
c1ccc2c(c1)CN(c1ccc(Sc3ccc(N4COc5ccccc5C4)cc3)cc1)CO2,N2,10,30,472
c1ccc2c(c1)CN(c1ccc(Sc3ccc(N4COc5ccccc5C4)cc3)cc1)CO2,N2,10,40,516
c1ccc2c(c1)CN(c1ccc(Sc3ccc(N4COc5ccccc5C4)cc3)cc1)CO2,air,10,5,317
c1ccc2c(c1)CN(c1ccc(Sc3ccc(N4COc5ccccc5C4)cc3)cc1)CO2,air,10,10,406
c1ccc2c(c1)CN(c1ccc(Sc3ccc(N4COc5ccccc5C4)cc3)cc1)CO2,air,10,20,469
c1ccc2c(c1)CN(c1ccc(Sc3ccc(N4COc5ccccc5C4)cc3)cc1)CO2,air,10,30,498
c1ccc2c(c1)CN(c1ccc(Sc3ccc(N4COc5ccccc5C4)cc3)cc1)CO2,air,10,40,520
c1ccc2c(c1)CN(c1ccc(Sc3ccc(N4COc5ccccc5C4)cc3)cc1)CO2,air,10,50,542
c1ccc2c(c1)CN(c1ccc(Sc3ccc(N4COc5ccccc5C4)cc3)cc1)CO2,air,10,60,564
c1ccc(N2COc3ccc(C4CC5CC6CC(C5C4)C6c4ccc5c(c4)CN(c4ccccc4)CO5)cc3C2)cc1,N2,10,5,237
c1ccc(N2COc3ccc(C4CC5CC6CC(C5C4)C6c4ccc5c(c4)CN(c4ccccc4)CO5)cc3C2)cc1,N2,10,10,310
c1ccc(N2COc3ccc(C4CC5CC6CC(C5C4)C6c4ccc5c(c4)CN(c4ccccc4)CO5)cc3C2)cc1,N2,10,20,378
c1ccc(N2COc3ccc(C4CC5CC6CC(C5C4)C6c4ccc5c(c4)CN(c4ccccc4)CO5)cc3C2)cc1,N2,10,30,398
c1ccc(N2COc3ccc(C4CC5CC6CC(C5C4)C6c4ccc5c(c4)CN(c4ccccc4)CO5)cc3C2)cc1,N2,10,40,412
c1ccc(N2COc3ccc(C4CC5CC6CC(C5C4)C6c4ccc5c(c4)CN(c4ccccc4)CO5)cc3C2)cc1,N2,10,50,426
c1ccc(N2COc3ccc(C4CC5CC6CC(C5C4)C6c4ccc5c(c4)CN(c4ccccc4)CO5)cc3C2)cc1,N2,10,60,440
c1ccc(N2COc3ccc(C4CC5CC6CC(C5C4)C6c4ccc5c(c4)CN(c4ccccc4)CO5)cc3C2)cc1,air,10,5,238
c1ccc(N2COc3ccc(C4CC5CC6CC(C5C4)C6c4ccc5c(c4)CN(c4ccccc4)CO5)cc3C2)cc1,air,10,10,365
c1ccc(N2COc3ccc(C4CC5CC6CC(C5C4)C6c4ccc5c(c4)CN(c4ccccc4)CO5)cc3C2)cc1,air,10,20,415
c1ccc(N2COc3ccc(C4CC5CC6CC(C5C4)C6c4ccc5c(c4)CN(c4ccccc4)CO5)cc3C2)cc1,air,10,30,420
c1ccc(N2COc3ccc(C4CC5CC6CC(C5C4)C6c4ccc5c(c4)CN(c4ccccc4)CO5)cc3C2)cc1,air,10,40,423
c1ccc(N2COc3ccc(C4CC5CC6CC(C5C4)C6c4ccc5c(c4)CN(c4ccccc4)CO5)cc3C2)cc1,air,10,50,426
c1ccc(N2COc3ccc(C4CC5CC6CC(C5C4)C6c4ccc5c(c4)CN(c4ccccc4)CO5)cc3C2)cc1,air,10,60,428
O=C(Oc1ccc(C2(c3ccc(OC(=O)c4ccc(N5COc6ccccc6C5)cc4)cc3)c3ccccc3-c3ccccc32)cc1)c1ccc(N2COc3ccccc3C2)cc1,N2,20,10,399
COC(=O)c1ccc(OCCCCCOc2ccc(/N=N/c3ccc(OC)cc3)cc2)cc1,N2,20,5,386
COCc1ccc(OCCCCCOc2ccc(/N=N/c3ccc(OC)cc3)cc2)cc1,N2,20,5,388
C=C(C)C(=O)Oc1ccc(OCCCCCOc2ccc(/N=N/c3ccc(OC)cc3)cc2)cc1,N2,20,5,393
COC(=O)c1cccc(OCCCCCOc2ccc(/N=N/c3ccc(OC)cc3)cc2)c1,N2,20,5,387
COCc1cccc(OCCCCCOc2ccc(/N=N/c3ccc(OC)cc3)cc2)c1,N2,20,5,387
C=C(C)C(=O)Oc1cccc(OCCCCCOc2ccc(/N=N/c3ccc(OC)cc3)cc2)c1,N2,20,5,388
COC(=O)c1ccccc1OCCCCCOc1ccc(/N=N/c2ccc(OC)cc2)cc1,N2,20,5,374
COCc1ccccc1OCCCCCOc1ccc(/N=N/c2ccc(OC)cc2)cc1,N2,20,5,374
C=C(C)C(=O)Oc1ccccc1OCCCCCOc1ccc(/N=N/c2ccc(OC)cc2)cc1,N2,20,5,375
CNCc1cc(C23CC4CC(CC(C4)C2)C3)ccc1O,N2,10,5,399
CNCc1cc(C23CC4CC(CC(C4)C2)C3)ccc1O,N2,10,10,439
CN(Cc1cc(C(C)(C)c2ccc(O)c(CNc3ccccc3)c2)ccc1O)c1ccccc1,Ar,5,5,295
CN(Cc1cc(C(C)(C)c2ccc(O)c(CNc3ccccc3)c2)ccc1O)c1ccccc1,Ar,5,10,322
CN(Cc1cc(C(C)(C)c2ccc(O)c(CN(C)c3cccnc3)c2)ccc1O)c1cccnc1,Ar,5,5,298
CN(Cc1cc(C(C)(C)c2ccc(O)c(CN(C)c3cccnc3)c2)ccc1O)c1cccnc1,Ar,5,10,329
C[Si](C)(c1ccc2c(c1)CN(c1ccccc1)CO2)c1ccc2c(c1)CN(c1ccccc1)CO2,N2,10,10,410
C[Si](C)(c1ccc2c(c1)CN(c1ccccc1)CO2)c1ccc2c(c1)CN(c1ccccc1)CO2,air,10,10,471
C[SiH](CCCN1COc2ccccc2C1)O[Si](C)(C)CCCN1COc2ccccc2C1,N2,20,5,381
C[SiH](CCCN1COc2ccccc2C1)O[Si](C)(C)CCCN1COc2ccccc2C1,N2,20,10,416
C[Si](C)(Oc1ccc(N2COc3ccccc3C2)cc1)c1ccc(N2COc3ccccc3C2)cc1,N2,20,5,367
C[Si](C)(Oc1ccc(N2COc3ccccc3C2)cc1)c1ccc(N2COc3ccccc3C2)cc1,N2,20,10,411
C[Si](Oc1ccc(N2COc3ccccc3C2)cc1)(c1ccccc1)c1ccc(N2COc3ccccc3C2)cc1,N2,20,5,407
C[Si](Oc1ccc(N2COc3ccccc3C2)cc1)(c1ccccc1)c1ccc(N2COc3ccccc3C2)cc1,N2,20,10,460
c1ccc(N2COc3c(ccc4ccccc34)C2)cc1,Ar,5,5,310
c1ccc(N2COc3c(ccc4ccccc34)C2)cc1,Ar,5,10,341
C=CCN1COc2c(ccc3ccccc23)C1,Ar,5,5,328
C=CCN1COc2c(ccc3ccccc23)C1,Ar,5,10,350
c1ccc(N2COc3ccc4ccccc4c3C2)cc1,Ar,5,5,216
c1ccc(N2COc3ccc4ccccc4c3C2)cc1,Ar,5,10,236
C=CCN1COc2ccc3ccccc3c2C1,Ar,5,5,292
C=CCN1COc2ccc3ccccc3c2C1,Ar,5,10,318
c1ccc(N2COc3c(ccc4c5c(ccc34)CN(c3ccccc3)CO5)C2)cc1,Ar,5,5,326
c1ccc(N2COc3c(ccc4c5c(ccc34)CN(c3ccccc3)CO5)C2)cc1,Ar,5,10,350
C=CCN1COc2c(ccc3c4c(ccc23)CN(CC=C)CO4)C1,Ar,5,5,340
C=CCN1COc2c(ccc3c4c(ccc23)CN(CC=C)CO4)C1,Ar,5,10,365
CCOP(=O)(OCC)C1c2ccccc2OCN1c1ccccc1,N2,10,5,386
c1ccc2c(c1)CN(c1ccc(Oc3ccc(C4(c5ccc(Oc6ccc(N7COc8ccccc8C7)cc6)cc5)c5ccccc5-c5ccccc54)cc3)cc1)CO2,N2,10,5,388
c1ccc2c(c1)CN(c1ccc(Oc3ccc(C4(c5ccc(Oc6ccc(N7COc8ccccc8C7)cc6)cc5)c5ccccc5-c5ccccc54)cc3)cc1)CO2,N2,10,10,420
Cc1ccc2c(c1)CN(CCO)CO2,N2,10,5,257
Cc1ccc2c(c1)CN(CCO)CO2,N2,10,10,280
C=C(C)C(=O)OCCN1COc2ccc(C)cc2C1,N2,10,5,244
C=C(C)C(=O)OCCN1COc2ccc(C)cc2C1,N2,10,10,266
O=C1C=CC(=O)N1c1ccccc1,N2,10,5,230
O=C1C=CC(=O)N1c1ccccc1,N2,10,10,298
Cc1ccc2c(c1)CN(c1ccc(OP(=O)(Oc3ccccc3)Oc3ccc(N4COc5ccc(C)cc5C4)cc3)cc1)CO2,N2,10,5,283
Cc1ccc2c(c1)CN(c1ccc(OP(=O)(Oc3ccccc3)Oc3ccc(N4COc5ccc(C)cc5C4)cc3)cc1)CO2,air,10,5,285
c1ccc(N2Cc3ccccc3OC2CC2Oc3ccccc3CN2c2ccccc2)cc1,N2,20,5,314
CC(C)(c1ccc2c(c1)CN(c1ccc(O)cc1)CO2)c1ccc2c(c1)CN(c1ccc(O)cc1)CO2,N2,20,5,381
CCO[Si](CCCN1COc2ccc(C3(c4ccc5c(c4)CN(CCC[Si](OCC)(OCC)OCC)CO5)c4ccccc4-c4ccccc43)cc2C1)(OCC)OCC,N2,10,5,329
CCO[Si](CCCN1COc2ccc(C3(c4ccc5c(c4)CN(CCC[Si](OCC)(OCC)OCC)CO5)c4ccccc4-c4ccccc43)cc2C1)(OCC)OCC,N2,10,10,352
C(=C/c1cc2c(c3c1CN(Cc1ccco1)CO3)CN(Cc1ccco1)CO2)\c1ccc2c(c1)CN(Cc1ccco1)CO2,N2,10,5,346
C(=C/c1cc2c(c3c1CN(Cc1ccco1)CO3)CN(Cc1ccco1)CO2)\c1ccc2c(c1)CN(Cc1ccco1)CO2,N2,10,10,403
CC(CCC(=O)O)(c1ccc2c(c1)CN(Cc1ccco1)CO2)c1ccc2c(c1)CN(Cc1ccco1)CO2,N2,10,5,340
CC(CCC(=O)O)(c1ccc2c(c1)CN(Cc1ccco1)CO2)c1ccc2c(c1)CN(Cc1ccco1)CO2,N2,10,10,449
c1coc(CN2COc3ccc(Sc4ccc5c(c4)CN(Cc4ccco4)CO5)cc3C2)c1,N2,10,5,262
O=C1C=CC(=O)N1c1ccc2c(c1)CN(Cc1ccco1)CO2,N2,10,5,350
O=C1C=CC(=O)N1c1ccc2c(c1)CN(Cc1ccco1)CO2,N2,10,10,403
c1ccc2c(c1)CN(c1nccs1)CO2,N2,10,5,338
c1ccc2c(c1)CN(c1nccs1)CO2,N2,10,10,372
c1ccc2c(c1)CN(c1nc3ccccc3s1)CO2,N2,10,5,327
c1ccc2c(c1)CN(c1nc3ccccc3s1)CO2,N2,10,10,355
Cc1ccc2c(c1)CN(c1ccc(Cc3ccc(N4COc5ccc(C)cc5C4)cc3)cc1)CO2,N2,10,5,329
Cc1ccc2c(c1)CN(c1ccc(Cc3ccc(N4COc5ccc(C)cc5C4)cc3)cc1)CO2,air,10,5,366
CCCCCCCCCCCCCCCc1cc2c(cc1O)CN(c1ccc(Cc3ccc(N4COc5cc(CCCCCCCCCCCCCCC)c(O)cc5C4)cc3)cc1)CO2,N2,10,5,350
CCCCCCCCCCCCCCCc1cc2c(cc1O)CN(c1ccc(Cc3ccc(N4COc5cc(CCCCCCCCCCCCCCC)c(O)cc5C4)cc3)cc1)CO2,N2,10,10,384
COc1ccc(C(CF)(CF)c2ccc(Oc3c(F)c(F)c(N4COc5ccc(C(C)(C)c6ccc7c(c6)CN(c6c(F)c(F)c(C)c(F)c6F)CO7)cc5C4)c(F)c3F)cc2)cc1,N2,10,5,346
COc1ccc(C(CF)(CF)c2ccc(Oc3c(F)c(F)c(N4COc5ccc(C(C)(C)c6ccc7c(c6)CN(c6c(F)c(F)c(C)c(F)c6F)CO7)cc5C4)c(F)c3F)cc2)cc1,N2,10,10,400
COc1ccc(C(C)(C)c2ccc(Oc3c(F)c(F)c(N4COc5ccc(C(C)(C)c6ccc7c(c6)CN(c6c(F)c(F)c(C)c(F)c6F)CO7)cc5C4)c(F)c3F)cc2)cc1,N2,10,5,346
COc1ccc(C(C)(C)c2ccc(Oc3c(F)c(F)c(N4COc5ccc(C(C)(C)c6ccc7c(c6)CN(c6c(F)c(F)c(C)c(F)c6F)CO7)cc5C4)c(F)c3F)cc2)cc1,N2,10,10,391
COc1ccc(C(CF)(CF)c2ccc(Oc3ccc(N4COc5ccc(C(C)(C)c6ccc7c(c6)CN(c6ccc(C)cc6)CO7)cc5C4)cc3)cc2)cc1,N2,10,5,318
COc1ccc(C(CF)(CF)c2ccc(Oc3ccc(N4COc5ccc(C(C)(C)c6ccc7c(c6)CN(c6ccc(C)cc6)CO7)cc5C4)cc3)cc2)cc1,N2,10,10,353
COc1ccc(C(C)(C)c2ccc(Oc3ccc(N4COc5ccc(C(C)(C)c6ccc7c(c6)CN(c6ccc(C)cc6)CO7)cc5C4)cc3)cc2)cc1,N2,10,5,330
COc1ccc(C(C)(C)c2ccc(Oc3ccc(N4COc5ccc(C(C)(C)c6ccc7c(c6)CN(c6ccc(C)cc6)CO7)cc5C4)cc3)cc2)cc1,N2,10,10,353
CC(C)(c1ccc2oc(-c3ccc4c(c3)CN(c3ccccc3)CO4)nc2c1)c1ccc2oc(-c3ccc4c(c3)CN(c3ccccc3)CO4)nc2c1,N2,10,5,343
CC(C)(c1ccc2oc(-c3ccc4c(c3)CN(c3ccccc3)CO4)nc2c1)c1ccc2oc(-c3ccc4c(c3)CN(c3ccccc3)CO4)nc2c1,N2,10,10,416
FC(F)(c1ccc2oc(-c3ccc4c(c3)CN(c3ccccc3)CO4)nc2c1)c1ccc2oc(-c3ccc4c(c3)CN(c3ccccc3)CO4)nc2c1,N2,10,5,358
FC(F)(c1ccc2oc(-c3ccc4c(c3)CN(c3ccccc3)CO4)nc2c1)c1ccc2oc(-c3ccc4c(c3)CN(c3ccccc3)CO4)nc2c1,N2,10,10,426
c1ccc2c(c1)CN(c1ccc(OCCOc3ccc(N4COc5ccccc5C4)cc3)cc1)CO2,N2,10,5,306
c1ccc2c(c1)CN(c1ccc(OCCOc3ccc(N4COc5ccccc5C4)cc3)cc1)CO2,N2,10,50,667
c1ccc2c(c1)CN(c1ccc(OCCCCOc3ccc(N4COc5ccccc5C4)cc3)cc1)CO2,N2,10,5,310
c1ccc2c(c1)CN(c1ccc(OCCCCOc3ccc(N4COc5ccccc5C4)cc3)cc1)CO2,N2,10,50,616
c1ccc2c(c1)CN(c1ccc(OCCCCCCOc3ccc(N4COc5ccccc5C4)cc3)cc1)CO2,N2,10,5,316
c1ccc2c(c1)CN(c1ccc(OCCCCCCOc3ccc(N4COc5ccccc5C4)cc3)cc1)CO2,N2,10,50,576
c1ccc2c(c1)CN(c1ccc(OCCCCCCCCOc3ccc(N4COc5ccccc5C4)cc3)cc1)CO2,N2,10,5,321
c1ccc2c(c1)CN(c1ccc(OCCCCCCCCOc3ccc(N4COc5ccccc5C4)cc3)cc1)CO2,N2,10,50,517
C=CCN1COc2ccc(S(=O)(=O)c3ccc4c(c3)CN(CC=C)CO4)cc2C1,N2,10,5,335
C=CCN1COc2ccc(S(=O)(=O)c3ccc4c(c3)CN(CC=C)CO4)cc2C1,N2,10,10,361
CCCCCCCCCCCCCCCCCCN1COc2c(ccc3c4c(ccc23)CN(CCCCCCCCCCCCCCCCCC)CO4)C1,N2,10,5,188
CCCCCCCCCCCCCCCCCCN1COc2c(ccc3c4c(ccc23)CN(CCCCCCCCCCCCCCCCCC)CO4)C1,N2,10,10,212
CCCCCCCCCCCCN1COc2c(ccc3c4c(ccc23)CN(CCCCCCCCCCCC)CO4)C1,N2,10,5,216
CCCCCCCCCCCCN1COc2c(ccc3c4c(ccc23)CN(CCCCCCCCCCCC)CO4)C1,N2,10,10,248
CCCCCCN1COc2c(ccc3c4c(ccc23)CN(CCCCCC)CO4)C1,N2,10,5,223
CCCCCCN1COc2c(ccc3c4c(ccc23)CN(CCCCCC)CO4)C1,N2,10,10,248
CCCN1COc2c(ccc3c4c(ccc23)CN(CCC)CO4)C1,N2,10,5,224
CCCN1COc2c(ccc3c4c(ccc23)CN(CCC)CO4)C1,N2,10,10,250
CCN1COc2c(ccc3c4c(ccc23)CN(CC)CO4)C1,N2,10,5,247
CCN1COc2c(ccc3c4c(ccc23)CN(CC)CO4)C1,N2,10,10,278
CN1COc2c(ccc3c4c(ccc23)CN(C)CO4)C1,N2,10,5,325
CN1COc2c(ccc3c4c(ccc23)CN(C)CO4)C1,N2,10,10,424
c1ccc2c(c1)CN(c1ccc(C3(c4ccc(N5COc6ccccc6C5)cc4)c4ccccc4-c4ccccc43)cc1)CO2,N2,20,5,401
c1ccc2c(c1)CN(c1ccc(C3(c4ccc(N5COc6ccccc6C5)cc4)c4ccccc4-c4ccccc43)cc1)CO2,N2,20,10,432
Cc1cccc2c1OCN(c1ccc(C3(c4ccc(N5COc6c(C)cccc6C5)cc4)c4ccccc4-c4ccccc43)cc1)C2,N2,20,5,351
Cc1cccc2c1OCN(c1ccc(C3(c4ccc(N5COc6c(C)cccc6C5)cc4)c4ccccc4-c4ccccc43)cc1)C2,N2,20,10,372
Cc1ccc2c(c1)OCN(c1ccc(C3(c4ccc(N5COc6cc(C)ccc6C5)cc4)c4ccccc4-c4ccccc43)cc1)C2,N2,20,5,372
Cc1ccc2c(c1)OCN(c1ccc(C3(c4ccc(N5COc6cc(C)ccc6C5)cc4)c4ccccc4-c4ccccc43)cc1)C2,N2,20,10,391
Cc1ccc2c(c1)CN(c1ccc(C3(c4ccc(N5COc6ccc(C)cc6C5)cc4)c4ccccc4-c4ccccc43)cc1)CO2,N2,20,5,367
Cc1ccc2c(c1)CN(c1ccc(C3(c4ccc(N5COc6ccc(C)cc6C5)cc4)c4ccccc4-c4ccccc43)cc1)CO2,N2,20,10,396
Cc1cc(C)c2c(c1)CN(c1ccc(C3(c4ccc(N5COc6c(C)cc(C)cc6C5)cc4)c4ccccc4-c4ccccc43)cc1)CO2,N2,20,5,322
Cc1cc(C)c2c(c1)CN(c1ccc(C3(c4ccc(N5COc6c(C)cc(C)cc6C5)cc4)c4ccccc4-c4ccccc43)cc1)CO2,N2,20,10,353
Cc1cc(C)c2c(c1C)OCN(c1ccc(C3(c4ccc(N5COc6c(C)c(C)cc(C)c6C5)cc4)c4ccccc4-c4ccccc43)cc1)C2,N2,20,5,334
Cc1cc(C)c2c(c1C)OCN(c1ccc(C3(c4ccc(N5COc6c(C)c(C)cc(C)c6C5)cc4)c4ccccc4-c4ccccc43)cc1)C2,N2,20,10,361
O=[N+]([O-])c1cccc(N2COc3ccccc3C2)c1,N2,10,5,245
O=[N+]([O-])c1cccc(N2COc3ccccc3C2)c1,N2,10,10,280
Cc1ccc(N2COc3ccccc3C2)cc1,N2,10,5,341
Cc1ccc(N2COc3ccccc3C2)cc1,N2,10,10,384
C[C@@H](c1ccccc1)N1COc2ccc(C(C)(C)c3ccc4c(c3)CN([C@@H](C)c3ccccc3)CO4)cc2C1,N2,10,5,307
C[C@@H](c1ccccc1)N1COc2ccc(C(C)(C)c3ccc4c(c3)CN([C@@H](C)c3ccccc3)CO4)cc2C1,N2,10,10,334
CC(c1ccccc1)N1COc2ccc(C(C)(C)c3ccc4c(c3)CN([C@H](C)c3ccccc3)CO4)cc2C1,N2,10,5,321
CC(c1ccccc1)N1COc2ccc(C(C)(C)c3ccc4c(c3)CN([C@H](C)c3ccccc3)CO4)cc2C1,N2,10,10,337
CC(c1ccccc1)N1COc2ccc(C(CF)(CF)c3ccc4c(c3)CN([C@@H](C)c3ccccc3)CO4)cc2C1,N2,10,5,334
CC(c1ccccc1)N1COc2ccc(C(CF)(CF)c3ccc4c(c3)CN([C@@H](C)c3ccccc3)CO4)cc2C1,N2,10,10,376
O=C1NC(Cc2ccc3c(c2)CN(Cc2ccco2)CO3)C(=O)NC1Cc1ccc2c(c1)CN(Cc1ccco1)CO2,N2,10,10,395
c1ccc(N2COc3ccc(C4(c5ccc6c(c5)CN(c5ccccc5)CO6)c5ccccc5-c5ccccc54)cc3C2)cc1,N2,10,5,334
c1ccc(N2COc3ccc(C4(c5ccc6c(c5)CN(c5ccccc5)CO6)c5ccccc5-c5ccccc54)cc3C2)cc1,N2,10,10,364
Cc1ccccc1N1COc2ccc(C3(c4ccc5c(c4)CN(c4ccccc4C)CO5)c4ccccc4-c4ccccc43)cc2C1,N2,10,5,337
Cc1ccccc1N1COc2ccc(C3(c4ccc5c(c4)CN(c4ccccc4C)CO5)c4ccccc4-c4ccccc43)cc2C1,N2,10,10,374
CCCCN1COc2ccc(C3(c4ccc5c(c4)CN(CCCC)CO5)c4ccccc4-c4ccccc43)cc2C1,N2,20,10,351
CCCCCCCCN1COc2ccc(C3(c4ccc5c(c4)CN(CCCCCCCC)CO5)c4ccccc4-c4ccccc43)cc2C1,N2,20,10,331
CCCCCCCCCCCCCCc1ccc2c(c1)OCN(c1ccccc1)C2,N2,10,5,430
CCCCCCCCCCCCCCc1ccc2c(c1)OCN(c1ccccc1)C2,N2,10,10,467
CC(C)(c1ccc2c(c1)CN(c1c(Br)cc(Br)cc1Br)CO2)c1ccc2c(c1)CN(c1c(Br)cc(Br)cc1Br)CO2,N2,10,5,367
CC(C)(c1ccc2c(c1)CN(c1c(Br)cc(Br)cc1Br)CO2)c1ccc2c(c1)CN(c1c(Br)cc(Br)cc1Br)CO2,N2,10,15,425
CCC=O,N2,10,0,114
CCC=O,N2,10,20,230
Brc1cc(Br)c(N2COc3ccccc3C2)c(Br)c1,N2,10,5,379
Brc1cc(Br)c(N2COc3ccccc3C2)c(Br)c1,N2,10,15,495
CC(C)(c1ccc2c(c1)CN(c1ccc(N)cc1)CO2)c1ccc2c(c1)CN(c1ccc(N)cc1)CO2,N2,10,5,330
C=Cc1ccccc1,N2,5,5,346
C=Cc1ccccc1,N2,5,10,372
CCN(Cc1cc(C(C)(C)c2cc(C)c(O)c(CN(CC)c3ccccc3)c2)cc(C)c1O)c1ccccc1,N2,10,5,315
CCN(Cc1cc(C(C)(C)c2cc(C)c(O)c(CN(CC)c3ccccc3)c2)cc(C)c1O)c1ccccc1,N2,10,10,348
CCN(Cc1ccccc1)Cc1cc(C(C)(C)c2cc(C)c(O)c(CN(CC)Cc3ccccc3)c2)cc(C)c1O,N2,10,5,305
CCN(Cc1ccccc1)Cc1cc(C(C)(C)c2cc(C)c(O)c(CN(CC)Cc3ccccc3)c2)cc(C)c1O,N2,10,10,330
CCN(Cc1cccc(C)c1O)c1ccc(Cc2ccc(N(CC)Cc3cccc(C)c3O)cc2)cc1,N2,10,5,346
CCN(Cc1cccc(C)c1O)c1ccc(Cc2ccc(N(CC)Cc3cccc(C)c3O)cc2)cc1,N2,10,10,432
CCN(Cc1cc(C)cc(C)c1O)c1ccc(Cc2ccc(N(CC)Cc3cc(C)cc(C)c3O)cc2)cc1,N2,10,5,329
CCN(Cc1cc(C)cc(C)c1O)c1ccc(Cc2ccc(N(CC)Cc3cc(C)cc(C)c3O)cc2)cc1,N2,10,10,359
CCN(Cc1cc(-c2ccc3c(O)cccc3c2)cc(C)c1O)c1ccc(Cc2ccc(N(CC)Cc3cc(-c4cccc5cccc(O)c45)cc(C)c3O)cc2)cc1,N2,10,5,284
CCN(Cc1cc(-c2ccc3c(O)cccc3c2)cc(C)c1O)c1ccc(Cc2ccc(N(CC)Cc3cc(-c4cccc5cccc(O)c45)cc(C)c3O)cc2)cc1,N2,10,10,324
CCc1ccc2c(c1)CN(C)CO2,N2,10,5,355
CCc1ccc2c(c1)CN(C)CO2,N2,10,10,401
C=C(C)C(=O)OC,N2,5,5,332
C=C(C)C(=O)OC,N2,5,10,343
C=CC(=O)OCCCC,N2,5,5,328
C=CC(=O)OCCCC,N2,5,10,346
N#Cc1c(Oc2ccc(C(c3ccc(Oc4cccc(Oc5cccc(N6COc7ccccc7C6)c5)c4C#N)cc3)(C(F)(F)F)C(F)(F)F)cc2)cccc1Oc1cccc(N2COc3ccccc3C2)c1,N2,20,5,346.62
N#Cc1c(Oc2ccc(C(c3ccc(Oc4cccc(Oc5cccc(N6COc7ccccc7C6)c5)c4C#N)cc3)(C(F)(F)F)C(F)(F)F)cc2)cccc1Oc1cccc(N2COc3ccccc3C2)c1,N2,20,10,399.68
CCCCCCCCCCCCCCCCCN1COc2ccc(CCC(=O)O)cc2C1,N2,10,5,523
CCCCCCCCCCCCCCCCCN1COc2ccc(CCC(=O)O)cc2C1,N2,10,10,580
CC(C)(c1ccc2c(c1)CNCO2)c1ccc2c(c1)CN(c1ccc(Oc3ccc(N)cc3)cc1)CO2,N2,20,5,325
CC(C)(c1ccc2c(c1)CNCO2)c1ccc2c(c1)CN(c1ccc(Oc3ccc(N)cc3)cc1)CO2,N2,20,10,358
CC(C)(c1ccc2c(c1)CN(c1ccc(Oc3ccc(N)cc3)cc1)CO2)c1ccc2c(c1)CN(c1ccc(Oc3ccc(N4COc5ccc(C6(c7ccc8c(c7)CNCO8)c7ccccc7-c7ccccc76)cc5C4)cc3)cc1)CO2,N2,20,5,389
CC(C)(c1ccc2c(c1)CN(c1ccc(Oc3ccc(N)cc3)cc1)CO2)c1ccc2c(c1)CN(c1ccc(Oc3ccc(N4COc5ccc(C6(c7ccc8c(c7)CNCO8)c7ccccc7-c7ccccc76)cc5C4)cc3)cc1)CO2,N2,20,10,430
Nc1ccc(Oc2ccc(N3COc4ccc(C5(c6ccc7c(c6)CNCO7)c6ccccc6-c6ccccc65)cc4C3)cc2)cc1,N2,20,5,396
Nc1ccc(Oc2ccc(N3COc4ccc(C5(c6ccc7c(c6)CNCO7)c6ccccc6-c6ccccc65)cc4C3)cc2)cc1,N2,20,10,440
N#Cc1ccc(Oc2ccc(N3C(=O)c4ccc(Oc5ccc6c(c5)C(=O)NC6=O)cc4C3=O)cc2N)cc1C#N,N2,10,5,548
N#Cc1ccc(Oc2ccc(N3C(=O)c4ccc(Oc5ccc6c(c5)C(=O)NC6=O)cc4C3=O)cc2N)cc1C#N,N2,10,10,575
N#Cc1ccc(Oc2ccc(N3C(=O)c4ccc(C(=O)c5ccc6c(c5)C(=O)NC6=O)cc4C3=O)cc2N)cc1C#N,N2,10,5,588
N#Cc1ccc(Oc2ccc(N3C(=O)c4ccc(C(=O)c5ccc6c(c5)C(=O)NC6=O)cc4C3=O)cc2N)cc1C#N,N2,10,10,609
CCCCCCCN1COc2ccc(C(C)(C)c3ccc4c(c3)CN(C)CO4)cc2C1,N2,10,5,276
CCCCCCCN1COc2ccc(C(C)(C)c3ccc4c(c3)CN(C)CO4)cc2C1,N2,10,10,300
c1ccc2c(c1)CN(CCSSCCN1COc3ccccc3C1)CO2,N2,10,5,258
c1ccc2c(c1)CN(CCSSCCN1COc3ccccc3C1)CO2,N2,10,10,270
Oc1ccccc1CN1CCSC1,N2,10,5,254
Oc1ccccc1CN1CCSC1,N2,10,10,277
CCCCCCCCCCCCCCCc1ccc2c(c1)OCN(CCSSCCN1COc3cc(CCCCCCCCCCCCCCC)ccc3C1)C2,N2,10,5,322
CCCCCCCCCCCCCCCc1ccc2c(c1)OCN(CCSSCCN1COc3cc(CCCCCCCCCCCCCCC)ccc3C1)C2,N2,10,10,353
CCCCCCCCCCCCCCc1ccc(CN2CCSC2)c(O)c1,N2,10,5,345
CCCCCCCCCCCCCCc1ccc(CN2CCSC2)c(O)c1,N2,10,10,379
Cc1cc(Oc2ccc(C#N)c(C#N)c2)cc(C)c1N1C(=O)c2ccc(Oc3ccc(C(C)(C)c4ccc(Oc5ccc6c(c5)C(=O)N(c5c(C)cc(Oc7ccc(C#N)c(C#N)c7)cc5C)C6=O)cc4)cc3)cc2C1=O,N2,10,5,466
Cc1cc(Oc2ccc(C#N)c(C#N)c2)cc(C)c1N1C(=O)c2ccc(Oc3ccc(C(C)(C)c4ccc(Oc5ccc6c(c5)C(=O)N(c5c(C)cc(Oc7ccc(C#N)c(C#N)c7)cc5C)C6=O)cc4)cc3)cc2C1=O,N2,10,10,487
CC(C)(c1ccc(Oc2ccc3c(c2)C(=O)N(c2ccc(Oc4ccc(C#N)c(C#N)c4)cc2)C3=O)cc1)c1ccc(Oc2ccc3c(c2)C(=O)N(c2cccc(Oc4ccc(C#N)c(C#N)c4)c2)C3=O)cc1,N2,10,5,480
CC(C)(c1ccc(Oc2ccc3c(c2)C(=O)N(c2ccc(Oc4ccc(C#N)c(C#N)c4)cc2)C3=O)cc1)c1ccc(Oc2ccc3c(c2)C(=O)N(c2cccc(Oc4ccc(C#N)c(C#N)c4)c2)C3=O)cc1,N2,10,10,490
Cc1cc(N2C(=O)c3ccc(Oc4ccc(C(C)(C)c5ccc(Oc6ccc7c(c6)C(=O)N(c6ccc(C)c(Oc8ccc(C#N)c(C#N)c8)c6)C7=O)cc5)cc4)cc3C2=O)ccc1Oc1ccc(C#N)c(C#N)c1,N2,10,5,467
Cc1cc(N2C(=O)c3ccc(Oc4ccc(C(C)(C)c5ccc(Oc6ccc7c(c6)C(=O)N(c6ccc(C)c(Oc8ccc(C#N)c(C#N)c8)c6)C7=O)cc5)cc4)cc3C2=O)ccc1Oc1ccc(C#N)c(C#N)c1,N2,10,10,490
CCCCCCCCCCCCCCc1ccc(CN2COc3cc(CCCCCCCCCCCCCC)ccc3C2)c(O)c1,N2,10,5,400
CCCCCCCCCCCCCCc1ccc(CN2COc3cc(CCCCCCCCCCCCCC)ccc3C2)c(O)c1,N2,10,10,426
CCCCCCCCCCCCCCCc1cccc(O)c1,N2,10,5,276
CCCCCCCCCCCCCCCc1cccc(O)c1,N2,10,10,339
CC(C)(c1ccc(O)c(CN(CP2(=O)Oc3ccccc3-c3ccccc32)c2cccc(Oc3ccc(C#N)c(C#N)c3)c2)c1)c1ccc(O)c(CN(CP2(=O)Oc3ccccc3-c3ccccc32)c2cccc(Oc3ccc(C#N)c(C#N)c3)c2)c1,N2,10,5,290
CC(C)(c1ccc2c(c1)CN(c1cccc(F)c1)CO2)c1ccc2c(c1)CN(c1cccc(F)c1)CO2,N2,10,1,273.4
CC(C)(c1ccc2c(c1)CN(c1cccc(F)c1)CO2)c1ccc2c(c1)CN(c1cccc(F)c1)CO2,N2,10,10,366.7
CC(C)(c1ccc2c(c1)CN(c1ccccc1F)CO2)c1ccc2c(c1)CN(c1ccccc1F)CO2,N2,10,1,216.2
CC(C)(c1ccc2c(c1)CN(c1ccccc1F)CO2)c1ccc2c(c1)CN(c1ccccc1F)CO2,N2,10,5,281
CC(C)(c1ccc2c(c1)CN(c1ccccc1F)CO2)c1ccc2c(c1)CN(c1ccccc1F)CO2,N2,10,10,314.5
CCCCCCCCCCCCCCCc1ccc2c(c1)OCN(c1ccc(Cc3ccc(N4COc5c(CC)cc(CCC)cc5C4)cc3)cc1)C2,N2,10,5,280.7
CCCCCCCCCCCCCCCc1ccc2c(c1)OCN(c1ccc(Cc3ccc(N4COc5c(CC)cc(CCC)cc5C4)cc3)cc1)C2,N2,10,10,315
S=C(Nc1ccccc1)c1ccc2c(c1)CN(Cc1ccccc1)CO2,N2,10,5,211
S=C(Nc1ccccc1)c1ccc2c(c1)CN(Cc1ccccc1)CO2,N2,10,10,227
S=C(Nc1ccccc1)c1ccc2c(c1)CN(Cc1ccco1)CO2,N2,10,5,212
S=C(Nc1ccccc1)c1ccc2c(c1)CN(Cc1ccco1)CO2,N2,10,10,225
S=C(Nc1ccc2c(c1)CN(Cc1ccccc1)CO2)c1ccc2c(c1)CN(Cc1ccccc1)CO2,N2,10,5,236
S=C(Nc1ccc2c(c1)CN(Cc1ccccc1)CO2)c1ccc2c(c1)CN(Cc1ccccc1)CO2,N2,10,10,259
C=Cc1ccc(OC(C)=O)c(OC)c1,N2,10,5,382
C=Cc1ccc(OC(C)=O)c(OC)c1,N2,10,10,403
C=Cc1cc2c(c(OC)c1)OCN(Cc1ccco1)C2,N2,10,5,377
C=Cc1cc2c(c(OC)c1)OCN(Cc1ccco1)C2,N2,10,10,398
CC(=O)OCOC(C)=O,N2,10,5,316
CC(=O)OCOC(C)=O,N2,10,10,333
CCCO[Si](CCCN1COc2ccc(OP(=O)(Oc3ccc4c(c3)CN(CCC[Si](OCC)(OCC)OCC)CO4)c3ccccc3)cc2C1)(OCC)OCC,N2,10,5,249
CCCO[Si](CCCN1COc2ccc(OP(=O)(Oc3ccc4c(c3)CN(CCC[Si](OCC)(OCC)OCC)CO4)c3ccccc3)cc2C1)(OCC)OCC,N2,10,10,250
O=C(Cc1ccc2c(c1)CN(Cc1ccco1)CO2)c1ccc2c(c1)CN(Cc1ccco1)CO2,air,10,5,388
O=C(Cc1ccc2c(c1)CN(Cc1ccco1)CO2)c1ccc2c(c1)CN(Cc1ccco1)CO2,air,10,50,680
CC(C)(Cc1ccc2c(c1)CN(Cc1ccco1)CO2)c1ccc2c(c1)CN(Cc1ccco1)CO2,air,10,5,360
CC(C)(Cc1ccc2c(c1)CN(Cc1ccco1)CO2)c1ccc2c(c1)CN(Cc1ccco1)CO2,air,10,50,606
C#Cc1cccc(N2COc3c(CC=C)cc(C(C)(C)c4cc(CC=C)c5c(c4)CN(c4cccc(C#C)c4)CO5)cc3C2)c1,N2,10,5,425
Nc1ccc(OP2(Oc3ccc(N)cc3)=NP(Oc3ccc(N)cc3)(Oc3ccc(N)cc3)=NP(Oc3ccc(N)cc3)(Oc3ccc(N)cc3)=N2)cc1,N2,10,5,338
Nc1ccc(OP2(Oc3ccc(N)cc3)=NP(Oc3ccc(N)cc3)(Oc3ccc(N)cc3)=NP(Oc3ccc(N)cc3)(Oc3ccc(N)cc3)=N2)cc1,N2,10,10,366
C=CCc1cc2c(c(OC)c1)OCN(CCCOCCOCCOCCCN1COc3c(cc(CC=C)cc3OC)C1)C2,N2,10,5,237
C=CCc1cc2c(c(OC)c1)OCN(CCCOCCOCCOCCCN1COc3c(cc(CC=C)cc3OC)C1)C2,N2,10,10,247
C=CCc1cc2c(c(OC)c1)OCN(CCCCCCCCCCCCN1COc3c(cc(CC=C)cc3OC)C1)C2,N2,10,5,236
C=CCc1cc2c(c(OC)c1)OCN(CCCCCCCCCCCCN1COc3c(cc(CC=C)cc3OC)C1)C2,N2,10,10,247
O=Cc1cccc2c1OCN(Cc1ccco1)C2,N2,10,5,368
O=Cc1cccc2c1OCN(Cc1ccco1)C2,N2,10,10,427
O=C1C=CC(=O)N1c1cccc2c1OCN(c1ccc(Cc3ccc(N4COc5c(cccc5N5C(=O)C=CC5=O)C4)cc3)cc1)C2,N2,10,5,380
O=C1C=CC(=O)N1c1cccc2c1OCN(c1ccc(Cc3ccc(N4COc5c(cccc5N5C(=O)C=CC5=O)C4)cc3)cc1)C2,N2,10,10,418
CCC(C)c1nc2cc(C)cc(CN(CC)c3ccc(Cc4ccc(N(CC)Cc5cc(C)cc6nc(C(C)CC)oc56)cc4)cc3)c2o1,N2,10,5,482
CCC(C)c1nc2cc(C)cc(CN(CC)c3ccc(Cc4ccc(N(CC)Cc5cc(C)cc6nc(C(C)CC)oc56)cc4)cc3)c2o1,N2,10,10,533
Cn1c(=O)c2cc3c(=O)n(-c4ccc5nc(-c6ccc(OCCCCCCOc7ccc(-c8cc(-c9ccccc9)c9cc(-n%10c(=O)c%11cc%12c(=O)n(C)c(=O)c%12cc%11c%10=O)ccc9n8)cc7)cc6)cc(-c6ccccc6)c5c4)c(=O)c3cc2c1=O,N2,10,10,431
Nc1ccc2nc(-c3ccc(OCCCCCCOc4ccc(-c5cc(-c6ccccc6)c6cc(N)ccc6n5)cc4)cc3)cc(-c3ccccc3)c2c1,N2,10,10,471
O=C(O)/C=C/c1ccc2c(c1)CN(Cc1ccco1)CO2,N2,10,5,317
O=C(O)/C=C/c1ccc2c(c1)CN(Cc1ccco1)CO2,air,10,5,306
COc1cc(/C=C/C(=O)O)cc2c1OCN(Cc1ccco1)C2,N2,10,5,279
COc1cc(/C=C/C(=O)O)cc2c1OCN(Cc1ccco1)C2,air,10,5,306
C=CC1OC(C=C)C2C(=O)N(CCOC(=O)CCC(=O)CCCN3COc4cc(C(C)(C)C)ccc4C3)C(=O)C12,N2,10,5,360
C=CC1OC(C=C)C2C(=O)N(CCOC(=O)CCC(=O)CCCN3COc4cc(C(C)(C)C)ccc4C3)C(=O)C12,N2,10,10,395
C[Si](C)(O[Si](C)(C)C1CC2CC1C1C(=O)N(c3ccc4c(c3)CN(c3ccccc3)CO4)C(=O)C21)C1CC2CC1C1C(=O)N(c3ccc4c(c3)CN(c3ccccc3)CO4)C(=O)C21,N2,10,5,392
C[Si](C)(O[Si](C)(C)C1CC2CC1C1C(=O)N(c3ccc4c(c3)CN(c3ccccc3)CO4)C(=O)C21)C1CC2CC1C1C(=O)N(c3ccc4c(c3)CN(c3ccccc3)CO4)C(=O)C21,N2,10,10,449
C[Si](C)(OC[Si](C)(C)C1CC2CC1C1C(=O)N(c3ccc4c(c3)CN(c3ccccc3)CO4)C(=O)C21)O[Si](C)(C)C1CC2CC1C1C(=O)N(c3ccc4c(c3)CN(c3ccccc3)CO4)C(=O)C21,N2,10,5,437
C[Si](C)(OC[Si](C)(C)C1CC2CC1C1C(=O)N(c3ccc4c(c3)CN(c3ccccc3)CO4)C(=O)C21)O[Si](C)(C)C1CC2CC1C1C(=O)N(c3ccc4c(c3)CN(c3ccccc3)CO4)C(=O)C21,N2,10,10,481
COC1OC(CO)C(OC2OC(CO)C(OC)C(O)C2O)C(O)C1O,N2,10,5,221
COC1OC(CO)C(OC2OC(CO)C(OC)C(O)C2O)C(O)C1O,N2,10,10,310
COC1OC2CO[Si](O)(CCCN)O[Si](O)(CCCN)OC3C(OC(CO)C(OC)C3O)OC2C2O[Si](O)(CCCN)O[Si](O)(CCCN)OC12,N2,10,5,169
COC1OC2CO[Si](O)(CCCN)O[Si](O)(CCCN)OC3C(OC(CO)C(OC)C3O)OC2C2O[Si](O)(CCCN)O[Si](O)(CCCN)OC12,N2,10,10,314
COc1cc(C(c2cc3c(c(OC)c2)OCN(Cc2ccco2)C3)c2cc3c(c(OC)c2)OCN(Cc2ccco2)C3)cc2c1OCN(Cc1ccco1)C2,N2,10,10,328
Oc1c2c(cc3c1OCN(Cc1ccco1)C3)CN(Cc1ccco1)CO2,N2,10,5,340
Oc1c2c(cc3c1OCN(Cc1ccco1)C3)CN(Cc1ccco1)CO2,N2,10,10,392
C#Cc1ccc(N2COc3c(cccc3N3C(=O)c4ccccc4C3=O)C2)cc1,N2,10,5,341
C#Cc1ccc(N2COc3c(cccc3N3C(=O)c4ccccc4C3=O)C2)cc1,N2,10,10,396
C#Cc1ccc(N2COc3c(cccc3N3C(=O)c4ccc(C#C)cc4C3=O)C2)cc1,N2,10,5,404
C#Cc1ccc(N2COc3c(cccc3N3C(=O)c4ccc(C#C)cc4C3=O)C2)cc1,N2,10,10,474
Cc1ccc2c(c1)CN(C1CCCCC1)CO2,N2,10,5,274
Cc1ccc2c(c1)CN(C1CCCCC1)CO2,N2,10,10,295
N#Cc1ccccc1N1COc2c(cccc2N2C(=O)C3C4C=CC(C4)C3C2=O)C1,N2,10,5,371
N#Cc1ccccc1N1COc2c(cccc2N2C(=O)C3C4C=CC(C4)C3C2=O)C1,N2,10,10,426
N#Cc1cccc(N2COc3c(cccc3N3C(=O)C4C5C=CC(C5)C4C3=O)C2)c1,N2,10,5,344
N#Cc1cccc(N2COc3c(cccc3N3C(=O)C4C5C=CC(C5)C4C3=O)C2)c1,N2,10,10,397
N#Cc1ccc(N2COc3c(cccc3N3C(=O)C4C5C=CC(C5)C4C3=O)C2)cc1,N2,10,5,309
N#Cc1ccc(N2COc3c(cccc3N3C(=O)C4C5C=CC(C5)C4C3=O)C2)cc1,N2,10,10,370
c1ccc2c(c1)CN(c1cccc3c(N4COc5ccccc5C4)cccc13)CO2,N2,10,5,333
Cc1ccc2c(c1)OCN(c1ccc(-c3nc(-c4ccccc4)c(-c4ccccc4)n3-c3ccc(N4COc5cc(C)ccc5C4)cc3)cc1)C2,N2,10,5,337
Cc1ccc2c(c1)OCN(c1ccc(-c3nc(-c4ccccc4)c(-c4ccccc4)n3-c3ccc(N4COc5cc(C)ccc5C4)cc3)cc1)C2,N2,10,10,379
Cc1ccc2c(c1)OCN(c1ccc(-c3cc(-c4ccc(N5COc6cc(C)ccc6C5)cc4)nc(-c4ccc(N5COc6cc(C)ccc6C5)cc4)c3)cc1)C2,N2,10,5,320
Cc1ccc2c(c1)OCN(c1ccc(-c3cc(-c4ccc(N5COc6cc(C)ccc6C5)cc4)nc(-c4ccc(N5COc6cc(C)ccc6C5)cc4)c3)cc1)C2,N2,10,10,362
CCCc1cc2c(c(OC)c1)OCN(C(=S)N1COc3c(cc(CCC)cc3OC)C1)C2,N2,10,5,238
CCCc1cc2c(c(OC)c1)OCN(C(=S)N1COc3c(cc(CCC)cc3OC)C1)C2,N2,10,10,303
C=CCc1cc(CN(C)C(=S)N(C)Cc2cc(CC=C)cc(OC)c2O)c(O)c(OC)c1,N2,10,5,312
C=CCc1cc(CN(C)C(=S)N(C)Cc2cc(CC=C)cc(OC)c2O)c(O)c(OC)c1,N2,10,10,337
O=C(O)c1ccc(/N=N/c2ccc3c(c2)CN(c2ccc(Cc4ccc(N5COc6ccc(/N=N/c7ccc(C(=O)O)cc7)cc6C5)cc4)cc2)CO3)cc1,N2,10,10,249
O=C(O)c1ccc(/N=N/c2ccc3c(c2)CN(c2ccc(Oc4ccc(N5COc6ccc(/N=N/c7ccc(C(=O)O)cc7)cc6C5)cc4)cc2)CO3)cc1,N2,10,10,249
CCNCCNCCNCN1COc2ccc(C(C)(C)c3ccc4c(c3)CN(CC)CO4)cc2C1,N2,10,5,225
CCNCCNCCNCN1COc2ccc(C(C)(C)c3ccc4c(c3)CN(CC)CO4)cc2C1,N2,10,10,251
CCNCCNCCNCN1COc2ccc(C(C)(C)c3ccc4c(c3)CN(CC)CO4)cc2C1,N2,10,20,280
CCNCCNCCNCN1COc2ccc(C(C)(C)c3ccc4c(c3)CN(CC)CO4)cc2C1,N2,10,40,355
CCCCCCCCCc1ccc(O)c(CN(CC)c2ccc(C(C)(C)c3ccc(C(C)(C)c4ccc(N(CC(=O)Nc5ccc(N(c6ccc(NC(C)=O)cc6)c6ccc(OC)cc6)cc5)Cc5cc(CCCCCCCCC)ccc5O)cc4)cc3)cc2)c1,N2,10,5,308
CCCCCCCCCc1ccc(O)c(CN(CC)c2ccc(C(C)(C)c3ccc(C(C)(C)c4ccc(N(CC(=O)Nc5ccc(N(c6ccc(NC(C)=O)cc6)c6ccc(OC)cc6)cc5)Cc5cc(CCCCCCCCC)ccc5O)cc4)cc3)cc2)c1,N2,10,10,337
CCCCCCCCCc1ccc(O)c(CN(CC)c2ccc(Cc3ccc(N(CC(=O)Nc4ccc(N(c5ccc(NC(C)=O)cc5)c5ccc(OC)cc5)cc4)Cc4cc(CCCCCCCCC)ccc4O)cc3)cc2)c1,N2,10,5,300
CCCCCCCCCc1ccc(O)c(CN(CC)c2ccc(Cc3ccc(N(CC(=O)Nc4ccc(N(c5ccc(NC(C)=O)cc5)c5ccc(OC)cc5)cc4)Cc4cc(CCCCCCCCC)ccc4O)cc3)cc2)c1,N2,10,10,323
Nc1ccc(-c2nc(-c3ccccc3)c(-c3ccccc3)[nH]2)cc1,N2,10,5,358
Nc1ccc(-c2nc(-c3ccccc3)c(-c3ccccc3)[nH]2)cc1,N2,10,10,383
Cc1ccc2c(c1)OCN(c1nc(N3COc4cc(C)ccc4C3)nc(N3COc4cc(C)ccc4C3)n1)C2,N2,10,5,304
Cc1ccc2c(c1)OCN(c1nc(N3COc4cc(C)ccc4C3)nc(N3COc4cc(C)ccc4C3)n1)C2,N2,10,10,347
Cc1ccc(N2COc3ccc(N4C(=O)c5ccccc5C4=O)cc3C2)cc1,N2,10,5,296
Cc1ccc(N2COc3ccc(N4C(=O)c5ccccc5C4=O)cc3C2)cc1,N2,10,10,321
Cc1ccc(N2COc3c(cccc3N3C(=O)c4ccccc4C3=O)C2)cc1,N2,10,5,264
Cc1ccc(N2COc3c(cccc3N3C(=O)c4ccccc4C3=O)C2)cc1,N2,10,10,289
O=C(OCCOC(=O)c1ccc(C(=O)C(=O)OCC2CO2)cc1)OCC1CO1,N2,10,5,278
O=C(OCCOC(=O)c1ccc(C(=O)C(=O)OCC2CO2)cc1)OCC1CO1,N2,10,10,301
Cc1cccc2c1CN(CCOCCO)CO2,N2,10,5,313
Cc1cccc2c1CN(CCOCCO)CO2,N2,10,10,365
Cc1cccc2c1CN(CCCO)CO2,N2,10,5,256
Cc1cccc2c1CN(CCCO)CO2,N2,10,10,343
CCc1ccc(C(C)(C)c2ccc(C/N=C/c3cc(Cc4ccc(O)c(/C=N/C)c4)ccc3O)o2)o1,N2,10,5,322
CCc1ccc(C(C)(C)c2ccc(C/N=C/c3cc(Cc4ccc(O)c(/C=N/C)c4)ccc3O)o2)o1,N2,10,10,408
CCc1ccc(C(C)(C)c2ccc(CNCc3cc(Cc4ccc(O)c(/C=N/C)c4)ccc3O)o2)o1,N2,10,5,196
CCc1ccc(C(C)(C)c2ccc(CNCc3cc(Cc4ccc(O)c(/C=N/C)c4)ccc3O)o2)o1,N2,10,10,230
CCc1ccc(C(C)(C)c2ccc(CN3COc4ccc(Cc5ccc6c(c5)CN(C)CO6)cc4C3)o2)o1,N2,10,5,294
CCc1ccc(C(C)(C)c2ccc(CN3COc4ccc(Cc5ccc6c(c5)CN(C)CO6)cc4C3)o2)o1,N2,10,10,385
C=Cc1c(F)c(F)c(Oc2ccc(C(c3ccc(Oc4c(F)c(F)c(C=C)c(F)c4F)c(N4C(=O)c5ccc(C(c6ccc7c(c6)C(=O)N(c6ccc(Oc8ccc(Oc9ccc(N%10C(=O)c%11ccc(C(c%12ccc%13c(c%12)C(=O)NC%13=O)(C(F)(F)F)C(F)(F)F)cc%11C%10=O)cc9C(F)(F)F)cc8)c(C(F)(F)F)c6)C7=O)(C(F)(F)F)C(F)(F)F)cc5C4=O)c3)(C(F)(F)F)C(F)(F)F)cc2)c(F)c1F,N2,10,5,551
C=CCc1cccc2c1OCN(c1ccc(Cc3ccc(N4COc5c(CC=C)cccc5C4)cc3)cc1)C2,N2,10,5,324
CC(C)(C)N1COc2ccc(C3(c4ccc5c(c4)CN(C(C)(C)C)CO5)c4ccccc4-c4ccccc43)cc2C1,N2,10,5,331
CC(C)(C)N1COc2ccc(C3(c4ccc5c(c4)CN(C(C)(C)C)CO5)c4ccccc4-c4ccccc43)cc2C1,N2,10,10,354
CCC(C)N1COc2ccc(C3(c4ccc5c(c4)CN(C(C)CC)CO5)c4ccccc4-c4ccccc43)cc2C1,N2,10,5,329
CCC(C)N1COc2ccc(C3(c4ccc5c(c4)CN(C(C)CC)CO5)c4ccccc4-c4ccccc43)cc2C1,N2,10,10,372
CC(C)CN1COc2ccc(C3(c4ccc5c(c4)CN(CC(C)C)CO5)c4ccccc4-c4ccccc43)cc2C1,N2,10,5,309
CC(C)CN1COc2ccc(C3(c4ccc5c(c4)CN(CC(C)C)CO5)c4ccccc4-c4ccccc43)cc2C1,N2,10,10,334
COc1cc(C=O)cc2c1OCN(c1ccc(S(=O)(=O)c3ccc(N4COc5c(cc(C=O)cc5OC)C4)cc3)cc1)C2,N2,10,5,339
COc1cc(C=O)cc2c1OCN(c1ccc(S(=O)(=O)c3ccc(N4COc5c(cc(C=O)cc5OC)C4)cc3)cc1)C2,N2,10,10,391
COc1cc(C=O)cc2c1OCN(c1ccc(Oc3ccc(C(C)(C)c4ccc(Oc5ccc(N6COc7c(cc(C=O)cc7OC)C6)cc5)cc4)cc3)cc1)C2,N2,10,5,488
COc1cc(C=O)cc2c1OCN(c1ccc(Oc3ccc(C(C)(C)c4ccc(Oc5ccc(N6COc7c(cc(C=O)cc7OC)C6)cc5)cc4)cc3)cc1)C2,N2,10,10,546
COc1cc(C=O)cc2c1OCN(c1ccc(Cc3ccc(N4COc5c(cc(C=O)cc5OC)C4)cc3)cc1)C2,N2,10,5,352
COc1cc(C=O)cc2c1OCN(c1ccc(Cc3ccc(N4COc5c(cc(C=O)cc5OC)C4)cc3)cc1)C2,N2,10,10,395
COc1cc(C=O)cc2c1OCN(c1ccc(Oc3ccc(N4COc5c(cc(C=O)cc5OC)C4)cc3)cc1)C2,N2,10,5,322
COc1cc(C=O)cc2c1OCN(c1ccc(Oc3ccc(N4COc5c(cc(C=O)cc5OC)C4)cc3)cc1)C2,N2,10,10,376
COc1cc(C=O)cc2c1OCN(CCN1COc3c(cc(C=O)cc3OC)C1)C2,N2,10,5,283
COc1cc(C=O)cc2c1OCN(CCN1COc3c(cc(C=O)cc3OC)C1)C2,N2,10,10,330
c1ccc(-c2cc(-c3ccc(N4COc5ccccc5C4)cc3)nc(-c3ccc(N4COc5ccccc5C4)cc3)c2)cc1,N2,10,5,396
c1ccc(-c2cc(-c3ccc(N4COc5ccccc5C4)cc3)nc(-c3ccc(N4COc5ccccc5C4)cc3)c2)cc1,air,10,5,400
C=CC/C=C/C/C=C/CCCCCCCc1cccc(O)c1,N2,10,5,285
C=CC/C=C/C/C=C/CCCCCCCc1cccc(O)c1,N2,10,30,445
CC(C)(c1ccc2c(c1)CN(Cc1ccco1)CO2)c1ccc2c(c1)OCN(Cc1ccco1)C2,N2,10,5,348
Cc1ccc(-n2nc(-c3ccc(Oc4ccc(-c5nc6ccc(-c7ccc8nc(C)[nH]c8c7)cc6[nH]5)cc4)cc3)c3ccccc3c2=O)cc1,N2,10,5,541
Cc1ccc(-n2nc(-c3ccc(Oc4ccc(-c5nc6ccc(-c7ccc8nc(C)[nH]c8c7)cc6[nH]5)cc4)cc3)c3ccccc3c2=O)cc1,N2,10,10,588
Cc1cc(C)c(O)c(CN(C)c2ccccc2)c1,N2,10,5,315
Cc1cc(C)c(O)c(CN(C)c2ccccc2)c1,N2,10,10,355
Brc1cc(Br)c(N2COc3ccc(C(c4ccccc4)c4ccc5c(c4)CN(c4c(Br)cc(Br)cc4Br)CO5)cc3C2)c(Br)c1,N2,10,5,372
Brc1cc(Br)c(N2COc3ccc(C(c4ccccc4)c4ccc5c(c4)CN(c4c(Br)cc(Br)cc4Br)CO5)cc3C2)c(Br)c1,N2,10,15,407
CC(C)(c1ccc2c(c1)CN(c1cccc(Cc3ccc(N4COc5c(cccc5N5C(=O)C6C7C=CC(C7)C6C5=O)C4)cc3)c1)CO2)c1ccc2c(c1)CN(c1cccc(Cc3ccc(N4COc5c(cccc5N5C(=O)C6C7C=CC(C7)C6C5=O)C4)cc3)c1)CO2,N2,10,5,404
CC(C)(c1ccc2c(c1)CN(c1cccc(Cc3ccc(N4COc5c(cccc5N5C(=O)C6C7C=CC(C7)C6C5=O)C4)cc3)c1)CO2)c1ccc2c(c1)CN(c1cccc(Cc3ccc(N4COc5c(cccc5N5C(=O)C6C7C=CC(C7)C6C5=O)C4)cc3)c1)CO2,N2,10,10,440
CC(C)(c1ccc2c(c1)CN(c1cccc(Cc3ccc(N4COc5ccccc5C4)cc3)c1)CO2)c1ccc2c(c1)CN(c1cccc(Cc3ccc(N4COc5ccccc5C4)cc3)c1)CO2,N2,10,5,362
CC(C)(c1ccc2c(c1)CN(c1cccc(Cc3ccc(N4COc5ccccc5C4)cc3)c1)CO2)c1ccc2c(c1)CN(c1cccc(Cc3ccc(N4COc5ccccc5C4)cc3)c1)CO2,N2,10,10,385
CN(C)CCCN1COc2ccc(C(C)(C)c3ccc4c(c3)CN(CCCN(C)C)CO4)cc2C1,N2,10,5,266
CN(C)CCCNC(=O)CCCCCCCCCN1COc2ccc(C(C)(C)c3ccc4c(c3)CN(CCCCCCCCCC(=O)NCCCN(C)C)CO4)cc2C1,N2,10,5,278
CN(C)CCCNC(=O)CCCCCCCCCN1COc2ccc(C(C)(C)c3ccc4c(c3)CN(CCCCCCCCCC(=O)NCCCN(C)C)CO4)cc2C1,N2,10,50,600
CN(C)CCCNC(=O)CCCCCCCCCN1COc2c(cccc2C(C)(C)c2cccc3c2OCN(CCCCCCCCCC(=O)NCCCN(C)C)C3)C1,N2,10,5,193
CN(C)CCCN1COc2c(cccc2C(C)(C)c2cccc3c2ON(CCCN(C)C)CC3)C1,N2,10,5,249
CN(C)CCCNC(=O)CCCCCCCCCN1COc2ccccc2C1,N2,10,5,310
CN(C)CCCN1COc2ccccc2C1,N2,10,5,323
CN(C)CCCN1COc2ccccc2C1,N2,10,60,600
CC(COCC(C)N1COc2ccccc2C1)OCCOCC(C)N1COc2ccccc2C1,N2,10,5,296
CC(COCC(C)N1COc2ccccc2C1)OCCOCC(C)N1COc2ccccc2C1,N2,10,10,316
O=C(/C=C/c1ccc2c(c1)CN(c1ccccc1)CO2)c1ccc2c(c1)CN(c1ccccc1)CO2,air,10,5,408
O=C(/C=C/c1ccc2c(c1)CN(c1ccccc1)CO2)c1ccc2c(c1)CN(c1ccccc1)CO2,N2,10,5,395
Cc1cc(=O)oc2cc3c(cc12)CN(CC1(C)CCCC2(C)c4ccc(C(C)C)cc4CCC12)CO3,N2,10,5,362
Cc1cc(=O)oc2cc3c(cc12)CN(CC1(C)CCCC2(C)c4ccc(C(C)C)cc4CCC12)CO3,N2,10,10,405
O=C(/C=C/c1ccc(O)cc1)/C=C/c1ccc(O)cc1,N2,10,5,259
O=C(/C=C/c1ccc2c(c1)CN(c1ccccc1)CO2)/C=C/c1ccc2c(c1)CN(c1ccccc1)CO2,N2,10,5,408
CC(C)CCCN1COc2ccc(-c3nc(-c4ccccc4)c(-c4ccccc4)n3-c3ccc4c(c3)CN(CCCN(C)C)CO4)cc2C1,N2,10,5,380
CC(C)CCCN1COc2ccc(-c3nc(-c4ccccc4)c(-c4ccccc4)n3-c3ccc4c(c3)CN(CCCN(C)C)CO4)cc2C1,N2,10,10,433
c1ccc(-c2nc(-c3ccc4c(c3)CN(c3ccccc3)CO4)n(-c3ccc4c(c3)CN(c3ccccc3)CO4)c2-c2ccccc2)cc1,N2,10,5,417
c1ccc(-c2nc(-c3ccc4c(c3)CN(c3ccccc3)CO4)n(-c3ccc4c(c3)CN(c3ccccc3)CO4)c2-c2ccccc2)cc1,N2,10,10,478
O=P(Cc1ccccc1)(CN1COc2ccccc2C1)CN1COc2ccccc2C1,N2,10,5,258
O=P(CN1COc2ccccc2C1)(CN1COc2ccccc2C1)CN1COc2ccccc2C1,N2,10,5,265
C=CC/C=C/C/C=C/CCCCCCCc1cccc(O)c1CNc1ccc(Cc2ccc(N)cc2)cc1,N2,10,10,244
C=CC/C=C/C/C=C/CCCCCCCc1cccc(O)c1CNCC1(C)CC(N)CC(C)(C)C1,N2,10,10,238
C=CC/C=C/C/C=C/CCCCCCCc1cccc(O)c1CNC(C)COCC(C)N,N2,10,10,245
C=CC/C=C/C/C=C/CCCCCCCc1cccc(O)c1CNCCCCCCN,N2,10,10,263
Cc1ccc2c(c1)OCN(CCNCCNCCN1COc3cc(C)ccc3C1)C2,N2,10,5,342
Cc1ccc2c(c1)OCN(CCNCCNCCN1COc3cc(C)ccc3C1)C2,N2,10,30,431
CCN(Cc1cccc(C)c1O)c1ccccc1,N2,10,5,275
CCN(Cc1cccc(C)c1O)c1ccccc1,N2,10,10,305
c1ccc2c(c1)CN(Cc1ccc(Cc3ccc(CN4COc5ccccc5C4)o3)o1)CO2,N2,10,5,394
c1ccc2c(c1)CN(Cc1ccc(Cc3ccc(CN4COc5ccccc5C4)o3)o1)CO2,N2,10,10,434
CCN(Cc1cc(C)cc(C)c1O)c1ccc(Cc2ccc(N3COc4ccccc4C3)cc2)cc1,N2,10,5,363
CCN(Cc1cc(C)cc(C)c1O)c1ccc(Cc2ccc(N3COc4ccccc4C3)cc2)cc1,N2,10,10,392
CCCCCC/C=C/CCCCCc1ccc2c(c1)OCN(c1ccc(-c3cc(-c4ccc(N5COc6cc(CCCCC/C=C/CCCCCC)ccc6C5)cc4)cc(-c4ccc5ccc6cccc7ccc4c5c67)c3)cc1)C2,N2,10,10,378
CCCCCC/C=C/CCCCCc1ccc2c(c1)OCN(c1ccc(-c3cc(-c4ccc(N5COc6cc(CCCCC/C=C/CCCCCC)ccc6C5)cc4)cc(-c4ccc5ccc6cccc7ccc4c5c67)c3)cc1)C2,N2,10,20,418
CCCCCC/C=C/CCCCCc1ccc2c(c1)OCN(c1ccc(-c3cc(-c4ccc(N5COc6cc(CCCCC/C=C/CCCCCC)ccc6C5)cc4)cc(-c4ccc5ccc6cccc7ccc4c5c67)c3)cc1)C2,N2,10,30,443
Cc1cccc(CN(Cn2c(=O)n(C)c(=O)n(C)c2=O)c2ccc(Cc3ccc(N(Cc4cccc(C)c4O)Cn4c(=O)n(C)c(=O)n(C)c4=O)cc3)cc2)c1O,N2,10,5,412
Cc1cccc(CN(Cn2c(=O)n(C)c(=O)n(C)c2=O)c2ccc(Cc3ccc(N(Cc4cccc(C)c4O)Cn4c(=O)n(C)c(=O)n(C)c4=O)cc3)cc2)c1O,N2,10,10,428
CCCCCCCCCCCCCCCCCCN1COc2ccc(Sc3ccc4c(c3)CN(CCCCCCCCCCCCCCCCCC)CO4)cc2C1,N2,10,5,277
CCCCCCCCCCCCCCCCCCN1COc2ccc(Sc3ccc4c(c3)CN(CCCCCCCCCCCCCCCCCC)CO4)cc2C1,N2,10,10,304
COc1cc(C(c2cc3c(c(OC)c2)OCN(Cc2ccco2)C3)c2ccco2)cc2c1OCN(Cc1ccco1)C2,N2,10,5,340
COc1cc(C(c2cc3c(c(OC)c2)OCN(Cc2ccco2)C3)c2ccco2)cc2c1OCN(Cc1ccco1)C2,N2,10,10,375
COC(=O)c1cc2c(c(OC)c1)OCN(CCc1ccco1)C2,N2,10,5,207
COc1cc(C=O)cc2c1OCN(CCc1ccco1)C2,N2,10,5,190
COc1cccc2c1OCN(CCc1ccco1)C2,N2,10,5,190
COc1cc(C)cc2c1OCN(CCc1ccco1)C2,N2,10,5,190
C=CCc1cc2c(c(OC)c1)OCN(CCCCCCCCCCCCCCCC)C2,N2,10,1,271
C=CCc1cc2c(c(OC)c1)OCN(CCCCCCCCCCCCCCCC)C2,N2,10,5,313
C=CCc1cc2c(c(OC)c1)OCN(CCCCCCCCCCCCCCCC)C2,N2,10,10,340
N#Cc1ccc(/N=N/c2ccc3c(c2)CN(c2ccc(Oc4cc(Oc5ccc(N6COc7ccc(/N=N/c8ccc(C#N)cc8)cc7C6)cc5)cc(Oc5ccc(N6COc7cc(/N=N/c8ccc(C#N)cc8)ccc7C6)cc5)c4)cc2)CO3)cc1,N2,10,10,236
c1ccc(/N=N/c2ccc3c(c2)CN(c2ccc(Oc4cc(Oc5ccc(N6COc7ccc(/N=N/c8ccccc8)cc7C6)cc5)cc(Oc5ccc(N6COc7cc(/N=N/c8ccccc8)ccc7C6)cc5)c4)cc2)CO3)cc1,N2,10,10,250
CCNC(N)=O,N2,10,5,318.8
OCC#CCO[PH](O)(OCCCCO[PH](O)(OCCCCO)c1ccccc1)c1ccccc1,N2,10,5,187
OCC#CCO[PH](O)(OCC#CCO[PH](O)(OCC#CCO)c1ccccc1)c1ccccc1,N2,10,5,259.5
O=C1NC(=O)c2cc(C(c3ccc4c(c3)C(=O)N(c3cccc(C(F)(F)F)c3)C4=O)(C(F)(F)F)C(F)(F)F)ccc21,N2,10,5,522
O=C1NC(=O)c2cc(C(c3ccc4c(c3)C(=O)N(c3ccccc3)C4=O)(C(F)(F)F)C(F)(F)F)ccc21,N2,10,5,514
C#CCOc1cc(OCC#C)cc(C(=O)OC)c1,N2,10,10,349
C#CCOc1cc(OCC#C)cc(C(=O)OC)c1,N2,10,20,364
C#CCOc1cc(OCC#C)cc(C(=O)NCCN2COc3ccccc3C2)c1,N2,10,10,351
C#CCOc1cc(OCC#C)cc(C(=O)NCCN2COc3ccccc3C2)c1,N2,10,20,369
C#CCOc1ccc(C(C)(C)c2ccc3c(c2)CN(CC#C)CO3)cc1,N2,10,10,354
C#CCOc1ccc(C(C)(C)c2ccc3c(c2)CN(CC#C)CO3)cc1,N2,10,20,384
C=CCc1cc2c(c(OC)c1)OCN(c1ccc(Oc3ccc(Oc4ccc(N5COc6c(cc(CC=C)cc6OC)C5)cc4)cc3)cc1)C2,N2,10,5,295
C=CCc1cc2c(c(OC)c1)OCN(c1ccc(Oc3ccc(Oc4ccc(N5COc6c(cc(CC=C)cc6OC)C5)cc4)cc3)cc1)C2,N2,10,10,340
C=CCc1cc2c(c(OC)c1)OCN(c1ccc(Oc3ccc(N4COc5c(cc(CC=C)cc5OC)C4)cc3)cc1)C2,N2,10,5,275
C=CCc1cc2c(c(OC)c1)OCN(c1ccc(Oc3ccc(N4COc5c(cc(CC=C)cc5OC)C4)cc3)cc1)C2,N2,10,10,325
C=CCc1cc2c(c(OC)c1)OCN(c1ccc(Oc3ccc(S(=O)(=O)c4ccc(Oc5ccc(N6COc7c(cc(CC=C)cc7OC)C6)cc5)cc4)cc3)cc1)C2,N2,10,5,275
C=CCc1cc2c(c(OC)c1)OCN(c1ccc(Oc3ccc(S(=O)(=O)c4ccc(Oc5ccc(N6COc7c(cc(CC=C)cc7OC)C6)cc5)cc4)cc3)cc1)C2,N2,10,10,325
C=CCc1cc2c(c(OC)c1)OCN(c1ccc(S(=O)(=O)c3ccc(N4COc5c(cc(CC=C)cc5OC)C4)cc3)cc1)C2,N2,10,5,295
C=CCc1cc2c(c(OC)c1)OCN(c1ccc(S(=O)(=O)c3ccc(N4COc5c(cc(CC=C)cc5OC)C4)cc3)cc1)C2,N2,10,10,340
O=C1c2ccc3c(c2C(=O)c2ccc4c(c21)OCN(Cc1ccccc1)C4)OCN(Cc1ccccc1)C3,N2,10,5,211
O=C1c2ccc3c(c2C(=O)c2ccc4c(c21)OCN(Cc1ccccc1)C4)OCN(Cc1ccccc1)C3,N2,10,10,233
O=C1c2ccc3c(c2C(=O)c2ccc4c(c21)OCN(CCc1ccco1)C4)OCN(CCc1ccco1)C3,N2,10,5,159
O=C1c2ccc3c(c2C(=O)c2ccc4c(c21)OCN(CCc1ccco1)C4)OCN(CCc1ccco1)C3,N2,10,10,171
O=C1c2ccc3c(c2C(=O)c2ccc4c(c21)OCN(CCc1ccccc1)C4)OCN(CCc1ccccc1)C3,N2,10,5,156
O=C1c2ccc3c(c2C(=O)c2ccc4c(c21)OCN(CCc1ccccc1)C4)OCN(CCc1ccccc1)C3,N2,10,10,168
CCCC(C)(c1ccc2c(c1)CN(c1ccccc1)CO2)c1ccc2c(c1)CN(c1ccccc1)CO2,N2,10,1,326
CCCC(C)(c1ccc2c(c1)CN(c1ccccc1)CO2)c1ccc2c(c1)CN(c1ccccc1)CO2,N2,10,10,414
CCCC(C)(c1ccc2c(c1)CN(c1ccccc1)CO2)c1ccc2c(c1)CN(c1ccccc1)CO2,air,10,1,313
CCCC(C)(c1ccc2c(c1)CN(c1ccccc1)CO2)c1ccc2c(c1)CN(c1ccccc1)CO2,air,10,10,420
CCCc1cc(C(C)(C)c2ccc(Oc3ccc(C#N)c(C#N)c3)c(CCC)c2)ccc1Oc1ccc(C#N)c(C#N)c1,N2,10,5,463
CCCc1cc(C(C)(C)c2ccc(Oc3ccc(C#N)c(C#N)c3)c(CCC)c2)ccc1Oc1ccc(C#N)c(C#N)c1,N2,10,10,509
CCCc1cc(C(C)(C)c2ccc(Oc3ccc(C#N)c(C#N)c3)c(CCC)c2)ccc1Oc1ccc(C#N)c(C#N)c1,air,10,5,451
CCCc1cc(C(C)(C)c2ccc(Oc3ccc(C#N)c(C#N)c3)c(CCC)c2)ccc1Oc1ccc(C#N)c(C#N)c1,air,10,10,509
Cc1ccc(Oc2ccc(S(=O)(=O)c3ccc(Oc4ccc(C)cc4)cc3)cc2)cc1,N2,10,5,220
Cc1ccc(Oc2ccc(S(=O)(=O)c3ccc(Oc4ccc(C)cc4)cc3)cc2)cc1,N2,10,10,340
Cc1ccc(Oc2ccc(C(C)(C)c3ccc(Oc4ccc(S(=O)(=O)c5ccc(Oc6ccc(C)cc6)cc5)cc4)cc3)cc2)cc1,N2,10,5,375
Cc1ccc(Oc2ccc(C(C)(C)c3ccc(Oc4ccc(S(=O)(=O)c5ccc(Oc6ccc(C)cc6)cc5)cc4)cc3)cc2)cc1,N2,10,10,400
Cc1ccc2c(c1O)OCN(Cc1ccco1)C2,N2,10,5,279
Cc1ccc2c(c1)OCN(Cc1ccco1)C2,N2,10,5,342
C=CCc1cc(C(C)(C)c2ccc(Oc3ccc(C#N)c(C#N)c3)c(CC=C)c2)ccc1Oc1ccc(C#N)c(C#N)c1,N2,20,10,510.2
C=CCc1cc(C(C)(C)c2ccc(Oc3ccc(C#N)c(C#N)c3)c(CC=C)c2)ccc1Oc1ccc(C#N)c(C#N)c1,air,20,10,500.3
CCN(Cc1cccc(C)c1O)c1ccc(Cc2ccc(N(CC)Cc3cccc(N4C(=O)c5ccc(C(=O)c6ccc7c(c6)C(=O)N(C)C7=O)cc5C4=O)c3O)cc2)cc1,N2,10,5,410
CCN(Cc1cccc(C)c1O)c1ccc(Cc2ccc(N(CC)Cc3cccc(N4C(=O)c5ccc(C(=O)c6ccc7c(c6)C(=O)N(C)C7=O)cc5C4=O)c3O)cc2)cc1,N2,10,10,515
CCN(Cc1cccc2nc(C)oc12)c1ccc(Cc2ccc(N(CC)Cc3cccc4nc(-c5cccc(C(=O)c6ccccc6)c5)oc34)cc2)cc1,N2,10,5,511
CCN(Cc1cccc2nc(C)oc12)c1ccc(Cc2ccc(N(CC)Cc3cccc4nc(-c5cccc(C(=O)c6ccccc6)c5)oc34)cc2)cc1,N2,10,10,567
OOOSc1ccc2c(c1)CN(c1ccc(Cc3ccc(N4COc5ccc(SOOO)cc5C4)cc3)cc1)CO2,N2,10,5,304
OOOSc1ccc2c(c1)CN(c1ccc(Cc3ccc(N4COc5ccc(SOOO)cc5C4)cc3)cc1)CO2,N2,10,10,345
O=S(=O)(c1ccc2c(c1)CN(c1ccc(F)c(F)c1F)CO2)c1ccc2c(c1)CN(c1ccc(F)c(F)c1F)CO2,N2,10,5,325
O=S(=O)(c1ccc2c(c1)CN(c1ccc(F)c(F)c1F)CO2)c1ccc2c(c1)CN(c1ccc(F)c(F)c1F)CO2,N2,10,10,350
O=S(=O)(c1ccc2c(c1)CN(c1ccc(F)cc1F)CO2)c1ccc2c(c1)CN(c1ccc(F)cc1F)CO2,N2,10,5,338
O=S(=O)(c1ccc2c(c1)CN(c1ccc(F)cc1F)CO2)c1ccc2c(c1)CN(c1ccc(F)cc1F)CO2,N2,10,10,367
O=S(=O)(c1ccc2c(c1)CN(c1ccc(F)cc1)CO2)c1ccc2c(c1)CN(c1ccc(F)cc1)CO2,N2,10,5,359
O=S(=O)(c1ccc2c(c1)CN(c1ccc(F)cc1)CO2)c1ccc2c(c1)CN(c1ccc(F)cc1)CO2,N2,10,10,400
O=C1NC(=O)c2cc(C(c3ccc4c(c3)C(=O)N(c3ccc(-c5cc(-c6ccccc6)cc(C(c6ccccc6)(c6ccccc6)c6ccccc6)c5)cc3)C4=O)(C(F)(F)F)C(F)(F)F)ccc21,N2,20,5,542
O=C1NC(=O)c2cc(C(c3ccc4c(c3)C(=O)N(c3ccc(-c5cc(-c6ccccc6)cc(C(c6ccccc6)(c6ccccc6)c6ccccc6)c5)cc3)C4=O)(C(F)(F)F)C(F)(F)F)ccc21,N2,20,10,567
O=C1NC(=O)c2cc(C(c3ccc4c(c3)C(=O)N(c3cccc(-c5cc(-c6ccccc6)cc(C(c6ccccc6)(c6ccccc6)c6ccccc6)c5)c3)C4=O)(C(F)(F)F)C(F)(F)F)ccc21,N2,20,5,551
O=C1NC(=O)c2cc(C(c3ccc4c(c3)C(=O)N(c3cccc(-c5cc(-c6ccccc6)cc(C(c6ccccc6)(c6ccccc6)c6ccccc6)c5)c3)C4=O)(C(F)(F)F)C(F)(F)F)ccc21,N2,20,10,573
CCO[Si](CCCN1COc2c(cc(/C=C/C(=O)CC(=O)/C=C/c3cc4c(c(OC)c3)OCN(CCC[Si](OCC)(OCC)OCC)C4)cc2OC)C1)(OCC)OCC,N2,10,5,286.83
CC(CCC(=O)O)c1ccc2c(c1)CN(Cc1ccco1)CO2,N2,10,5,344
CCCCCCNC(=O)CCC(C)(c1ccc2c(c1)CN(Cc1ccco1)CO2)c1ccc2c(c1)CN(Cc1ccco1)CO2,N2,10,5,377
CC(CCC(=O)OCCCCOC(=O)CCC(C)(c1ccc2c(c1)CN(Cc1ccco1)CO2)c1ccc2c(c1)CN(Cc1ccco1)CO2)(c1ccc2c(c1)CN(Cc1ccco1)CO2)c1ccc2c(c1)CN(Cc1ccco1)CO2,N2,10,5,369
CC(CCC(=O)NCCCCNC(=O)CCC(C)(c1ccc2c(c1)CN(Cc1ccco1)CO2)c1ccc2c(c1)CN(Cc1ccco1)CO2)(c1ccc2c(c1)CN(Cc1ccco1)CO2)c1ccc2c(c1)CN(Cc1ccco1)CO2,N2,10,5,384
CC1(C(=O)O)CCCC2(C)C1CCC13C=CC(CC21)C1C(=O)N(c2ccc4c(c2)CN(c2ccccc2)CO4)C(=O)C13,N2,10,5,353
CC1(C(=O)O)CCCC2(C)C1CCC13C=CC(CC21)C1C(=O)N(c2ccc4c(c2)CN(c2ccccc2)CO4)C(=O)C13,N2,10,15,379
CC1(C(=O)O)CCCC2(C)C1CCC13C=CC(CC21)C1C(=O)N(c2ccc4c(c2)CN(c2ccc(C(=O)O)cc2)CO4)C(=O)C13,N2,10,5,321
CC1(C(=O)O)CCCC2(C)C1CCC13C=CC(CC21)C1C(=O)N(c2ccc4c(c2)CN(c2ccc(C(=O)O)cc2)CO4)C(=O)C13,N2,10,15,356
COc1ccc(S(=O)(=O)c2ccc(Oc3ccc(C(C)(C)c4ccc(C)cc4)cc3)cc2)cc1,N2,10,5,495
COc1ccc(S(=O)(=O)c2ccc(Oc3ccc(C(C)(C)c4ccc(C)cc4)cc3)cc2)cc1,N2,10,10,507
C#CCN1COc2ccccc2C1,Ar,10,5,332
C#CCN1COc2ccccc2C1,N2,20,5,436.8
C#CCN1COc2ccc(C(C)(c3ccc4c(c3)CN(CC#C)CO4)c3ccc4c(c3)CN(CC#C)CO4)cc2C1,N2,10,5,349
C=CCc1cc2c(c(OC)c1)OCN(Cc1ccc(C(C)(C)c3ccc(CN4COc5c(cc(CC=C)cc5OC)C4)o3)o1)C2,N2,10,5,358.5
CCCCCCCCCCCCCCCCCCN1COc2ccc(/C=C/c3cc(OC)cc(OC)c3)cc2C1,N2,10,10,304
COc1cc(/C=C/c2ccc3c(c2)CN(Cc2ccco2)CO3)cc(OC)c1,N2,10,5,374
Clc1cc(Cc2ccc(N3COc4ccccc4C3)c(Cl)c2)ccc1N1COc2ccccc2C1,Ar,20,5,357
Clc1cc(Cc2ccc(N3COc4ccccc4C3)c(Cl)c2)ccc1N1COc2ccccc2C1,air,20,5,375
CCC#N,N2,10,0,300
CCC#N,air,10,0,337
c1ccc(N2COc3ccc(C4OCC5(CO4)COC(c4ccc6c(c4)CN(c4ccccc4)CO6)OC5)cc3C2)cc1,N2,10,5,334
Cc1ccc(N2COc3ccc(C4OCC5(CO4)COC(c4ccc6c(c4)CN(c4ccc(C)cc4)CO6)OC5)cc3C2)cc1,N2,10,5,322
c1coc(CN2COc3cc(SSc4ccc5c(c4)OCN(Cc4ccco4)C5)ccc3C2)c1,N2,10,5,264
c1coc(CN2COc3ccc(SSc4ccc5c(c4)CN(Cc4ccco4)CO5)cc3C2)c1,N2,10,5,250
c1cc(C2Oc3ccccc3CN2Cc2ccco2)cc(C2Oc3ccccc3CN2Cc2ccco2)c1,N2,10,10,401
c1coc(CN2Cc3ccccc3OC2c2ccc(C3Oc4ccccc4CN3Cc3ccco3)cc2)c1,N2,10,10,412
CC(C)CCCC(C)C1CCC2C3CC=C4CC(OC(=O)c5ccc(N6COc7ccc(C(C)(C)c8ccc9c(c8)CN(c8ccc(C(=O)OC%10CCC%11(C)C(=CCC%12C%11CCC%11(C)C(C(C)CCCC(C)C)CCC%12%11)C%10)cc8)CO9)cc7C6)cc5)CCC4(C)C3CCC12C,N2,10,5,306
CCc1ccc2c(c1)CN(c1ccccc1)CO2,N2,10,5,351
Fc1c(F)c(-c2c(F)c(F)c(Oc3cccc(N4COc5ccccc5C4)c3)c(F)c2F)c(F)c(F)c1Oc1cccc(N2COc3ccccc3C2)c1,N2,20,5,454
Fc1c(F)c(-c2c(F)c(F)c(Oc3ccc(N4COc5ccccc5C4)cc3)c(F)c2F)c(F)c(F)c1Oc1ccc(N2COc3ccccc3C2)cc1,N2,20,5,402
Fc1c(F)c(Oc2cccc(N3COc4ccccc4C3)c2)c(F)c(F)c1Oc1cccc(N2COc3ccccc3C2)c1,N2,20,5,421
O=C(Nc1cccc2c1OCN(c1cccc(N3COc4c(cccc4NC(=O)c4ccccc4)C3)c1)C2)c1ccccc1,N2,10,5,286
O=C(Nc1cccc2c1OCN(c1ccc(N3COc4c(cccc4NC(=O)c4ccccc4)C3)cc1)C2)c1ccccc1,N2,10,5,243
O=C(Nc1cccc2c1OCN(c1ccc(Oc3ccc(N4COc5c(cccc5NC(=O)c5ccccc5)C4)cc3)cc1)C2)c1ccccc1,N2,10,5,248
O=C(Nc1cccc2c1OCN(c1cccc(S(=O)(=O)c3cccc(N4COc5c(cccc5NC(=O)c5ccccc5)C4)c3)c1)C2)c1ccccc1,N2,10,5,290
O=C(Nc1cccc2c1OCN(NC(=O)c1ccc(N3COc4c(cccc4NC(=O)c4ccccc4)C3)cc1)C2)c1ccccc1,N2,10,5,292
Cc1cc(Cc2cc(C)c(N3COc4c(cccc4NC(=O)c4ccccc4)C3)c(C)c2)cc(C)c1N1COc2c(cccc2NC(=O)c2ccccc2)C1,N2,10,5,253
O=C(Nc1cccc2c1OCN(c1ccc(Oc3ccc(-c4ccc(Oc5ccc(N6COc7c(cccc7NC(=O)c7ccccc7)C6)cc5)cc4)cc3)cc1)C2)c1ccccc1,N2,10,5,265
c1ccc2c(c1)CN(c1ccc(OP3(Oc4ccc(N5COc6ccccc6C5)cc4)=NP(Oc4ccc(N5COc6ccccc6C5)cc4)(Oc4ccc(N5COc6ccccc6C5)cc4)=NP(Oc4ccc(N5COc6ccccc6C5)cc4)(Oc4ccc(N5COc6ccccc6C5)cc4)=N3)cc1)CO2,N2,10,5,403
c1ccc2c(c1)CN(c1ccc(OP3(Oc4ccc(N5COc6ccccc6C5)cc4)=NP(Oc4ccc(N5COc6ccccc6C5)cc4)(Oc4ccc(N5COc6ccccc6C5)cc4)=NP(Oc4ccc(N5COc6ccccc6C5)cc4)(Oc4ccc(N5COc6ccccc6C5)cc4)=N3)cc1)CO2,N2,10,10,449
c1ccc2c(c1)CN(c1ccc(OP3(Oc4ccc(N5COc6ccccc6C5)cc4)=NP(Oc4ccc(N5COc6ccccc6C5)cc4)(Oc4ccc(N5COc6ccccc6C5)cc4)=NP4(=N3)Oc3ccccc3-c3ccccc3O4)cc1)CO2,N2,10,5,442
c1ccc2c(c1)CN(c1ccc(OP3(Oc4ccc(N5COc6ccccc6C5)cc4)=NP(Oc4ccc(N5COc6ccccc6C5)cc4)(Oc4ccc(N5COc6ccccc6C5)cc4)=NP4(=N3)Oc3ccccc3-c3ccccc3O4)cc1)CO2,N2,10,10,471
c1ccc2c(c1)CN(c1ccc(OP3(Oc4ccc(N5COc6ccccc6C5)cc4)=NP4(=NP5(=N3)Oc3ccccc3-c3ccccc3O5)Oc3ccccc3-c3ccccc3O4)cc1)CO2,N2,10,5,303
c1ccc2c(c1)CN(c1ccc(OP3(Oc4ccc(N5COc6ccccc6C5)cc4)=NP4(=NP5(=N3)Oc3ccccc3-c3ccccc3O5)Oc3ccccc3-c3ccccc3O4)cc1)CO2,N2,10,10,346
CCN(Cc1cccc(C)c1O)c1ccc(OP2(Oc3ccc(N(CC)Cc4cccc(C)c4O)cc3)=NP3(=NP4(=N2)Oc2ccccc2-c2ccccc2O4)Oc2ccccc2-c2ccccc2O3)cc1,N2,10,5,412
CCN(Cc1cccc(C)c1O)c1ccc(OP2(Oc3ccc(N(CC)Cc4cccc(C)c4O)cc3)=NP3(=NP4(=N2)Oc2ccccc2-c2ccccc2O4)Oc2ccccc2-c2ccccc2O3)cc1,N2,10,10,468
C#Cc1cccc(N2COc3c(cccc3NC(=O)c3ccccc3)C2)c1,N2,10,5,337
COc1cc(C(c2cc3c(c(OC)c2)OCN(Cc2ccco2)C3)P2(=O)Oc3ccccc3-c3ccccc32)cc2c1OCN(Cc1ccco1)C2,N2,20,5,379
COc1cc(C(c2ccc3c(c2)CN(Cc2ccco2)CO3)P2(=O)Oc3ccccc3-c3ccccc32)cc2c1OCN(Cc1ccco1)C2,N2,20,5,371
O=P1(C(c2ccc3c(c2)CN(Cc2ccco2)CO3)c2ccc3c(c2)CN(Cc2ccco2)CO3)Oc2ccccc2-c2ccccc21,N2,20,5,404
c1ccc(CN2COc3ccccc3C2)cc1,N2,10,5,257
CCCCN1COc2ccc(C(C)(C)c3ccc4c(c3)CN(CCC[Si](C)(C)O[Si](C)(C)C)CO4)cc2C1,N2,10,5,351
CCCCN1COc2ccc(C(C)(C)c3ccc4c(c3)CN(CCC[Si](C)(C)O[Si](C)(C)C)CO4)cc2C1,N2,10,10,400
CCCCN1COc2ccc(C(C)(C)c3ccc4c(c3)CN(CCC[Si](C)(C)O[Si](C)(C)O[Si](C)(C)C)CO4)cc2C1,N2,10,5,420
CCCCN1COc2ccc(C(C)(C)c3ccc4c(c3)CN(CCC[Si](C)(C)O[Si](C)(C)O[Si](C)(C)C)CO4)cc2C1,N2,10,10,440
COCCOCCN1COc2ccc(C(C)(C)c3ccc4c(c3)CN(CCOCCOC(=O)CC(C)=O)CO4)cc2C1,N2,10,5,288
COCCOCCN1COc2ccc(C(C)(C)c3ccc4c(c3)CN(CCOCCOC(=O)CC(C)=O)CO4)cc2C1,N2,10,10,328
Cc1ccc(C(C)c2ccco2)c2c1CN(c1ccccc1)CO2,N2,10,5,432
Cc1ccc(C(C)c2ccco2)c2c1CN(c1ccccc1)CO2,N2,10,10,461
CCCCCCCCCC=CCCCCCCCc1cc(C)c2c(c1C(C)c1ccco1)OCN(c1ccccc1)C2,N2,10,5,383
CCCCCCCCCC=CCCCCCCCc1cc(C)c2c(c1C(C)c1ccco1)OCN(c1ccccc1)C2,N2,10,10,415
FC(F)(F)c1ccc(N2COc3ccc(C(c4ccc5c(c4)CN(c4ccc(C(F)(F)F)cc4)CO5)(C(F)(F)F)C(F)(F)F)cc3C2)cc1,N2,10,5,374
FC(F)(F)c1ccc(N2COc3ccc(C(c4ccc5c(c4)CN(c4ccc(C(F)(F)F)cc4)CO5)(C(F)(F)F)C(F)(F)F)cc3C2)cc1,N2,10,10,455
CC(C)(c1ccc(Oc2ccc3c(c2)C(=O)N(c2ccc4c(c2)CN(Cc2ccccc2)CO4)C3=O)cc1)c1ccc(Oc2ccc3c(c2)C(=O)N(c2ccc4c(c2)CN(Cc2ccccc2)CO4)C3=O)cc1,N2,10,5,360
CC(C)(c1ccc(Oc2ccc3c(c2)C(=O)N(c2ccc4c(c2)CN(Cc2ccccc2)CO4)C3=O)cc1)c1ccc(Oc2ccc3c(c2)C(=O)N(c2ccc4c(c2)CN(Cc2ccccc2)CO4)C3=O)cc1,N2,10,10,405
C=CCCN1COc2ccc(N3C(=O)c4ccc(Oc5ccc(C(C)(C)c6ccc(Oc7ccc8c(c7)C(=O)N(c7ccc9c(c7)CN(CCC=C)CO9)C8=O)cc6)cc5)cc4C3=O)cc2C1,N2,10,5,368
C=CCCN1COc2ccc(N3C(=O)c4ccc(Oc5ccc(C(C)(C)c6ccc(Oc7ccc8c(c7)C(=O)N(c7ccc9c(c7)CN(CCC=C)CO9)C8=O)cc6)cc5)cc4C3=O)cc2C1,N2,10,10,406
C#Cc1ccc(CN2COc3ccc(N4C(=O)c5ccc(Oc6ccc(C(C)(C)c7ccc(Oc8ccc9c(c8)C(=O)N(c8ccc%10c(c8)CN(Cc8ccc(C#C)cc8)CO%10)C9=O)cc7)cc6)cc5C4=O)cc3C2)cc1,N2,10,5,419
C#Cc1ccc(CN2COc3ccc(N4C(=O)c5ccc(Oc6ccc(C(C)(C)c7ccc(Oc8ccc9c(c8)C(=O)N(c8ccc%10c(c8)CN(Cc8ccc(C#C)cc8)CO%10)C9=O)cc7)cc6)cc5C4=O)cc3C2)cc1,N2,10,10,452
C#Cc1ccc(-c2nc3cc4nc(-c5ccc(C#C)cc5)oc4cc3o2)cc1,air,10,5,555
C#Cc1ccc(-c2nc3cc4nc(-c5ccc(C#C)cc5)oc4cc3o2)cc1,air,10,10,600
C=CCN1COc2ccc(C(c3ccccc3)c3ccc4c(c3)CN(CC=C)CO4)cc2C1,N2,20,5,364
c1ccc(C(c2ccc3c(c2)CN(Cc2ccco2)CO3)c2ccc3c(c2)CN(Cc2ccco2)CO3)cc1,N2,20,5,379
Cc1ccc2c(c1)OCN(c1ccc(Cc3ccc(N4COc5cc(C)ccc5C4)cc3)cc1)C2,N2,10,5,315
Cc1cccc2c1OCN(c1ccc(Cc3ccc(N4COc5c(C)cccc5C4)cc3)cc1)C2,N2,10,5,310
Cc1cc(C)c2c(c1)CN(c1ccc(Cc3ccc(N4COc5c(C)cc(C)cc5C4)cc3)cc1)CO2,N2,10,5,320
NCCNCCNCCNCN1COc2ccc(S(=O)(=O)c3ccc4c(c3)CN(CCNCCNCCNCN3COc5ccc(S(=O)(=O)c6ccc(O)cc6)cc5C3)CO4)cc2C1,N2,10,10,330
NCCCCN1COc2ccc(S(=O)(=O)c3ccc4c(c3)CN(CCCCN3COc5ccc(S(=O)(=O)c6ccc(O)cc6)cc5C3)CO4)cc2C1,N2,10,10,320
NCCN1COc2ccc(S(=O)(=O)c3ccc4c(c3)CN(CCN3COc5ccc(S(=O)(=O)c6ccc(O)cc6)cc5C3)CO4)cc2C1,N2,10,10,305
O=C1c2ccc(C(c3ccc4c(c3)C(=O)N(c3ccc5c(c3)CN(c3ccccc3)CO5)C4=O)(C(F)(F)F)C(F)(F)F)cc2C(=O)N1c1ccc2c(c1)CN(c1ccccc1)CO2,N2,5,5,317
Cc1ccc2c(c1)CN(c1ccc(Cc3ccc(N4COc5ccc(C(C)(C)C)cc5C4)cc3)cc1)CO2,N2,20,5,366
Cc1cc(C)c2c(c1)CN(c1ccc(Cc3ccc(N4COc5c(C)cc(C(C)(C)C)cc5C4)cc3)cc1)CO2,N2,20,5,379
O=C1OC(c2ccc3c(c2)CN(c2ccccc2)CO3)(c2ccc3c(c2)CN(c2ccccc2)CO3)c2ccccc21,N2,10,5,305
O=C1OC(c2ccc3c(c2)CN(c2ccccc2)CO3)(c2ccc3c(c2)CN(c2ccccc2)CO3)c2ccccc21,N2,10,10,362
O=c1c2cc3c(=O)n(-c4cccc5c4OCN(c4ccccc4)C5)c(=O)c3cc2c(=O)n1-c1cccc2c1OCN(c1ccccc1)C2,N2,10,5,513
O=C(Nc1cccc2c1OCN(c1ccccc1)C2)c1ccc2c(c1)C(=O)N(c1cccc3c1OCN(c1ccccc1)C3)C2=O,N2,10,5,536
O=C(Nc1cccc2c1OCN(c1ccccc1)C2)c1cccc(C(=O)Nc2cccc3c2OCN(c2ccccc2)C3)c1,N2,10,5,507
CCCCCCCC(CCCCCCCc1ccc2c(c1)OCN(c1ccccc1)C2)c1cccc2c1OCN(Cc1ccco1)C2,N2,5,5,356
CCCCCCCC(CCCCCCCc1ccc2c(c1)OCN(c1ccccc1)C2)c1cccc2c1OCN(c1ccccc1)C2,N2,5,5,304
CCCCCCCCCCCCCCCCc1ccc2c(c1)OCN(c1ccc(C(c3ccc(N4COc5cc(CCCCCCCCCCCCCCCC)ccc5C4)cc3)(c3ccc(N4COc5cc(CCCCCCCCCCCCCCCC)ccc5C4)cc3)c3ccc(N4COc5cc(CCCCCCCCCCCCCCCC)ccc5C4)cc3)cc1)C2,N2,10,5,391
CCCCCCCCCCCCCCCCc1ccc2c(c1)OCN(c1ccc(C(c3ccc(N4COc5cc(CCCCCCCCCCCCCCCC)ccc5C4)cc3)c3ccc(N4COc5cc(CCCCCCCCCCCCCCCC)ccc5C4)cc3)cc1)C2,N2,10,5,388
CCCCCCCCCCCCCCCCc1ccc2c(c1)OCN(c1ccc(Cc3ccc(N4COc5cc(CCCCCCCCCCCCCCCC)ccc5C4)cc3)cc1)C2,N2,10,5,369
CCCCCCCCCCCCCCCCc1ccc2c(c1)OCN(c1ccccc1)C2,N2,10,5,355
O=c1cc(-c2ccccc2)oc2c3c(ccc12)OCN(Cc1ccco1)C3,N2,10,10,366
c1ccc2c(c1)CN(c1ccc3c(c1)Cc1ccccc1-3)CO2,N2,10,5,290
c1ccc2c(c1)CN(c1ccc3c(c1)Cc1ccccc1-3)CO2,N2,10,10,391
COc1ccc2c(c1)CN(c1ccc3c(c1)Cc1ccccc1-3)CO2,N2,10,5,299
COc1ccc2c(c1)CN(c1ccc3c(c1)Cc1ccccc1-3)CO2,N2,10,10,328
O=C(O)/C=C/c1ccc2c(c1)CN(c1ccccc1)CO2,N2,10,5,220
COc1cc(/C=C/C(=O)O)cc2c1OCN(c1ccccc1)C2,N2,10,5,200
O=C(O)CCc1ccc2c(c1)CN(c1ccccc1)CO2,N2,10,5,293
COC(=O)/C=C/c1ccc2c(c1)CN(c1ccccc1)CO2,N2,10,5,280
COC(=O)/C=C/c1cc2c(c(OC)c1)OCN(c1ccccc1)C2,N2,10,5,259
COC(=O)CCc1ccc2c(c1)CN(c1ccccc1)CO2,N2,10,5,340
COc1cc(C)cc2c1OCN(Cc1ccco1)C2,N2,10,5,190
COC(=O)c1cc2c(c(OC)c1)OCN(Cc1ccco1)C2,N2,10,5,207
COc1cc(C=O)cc2c1OCN(c1ccccc1)C2,N2,10,5,305
COc1cc(C=O)cc2c1OCN(c1ccccc1)C2,N2,10,10,340
CC(C)(c1ccc2c(c1)CN(c1ccc(OCc3cn(CCCCCCN=[N+]=[N-])nn3)cc1)CO2)c1ccc2c(c1)CN(c1ccc(OCc3cn(CCCCCCN=[N+]=[N-])nn3)cc1)CO2,N2,10,5,324
CC(C)(c1ccc2c(c1)CN(c1ccc(OCc3cn(CCCCCCN=[N+]=[N-])nn3)cc1)CO2)c1ccc2c(c1)CN(c1ccc(OCc3cn(CCCCCCN=[N+]=[N-])nn3)cc1)CO2,N2,10,10,348
C#CCOc1ccc(C(C)(C)c2ccc(OCc3cn(CCc4ccc5c(c4)CN(c4ccc(Cc6ccc(N7COc8ccc(CCn9cc(COc%10ccc(C(C)(C)c%11ccc(OCC#C)cc%11)cc%10)nn9)cc8C7)cc6)cc4)CO5)nn3)cc2)cc1,N2,10,5,323
C#CCOc1ccc(C(C)(C)c2ccc(OCc3cn(CCc4ccc5c(c4)CN(c4ccc(Cc6ccc(N7COc8ccc(CCn9cc(COc%10ccc(C(C)(C)c%11ccc(OCC#C)cc%11)cc%10)nn9)cc8C7)cc6)cc4)CO5)nn3)cc2)cc1,N2,10,10,347
C#CCOc1ccc(N2COc3ccc(C(C)(C)c4ccc5c(c4)CN(c4ccc(OCc6cn(CCc7ccc8c(c7)CN(c7ccc(Cc9ccc(N%10COc%11ccc(CCn%12cc(COc%13ccc(N%14COc%15ccc(C(C)(C)c%16ccc%17c(c%16)CN(c%16ccc(OCC#C)cc%16)CO%17)cc%15C%14)cc%13)nn%12)cc%11C%10)cc9)cc7)CO8)nn6)cc4)CO5)cc3C2)cc1,N2,10,5,331
C#CCOc1ccc(N2COc3ccc(C(C)(C)c4ccc5c(c4)CN(c4ccc(OCc6cn(CCc7ccc8c(c7)CN(c7ccc(Cc9ccc(N%10COc%11ccc(CCn%12cc(COc%13ccc(N%14COc%15ccc(C(C)(C)c%16ccc%17c(c%16)CN(c%16ccc(OCC#C)cc%16)CO%17)cc%15C%14)cc%13)nn%12)cc%11C%10)cc9)cc7)CO8)nn6)cc4)CO5)cc3C2)cc1,N2,10,10,359
CCCN1COc2ccc(-c3cc(-c4ccc5c(c4)CN(CCC)CO5)cc(-c4ccc5c(c4)CN(CCC)CO5)c3)cc2C1,N2,10,5,322
c1cc2c(cc1-c1cc(-c3ccc4c(c3)CN(C3CCCCC3)CO4)cc(-c3ccc4c(c3)CN(C3CCCCC3)CO4)c1)CN(C1CCCCC1)CO2,N2,10,5,271
CC(C)(C)c1ccc2c(c1)CN(CCC[Si](C)(C)O[Si](C)(C)CCCN1COc3ccc(C(C)(C)C)cc3C1)CO2,N2,10,1,248
CC(C)(C)c1ccc2c(c1)CN(CCC[Si](C)(C)O[Si](C)(C)CCCN1COc3ccc(C(C)(C)C)cc3C1)CO2,N2,10,5,288
CC(C)(C)c1ccc2c(c1)CN(CCC[Si](C)(C)O[Si](C)(C)CCCN1COc3ccc(C(C)(C)C)cc3C1)CO2,N2,10,10,311
CC(C)(C)c1ccc2c(c1)CN(CCC[Si](C)(C)O[Si](C)(C)O[Si](C)(C)CCCN1COc3ccc(C(C)(C)C)cc3C1)CO2,N2,10,1,342
CC(C)(C)c1ccc2c(c1)CN(CCC[Si](C)(C)O[Si](C)(C)O[Si](C)(C)CCCN1COc3ccc(C(C)(C)C)cc3C1)CO2,N2,10,5,430
CC(C)(C)c1ccc2c(c1)CN(CCC[Si](C)(C)O[Si](C)(C)O[Si](C)(C)CCCN1COc3ccc(C(C)(C)C)cc3C1)CO2,N2,10,10,474
CC(C)(c1ccc2c(c1)CN(Cc1cccs1)CO2)c1ccc2c(c1)CN(Cc1cccs1)CO2,N2,10,5,376
CC(C)(c1ccc2c(c1)CN(Cc1cccs1)CO2)c1ccc2c(c1)CN(Cc1cccs1)CO2,N2,10,10,415
O=P1(C2c3ccccc3OCN2Cc2ccco2)Oc2ccccc2-c2ccccc21,N2,10,5,221
C=CC(=O)OC(CCCC)C(O)C/C=C/CCCCCCCC(=O)OC(OC(=O)CCCCCCCC(OC(=O)C=C)C(O)CCCCCCC)OC(=O)CCCCCCC(OC(=O)C=C)C(O)CCCCCCC,N2,10,5,332.6
C=CC(=O)OC(CCCC)C(O)C/C=C/CCCCCCCC(=O)OC(OC(=O)CCCCCCCC(OC(=O)C=C)C(O)CCCCCCC)OC(=O)CCCCCCC(OC(=O)C=C)C(O)CCCCCCC,N2,10,50,398.3
CCCCN1COc2ccc(C3(c4ccc5c(c4)CN(CCCC)CO5)c4cc5c(cc4-c4cc6c(cc43)OCN(CCCC)C6)CN(CCCC)CO5)cc2C1,N2,20,5,326
OCc1cccc2c1OCN(c1ccc(Cc3ccc(N4COc5c(CO)cccc5C4)cc3)cc1)C2,N2,10,5,368
OCc1ccc2c(c1)OCN(c1ccc(Cc3ccc(N4COc5cc(CO)ccc5C4)cc3)cc1)C2,N2,10,5,379
OCc1ccc2c(c1)CN(c1ccc(Cc3ccc(N4COc5ccc(CO)cc5C4)cc3)cc1)CO2,N2,10,5,394
N#Cc1ccc2c(c1)CN(c1ccc(Oc3ccc4ccc(Oc5ccc(N6COc7ccc(C#N)cc7C6)cc5)cc4c3)cc1)CO2,N2,10,5,406
N#Cc1ccc2c(c1)CN(c1ccc(Oc3ccc4ccc(Oc5ccc(N6COc7ccc(C#N)cc7C6)cc5)cc4c3)cc1)CO2,N2,10,10,478
N#Cc1ccc2c(c1)CN(c1ccc(Oc3ccc4ccc(Oc5ccc(N6COc7ccc(C#N)cc7C6)cc5)cc4c3)cc1)CO2,N2,10,20,596
CC(C)(c1ccc(Oc2ccc(N3COc4ccc(C#N)cc4C3)cc2)cc1)c1ccc(Oc2ccc(N3COc4ccc(C#N)cc4C3)cc2)cc1,N2,10,5,368
CC(C)(c1ccc(Oc2ccc(N3COc4ccc(C#N)cc4C3)cc2)cc1)c1ccc(Oc2ccc(N3COc4ccc(C#N)cc4C3)cc2)cc1,N2,10,10,408
CC(C)(c1ccc(Oc2ccc(N3COc4ccc(C#N)cc4C3)cc2)cc1)c1ccc(Oc2ccc(N3COc4ccc(C#N)cc4C3)cc2)cc1,N2,10,20,458
CC(C)(COc1ccc(N2COc3ccc(C#N)cc3C2)cc1)COc1ccc(N2COc3ccc(C#N)cc3C2)cc1,N2,10,5,376
CC(C)(COc1ccc(N2COc3ccc(C#N)cc3C2)cc1)COc1ccc(N2COc3ccc(C#N)cc3C2)cc1,N2,10,10,416
CC(C)(COc1ccc(N2COc3ccc(C#N)cc3C2)cc1)COc1ccc(N2COc3ccc(C#N)cc3C2)cc1,N2,10,20,454
c1ccc2c(c1)CN(c1ccc(-c3nc4cc(N5COc6ccccc6C5)ccc4[nH]3)cc1)CO2,N2,10,10,386
CCCCN1COc2ccc(OCCCCOc3ccc4c(c3)CN(CCCC)CO4)cc2C1,N2,20,5,236
CCCCN1COc2ccc(OCCCCCCOc3ccc4c(c3)CN(CCCC)CO4)cc2C1,N2,20,5,228
CCCCN1COc2ccc(OCCCCCCCCOc3ccc4c(c3)CN(CCCC)CO4)cc2C1,N2,20,5,231
CCCCN1COc2ccc(OCCCCCCCCCCOc3ccc4c(c3)CN(CCCC)CO4)cc2C1,N2,20,5,231
CC(C)(c1ccc2c(c1)CN(c1ccc(Nc3ccc(N)cc3)cc1)CO2)c1ccc2c(c1)CN(c1ccc(Nc3ccc(N)cc3)cc1)CO2,N2,5,5,341
CC(C)(c1ccc2c(c1)CN(c1ccc(Nc3ccc(N)cc3)cc1)CO2)c1ccc2c(c1)CN(c1ccc(Nc3ccc(N)cc3)cc1)CO2,N2,5,10,375
CC(C)(c1ccc2c(c1)CN(CCN)CO2)c1ccc2c(c1)CN(CCN)CO2,N2,5,5,282
CC(C)(c1ccc2c(c1)CN(CCN)CO2)c1ccc2c(c1)CN(CCN)CO2,N2,5,10,301
CC(C)(c1ccc2c(c1)CN(CCCCCCN)CO2)c1ccc2c(c1)CN(CCCCCCN)CO2,N2,5,5,301
CC(C)(c1ccc2c(c1)CN(CCCCCCN)CO2)c1ccc2c(c1)CN(CCCCCCN)CO2,N2,5,10,338
C#CCOc1ccc(N2COc3ccccc3C2P2(=O)Oc3ccccc3-c3ccccc32)cc1,N2,20,5,393
O=C1C(c2cccc3c2CCC(c2ccc4c(c2)CC4)C3)C(=O)C2C3C=CC(C3)C12,N2,10,5,405
O=C1C(c2cccc3c2CCC(c2ccc4c(c2)CC4)C3)C(=O)C2C3C=CC(C3)C12,N2,10,10,448
O=C1c2ccccc2C(=O)C1c1cccc2c1OCC(c1ccc3c(c1)CC3)C2,N2,10,5,383
O=C1c2ccccc2C(=O)C1c1cccc2c1OCC(c1ccc3c(c1)CC3)C2,N2,10,10,439
O=C1C(c2ccc3c(c2)CC(c2ccccc2)CO3)C(=O)C2C3CCC(C3)C12,N2,10,5,371
O=C1C(c2ccc3c(c2)CC(c2ccccc2)CO3)C(=O)C2C3CCC(C3)C12,N2,10,10,431
O=C1C2C3C=CC(C3)C2C(=O)N1c1ccc2c(c1)CC(c1ccccc1)CO2,N2,10,5,365
O=C1C2C3C=CC(C3)C2C(=O)N1c1ccc2c(c1)CC(c1ccccc1)CO2,N2,10,10,383
CCCCCCCCCCCCCCCc1ccc2c(c1)COCN2c1ccc(Oc2ccc(Oc3ccc(N4COCc5cc(CCCCCCCCCCCCCCC)ccc54)cc3)cc2)cc1,N2,10,5,347.85
CCCCCCCCCCCCCCCc1ccc2c(c1)COCN2c1ccc(Oc2cccc(Oc3ccc(N4COCc5cc(CCCCCCCCCCCCCCC)ccc54)cc3)c2)cc1,N2,10,5,353.85
CCCCCCCCCCCCCCCc1ccc2c(c1)COCN2c1ccc(S(=O)(=O)c2ccc(N3COCc4cc(CCCCCCCCCCCCCCC)ccc43)cc2)cc1,N2,10,5,291.85
CCCCCCCCCCCCCCCc1ccc2c(c1)COCN2c1ccc(Oc2ccc(C(C)(C)c3ccc(Oc4ccc(N5COCc6cc(CCCCCCCCCCCCCCC)ccc65)cc4)cc3)cc2)cc1,N2,10,5,322.85
c1ccc(N2COc3ccc(-c4nc5cc6nc(-c7ccc8c(c7)CN(c7ccccc7)CO8)oc6cc5o4)cc3C2)cc1,N2,10,5,375
CC(C)(c1ccc2c(c1)CN(CCCCCO)CO2)c1ccc2c(c1)CN(CCCCCO)CO2,N2,10,5,285
CC(C)(c1ccc2c(c1)CN(CCCCCO)CO2)c1ccc2c(c1)CN(CCCCCO)CO2,N2,10,10,305
CC(C)(c1ccc2c(c1)CN(CCCCCO)CO2)c1ccc2c(c1)CN(CCCCCOC(=O)c1cc3c(cc1C(=O)O)C(=O)OC3=O)CO2,N2,10,5,301
CC(C)(c1ccc2c(c1)CN(CCCCCO)CO2)c1ccc2c(c1)CN(CCCCCOC(=O)c1cc3c(cc1C(=O)O)C(=O)OC3=O)CO2,N2,10,10,334
CC(C)(c1ccc2c(c1)CN(CCCCCO)CO2)c1ccc2c(c1)CN(CCCCCOC(=O)c1cc(C(c3ccc4c(c3)C(=O)OC4=O)(C(F)(F)F)C(F)(F)F)ccc1C(=O)O)CO2,N2,10,5,285
CC(C)(c1ccc2c(c1)CN(CCCCCO)CO2)c1ccc2c(c1)CN(CCCCCOC(=O)c1cc(C(c3ccc4c(c3)C(=O)OC4=O)(C(F)(F)F)C(F)(F)F)ccc1C(=O)O)CO2,N2,10,10,361
CC(C)(c1ccc2c(c1)CN(CCOCCO)CO2)c1ccc2c(c1)CN(CCOCCO)CO2,N2,10,5,256
OCCOCCN1COc2ccccc2C1,N2,10,5,239
c1ccc(N2COc3ccc(C4(c5ccc6c(c5)CN(c5ccccc5)CO6)CCCCC4)cc3C2)cc1,N2,5,5,290
CCCCCCCCCCCCCCCC1CCC(c2ccc3c(c2)CN(c2ccccc2)CO3)(c2ccc3c(c2)CN(c2ccccc2)CO3)CC1,N2,5,5,338
CC(C)(C1CCCCC1)C1CCC(c2ccc3c(c2)CN(c2ccccc2)CO3)(c2ccc3c(c2)CN(c2ccccc2)CO3)CC1,N2,5,5,313
CCCCN1COc2ccc(C(C)(C)c3ccc(Oc4ccc(C(=O)c5ccc(Oc6ccc(C(C)(C)c7ccc(Oc8ccc(C(=O)c9ccc(Oc%10ccc%11c(c%10)C(=O)c%10cc%12c(cc%10-%11)CN(CCCC)CO%12)cc9)cc8)cc7)cc6)cc5)cc4)cc3)cc2C1,N2,20,5,427
CCCCN1COc2ccc(C(C)(C)c3ccc(Oc4ccc(C(=O)c5ccc(Oc6ccc(C(C)(C)c7ccc(Oc8ccc(C(=O)c9ccc(Oc%10ccc%11c(c%10)C(=O)c%10cc(Oc%12ccc(C(=O)c%13ccc(Oc%14ccc%15c(c%14)C(=O)c%14cc%16c(cc%14-%15)CN(CCCC)CO%16)cc%13)cc%12)ccc%10-%11)cc9)cc8)cc7)cc6)cc5)cc4)cc3)cc2C1,N2,20,5,426
CCCCN1COc2ccc(C(C)(C)c3ccc(Oc4ccc(C(=O)c5ccc(Oc6ccc7c(c6)C(=O)c6cc(Oc8ccc(C(=O)c9ccc(Oc%10ccc%11c(c%10)C(=O)c%10cc%12c(cc%10-%11)CN(CCCC)CO%12)cc9)cc8)ccc6-7)cc5)cc4)cc3)cc2C1,N2,20,5,363
N#Cc1c(Oc2ccc(N3COc4ccc(N=Nc5ccccc5)cc4C3)cc2)cccc1Oc1ccc(N2COc3ccc(N=Nc4ccccc4)cc3C2)cc1,N2,10,5,326
N#Cc1c(Oc2ccc(N3COc4ccc(N=Nc5ccccc5)cc4C3)cc2)cccc1Oc1ccc(N2COc3ccc(N=Nc4ccccc4)cc3C2)cc1,N2,10,10,354
O=C(c1ccc(Oc2ccc(N3COc4ccc(N=Nc5ccccc5)cc4C3)cc2)cc1)c1ccc(Oc2ccc(N3COc4ccc(N=Nc5ccccc5)cc4C3)cc2)cc1,N2,10,5,312
O=C(c1ccc(Oc2ccc(N3COc4ccc(N=Nc5ccccc5)cc4C3)cc2)cc1)c1ccc(Oc2ccc(N3COc4ccc(N=Nc5ccccc5)cc4C3)cc2)cc1,N2,10,10,352
COc1cc(/C=C/C(=O)c2ccc3c(c2)CN(Cc2ccco2)CO3)cc2c1OCN(Cc1ccco1)C2,N2,10,5,362
COc1cc(/C=C/C(=O)c2ccc3c(c2)CN(Cc2ccco2)CO3)cc2c1OCN(Cc1ccco1)C2,N2,10,10,423
O=C(/C=C/c1ccc2c(c1)CN(Cc1ccco1)CO2)c1ccc2c(c1)CN(Cc1ccco1)CO2,N2,10,5,385
O=C(/C=C/c1ccc2c(c1)CN(Cc1ccco1)CO2)c1ccc2c(c1)CN(Cc1ccco1)CO2,N2,10,10,442
COc1cc(/C=C/C(=O)c2ccc3c(c2)CN(c2ccccc2)CO3)cc2c1OCN(c1ccccc1)C2,N2,10,5,325
COc1cc(/C=C/C(=O)c2ccc3c(c2)CN(c2ccccc2)CO3)cc2c1OCN(c1ccccc1)C2,N2,10,10,367
CN1COc2ccc(C(C)(c3ccc4c(c3)CN(C)CO4)c3ccc4c(c3)CN(C)CO4)cc2C1,N2,20,5,324
CN1COc2ccc(C(c3ccc4c(c3)CN(C)CO4)(c3ccc4c(c3)CN(C)CO4)P3(=O)Oc4ccccc4-c4ccccc43)cc2C1,N2,20,5,324
N#Cc1ccc(Oc2cc(Oc3ccc(N)cc3)cc(Oc3ccc(N4C(=O)c5ccc(Oc6ccc7c(c6)C(=O)N(c6ccc(Oc8cc(Oc9ccc(N)cc9)cc(Oc9ccc(C#N)c(C#N)c9)c8)cc6)C7=O)cc5C4=O)cc3)c2)cc1C#N,N2,10,5,509
N#Cc1ccc(Oc2cc(Oc3ccc(N)cc3)cc(Oc3ccc(N4C(=O)c5ccc(Oc6ccc7c(c6)C(=O)N(c6ccc(Oc8cc(Oc9ccc(N)cc9)cc(Oc9ccc(C#N)c(C#N)c9)c8)cc6)C7=O)cc5C4=O)cc3)c2)cc1C#N,N2,10,10,543
N#Cc1ccc(Oc2cc(Oc3ccc(N)cc3)cc(Oc3ccc(N4C(=O)c5ccc(C(=O)c6ccc7c(c6)C(=O)N(Oc6cc(Oc8ccc(N)cc8)cc(Oc8ccc(C#N)c(C#N)c8)c6)C7=O)cc5C4=O)cc3)c2)cc1C#N,N2,10,5,529
N#Cc1ccc(Oc2cc(Oc3ccc(N)cc3)cc(Oc3ccc(N4C(=O)c5ccc(C(=O)c6ccc7c(c6)C(=O)N(Oc6cc(Oc8ccc(N)cc8)cc(Oc8ccc(C#N)c(C#N)c8)c6)C7=O)cc5C4=O)cc3)c2)cc1C#N,N2,10,10,549
N#Cc1ccc(Oc2cc(Oc3ccc(N)cc3)cc(Oc3ccc(N4C(=O)c5ccc(Oc6ccc(C(c7ccc(Oc8ccc9c(c8)C(=O)N(c8ccc(Oc%10cc(Oc%11ccc(N)cc%11)cc(Oc%11ccc(C#N)c(C#N)c%11)c%10)cc8)C9=O)cc7)(C(F)(F)F)C(F)(F)F)cc6)cc5C4=O)cc3)c2)cc1C#N,N2,10,5,520
N#Cc1ccc(Oc2cc(Oc3ccc(N)cc3)cc(Oc3ccc(N4C(=O)c5ccc(Oc6ccc(C(c7ccc(Oc8ccc9c(c8)C(=O)N(c8ccc(Oc%10cc(Oc%11ccc(N)cc%11)cc(Oc%11ccc(C#N)c(C#N)c%11)c%10)cc8)C9=O)cc7)(C(F)(F)F)C(F)(F)F)cc6)cc5C4=O)cc3)c2)cc1C#N,N2,10,10,537
O=C(Nc1ccc2c(c1)CN(c1ccccc1)CO2)c1cccc(C(=O)Nc2ccc3c(c2)CN(c2ccccc2)CO3)c1,N2,10,5,355
CCCN(Cc1cc(C(C)(C)c2ccc(O)c(CN(CCC)Cc3ccc(O)c(C)c3O)c2)ccc1O)Cc1ccc(O)c(C)c1O,N2,10,5,209
CCCN(Cc1cc(C(C)(C)c2ccc(O)c(CN(CCC)Cc3ccc(O)c(C)c3O)c2)ccc1O)Cc1ccc(O)c(C)c1O,N2,10,20,304
C=CCN(Cc1cc(C(C)(C)c2ccc(O)c(CN(CC=C)Cc3ccc(O)c(C)c3O)c2)ccc1O)Cc1ccc(O)c(C)c1O,N2,10,5,223
C=CCN(Cc1cc(C(C)(C)c2ccc(O)c(CN(CC=C)Cc3ccc(O)c(C)c3O)c2)ccc1O)Cc1ccc(O)c(C)c1O,N2,10,20,373
CCCN(Cc1cc(C)ccc1O)Cc1cc(C)ccc1O,N2,10,5,243
CCCN(Cc1cc(C)ccc1O)Cc1cc(C)ccc1O,N2,10,20,263
C=CCN(Cc1cc(C)ccc1O)Cc1cc(C)ccc1O,N2,10,5,255
C=CCN(Cc1cc(C)ccc1O)Cc1cc(C)ccc1O,N2,10,20,354
CCCCCCNC(=O)CCC(C)c1ccc2c(c1)CN(Cc1ccco1)CO2,N2,10,5,375
CCCCCCNC(=O)CCC(C)c1ccc2c(c1)CN(Cc1ccco1)CO2,N2,10,10,394
CC(CCC(=O)Nc1ccccc1)c1ccc2c(c1)CN(Cc1ccco1)CO2,N2,10,5,370
CC(CCC(=O)Nc1ccccc1)c1ccc2c(c1)CN(Cc1ccco1)CO2,N2,10,10,391
CC(CCC(=O)NCc1ccco1)c1ccc2c(c1)CN(Cc1ccco1)CO2,N2,10,5,382
CC(CCC(=O)NCc1ccco1)c1ccc2c(c1)CN(Cc1ccco1)CO2,N2,10,10,406
CCC(CC(C)CNCc1ccccc1O)CN1COc2ccccc2C1,N2,10,5,295
CCC(CC(C)CNCc1ccccc1O)CN1COc2ccccc2C1,N2,10,10,341
c1ccc(COc2ccc3c(c2)CN(c2ccc(Cc4ccc(N5COc6ccc(OCc7ccccc7)cc6C5)cc4)cc2)CO3)cc1,N2,10,5,265.2
c1ccc(COc2ccc3c(c2)CN(c2ccc(Cc4ccc(N5COc6ccc(OCc7ccccc7)cc6C5)cc4)cc2)CO3)cc1,N2,10,10,308.5
CC(C)(c1ccc2c(c1)CN(CCC[Si](C)(C)O[Si](C)(C)CCCN)CO2)c1ccc2c(c1)CN(CCC[Si](C)(C)O[Si](C)(C)CCCN)CO2,N2,5,5,426
COCCCCCC(=O)OCc1ccc2c(c1)CN(c1ccccc1)CO2,N2,10,5,270
C/C=C(/C)COc1ccc(N2COc3ccccc3C2)cc1,N2,10,5,330
C/C=C(/C)COc1ccc(N2COc3ccccc3C2)cc1,N2,10,10,371
C/C=C(\C)COc1ccc(N2COc3ccccc3C2)cc1,N2,10,5,330
C/C=C(\C)COc1ccc(N2COc3ccccc3C2)cc1,N2,10,10,371
O=C(Oc1ccc(N2C(=O)c3ccc(C#Cc4ccccc4)cc3C2=O)cc1)c1ccc(OC(=O)c2ccc3cc(OC(=O)c4ccc(N5C(=O)c6ccc(C#Cc7ccccc7)cc6C5=O)cc4)ccc3c2)cc1,N2,10,5,505
O=C(Oc1ccc(N2C(=O)c3ccc(C#Cc4ccccc4)cc3C2=O)cc1)c1ccc(OC(=O)c2ccc3cc(OC(=O)c4ccc(N5C(=O)c6ccc(C#Cc7ccccc7)cc6C5=O)cc4)ccc3c2)cc1,air,10,5,496
C=Cc1cccc(N2COc3c(ccc4c5c(ccc34)CN(c3cccc(C=C)c3)CO5)C2)c1,N2,10,5,380
C=Cc1cccc(N2COc3c(ccc4c5c(ccc34)CN(c3cccc(C=C)c3)CO5)C2)c1,N2,10,10,437
C=Cc1cccc(N2COc3ccc(S(=O)(=O)c4ccc5c(c4)CN(c4cccc(C=C)c4)CO5)cc3C2)c1,N2,10,5,440
C=Cc1cccc(N2COc3ccc(S(=O)(=O)c4ccc5c(c4)CN(c4cccc(C=C)c4)CO5)cc3C2)c1,N2,10,10,540
C=Cc1cccc(N2COc3ccc(-c4ccc5c(c4)CN(c4cccc(C=C)c4)CO5)cc3C2)c1,N2,10,5,462
C=Cc1cccc(N2COc3ccc(-c4ccc5c(c4)CN(c4cccc(C=C)c4)CO5)cc3C2)c1,N2,10,10,494
C=Cc1cccc(N2COc3ccc(C(c4ccc5c(c4)CN(c4cccc(C=C)c4)CO5)(C(F)(F)F)C(F)(F)F)cc3C2)c1,N2,10,5,494
C=Cc1cccc(N2COc3ccc(C(c4ccc5c(c4)CN(c4cccc(C=C)c4)CO5)(C(F)(F)F)C(F)(F)F)cc3C2)c1,N2,10,10,539
C=Cc1cccc(N2COc3ccc(Cc4ccc5c(c4)CN(c4cccc(C=C)c4)CO5)cc3C2)c1,N2,10,5,470
C=Cc1cccc(N2COc3ccc(Cc4ccc5c(c4)CN(c4cccc(C=C)c4)CO5)cc3C2)c1,N2,10,10,575
C=Cc1cccc(N2COc3ccc(Sc4ccc5c(c4)CN(c4cccc(C=C)c4)CO5)cc3C2)c1,N2,10,5,489
C=Cc1cccc(N2COc3ccc(Sc4ccc5c(c4)CN(c4cccc(C=C)c4)CO5)cc3C2)c1,N2,10,10,592
C=Cc1cccc(N2COc3ccc(C(=O)c4ccc5c(c4)CN(c4cccc(C=C)c4)CO5)cc3C2)c1,N2,10,5,478
C=Cc1cccc(N2COc3ccc(C(=O)c4ccc5c(c4)CN(c4cccc(C=C)c4)CO5)cc3C2)c1,N2,10,10,547
C=Cc1cccc(N2COc3cc4c(cc3C2)OCN(c2cccc(C=C)c2)C4)c1,N2,10,5,488
C=Cc1cccc(N2COc3cc4c(cc3C2)OCN(c2cccc(C=C)c2)C4)c1,N2,10,10,573
C=Cc1cccc(N2COc3ccc(C(C)(C)c4ccc5c(c4)CN(c4cccc(C=C)c4)CO5)cc3C2)c1,N2,10,5,458
C=Cc1cccc(N2COc3ccc(C(C)(C)c4ccc5c(c4)CN(c4cccc(C=C)c4)CO5)cc3C2)c1,N2,10,10,524
C=Cc1cccc(N2COc3ccc(Oc4ccc5c(c4)CN(c4cccc(C=C)c4)CO5)cc3C2)c1,N2,10,5,415
C=Cc1cccc(N2COc3ccc(Oc4ccc5c(c4)CN(c4cccc(C=C)c4)CO5)cc3C2)c1,N2,10,10,513
CC(C)(c1ccc(Oc2ccccc2C(F)(F)F)cc1)c1ccc(Oc2ccc(-n3c(=O)c4cc5c(=O)[nH]c(=O)c5cc4c3=O)cc2C(F)(F)F)cc1,N2,10,10,527.2
O=C1NC(=O)c2cc(S(=O)(=O)c3ccc4c(c3)C(=O)N(c3cccc(-c5ccc(-c6ccccc6)cc5C(F)(F)F)c3)C4=O)ccc21,N2,20,5,498.7
O=C(c1ccc2c(c1)C(=O)NC2=O)c1ccc2c(c1)C(=O)N(c1cccc(-c3ccc(-c4ccccc4)cc3C(F)(F)F)c1)C2=O,N2,20,5,543.1
O=C1NC(=O)c2cc(Oc3ccc4c(c3)C(=O)N(c3cccc(-c5ccc(-c6ccccc6)cc5C(F)(F)F)c3)C4=O)ccc21,N2,20,5,527.5
O=C1NC(=O)c2cc(-c3ccc4c(c3)C(=O)N(c3cccc(-c5ccc(-c6ccccc6)cc5C(F)(F)F)c3)C4=O)ccc21,N2,20,5,594.3
O=c1[nH]c(=O)c2cc3c(=O)n(-c4cccc(Oc5cccc(Oc6ccccc6)c5)c4)c(=O)c3cc12,air,20,5,501.07
O=c1[nH]c(=O)c2cc3c(=O)n(-c4cccc(Oc5cccc(Oc6ccccc6)c5)c4)c(=O)c3cc12,air,20,10,526.01
O=c1[nH]c(=O)c2cc3c(=O)n(-c4cccc(Oc5cccc(Oc6ccccc6)c5)c4)c(=O)c3cc12,air,20,30,568.11
O=C1NC(=O)c2cc(Oc3ccc4c(c3)C(=O)N(c3cccc(Oc5cccc(Oc6ccccc6)c5)c3)C4=O)ccc21,air,20,5,490.06
O=C1NC(=O)c2cc(Oc3ccc4c(c3)C(=O)N(c3cccc(Oc5cccc(Oc6ccccc6)c5)c3)C4=O)ccc21,air,20,10,515
O=C1NC(=O)c2cc(Oc3ccc4c(c3)C(=O)N(c3cccc(Oc5cccc(Oc6ccccc6)c5)c3)C4=O)ccc21,air,20,30,557.75
O=C(c1ccc2c(c1)C(=O)NC2=O)c1ccc2c(c1)C(=O)N(c1cccc(Oc3cccc(Oc4ccccc4)c3)c1)C2=O,air,20,5,458
O=C(c1ccc2c(c1)C(=O)NC2=O)c1ccc2c(c1)C(=O)N(c1cccc(Oc3cccc(Oc4ccccc4)c3)c1)C2=O,air,20,10,493.62
O=C(c1ccc2c(c1)C(=O)NC2=O)c1ccc2c(c1)C(=O)N(c1cccc(Oc3cccc(Oc4ccccc4)c3)c1)C2=O,air,20,30,543.5
CC(C)(c1ccc(Oc2ccc3c(c2)C(=O)NC3=O)cc1)c1ccc(Oc2ccc3c(c2)C(=O)N(c2cccc(Oc4cccc(Oc5ccccc5)c4)c2)C3=O)cc1,air,20,5,449.68
CC(C)(c1ccc(Oc2ccc3c(c2)C(=O)NC3=O)cc1)c1ccc(Oc2ccc3c(c2)C(=O)N(c2cccc(Oc4cccc(Oc5ccccc5)c4)c2)C3=O)cc1,air,20,10,490.06
CC(C)(c1ccc(Oc2ccc3c(c2)C(=O)NC3=O)cc1)c1ccc(Oc2ccc3c(c2)C(=O)N(c2cccc(Oc4cccc(Oc5ccccc5)c4)c2)C3=O)cc1,air,20,30,534
Cc1ccc(NC(=O)OC(Cn2cc(CN3COc4ccccc4C3)nn2)(Cn2cc(CN3COc4ccccc4C3)nn2)Cn2cc(CN3COc4ccccc4C3)nn2)cc1N=C=O,N2,20,5,302
CCC(CC(C)Cl)n1cc(COc2ccc(N3COc4ccccc4C3)cc2)nn1,N2,10,5,328
CCC(CC(C)Cl)n1cc(COc2ccc(N3COc4ccccc4C3)cc2)nn1,N2,10,10,355
COCCOCCN1COc2ccc(C(C)(C)c3ccc4c(c3)CN(CCOCCOC(=O)c3ccc(C(C)=O)cc3)CO4)cc2C1,N2,10,5,288
COCCOCCN1COc2ccc(C(C)(C)c3ccc4c(c3)CN(CCOCCOC(=O)c3ccc(C(C)=O)cc3)CO4)cc2C1,N2,10,10,328
O=C(O)c1ccc2c(c1)CN(c1ccccc1)CO2,N2,10,10,330
O=C(O)c1ccc(N2COc3ccc(C(=O)O)cc3C2)cc1,N2,10,10,265
Oc1ccc2c(c1)CN(c1ccccc1)CO2,N2,10,10,370
C/C=C/c1ccc(Oc2ccc(C#N)c(C#N)c2)cc1,N2,10,5,483
N#Cc1ccc(Oc2ccc(Oc3ccc(C(=O)c4cc(C(=O)c5ccc(Oc6ccc(Oc7ccc(C#N)c(C#N)c7)cc6)cc5)cc(C(=O)c5ccc(Oc6ccc(Oc7ccc(C#N)c(C#N)c7)cc6)cc5)c4)cc3)cc2)cc1C#N,N2,10,5,536
N#Cc1ccc(Oc2ccc(Oc3ccc(C(=O)c4cc(C(=O)c5ccc(Oc6ccc(Oc7ccc(C#N)c(C#N)c7)cc6)cc5)cc(C(=O)c5ccc(Oc6ccc(Oc7ccc(C#N)c(C#N)c7)cc6)cc5)c4)cc3)cc2)cc1C#N,N2,10,10,595
N#Cc1ccc(Oc2ccc(Oc3ccc(C(=O)c4cc(C(=O)c5ccc(Oc6ccc(Oc7ccc(C#N)c(C#N)c7)cc6)cc5)cc(C(=O)c5ccc(Oc6ccc(Oc7ccc(C#N)c(C#N)c7)cc6)cc5)c4)cc3)cc2)cc1C#N,air,10,5,527
N#Cc1ccc(Oc2ccc(Oc3ccc(C(=O)c4cc(C(=O)c5ccc(Oc6ccc(Oc7ccc(C#N)c(C#N)c7)cc6)cc5)cc(C(=O)c5ccc(Oc6ccc(Oc7ccc(C#N)c(C#N)c7)cc6)cc5)c4)cc3)cc2)cc1C#N,air,10,10,557
N#Cc1ccc(Oc2cccc(C3C(=O)c4ccc(Oc5ccc6c(c5)C(=O)NC6=O)cc4C3=O)c2)cc1C#N,N2,10,1,476.3
N#Cc1ccc(Oc2cccc(C3C(=O)c4ccc(Oc5ccc6c(c5)C(=O)NC6=O)cc4C3=O)c2)cc1C#N,N2,10,5,517.7
N#Cc1ccc(Oc2cccc(C3C(=O)c4ccc(Oc5ccc6c(c5)C(=O)NC6=O)cc4C3=O)c2)cc1C#N,N2,10,10,542.6
N#Cc1ccc(Oc2cccc(C3C(=O)c4ccc(Oc5ccc6c(c5)C(=O)NC6=O)cc4C3=O)c2)cc1C#N,air,10,1,481
N#Cc1ccc(Oc2cccc(C3C(=O)c4ccc(Oc5ccc6c(c5)C(=O)NC6=O)cc4C3=O)c2)cc1C#N,air,10,5,518.6
N#Cc1ccc(Oc2cccc(C3C(=O)c4ccc(Oc5ccc6c(c5)C(=O)NC6=O)cc4C3=O)c2)cc1C#N,air,10,10,539.6
C=Cc1ccc(Oc2ccc(C#N)c(C#N)c2)c(OC)c1,N2,10,5,486
C=Cc1ccc(Oc2ccc(C#N)c(C#N)c2)c(OC)c1,N2,10,10,553
N#Cc1ccc(Oc2ccc(S(=O)(=O)c3ccc(Oc4ccc(C#N)c(C#N)c4)cc3)cc2)cc1C#N,air,10,5,450
CC1(C)CC2(CC(C)(C)c3ccc(Oc4ccc(N5C(=O)C6C7C(=O)NC(=O)C7C6C5=O)cc4C(F)(F)F)cc32)c2cc(Oc3ccccc3C(F)(F)F)ccc21,N2,20,5,416
CC1(C)CC2(CC(C)(C)c3ccc(Oc4ccc(N5C(=O)C6C7C(=O)NC(=O)C7C6C5=O)cc4C(F)(F)F)cc32)c2cc(Oc3ccccc3C(F)(F)F)ccc21,N2,20,10,450
CC1(C)CC2(CC(C)(C)c3ccc(Oc4ccc(-n5c(=O)c6cc7c(=O)[nH]c(=O)c7cc6c5=O)cc4C(F)(F)F)cc32)c2cc(Oc3ccccc3C(F)(F)F)ccc21,N2,20,5,464
CC1(C)CC2(CC(C)(C)c3ccc(Oc4ccc(-n5c(=O)c6cc7c(=O)[nH]c(=O)c7cc6c5=O)cc4C(F)(F)F)cc32)c2cc(Oc3ccccc3C(F)(F)F)ccc21,N2,20,10,507
CC1(C)CC2(CC(C)(C)c3ccc(Oc4ccc(N5C(=O)c6ccc(-c7ccc8c(c7)C(=O)NC8=O)cc6C5=O)cc4C(F)(F)F)cc32)c2cc(Oc3ccccc3C(F)(F)F)ccc21,N2,20,5,432
CC1(C)CC2(CC(C)(C)c3ccc(Oc4ccc(N5C(=O)c6ccc(Oc7ccc8c(c7)C(=O)NC8=O)cc6C5=O)cc4C(F)(F)F)cc32)c2cc(Oc3ccccc3C(F)(F)F)ccc21,N2,20,5,420
CC1(C)CC2(CC(C)(C)c3ccc(Oc4ccc(N5C(=O)c6ccc(Oc7ccc8c(c7)C(=O)NC8=O)cc6C5=O)cc4C(F)(F)F)cc32)c2cc(Oc3ccccc3C(F)(F)F)ccc21,N2,20,10,461
CC1(C)CC2(CC(C)(C)c3ccc(Oc4ccc(N5C(=O)c6ccc(C(=O)c7ccc8c(c7)C(=O)NC8=O)cc6C5=O)cc4C(F)(F)F)cc32)c2cc(Oc3ccccc3C(F)(F)F)ccc21,N2,20,5,403
CC1(C)CC2(CC(C)(C)c3ccc(Oc4ccc(N5C(=O)c6ccc(C(=O)c7ccc8c(c7)C(=O)NC8=O)cc6C5=O)cc4C(F)(F)F)cc32)c2cc(Oc3ccccc3C(F)(F)F)ccc21,N2,20,10,451
CC1(C)CC2(CC(C)(C)c3ccc(Oc4ccc(N5C(=O)c6ccc(C(c7ccc8c(c7)C(=O)NC8=O)(C(F)(F)F)C(F)(F)F)cc6C5=O)cc4C(F)(F)F)cc32)c2cc(Oc3ccccc3C(F)(F)F)ccc21,N2,20,5,405
CC1(C)CC2(CC(C)(C)c3ccc(Oc4ccc(N5C(=O)c6ccc(C(c7ccc8c(c7)C(=O)NC8=O)(C(F)(F)F)C(F)(F)F)cc6C5=O)cc4C(F)(F)F)cc32)c2cc(Oc3ccccc3C(F)(F)F)ccc21,N2,20,10,459
O=C1NC(Cc2ccc(O)cc2)C(=O)NC1Cc1ccc(O)cc1,N2,10,5,450
O=C1NC(Cc2ccc(O)cc2)C(=O)NC1Cc1ccc(O)cc1,N2,10,10,496
O=C1NC(Cc2ccc(O)cc2)C(=O)NC1Cc1ccc(O)cc1,air,10,5,433
O=C1NC(Cc2ccc(O)cc2)C(=O)NC1Cc1ccc(O)cc1,air,10,10,478
CCC(/C(C)=C/c1ccc(Oc2ccc3c(c2)CC3)cc1)c1ccc(Oc2ccc3c(c2)CC3)cc1,N2,10,5,430
O=C(OCCO)c1ccc(C(=O)OCCO)cc1,N2,10,5,390
O=C(OCCO)c1ccc(C(=O)OCCO)cc1,air,10,5,385
CC(C)(OCc1ccc(Oc2ccc(C#N)c(C#N)c2)cc1)OCc1ccc(Oc2ccc(C#N)c(C#N)c2)cc1,Ar,10,5,545
CC(C)(OCc1ccc(Oc2ccc(C#N)c(C#N)c2)cc1)OCc1ccc(Oc2ccc(C#N)c(C#N)c2)cc1,Ar,10,10,559
CC(C)(OCc1ccc(Oc2ccc(C#N)c(C#N)c2)cc1)OCc1ccc(Oc2ccc(C#N)c(C#N)c2)cc1,air,10,5,527
CC(C)(OCc1ccc(Oc2ccc(C#N)c(C#N)c2)cc1)OCc1ccc(Oc2ccc(C#N)c(C#N)c2)cc1,air,10,10,564
N#Cc1ccc(Oc2cccc(Oc3cccc(Oc4cccc(Oc5cccc(Oc6cccc(Oc7ccc(C#N)c(C#N)c7)c6)c5)c4)c3)c2)cc1C#N,Ar,10,5,493
N#Cc1ccc(Oc2cccc(Oc3cccc(Oc4cccc(Oc5cccc(Oc6cccc(Oc7ccc(C#N)c(C#N)c7)c6)c5)c4)c3)c2)cc1C#N,air,10,5,486
N#Cc1ccc(Oc2cccc(N3C(=O)c4ccc(Oc5ccc6c(c5)C(=O)N(c5ccc(-c7nc8ccccc8[nH]7)cc5)C6=O)cc4C3=O)c2)cc1C#N,N2,10,5,434
Oc1ccccc1Cc1cccc(Cc2ccccc2O)c1O,N2,10,5,342.2
Oc1ccccc1Cc1cccc(Cc2ccccc2O)c1O,N2,10,10,445.4
Oc1ccccc1Cc1cccc(Cc2ccccc2O)c1O,air,10,5,337.9
Oc1ccccc1Cc1cccc(Cc2ccccc2O)c1O,air,10,10,424.4
N#Cc1ccc(Oc2c(Cc3ccccc3O)cccc2Cc2ccccc2O)cc1C#N,N2,10,5,448.7
N#Cc1ccc(Oc2c(Cc3ccccc3O)cccc2Cc2ccccc2O)cc1C#N,N2,10,10,508.8
N#Cc1ccc(Oc2c(Cc3ccccc3O)cccc2Cc2ccccc2O)cc1C#N,air,10,5,455.2
N#Cc1ccc(Oc2c(Cc3ccccc3O)cccc2Cc2ccccc2O)cc1C#N,air,10,10,522.6
N#Cc1ccc(Oc2cccc(Oc3ccc(C(=O)c4cc(C(=O)c5ccc(Oc6cccc(Oc7ccc(C#N)c(C#N)c7)c6)cc5)cc(C(=O)c5ccc(Oc6cccc(Oc7ccc(C#N)c(C#N)c7)c6)cc5)c4)cc3)c2)cc1C#N,N2,10,5,540
N#Cc1ccc(Oc2cccc(Oc3ccc(C(=O)c4cc(C(=O)c5ccc(Oc6cccc(Oc7ccc(C#N)c(C#N)c7)c6)cc5)cc(C(=O)c5ccc(Oc6cccc(Oc7ccc(C#N)c(C#N)c7)c6)cc5)c4)cc3)c2)cc1C#N,N2,10,10,582
N#Cc1ccc(Oc2cccc(Oc3ccc(C(=O)c4cc(C(=O)c5ccc(Oc6cccc(Oc7ccc(C#N)c(C#N)c7)c6)cc5)cc(C(=O)c5ccc(Oc6cccc(Oc7ccc(C#N)c(C#N)c7)c6)cc5)c4)cc3)c2)cc1C#N,air,10,5,524
N#Cc1ccc(Oc2cccc(Oc3ccc(C(=O)c4cc(C(=O)c5ccc(Oc6cccc(Oc7ccc(C#N)c(C#N)c7)c6)cc5)cc(C(=O)c5ccc(Oc6cccc(Oc7ccc(C#N)c(C#N)c7)c6)cc5)c4)cc3)c2)cc1C#N,air,10,10,548
N#Cc1ccc(Oc2ccc(-c3ccc(Oc4ccc(C(=O)c5cc(C(=O)c6ccc(Oc7ccc(-c8ccc(Oc9ccc(C#N)c(C#N)c9)cc8)cc7)cc6)cc(C(=O)c6ccc(Oc7ccc(-c8ccc(Oc9ccc(C#N)c(C#N)c9)cc8)cc7)cc6)c5)cc4)cc3)cc2)cc1C#N,air,10,5,538
N#Cc1ccc(Oc2ccc(-c3ccc(Oc4ccc(C(=O)c5cc(C(=O)c6ccc(Oc7ccc(-c8ccc(Oc9ccc(C#N)c(C#N)c9)cc8)cc7)cc6)cc(C(=O)c6ccc(Oc7ccc(-c8ccc(Oc9ccc(C#N)c(C#N)c9)cc8)cc7)cc6)c5)cc4)cc3)cc2)cc1C#N,air,10,10,563
CC(CO)(COC(=O)c1ccc(Oc2ccc(C#N)c(C#N)c2)cc1)C(=O)OCC(COC(=O)C(C)(CO)COC(=O)c1ccc(Oc2ccc(C#N)c(C#N)c2)cc1)(COC(=O)C(C)(CO)COC(=O)c1ccc(Oc2ccc(C#N)c(C#N)c2)cc1)COC(=O)C(C)(CO)COC(=O)c1ccc(Oc2ccc(C#N)c(C#N)c2)cc1,N2,10,5,451.8
CC(CO)(COC(=O)c1ccc(Oc2ccc(C#N)c(C#N)c2)cc1)C(=O)OCC(COC(=O)C(C)(CO)COC(=O)c1ccc(Oc2ccc(C#N)c(C#N)c2)cc1)(COC(=O)C(C)(CO)COC(=O)c1ccc(Oc2ccc(C#N)c(C#N)c2)cc1)COC(=O)C(C)(CO)COC(=O)c1ccc(Oc2ccc(C#N)c(C#N)c2)cc1,air,10,5,423.3
OCc1ccc(COCc2cc(CO)cc(Cc3cccc(CO)c3O)c2O)c(O)c1,N2,10,5,364
OCc1ccc(COCc2cc(CO)cc(Cc3cccc(CO)c3O)c2O)c(O)c1,N2,10,10,449
OCc1ccc(COCc2cc(CO)cc(Cc3cccc(CO)c3O)c2O)c(O)c1,air,10,5,405
OCc1ccc(COCc2cc(CO)cc(Cc3cccc(CO)c3O)c2O)c(O)c1,air,10,10,472
N#Cc1ccc(Oc2cc(CO)ccc2COCc2cc(CO)cc(Cc3cccc(CO)c3O)c2Oc2ccc(C#N)c(C#N)c2)cc1C#N,N2,10,5,380
N#Cc1ccc(Oc2cc(CO)ccc2COCc2cc(CO)cc(Cc3cccc(CO)c3O)c2Oc2ccc(C#N)c(C#N)c2)cc1C#N,N2,10,10,463
N#Cc1ccc(Oc2cc(CO)ccc2COCc2cc(CO)cc(Cc3cccc(CO)c3O)c2Oc2ccc(C#N)c(C#N)c2)cc1C#N,air,10,5,446
N#Cc1ccc(Oc2cc(CO)ccc2COCc2cc(CO)cc(Cc3cccc(CO)c3O)c2Oc2ccc(C#N)c(C#N)c2)cc1C#N,air,10,10,529
N#Cc1ccc(-n2cnc3c(Nc4cccc(Nc5ncnc6c5ncn6-c5ccc(C#N)c(C#N)c5)c4)ncnc32)cc1C#N,N2,10,5,426
CC(C)C(C)c1ccc(OCCC[Si](C)(C)c2ccc(OC3(F)C(F)(F)C(F)(F)C3(F)Oc3ccc([Si](C)(C)CCCOc4ccc(C(C)C(C)C)cc4)cc3)cc2)cc1,N2,10,5,400
N#Cc1ccc(OCc2ccc(S(=O)(=O)c3ccc(COc4ccc(C#N)c(C#N)c4)cc3)cc2)cc1C#N,N2,20,5,436
N#Cc1ccc(OCc2ccc(S(=O)(=O)c3ccc(COc4ccc(C#N)c(C#N)c4)cc3)cc2)cc1C#N,air,20,5,450
C/C=C/c1ccc(Oc2ccc3c(c2)CC3)cc1,N2,10,5,455.1
N#Cc1ccc(Oc2cccc(Oc3ccc(P(=O)(c4ccccc4)c4ccc(Oc5cccc(Oc6ccc(C#N)c(C#N)c6)c5)cc4)cc3)c2)cc1C#N,N2,10,5,495
N#Cc1ccc(Oc2cccc(Oc3ccc(P(=O)(c4ccccc4)c4ccc(Oc5cccc(Oc6ccc(C#N)c(C#N)c6)c5)cc4)cc3)c2)cc1C#N,air,10,5,490
N#Cc1ccc(Oc2cccc(Oc3ccc(P(=O)(c4ccccc4)c4ccc(Oc5cccc(Oc6ccc(C#N)c(C#N)c6)c5)cc4)cc3)c2)cc1C#N,air,10,1,325
O=[N+]([O-])c1ccc2c(c1)CN(Nc1ccc([N+](=O)[O-])cc1[N+](=O)[O-])CO2,N2,10,5,270.43
O=[N+]([O-])c1ccc2c(c1)CN(Nc1ccc([N+](=O)[O-])cc1[N+](=O)[O-])CO2,N2,10,10,289.55
O=C(NNc1ccccc1)N1COc2ccc([N+](=O)[O-])cc2C1,N2,10,5,268.05
O=C(NNc1ccccc1)N1COc2ccc([N+](=O)[O-])cc2C1,N2,10,10,309.11
c1csc(CN2COc3ccccc3C2)c1,N2,10,5,334
c1csc(CN2COc3ccccc3C2)c1,N2,10,10,393
c1ccc(C2Oc3ccccc3CN2Cc2cccs2)cc1,N2,10,5,384
c1ccc(C2Oc3ccccc3CN2Cc2cccs2)cc1,N2,10,10,419
c1ccc(C2Oc3ccccc3C(c3ccccc3)N2Cc2cccs2)cc1,N2,10,5,338
c1ccc(C2Oc3ccccc3C(c3ccccc3)N2Cc2cccs2)cc1,N2,10,10,439
CNCN(CN(C)CO)c1ccc(Oc2ccc(N3CN(c4ccc(Oc5ccc(C(C)C)cc5)cc4)CN(c4ccc(Oc5ccc(C(C)C)cc5)cc4)C3)cc2)cc1,N2,10,5,336
CNCN(CN(C)CO)c1ccc(Oc2ccc(N3CN(c4ccc(Oc5ccc(C(C)C)cc5)cc4)CN(c4ccc(Oc5ccc(C(C)C)cc5)cc4)C3)cc2)cc1,N2,10,10,358
Cc1cc(CN(Cc2cccc(CN(Cc3cc(C=O)cc(C)c3O)c3ccccc3)c2O)c2ccccc2)c(O)c(C(=O)c2cc(C)c(O)c(C)c2)c1,N2,10,5,395
Cc1cc(CN(Cc2cccc(CN(Cc3cc(C=O)cc(C)c3O)c3ccccc3)c2O)c2ccccc2)c(O)c(C(=O)c2cc(C)c(O)c(C)c2)c1,N2,10,10,464
COC(=O)C(CS)N1COc2ccccc2C1,N2,10,5,350
COC(=O)C(CS)N1COc2ccccc2C1,N2,10,10,379
C=CCc1cc2c(c(OC)c1)OCN(C(CS)C(=O)OC)C2,N2,10,5,302
C=CCc1cc2c(c(OC)c1)OCN(C(CS)C(=O)OC)C2,N2,10,10,322
COC(=O)C(CS)N1COc2c(cc(C=O)cc2OC)C1,N2,10,5,281
COC(=O)C(CS)N1COc2c(cc(C=O)cc2OC)C1,N2,10,10,327
c1c2c(cc3c1OCO3)OCN(C1CCC(CC3CCC(N4COc5cc6c(cc5C4)OCO6)CC3)CC1)C2,N2,10,5,365
c1c2c(cc3c1OCO3)OCN(C1CCC(CC3CCC(N4COc5cc6c(cc5C4)OCO6)CC3)CC1)C2,N2,10,10,401
COc1cccc2c1CN(C1CCC(CC3CCC(N4COc5cccc(OC)c5C4)CC3)CC1)CO2,N2,10,5,286
COc1cccc2c1CN(C1CCC(CC3CCC(N4COc5cccc(OC)c5C4)CC3)CC1)CO2,N2,10,10,304
CCCc1cc2c(c(OC)c1)OCN(C1CCC(CC3CCC(N4COc5c(cc(CCC)cc5OC)C4)CC3)CC1)C2,N2,10,5,298
CCCc1cc2c(c(OC)c1)OCN(C1CCC(CC3CCC(N4COc5c(cc(CCC)cc5OC)C4)CC3)CC1)C2,N2,10,10,336
C=CCc1cc2c(c(OC)c1)OCN(C1CCC(CC3CCC(N4COc5c(cc(CC=C)cc5OC)C4)CC3)CC1)C2,N2,10,5,285
C=CCc1cc2c(c(OC)c1)OCN(C1CCC(CC3CCC(N4COc5c(cc(CC=C)cc5OC)C4)CC3)CC1)C2,N2,10,10,332
C=P1(C(c2ccccc2)(c2ccc(Oc3ccc(C(C)(C)c4ccc(C)cc4)cc3)cc2)c2ccc3c(c2)CN(Cc2ccco2)CO3)Oc2ccccc2-c2ccccc21,N2,10,5,392
C=P1(C(c2ccccc2)(c2ccc(Oc3ccc(C(C)(C)c4ccc(C)cc4)cc3)cc2)c2ccc3c(c2)CN(Cc2ccco2)CO3)Oc2ccccc2-c2ccccc21,Ar,10,5,369
COc1cc(-c2nc(-c3ccc(OCC4CO4)c(OC)c3)nc(-c3ccc(OCC4CO4)c(OC)c3)n2)ccc1OCC1CO1,N2,20,5,394
N#Cc1ccc(Oc2ccc(NC3CC(=O)N(c4ccccc4N4C(=O)CC(Nc5ccc(Oc6ccc(C#N)c(C#N)c6)cc5)C4=O)C3=O)cc2)cc1C#N,N2,10,5,389
N#Cc1ccc(Oc2ccc(NC3CC(=O)N(c4ccccc4N4C(=O)CC(Nc5ccc(Oc6ccc(C#N)c(C#N)c6)cc5)C4=O)C3=O)cc2)cc1C#N,N2,10,10,431
N#Cc1ccc(Oc2ccc(NC3CC(=O)N(c4cccc(N5C(=O)CC(Nc6ccc(Oc7ccc(C#N)c(C#N)c7)cc6)C5=O)c4)C3=O)cc2)cc1C#N,N2,10,5,414
N#Cc1ccc(Oc2ccc(NC3CC(=O)N(c4cccc(N5C(=O)CC(Nc6ccc(Oc7ccc(C#N)c(C#N)c7)cc6)C5=O)c4)C3=O)cc2)cc1C#N,N2,10,10,459
N#Cc1ccc(Oc2ccc(NC3CC(=O)N(c4ccc(N5C(=O)CC(Nc6ccc(Oc7ccc(C#N)c(C#N)c7)cc6)C5=O)cc4)C3=O)cc2)cc1C#N,N2,10,5,440
N#Cc1ccc(Oc2ccc(NC3CC(=O)N(c4ccc(N5C(=O)CC(Nc6ccc(Oc7ccc(C#N)c(C#N)c7)cc6)C5=O)cc4)C3=O)cc2)cc1C#N,N2,10,10,488
O=C1C2C3C=CC(C3)C2C(=O)N1c1cccc2c1OCN(c1ccc3c(c1)CC3)C2,N2,10,5,405
O=C1C2C3C=CC(C3)C2C(=O)N1c1cccc2c1OCN(c1ccc3c(c1)CC3)C2,N2,10,10,448
O=C1c2ccccc2C(=O)N1c1cccc2c1OCN(c1ccc3c(c1)CC3)C2,N2,10,5,383
O=C1c2ccccc2C(=O)N1c1cccc2c1OCN(c1ccc3c(c1)CC3)C2,N2,10,10,439
C#Cc1cccc(N2COc3ccc(C#N)cc3C2)c1,N2,10,5,376.5
Nc1ccc(Oc2ccc(C(c3ccc(Oc4ccc(-n5c(=O)c6cc7c(=O)n(-c8ccc(Oc9ccc(C(c%10ccc(Oc%11ccc(N)cn%11)cc%10)(C(F)(F)F)C(F)(F)F)cc9)nc8)c(=O)c7cc6c5=O)cn4)cc3)(C(F)(F)F)C(F)(F)F)cc2)nc1,N2,10,5,522
Nc1ccc(Oc2ccc(C(c3ccc(Oc4ccc(-n5c(=O)c6cc7c(=O)n(-c8ccc(Oc9ccc(C(c%10ccc(Oc%11ccc(N)cn%11)cc%10)(C(F)(F)F)C(F)(F)F)cc9)nc8)c(=O)c7cc6c5=O)cn4)cc3)(C(F)(F)F)C(F)(F)F)cc2)nc1,N2,10,10,544
Nc1ccc(Oc2ccc(C(c3ccc(Oc4ccc(-n5c(=O)c6cc7c(=O)n(-c8ccc(Oc9ccc(C(c%10ccc(Oc%11ccc(N)cn%11)cc%10)(C(F)(F)F)C(F)(F)F)cc9)nc8)c(=O)c7cc6c5=O)cn4)cc3)(C(F)(F)F)C(F)(F)F)cc2)nc1,air,10,5,495
Nc1ccc(Oc2ccc(C(c3ccc(Oc4ccc(-n5c(=O)c6cc7c(=O)n(-c8ccc(Oc9ccc(C(c%10ccc(Oc%11ccc(N)cn%11)cc%10)(C(F)(F)F)C(F)(F)F)cc9)nc8)c(=O)c7cc6c5=O)cn4)cc3)(C(F)(F)F)C(F)(F)F)cc2)nc1,air,10,10,522
Nc1ccc(Oc2ccc(C(c3ccc(Oc4ccc(N5C(=O)c6ccc(C(=O)c7ccc8c(c7)C(=O)N(c7ccc(Oc9ccc(C(c%10ccc(Oc%11ccc(N)cn%11)cc%10)(C(F)(F)F)C(F)(F)F)cc9)nc7)C8=O)cc6C5=O)cn4)cc3)(C(F)(F)F)C(F)(F)F)cc2)nc1,N2,10,5,514
Nc1ccc(Oc2ccc(C(c3ccc(Oc4ccc(N5C(=O)c6ccc(C(=O)c7ccc8c(c7)C(=O)N(c7ccc(Oc9ccc(C(c%10ccc(Oc%11ccc(N)cn%11)cc%10)(C(F)(F)F)C(F)(F)F)cc9)nc7)C8=O)cc6C5=O)cn4)cc3)(C(F)(F)F)C(F)(F)F)cc2)nc1,N2,10,10,542
Nc1ccc(Oc2ccc(C(c3ccc(Oc4ccc(N5C(=O)c6ccc(C(=O)c7ccc8c(c7)C(=O)N(c7ccc(Oc9ccc(C(c%10ccc(Oc%11ccc(N)cn%11)cc%10)(C(F)(F)F)C(F)(F)F)cc9)nc7)C8=O)cc6C5=O)cn4)cc3)(C(F)(F)F)C(F)(F)F)cc2)nc1,air,10,5,491
Nc1ccc(Oc2ccc(C(c3ccc(Oc4ccc(N5C(=O)c6ccc(C(=O)c7ccc8c(c7)C(=O)N(c7ccc(Oc9ccc(C(c%10ccc(Oc%11ccc(N)cn%11)cc%10)(C(F)(F)F)C(F)(F)F)cc9)nc7)C8=O)cc6C5=O)cn4)cc3)(C(F)(F)F)C(F)(F)F)cc2)nc1,air,10,10,521
Nc1ccc(Oc2ccc(C(c3ccc(Oc4ccc(N5C(=O)c6ccc(Oc7ccc8c(c7)C(=O)N(c7ccc(Oc9ccc(C(c%10ccc(Oc%11ccc(N)cn%11)cc%10)(C(F)(F)F)C(F)(F)F)cc9)nc7)C8=O)cc6C5=O)cn4)cc3)(C(F)(F)F)C(F)(F)F)cc2)nc1,N2,101,10,536
Nc1ccc(Oc2ccc(C(c3ccc(Oc4ccc(N5C(=O)c6ccc(Oc7ccc8c(c7)C(=O)N(c7ccc(Oc9ccc(C(c%10ccc(Oc%11ccc(N)cn%11)cc%10)(C(F)(F)F)C(F)(F)F)cc9)nc7)C8=O)cc6C5=O)cn4)cc3)(C(F)(F)F)C(F)(F)F)cc2)nc1,air,10,5,490
Nc1ccc(Oc2ccc(C(c3ccc(Oc4ccc(N5C(=O)c6ccc(Oc7ccc8c(c7)C(=O)N(c7ccc(Oc9ccc(C(c%10ccc(Oc%11ccc(N)cn%11)cc%10)(C(F)(F)F)C(F)(F)F)cc9)nc7)C8=O)cc6C5=O)cn4)cc3)(C(F)(F)F)C(F)(F)F)cc2)nc1,air,10,10,519
Nc1ccc(Oc2ccc(C(c3ccc(Oc4ccc(N5C(=O)c6ccc(C(c7ccc8c(c7)C(=O)N(c7ccc(Oc9ccc(C(c%10ccc(Oc%11ccc(N)cn%11)cc%10)(C(F)(F)F)C(F)(F)F)cc9)nc7)C8=O)(C(F)(F)F)C(F)(F)F)cc6C5=O)cn4)cc3)(C(F)(F)F)C(F)(F)F)cc2)nc1,N2,10,5,520
Nc1ccc(Oc2ccc(C(c3ccc(Oc4ccc(N5C(=O)c6ccc(C(c7ccc8c(c7)C(=O)N(c7ccc(Oc9ccc(C(c%10ccc(Oc%11ccc(N)cn%11)cc%10)(C(F)(F)F)C(F)(F)F)cc9)nc7)C8=O)(C(F)(F)F)C(F)(F)F)cc6C5=O)cn4)cc3)(C(F)(F)F)C(F)(F)F)cc2)nc1,N2,10,10,539
Nc1ccc(Oc2ccc(C(c3ccc(Oc4ccc(N5C(=O)c6ccc(C(c7ccc8c(c7)C(=O)N(c7ccc(Oc9ccc(C(c%10ccc(Oc%11ccc(N)cn%11)cc%10)(C(F)(F)F)C(F)(F)F)cc9)nc7)C8=O)(C(F)(F)F)C(F)(F)F)cc6C5=O)cn4)cc3)(C(F)(F)F)C(F)(F)F)cc2)nc1,air,10,5,492
Nc1ccc(Oc2ccc(C(c3ccc(Oc4ccc(N5C(=O)c6ccc(C(c7ccc8c(c7)C(=O)N(c7ccc(Oc9ccc(C(c%10ccc(Oc%11ccc(N)cn%11)cc%10)(C(F)(F)F)C(F)(F)F)cc9)nc7)C8=O)(C(F)(F)F)C(F)(F)F)cc6C5=O)cn4)cc3)(C(F)(F)F)C(F)(F)F)cc2)nc1,air,10,10,520
CC(C)(c1ccc(Oc2ccc(N)cn2)cc1)c1ccc(Oc2ccc(N3C(=O)c4ccc(C(c5ccc6c(c5)C(=O)N(c5ccc(Oc7ccc(C(C)(C)c8ccc(Oc9ccc(N)cn9)cc8)cc7)nc5)C6=O)(C(F)(F)F)C(F)(F)F)cc4C3=O)cn2)cc1,N2,10,5,508
CC(C)(c1ccc(Oc2ccc(N)cn2)cc1)c1ccc(Oc2ccc(N3C(=O)c4ccc(C(c5ccc6c(c5)C(=O)N(c5ccc(Oc7ccc(C(C)(C)c8ccc(Oc9ccc(N)cn9)cc8)cc7)nc5)C6=O)(C(F)(F)F)C(F)(F)F)cc4C3=O)cn2)cc1,N2,10,10,527
CC(C)(c1ccc(Oc2ccc(N)cn2)cc1)c1ccc(Oc2ccc(N3C(=O)c4ccc(C(c5ccc6c(c5)C(=O)N(c5ccc(Oc7ccc(C(C)(C)c8ccc(Oc9ccc(N)cn9)cc8)cc7)nc5)C6=O)(C(F)(F)F)C(F)(F)F)cc4C3=O)cn2)cc1,air,10,5,449
CC(C)(c1ccc(Oc2ccc(N)cn2)cc1)c1ccc(Oc2ccc(N3C(=O)c4ccc(C(c5ccc6c(c5)C(=O)N(c5ccc(Oc7ccc(C(C)(C)c8ccc(Oc9ccc(N)cn9)cc8)cc7)nc5)C6=O)(C(F)(F)F)C(F)(F)F)cc4C3=O)cn2)cc1,air,10,10,483
Nc1ccc(Oc2ccc(C(c3ccc(Oc4ccc(N5C(=O)c6ccc(C(c7ccc8c(c7)C(=O)N(c7ccc(Oc9ccc(C(c%10ccc(Oc%11ccc(N)cc%11)cc%10)(C(F)(F)F)C(F)(F)F)cc9)cc7)C8=O)(C(F)(F)F)C(F)(F)F)cc6C5=O)cc4)cc3)(C(F)(F)F)C(F)(F)F)cc2)cc1,N2,10,5,523
Nc1ccc(Oc2ccc(C(c3ccc(Oc4ccc(N5C(=O)c6ccc(C(c7ccc8c(c7)C(=O)N(c7ccc(Oc9ccc(C(c%10ccc(Oc%11ccc(N)cc%11)cc%10)(C(F)(F)F)C(F)(F)F)cc9)cc7)C8=O)(C(F)(F)F)C(F)(F)F)cc6C5=O)cc4)cc3)(C(F)(F)F)C(F)(F)F)cc2)cc1,N2,10,10,540
Nc1ccc(Oc2ccc(C(c3ccc(Oc4ccc(N5C(=O)c6ccc(C(c7ccc8c(c7)C(=O)N(c7ccc(Oc9ccc(C(c%10ccc(Oc%11ccc(N)cc%11)cc%10)(C(F)(F)F)C(F)(F)F)cc9)cc7)C8=O)(C(F)(F)F)C(F)(F)F)cc6C5=O)cc4)cc3)(C(F)(F)F)C(F)(F)F)cc2)cc1,air,10,5,511
Nc1ccc(Oc2ccc(C(c3ccc(Oc4ccc(N5C(=O)c6ccc(C(c7ccc8c(c7)C(=O)N(c7ccc(Oc9ccc(C(c%10ccc(Oc%11ccc(N)cc%11)cc%10)(C(F)(F)F)C(F)(F)F)cc9)cc7)C8=O)(C(F)(F)F)C(F)(F)F)cc6C5=O)cc4)cc3)(C(F)(F)F)C(F)(F)F)cc2)cc1,air,10,10,530
Nc1ccc(Oc2ccc(N3C(=O)c4ccc5c6c(ccc(c46)C3=O)C(=O)N(c3ccc(Oc4ccc(N)cc4)cc3)C5=O)cc2)cc1,N2,20,10,332
Nc1ccc(Oc2ccc(N3C(=O)c4ccc5c6c(ccc(c46)C3=O)C(=O)N(c3ccc(Oc4ccc(N)cc4)cc3)C5=O)cc2)cc1,N2,20,20,355
Nc1ccc(Oc2ccc(N3C(=O)c4ccc5c6c(ccc(c46)C3=O)C(=O)N(c3ccc(Oc4ccc(N)cc4)cc3)C5=O)cc2)cc1,N2,20,30,386
Nc1ccc(Oc2ccc(N3C(=O)c4ccc5c6c(ccc(c46)C3=O)C(=O)N(c3ccc(Oc4ccc(N)cc4)cc3)C5=O)cc2)cc1,N2,20,40,400
Nc1ccc(Oc2ccc(N3C(=O)c4ccc(Oc5ccc6c(c5)C(=O)N(c5ccc(Oc7ccc(N)cc7)cc5)C6=O)cc4C3=O)cc2)cc1,N2,20,10,360
Nc1ccc(Oc2ccc(N3C(=O)c4ccc(Oc5ccc6c(c5)C(=O)N(c5ccc(Oc7ccc(N)cc7)cc5)C6=O)cc4C3=O)cc2)cc1,N2,20,20,399
Nc1ccc(Oc2ccc(N3C(=O)c4ccc(Oc5ccc6c(c5)C(=O)N(c5ccc(Oc7ccc(N)cc7)cc5)C6=O)cc4C3=O)cc2)cc1,N2,20,30,409
Nc1ccc(Oc2ccc(N3C(=O)c4ccc(Oc5ccc6c(c5)C(=O)N(c5ccc(Oc7ccc(N)cc7)cc5)C6=O)cc4C3=O)cc2)cc1,N2,20,40,431
Nc1ccc(S(=O)(=O)c2ccc(N3C(=O)c4ccc5c6c(ccc(c46)C3=O)C(=O)N(c3ccc(S(=O)(=O)c4ccc(N)cc4)cc3)C5=O)cc2)cc1,N2,20,10,348
Nc1ccc(S(=O)(=O)c2ccc(N3C(=O)c4ccc5c6c(ccc(c46)C3=O)C(=O)N(c3ccc(S(=O)(=O)c4ccc(N)cc4)cc3)C5=O)cc2)cc1,N2,20,20,372
Nc1ccc(S(=O)(=O)c2ccc(N3C(=O)c4ccc5c6c(ccc(c46)C3=O)C(=O)N(c3ccc(S(=O)(=O)c4ccc(N)cc4)cc3)C5=O)cc2)cc1,N2,20,30,390
Nc1ccc(S(=O)(=O)c2ccc(N3C(=O)c4ccc5c6c(ccc(c46)C3=O)C(=O)N(c3ccc(S(=O)(=O)c4ccc(N)cc4)cc3)C5=O)cc2)cc1,N2,20,40,400
Nc1ccc(S(=O)(=O)c2ccc(N3C(=O)c4ccc(Oc5ccc6c(c5)C(=O)N(c5ccc(S(=O)(=O)c7ccc(N)cc7)cc5)C6=O)cc4C3=O)cc2)cc1,N2,20,10,320
Nc1ccc(S(=O)(=O)c2ccc(N3C(=O)c4ccc(Oc5ccc6c(c5)C(=O)N(c5ccc(S(=O)(=O)c7ccc(N)cc7)cc5)C6=O)cc4C3=O)cc2)cc1,N2,20,20,360
Nc1ccc(S(=O)(=O)c2ccc(N3C(=O)c4ccc(Oc5ccc6c(c5)C(=O)N(c5ccc(S(=O)(=O)c7ccc(N)cc7)cc5)C6=O)cc4C3=O)cc2)cc1,N2,20,30,387
Nc1ccc(S(=O)(=O)c2ccc(N3C(=O)c4ccc(Oc5ccc6c(c5)C(=O)N(c5ccc(S(=O)(=O)c7ccc(N)cc7)cc5)C6=O)cc4C3=O)cc2)cc1,N2,20,40,430
Nc1ccc(Cc2ccc(N3C(=O)c4ccc5c6c(ccc(c46)C3=O)C(=O)N(c3ccc(Cc4ccc(N)cc4)cc3)C5=O)cc2)cc1,N2,20,10,350
Nc1ccc(Cc2ccc(N3C(=O)c4ccc5c6c(ccc(c46)C3=O)C(=O)N(c3ccc(Cc4ccc(N)cc4)cc3)C5=O)cc2)cc1,N2,20,20,386
Nc1ccc(Cc2ccc(N3C(=O)c4ccc5c6c(ccc(c46)C3=O)C(=O)N(c3ccc(Cc4ccc(N)cc4)cc3)C5=O)cc2)cc1,N2,20,30,400
Nc1ccc(Cc2ccc(N3C(=O)c4ccc5c6c(ccc(c46)C3=O)C(=O)N(c3ccc(Cc4ccc(N)cc4)cc3)C5=O)cc2)cc1,N2,20,40,412
Nc1ccc(Cc2ccc(N3C(=O)c4ccc(Oc5ccc6c(c5)C(=O)N(c5ccc(Cc7ccc(N)cc7)cc5)C6=O)cc4C3=O)cc2)cc1,N2,20,10,376
Nc1ccc(Cc2ccc(N3C(=O)c4ccc(Oc5ccc6c(c5)C(=O)N(c5ccc(Cc7ccc(N)cc7)cc5)C6=O)cc4C3=O)cc2)cc1,N2,20,20,400
Nc1ccc(Cc2ccc(N3C(=O)c4ccc(Oc5ccc6c(c5)C(=O)N(c5ccc(Cc7ccc(N)cc7)cc5)C6=O)cc4C3=O)cc2)cc1,N2,20,30,410
Nc1ccc(Cc2ccc(N3C(=O)c4ccc(Oc5ccc6c(c5)C(=O)N(c5ccc(Cc7ccc(N)cc7)cc5)C6=O)cc4C3=O)cc2)cc1,N2,20,40,423
CC(C)(c1ccc(O)cc1)c1ccc(Oc2cccc(Oc3ccc(C(c4ccc(Oc5cccc(Cl)c5C#N)cc4)c4ccccc4C(=O)O)cc3)c2C#N)cc1,N2,20,5,253
CC(C)(c1ccc(O)cc1)c1ccc(Oc2cccc(Oc3ccc(C(c4ccc(Oc5cccc(Cl)c5C#N)cc4)c4ccccc4C(=O)O)cc3)c2C#N)cc1,N2,20,10,383
CC(C)(c1ccc(O)cc1)c1ccc(Oc2cccc(Oc3ccc(C(c4ccc(Oc5cccc(Cl)c5C#N)cc4)c4ccccc4C(=O)Nc4ccc(Oc5ccc(C#N)c(C#N)c5)cc4)cc3)c2C#N)cc1,N2,20,5,434
CC(C)(c1ccc(O)cc1)c1ccc(Oc2cccc(Oc3ccc(C(c4ccc(Oc5cccc(Cl)c5C#N)cc4)c4ccccc4C(=O)Nc4ccc(Oc5ccc(C#N)c(C#N)c5)cc4)cc3)c2C#N)cc1,N2,20,10,476
N#Cc1ccc(Oc2ccc(-c3ccc(Oc4ccc(C(=O)c5ccc(Oc6ccc(S(=O)(=O)c7ccc(Oc8ccc(C(=O)c9ccc(Oc%10ccc(-c%11ccc(Oc%12ccc(C#N)c(C#N)c%12)cc%11)cc%10)cc9)cc8)cc7)cc6)cc5)cc4)cc3)cc2)cc1C#N,N2,20,5,488
CCc1ccc(N2COc3ccc(C(C)(C)c4ccc5c(c4)CN(c4ccc(C)cc4)CO5)cc3C2)cc1,N2,10,1,173
CCc1ccc(N2COc3ccc(C(C)(C)c4ccc5c(c4)CN(c4ccc(C)cc4)CO5)cc3C2)cc1,N2,10,5,225
CCc1ccc(N2COc3ccc(C(C)(C)c4ccc5c(c4)CN(c4ccc(C)cc4)CO5)cc3C2)cc1,N2,10,10,323
Nc1cccc(NC(=O)c2ccc3c(c2)C(=O)N(c2ccc(-c4ccc(N5C(=O)c6ccc(C(=O)O)cc6C5=O)cc4C(F)(F)F)c(C(F)(F)F)c2)C3=O)c1,N2,10,10,495
Nc1cccc(NC(=O)c2ccc3c(c2)C(=O)N(c2ccc(-c4ccc(N5C(=O)c6ccc(C(=O)O)cc6C5=O)cc4C(F)(F)F)c(C(F)(F)F)c2)C3=O)c1,air,10,10,400
Nc1ccc(-c2ccc(NC(=O)c3ccc4c(c3)C(=O)N(c3cccc(N5C(=O)c6ccc(C(=O)O)cc6C5=O)c3)C4=O)cc2C(F)(F)F)c(C(F)(F)F)c1,N2,10,10,501
Nc1ccc(-c2ccc(NC(=O)c3ccc4c(c3)C(=O)N(c3cccc(N5C(=O)c6ccc(C(=O)O)cc6C5=O)c3)C4=O)cc2C(F)(F)F)c(C(F)(F)F)c1,air,10,10,438
Nc1ccc(-c2ccc(NC(=O)c3ccc4c(c3)C(=O)N(c3ccc(-c5ccc(N6C(=O)c7ccc(C(=O)O)cc7C6=O)cc5C(F)(F)F)c(C(F)(F)F)c3)C4=O)cc2C(F)(F)F)c(C(F)(F)F)c1,N2,10,10,489
Nc1ccc(-c2ccc(NC(=O)c3ccc4c(c3)C(=O)N(c3ccc(-c5ccc(N6C(=O)c7ccc(C(=O)O)cc7C6=O)cc5C(F)(F)F)c(C(F)(F)F)c3)C4=O)cc2C(F)(F)F)c(C(F)(F)F)c1,air,10,10,322
Nc1ccc(Oc2ccc(NC(=O)c3ccc4c(c3)C(=O)N(c3ccc(-c5ccc(N6C(=O)c7ccc(C(=O)O)cc7C6=O)cc5C(F)(F)F)c(C(F)(F)F)c3)C4=O)cc2C(F)(F)F)c(C(F)(F)F)c1,N2,10,10,452
Nc1ccc(Oc2ccc(NC(=O)c3ccc4c(c3)C(=O)N(c3ccc(-c5ccc(N6C(=O)c7ccc(C(=O)O)cc7C6=O)cc5C(F)(F)F)c(C(F)(F)F)c3)C4=O)cc2C(F)(F)F)c(C(F)(F)F)c1,air,10,10,363
Nc1ccc(-c2ccc(NC(=O)c3ccc4c(c3)C(=O)N(c3ccc(Oc5ccc(N6C(=O)c7ccc(C(=O)O)cc7C6=O)cc5C(F)(F)F)c(C(F)(F)F)c3)C4=O)cc2C(F)(F)F)c(C(F)(F)F)c1,N2,10,10,515
Nc1ccc(-c2ccc(NC(=O)c3ccc4c(c3)C(=O)N(c3ccc(Oc5ccc(N6C(=O)c7ccc(C(=O)O)cc7C6=O)cc5C(F)(F)F)c(C(F)(F)F)c3)C4=O)cc2C(F)(F)F)c(C(F)(F)F)c1,air,10,10,514
Nc1ccc(NC(=O)c2ccc3c(c2)C(=O)N(c2ccc(-c4ccc(NC(=O)c5ccc6c(c5)C(=O)NC6=O)cc4C(F)(F)F)c(C(F)(F)F)c2)C3=O)cc1,N2,10,10,493
Nc1ccc(NC(=O)c2ccc3c(c2)C(=O)N(c2ccc(-c4ccc(NC(=O)c5ccc6c(c5)C(=O)NC6=O)cc4C(F)(F)F)c(C(F)(F)F)c2)C3=O)cc1,air,10,10,492
Nc1ccc(-c2ccc(NC(=O)c3ccc4c(c3)C(=O)N(c3ccc(-c5ccc(NC(=O)c6ccc7c(c6)C(=O)NC7=O)cc5C(F)(F)F)c(C(F)(F)F)c3)C4=O)cc2C(F)(F)F)c(C(F)(F)F)c1,N2,10,10,489
Nc1ccc(-c2ccc(NC(=O)c3ccc4c(c3)C(=O)N(c3ccc(-c5ccc(NC(=O)c6ccc7c(c6)C(=O)NC7=O)cc5C(F)(F)F)c(C(F)(F)F)c3)C4=O)cc2C(F)(F)F)c(C(F)(F)F)c1,air,10,10,477
Nc1ccc(Oc2ccc(NC(=O)c3ccc4c(c3)C(=O)N(c3ccc(-c5ccc(NC(=O)c6ccc7c(c6)C(=O)NC7=O)cc5C(F)(F)F)c(C(F)(F)F)c3)C4=O)cc2C(F)(F)F)c(C(F)(F)F)c1,N2,10,10,519
Nc1ccc(Oc2ccc(NC(=O)c3ccc4c(c3)C(=O)N(c3ccc(-c5ccc(NC(=O)c6ccc7c(c6)C(=O)NC7=O)cc5C(F)(F)F)c(C(F)(F)F)c3)C4=O)cc2C(F)(F)F)c(C(F)(F)F)c1,air,10,10,534
COC(=O)c1cc(OC)c(OC)c(-c2cc(C(=O)OCCCCO)cc(OC)c2OC)c1,N2,10,5,364.4
COC(=O)c1cc(OC)c(OC)c(-c2cc(C(=O)OCCCCO)cc(OC)c2OC)c1,N2,10,10,374.4
CCOc1c(OC)cc(C(=O)OC)cc1-c1cc(C(=O)OCCCCO)cc(OC)c1OCC,N2,20,5,342.1
CCOc1c(OC)cc(C(=O)OC)cc1-c1cc(C(=O)OCCCCO)cc(OC)c1OCC,N2,20,10,354.3
CCCOc1c(OC)cc(C(=O)OC)cc1-c1cc(C(=O)OCCCCO)cc(OC)c1OCCC,N2,20,5,360.4
CCCOc1c(OC)cc(C(=O)OC)cc1-c1cc(C(=O)OCCCCO)cc(OC)c1OCCC,N2,20,10,367.1
CCCCOc1c(OC)cc(C(=O)OC)cc1-c1cc(C(=O)OCCCCO)cc(OC)c1OCCCC,N2,20,5,367.6
CCCCOc1c(OC)cc(C(=O)OC)cc1-c1cc(C(=O)OCCCCO)cc(OC)c1OCCCC,N2,20,10,379.7
COC(=O)c1cc(OC)c(OC)c(-c2cc(C(=O)OCCCCCCO)cc(OC)c2OC)c1,N2,20,5,390.1
COC(=O)c1cc(OC)c(OC)c(-c2cc(C(=O)OCCCCCCO)cc(OC)c2OC)c1,N2,20,10,401
CCOc1c(OC)cc(C(=O)OC)cc1-c1cc(C(=O)OCCCCCCO)cc(OC)c1OCC,N2,20,5,367.3
CCOc1c(OC)cc(C(=O)OC)cc1-c1cc(C(=O)OCCCCCCO)cc(OC)c1OCC,N2,20,10,381.5
CCCOc1c(OC)cc(C(=O)OC)cc1-c1cc(C(=O)OCCCCCCO)cc(OC)c1OCCC,N2,20,5,377.6
CCCOc1c(OC)cc(C(=O)OC)cc1-c1cc(C(=O)OCCCCCCO)cc(OC)c1OCCC,N2,20,10,390.4
CCCCOc1c(OC)cc(C(=O)OC)cc1-c1cc(C(=O)OCCCCCCO)cc(OC)c1OCCCC,N2,20,5,384.2
CCCCOc1c(OC)cc(C(=O)OC)cc1-c1cc(C(=O)OCCCCCCO)cc(OC)c1OCCCC,N2,20,10,396.7
C=Cc1ccc(-c2ccc3c(c2)CC3)c(OC)c1,N2,10,5,436
N#Cc1ccc(Oc2cccc(Oc3cc(Oc4cccc(Oc5ccc(C#N)c(C#N)c5)c4)ncn3)c2)cc1C#N,N2,10,5,489
N#Cc1ccc(Oc2cccc(Oc3cc(Oc4cccc(Oc5ccc(C#N)c(C#N)c5)c4)ncn3)c2)cc1C#N,N2,10,10,544
N#Cc1ccc(Oc2cccc(Oc3cc(Oc4cccc(Oc5ccc(C#N)c(C#N)c5)c4)ncn3)c2)cc1C#N,air,10,5,474
N#Cc1ccc(Oc2cccc(Oc3cc(Oc4cccc(Oc5ccc(C#N)c(C#N)c5)c4)ncn3)c2)cc1C#N,air,10,10,524
O=Cc1ccc(OCCOc2ccc(C3OCC(CO)(CO)CO3)cc2)cc1,N2,20,5,328
COc1cc(C=O)ccc1OCCOc1ccc(C2OCC(CO)(CO)CO2)cc1OC,N2,20,5,308
COc1cc(C=O)cc(OC)c1OCCOc1c(OC)cc(C2OCC(CO)(CO)CO2)cc1OC,N2,20,5,307
CCOc1cc(C=O)ccc1OCCOc1ccc(C2OCC(CO)(CO)CO2)cc1OCC,N2,20,5,326
CCC(CO)(CO)COCC1(CC)COC(c2ccc(OCCOc3ccc(C=O)cc3)cc2)OC1,N2,20,5,349
CCC(CO)(CO)COCC1(CC)COC(c2ccc(OCCOc3ccc(C=O)cc3OC)c(OC)c2)OC1,N2,20,5,327
CCC(CO)(CO)COCC1(CC)COC(c2cc(OC)c(OCCOc3c(OC)cc(C=O)cc3OC)c(OC)c2)OC1,N2,20,5,320
CCOc1cc(C=O)ccc1OCCOc1ccc(C2OCC(CC)(COCC(CC)(CO)CO)CO2)cc1OCC,N2,20,5,333
NCC(F)(F)C(F)(F)C(F)(F)C(F)(F)CN1COc2ccc(C(c3ccc(O)cc3)(C(F)(F)F)C(F)(F)F)cc2C1,N2,20,1,284
NCC(F)(F)C(F)(F)C(F)(F)C(F)(F)CN1COc2ccc(C(c3ccc(O)cc3)(C(F)(F)F)C(F)(F)F)cc2C1,N2,20,5,322
NCC(F)(F)C(F)(F)C(F)(F)C(F)(F)CN1COc2ccc(C(c3ccc(O)cc3)(C(F)(F)F)C(F)(F)F)cc2C1,N2,20,10,360
Nc1ccc(C(F)(F)C(F)(F)C(F)(F)C(F)(F)C(F)(F)C(F)(F)c2ccc(N3COc4ccc(C(c5ccc(O)cc5)(C(F)(F)F)C(F)(F)F)cc4C3)cc2)cc1,N2,20,1,308
Nc1ccc(C(F)(F)C(F)(F)C(F)(F)C(F)(F)C(F)(F)C(F)(F)c2ccc(N3COc4ccc(C(c5ccc(O)cc5)(C(F)(F)F)C(F)(F)F)cc4C3)cc2)cc1,N2,20,5,377
Nc1ccc(C(F)(F)C(F)(F)C(F)(F)C(F)(F)C(F)(F)C(F)(F)c2ccc(N3COc4ccc(C(c5ccc(O)cc5)(C(F)(F)F)C(F)(F)F)cc4C3)cc2)cc1,N2,20,10,441
CC(C)(c1ccc(O)cc1)c1ccc2c(c1)CN(CCCCCCN)CO2,N2,20,1,286
CC(C)(c1ccc(O)cc1)c1ccc2c(c1)CN(CCCCCCN)CO2,N2,20,5,332
CC(C)(c1ccc(O)cc1)c1ccc2c(c1)CN(CCCCCCN)CO2,N2,20,10,355
Cc1ccc(Oc2ccc3c(c2)Oc2cc(Oc4ccc(-n5c(=O)c6cc7c(=O)n(C)c(=O)c7cc6c5=O)cc4C(F)(F)F)ccc2C32c3ccccc3-c3ccccc32)c(C(F)(F)F)c1,N2,10,5,563
Cc1ccc(Oc2ccc3c(c2)Oc2cc(Oc4ccc(-n5c(=O)c6cc7c(=O)n(C)c(=O)c7cc6c5=O)cc4C(F)(F)F)ccc2C32c3ccccc3-c3ccccc32)c(C(F)(F)F)c1,N2,10,10,581
Cc1ccc(Oc2ccc3c(c2)Oc2cc(Oc4ccc(-n5c(=O)c6cc7c(=O)n(C)c(=O)c7cc6c5=O)cc4C(F)(F)F)ccc2C32c3ccccc3-c3ccccc32)c(C(F)(F)F)c1,air,10,5,540
Cc1ccc(Oc2ccc3c(c2)Oc2cc(Oc4ccc(-n5c(=O)c6cc7c(=O)n(C)c(=O)c7cc6c5=O)cc4C(F)(F)F)ccc2C32c3ccccc3-c3ccccc32)c(C(F)(F)F)c1,air,10,10,569
CC(C)(c1ccc(O)cc1)c1ccc2c(c1)CN(c1ccc(CCCCCCc3ccc(N)cc3)cc1)CO2,N2,20,1,301
CC(C)(c1ccc(O)cc1)c1ccc2c(c1)CN(c1ccc(CCCCCCc3ccc(N)cc3)cc1)CO2,N2,20,5,347
CC(C)(c1ccc(O)cc1)c1ccc2c(c1)CN(c1ccc(CCCCCCc3ccc(N)cc3)cc1)CO2,N2,20,10,370
N#Cc1ccc(Oc2ccc(S(=O)(=O)c3ccc(Oc4ccc(S(=O)(=O)c5ccc(Oc6ccc(S(=O)(=O)c7ccc(Oc8ccc(C#N)c(C#N)c8)cc7)cc6)cc5)cc4)cc3)cc2)cc1C#N,N2,10,5,450
N#Cc1ccc(Oc2ccc(S(=O)(=O)c3ccc(Oc4ccc(C(=O)c5ccc(Oc6ccc(S(=O)(=O)c7ccc(Oc8ccc(C#N)c(C#N)c8)cc7)cc6)cc5)cc4)cc3)cc2)cc1C#N,N2,10,5,480
N#Cc1ccc(Oc2ccc(S(=O)(=O)c3ccc(Oc4ccc(C(=O)c5ccc(Oc6ccc(S(=O)(=O)c7ccc(Oc8ccc(C#N)c(C#N)c8)cc7)cc6)cc5)cc4)cc3)cc2)cc1C#N,air,10,5,450
COc1cc(CCc2ccc(O)c(OC)c2)ccc1O,N2,10,5,290
COc1cc(CCc2ccc(O)c(OC)c2)ccc1O,N2,10,10,318
COc1cc(/C=C/c2ccc(OC#N)c(OC)c2)ccc1OC#N,N2,10,10,205
COc1cc(CCc2ccc(OC#N)c(OC)c2)ccc1OC#N,N2,10,5,335
COc1cc(CCc2ccc(OC#N)c(OC)c2)ccc1OC#N,N2,10,10,350
O=C(O)c1ccc(C(=O)OCCO)cc1,N2,10,50,470
COc1cc(CCC(=O)O)ccc1OC(C)=O,N2,10,50,462
Nc1ccc(N(c2ccc(N)cc2)c2ccc(-c3ccc(/C=C(\c4ccccc4)c4ccc(-c5ccc(C(F)(F)F)cc5)cc4)cc3)cc2)cc1,N2,20,5,404
Nc1ccc(N(c2ccc(N)cc2)c2ccc(-c3ccc(/C=C(\c4ccccc4)c4ccc(-c5ccc(C(F)(F)F)cc5)cc4)cc3)cc2)cc1,N2,20,10,417
CO[Si](C)(OC)Oc1c(Cc2ccccc2O)cccc1Cc1cccc(Cc2ccccc2O)c1O,N2,10,5,411.6
CO[Si](C)(OC)Oc1c(Cc2ccccc2O)cccc1Cc1cccc(Cc2ccccc2O)c1O,air,10,5,398.9
COc1cc(CCc2ccc(OC(F)=C(F)F)c(OC)c2)ccc1OC(F)=C(F)F,N2,10,25,259
COc1cc(CCc2ccc(OC)c(O[Si](C)(C)O[SiH](C)C)c2)ccc1OC1(F)C(F)C(F)(F)C1(F)F,N2,10,5,385
O=C(c1ccc2c(c1)C(=O)NC2=O)c1ccc2c(c1)C(=O)N(c1ccc(Oc3ccc(S(=O)(=O)c4ccc(Oc5ccccc5)c(-c5ccc(C(F)(F)F)cc5)c4)cc3-c3ccc(C(F)(F)F)cc3)cc1)C2=O,air,20,10,555
O=C(c1ccc2c(c1)C(=O)NC2=O)c1ccc2c(c1)C(=O)N(c1ccc(Oc3ccc(S(=O)(=O)c4ccc(Oc5ccccc5)c(-c5ccc(C(F)(F)F)cc5)c4)cc3-c3ccc(C(F)(F)F)cc3)cc1)C2=O,N2,20,10,564
O=C1NC(=O)c2cc(Oc3ccc4c(c3)C(=O)N(c3ccc(Oc5ccc(S(=O)(=O)c6ccc(Oc7ccccc7)c(-c7ccc(C(F)(F)F)cc7)c6)cc5-c5ccc(C(F)(F)F)cc5)cc3)C4=O)ccc21,air,20,10,550
O=C1NC(=O)c2cc(Oc3ccc4c(c3)C(=O)N(c3ccc(Oc5ccc(S(=O)(=O)c6ccc(Oc7ccccc7)c(-c7ccc(C(F)(F)F)cc7)c6)cc5-c5ccc(C(F)(F)F)cc5)cc3)C4=O)ccc21,N2,20,10,558
O=C1NC(=O)c2cc(-c3ccc4c(c3)C(=O)N(c3ccc(Oc5ccc(S(=O)(=O)c6ccc(Oc7ccccc7)c(-c7ccc(C(F)(F)F)cc7)c6)cc5-c5ccc(C(F)(F)F)cc5)cc3)C4=O)ccc21,air,20,10,556
O=C1NC(=O)c2cc(-c3ccc4c(c3)C(=O)N(c3ccc(Oc5ccc(S(=O)(=O)c6ccc(Oc7ccccc7)c(-c7ccc(C(F)(F)F)cc7)c6)cc5-c5ccc(C(F)(F)F)cc5)cc3)C4=O)ccc21,N2,20,10,570
N#Cc1ccc(Oc2ccc(Oc3cccc(Oc4ccc(Oc5cccc(Oc6ccc(C7(c8ccc(Oc9ccc(C#N)c(C#N)c9)cc8)c8ccccc8-c8ccccc87)cc6)c5C#N)cc4)c3C#N)cc2)cc1C#N,N2,10,5,509.8
N#Cc1ccc(Oc2ccc(Oc3cccc(Oc4ccc(Oc5cccc(Oc6ccc(C7(c8ccc(Oc9ccc(C#N)c(C#N)c9)cc8)c8ccccc8-c8ccccc87)cc6)c5C#N)cc4)c3C#N)cc2)cc1C#N,N2,10,10,542.1
N#Cc1ccc(Oc2ccc(Oc3cccc(Oc4ccc(Oc5cccc(Oc6ccc(C7(c8ccc(Oc9ccc(C#N)c(C#N)c9)cc8)c8ccccc8-c8ccccc87)cc6)c5C#N)cc4)c3C#N)cc2)cc1C#N,air,10,5,504.8
N#Cc1ccc(Oc2ccc(Oc3cccc(Oc4ccc(Oc5cccc(Oc6ccc(C7(c8ccc(Oc9ccc(C#N)c(C#N)c9)cc8)c8ccccc8-c8ccccc87)cc6)c5C#N)cc4)c3C#N)cc2)cc1C#N,air,10,10,537.7
O=C1NC(=O)c2cc(Oc3ccc(Oc4ccc5c(c4)C(=O)N(c4ccc(-c6nc7cc8nc(-c9ccccc9)oc8cc7o6)cc4)C5=O)cc3)ccc21,air,10,5,550
O=C1NC(=O)c2cc(Oc3ccc(Oc4ccc5c(c4)C(=O)N(c4ccc(-c6nc7cc8nc(-c9ccccc9)oc8cc7o6)cc4)C5=O)cc3)ccc21,air,10,10,560
O=C1NC(=O)c2c1cccc2-c1cccc2c1C(=O)N(c1ccc(-c3nc4cc5nc(-c6ccccc6)oc5cc4o3)cc1)C2=O,air,10,5,549
O=C1NC(=O)c2c1cccc2-c1cccc2c1C(=O)N(c1ccc(-c3nc4cc5nc(-c6ccccc6)oc5cc4o3)cc1)C2=O,air,10,10,559
O=c1[nH]c(=O)c2cc3c(=O)n(-c4ccc(-c5nc6cc7nc(-c8ccccc8)oc7cc6o5)cc4)c(=O)c3cc12,air,10,5,551
O=c1[nH]c(=O)c2cc3c(=O)n(-c4ccc(-c5nc6cc7nc(-c8ccccc8)oc7cc6o5)cc4)c(=O)c3cc12,air,10,10,573
C#CCOc1ccc(/C=C/c2cc(OCC#C)cc(OCC#C)c2)cc1,N2,10,5,420
C#CCOc1ccc(Oc2ccc(OCC#C)cc2)cc1,N2,10,5,384
C#CCOc1ccc(C2(c3ccc(OCC#C)cc3)c3ccccc3-c3ccccc32)cc1,N2,10,5,395
C#CCOc1ccc(Oc2cc(C)cc(C)c2)cc1,N2,10,5,471
C#CCOc1ccc(Oc2cc(C)cc(C)c2)cc1,air,10,5,451
C#CCCOc1c(C)cccc1Cc1cccc(CC)c1O,N2,10,5,430
N#Cc1ccc(Oc2cccc(N3C(=O)C4CC5C(=O)N(c6cccc(Oc7ccc(C#N)c(C#N)c7)c6)C(=O)C5CC4C3=O)c2)cc1C#N,N2,10,5,521
N#Cc1ccc(Oc2cccc(N3C(=O)C4CC5C(=O)N(c6cccc(Oc7ccc(C#N)c(C#N)c7)c6)C(=O)C5CC4C3=O)c2)cc1C#N,air,10,5,530
[C-]#[N+]c1ccc(Oc2ccc(CN=Cc3ccc(Oc4ccc(C#N)c(C#N)c4)c(OC)c3)cc2)cc1C#N,N2,10,5,510
[C-]#[N+]c1ccc(Oc2ccc(CN=Cc3ccc(Oc4ccc(C#N)c(C#N)c4)c(OC)c3)cc2)cc1C#N,air,10,5,508
[C-]#[N+]c1ccc(Oc2ccc(CN=Cc3ccc(Oc4ccc(C#N)c(C#N)c4)c(OC)c3)cc2)cc1C#N,air,10,10,560
C=CC1CC(C=C)C(c2ccc(OC3(F)C(F)(F)C(F)(F)C3(F)Oc3ccc(C4CC(C=C)CC4C=C)cc3OC)c(OC)c2)C1,N2,10,5,412
C=CC1CC(C=C)C(c2ccc(OC3(F)C(F)(F)C(F)(F)C3(F)Oc3ccc(C4CC(C=C)CC4C=C)cc3OC)c(OC)c2)C1,air,10,5,337
C=CC1CC(C=C)C(c2ccc(OC3(F)C(F)(F)C(F)(F)C3(F)Oc3ccc(C4CC(C=C)CC4C=C)cc3OC)c(OC)c2)C1,air,10,10,361
Nc1cccc(Oc2ccc(-c3nnc(-c4ccc(Oc5cccc(N6C(=O)c7cccc8c(C(=O)c9cccc(C(=O)c%10ccc%11c%12c(cccc%10%12)C(=O)N(c%10cccc(Oc%12ccc(-c%13nnc(-c%14ccc(Oc%15cccc(N%16C(=O)c%17ccc(C(c%18ccc%19c(c%18)C(=O)NC%19=O)(C(F)(F)F)C(F)(F)F)cc%17C%16=O)c%15)cc%14)o%13)cc%12)c%10)C%11=O)c9)ccc(c78)C6=O)c5)cc4)o3)cc2)c1,air,128,0,465
Nc1cccc(Oc2ccc(-c3nnc(-c4ccc(Oc5cccc(N6C(=O)c7cccc8c(C(=O)c9cccc(C(=O)c%10ccc%11c%12c(cccc%10%12)C(=O)N(c%10cccc(Oc%12ccc(-c%13nnc(-c%14ccc(Oc%15cccc(N%16C(=O)c%17ccc(C(c%18ccc%19c(c%18)C(=O)NC%19=O)(C(F)(F)F)C(F)(F)F)cc%17C%16=O)c%15)cc%14)o%13)cc%12)c%10)C%11=O)c9)ccc(c78)C6=O)c5)cc4)o3)cc2)c1,air,128,10,495
C#Cc1cccc(C#C[Si](C)(C#Cc2ccc3c(c2)Cc2cc(C#C)ccc2-3)C=C)c1,N2,10,5,639
COC(=O)OCCCCOC(=O)OC,N2,20,5,318
O=C(OCCCCO)c1ccc(C(=O)OCCCCO)o1,N2,20,5,372
O=C(CCC(=O)OCc1ccc(C(=O)C(=O)c2ccc(CO)o2)o1)OCc1ccc(C(=O)C(=O)c2ccc(CO)o2)o1,N2,10,5,281
O=C(CCCCC(=O)OCc1ccc(C(=O)C(=O)c2ccc(CO)o2)o1)OCc1ccc(C(=O)C(=O)c2ccc(CO)o2)o1,N2,10,5,295
O=C(OCc1ccc(C(=O)C(=O)c2ccc(CO)o2)o1)c1ccc(C(=O)OCc2ccc(C(=O)C(=O)c3ccc(CO)o3)o2)cc1,N2,10,5,284
O=C(CCCCC(=O)OCc1ccc(COC(=O)CCC(=O)OCc2ccc(COC(=O)CCCCC(=O)OCc3ccc(CO)o3)o2)o1)OCc1ccc(CO)o1,N2,10,5,247
O=C(/C=C/C(=O)OCc1ccc(COC(=O)CCCCC(=O)OCc2ccc(CO)o2)o1)OCc1ccc(COC(=O)CCCCC(=O)OCc2ccc(CO)o2)o1,N2,10,5,203
O=C(CCCCC(=O)OCc1ccc(COC(=O)NCCCCCCNC(=O)OCc2ccc(COC(=O)CCCCC(=O)OCc3ccc(CO)o3)o2)o1)OCc1ccc(CO)o1,N2,10,5,257
CC1(C)CC(NC(=O)OCc2ccc(COC(=O)CCCCC(=O)OCc3ccc(CO)o3)o2)CC(C)(CNC(=O)OCc2ccc(COC(=O)CCCCC(=O)OCc3ccc(CO)o3)o2)C1,N2,10,5,264
Cc1ccc(NC(=O)OCc2ccc(COC(=O)CCCCC(=O)OCc3ccc(CO)o3)o2)cc1NC(=O)OCc1ccc(COC(=O)CCCCC(=O)OCc2ccc(CO)o2)o1,N2,10,5,231
O=C(CCCCC(=O)OCc1ccc(COC(=O)Nc2ccc(Cc3ccc(NC(=O)OCc4ccc(COC(=O)CCCCC(=O)OCc5ccc(CO)o5)o4)cc3)cc2)o1)OCc1ccc(CO)o1,N2,10,5,214
Nc1ccc(-c2ccc(C(=Cc3ccccc3)c3ccc(-c4ccc(N)cc4)cc3)cc2)cc1,N2,20,5,347
Nc1ccc(-c2ccc(C(=Cc3ccccc3)c3ccc(-c4ccc(N)cc4)cc3)cc2)cc1,N2,20,10,368
C#CCOc1ccc(Oc2cc(Cl)cc(Cl)c2)cc1,N2,10,5,471
C#CCOc1ccc(Oc2cc(Cl)cc(Cl)c2)cc1,air,10,5,451
C=C[Si](C)(O[Si](C)(C)c1ccc2c(c1)CC2)O[Si](C)(C)c1ccc2c(c1)CC2,N2,10,5,461
C=C[Si](O[Si](C)(C)c1ccc2c(c1)CC2)(O[Si](C)(C)c1ccc2c(c1)CC2)O[Si](C)(C)c1ccc2c(c1)CC2,N2,10,5,482
COc1cc(CC2CO2)ccc1Oc1nc(Oc2ccc(CC3CO3)cc2OC)nc(Oc2ccc(CC3CO3)cc2OC)n1,N2,10,5,325.3
N#Cc1ccc(Oc2ccccc2N2C(=O)c3ccc(N)cc3C2=O)cc1C#N,N2,10,5,528.8
N#Cc1ccc(Oc2ccccc2N2C(=O)c3ccc(N)cc3C2=O)cc1C#N,air,10,5,520
N#Cc1ccc(Oc2cccc(N3C(=O)c4ccc(N)cc4C3=O)c2)cc1C#N,N2,10,5,525.4
N#Cc1ccc(Oc2cccc(N3C(=O)c4ccc(N)cc4C3=O)c2)cc1C#N,air,10,5,513.7
N#Cc1ccc(Oc2ccc(N3C(=O)c4ccc(N)cc4C3=O)cc2)cc1C#N,N2,10,5,527.7
O=c1[nH]c(=O)c2cc3c(=O)n(-c4ccc(Oc5ccccn5)cc4)c(=O)c3cc12,N2,20,5,537
O=c1[nH]c(=O)c2cc3c(=O)n(-c4ccc(Oc5ccccn5)cc4)c(=O)c3cc12,N2,20,10,575
O=C1NC(=O)c2cc(C(c3ccc4c(c3)C(=O)N(c3ccc(Oc5ccccn5)cc3)C4=O)(C(F)(F)F)C(F)(F)F)ccc21,N2,20,5,525
O=C1NC(=O)c2cc(C(c3ccc4c(c3)C(=O)N(c3ccc(Oc5ccccn5)cc3)C4=O)(C(F)(F)F)C(F)(F)F)ccc21,N2,20,10,573
O=C(c1ccc2c(c1)C(=O)NC2=O)c1ccc2c(c1)C(=O)N(c1ccc(Oc3ccccn3)cc1)C2=O,N2,20,5,523
O=C(c1ccc2c(c1)C(=O)NC2=O)c1ccc2c(c1)C(=O)N(c1ccc(Oc3ccccn3)cc1)C2=O,N2,20,10,552
O=C1NC(=O)c2cc(Oc3ccc4c(c3)C(=O)N(c3ccc(Oc5ccccn5)cc3)C4=O)ccc21,N2,20,5,490
O=C1NC(=O)c2cc(Oc3ccc4c(c3)C(=O)N(c3ccc(Oc5ccccn5)cc3)C4=O)ccc21,N2,20,10,533
O=C(c1ccccc1)c1ccc(Oc2ccc(N3C(=O)c4ccc(C(c5ccc6c(c5)C(=O)NC6=O)(C(F)(F)F)C(F)(F)F)cc4C3=O)cc2C(F)(F)F)cc1,N2,20,5,568
O=C(c1ccccc1)c1ccc(Oc2ccc(N3C(=O)c4ccc(C(c5ccc6c(c5)C(=O)NC6=O)(C(F)(F)F)C(F)(F)F)cc4C3=O)cc2C(F)(F)F)cc1,N2,20,10,589
O=C(c1ccccc1)c1ccc(Oc2ccc(N3C(=O)c4ccc(C(=O)c5ccc6c(c5)C(=O)NC6=O)cc4C3=O)cc2C(F)(F)F)cc1,N2,20,5,584
O=C(c1ccccc1)c1ccc(Oc2ccc(N3C(=O)c4ccc(C(=O)c5ccc6c(c5)C(=O)NC6=O)cc4C3=O)cc2C(F)(F)F)cc1,N2,20,10,603
O=C(c1ccccc1)c1ccc(Oc2ccc(N3C(=O)c4ccc(Oc5ccc6c(c5)C(=O)NC6=O)cc4C3=O)cc2C(F)(F)F)cc1,N2,20,5,567
O=C(c1ccccc1)c1ccc(Oc2ccc(N3C(=O)c4ccc(Oc5ccc6c(c5)C(=O)NC6=O)cc4C3=O)cc2C(F)(F)F)cc1,N2,20,10,590
C=CCc1cc(Oc2c(F)c(F)c(Oc3ccc(Oc4ccc(Oc5c(F)c(F)c(-c6c(F)c(F)c(F)c(F)c6F)c(F)c5F)c(CC=C)c4)cc3)c(F)c2F)ccc1O,N2,20,5,350
C=CCc1cc(Oc2c(F)c(F)c(Oc3ccc(OCc4ccc(Oc5c(F)c(F)c(Oc6ccc(CBr)cc6)c(F)c5F)cc4)c(CC=C)c3)c(F)c2F)ccc1O,N2,20,5,350
CCO[Si](CCCc1cc(Oc2c(F)c(F)c(Oc3ccc(Oc4ccc(Oc5c(F)c(F)c(-c6c(F)c(F)c(F)c(F)c6F)c(F)c5F)c(CCC[Si](OCC)(OCC)OCC)c4)cc3)c(F)c2F)ccc1O)(OCC)OCC,N2,20,5,320
CCO[Si](CCCc1cc(Oc2c(F)c(F)c(Oc3ccc(OCc4ccc(Oc5c(F)c(F)c(Oc6ccc(CBr)cc6)c(F)c5F)cc4)c(CCC[Si](OCC)(OCC)OCC)c3)c(F)c2F)ccc1O)(OCC)OCC,N2,20,5,280
C/C=C/c1ccc(Oc2nc(Oc3ccc(OC4(F)C(F)(F)C(F)(F)C4(F)Oc4ccc(Oc5nc(Oc6ccc(/C=C/C)cc6)nc(-c6ccc7c(c6)CC7)n5)cc4)cc3)nc(-c3ccc4c(c3)CC4)n2)cc1,N2,10,5,425.9
C/C=C/c1ccc(Oc2nc(Oc3ccc(C(c4ccc(Oc5nc(Oc6ccc(/C=C/C)cc6)nc(-c6ccc7c(c6)CC7)n5)cc4)(C(F)(F)F)C(F)(F)F)cc3)nc(-c3ccc4c(c3)CC4)n2)cc1,N2,10,5,430
C/C=C/c1ccc(Oc2nc(Oc3ccc(C(C)(C)c4ccc(Oc5nc(Oc6ccc(/C=C/C)cc6)nc(-c6ccc7c(c6)CC7)n5)cc4)cc3)nc(-c3ccc4c(c3)CC4)n2)cc1,N2,10,5,432
N#Cc1ccc(-n2nc(-c3ccc(Oc4ccc(Oc5ccc(C6(c7ccc(Oc8ccc(Oc9ccc(-c%10nn(-c%11ccc(C#N)c(C#N)c%11)c(=O)c%11ccccc%10%11)cc9)cc8C(F)(F)F)cc7)c7ccccc7-c7ccccc76)cc5)c(C(F)(F)F)c4)cc3)c3ccccc3c2=O)cc1C#N,N2,20,5,510
N#Cc1ccc(-n2nc(-c3ccc(Oc4ccc(Oc5ccc(C6(c7ccc(Oc8ccc(Oc9ccc(-c%10nn(-c%11ccc(C#N)c(C#N)c%11)c(=O)c%11ccccc%10%11)cc9)cc8C(F)(F)F)cc7)c7ccccc7-c7ccccc76)cc5)c(C(F)(F)F)c4)cc3)c3ccccc3c2=O)cc1C#N,N2,20,10,570
N#Cc1ccc(-n2nc(-c3ccc(Oc4ccc(Oc5ccc(C6(c7ccc(Oc8ccc(Oc9ccc(-c%10nn(-c%11ccc(C#N)c(C#N)c%11)c(=O)c%11ccccc%10%11)cc9)cc8C(F)(F)F)cc7)c7ccccc7-c7ccccc76)cc5)c(C(F)(F)F)c4)cc3)c3ccccc3c2=O)cc1C#N,air,20,5,513
N#Cc1ccc(-n2nc(-c3ccc(Oc4ccc(Oc5ccc(C6(c7ccc(Oc8ccc(Oc9ccc(-c%10nn(-c%11ccc(C#N)c(C#N)c%11)c(=O)c%11ccccc%10%11)cc9)cc8C(F)(F)F)cc7)c7ccccc7-c7ccccc76)cc5)c(C(F)(F)F)c4)cc3)c3ccccc3c2=O)cc1C#N,air,20,10,569
OC1=C2C=C3C4OC45C4OC4CC46OC45C45OC34C34OC23C23OC27C1C=C1CCC28C=CC9=C%10C%11(O)C%12C(=C9)C=CC9%13CC%14%15CC%16=CC%17%18C=CC%19%20OC%19CC6=C6C%20C%17(O%18)C%17%18OC%16%17C%16C%14(O%15)C(C%129O%13)C9(OC93C%163OC34C%183OC653)C%11C73OC13C%102O8,N2,10,5,161
CC(C)(C)Oc1ccc(-c2cc(-c3ccccc3)nc(-c3ccc(N4C(=O)c5ccc(C(c6ccc7c(c6)C(=O)NC7=O)(C(F)(F)F)C(F)(F)F)cc5C4=O)cc3)c2)cc1,N2,10,5,516
CC(C)(C)Oc1ccc(-c2cc(-c3ccccc3)nc(-c3ccc(N4C(=O)c5ccc(C(c6ccc7c(c6)C(=O)NC7=O)(C(F)(F)F)C(F)(F)F)cc5C4=O)cc3)c2)cc1,N2,10,10,538
CC(C)(C)Oc1ccc(-c2cc(-c3ccccc3)nc(-c3ccc(N4C(=O)c5ccc(C(=O)c6ccc7c(c6)C(=O)NC7=O)cc5C4=O)cc3)c2)cc1,N2,10,5,553
CC(C)(C)Oc1ccc(-c2cc(-c3ccccc3)nc(-c3ccc(N4C(=O)c5ccc(C(=O)c6ccc7c(c6)C(=O)NC7=O)cc5C4=O)cc3)c2)cc1,N2,10,10,585
CC(C)(C)Oc1ccc(-c2cc(-c3ccccc3)nc(-c3ccc(N4C(=O)c5ccc(Oc6ccc7c(c6)C(=O)NC7=O)cc5C4=O)cc3)c2)cc1,N2,10,5,564
CC(C)(C)Oc1ccc(-c2cc(-c3ccccc3)nc(-c3ccc(N4C(=O)c5ccc(Oc6ccc7c(c6)C(=O)NC7=O)cc5C4=O)cc3)c2)cc1,N2,10,10,596
CC(C)(C)Oc1ccc(-c2cc(-c3ccccc3)nc(-c3ccc(N4C(=O)c5ccc(-c6ccc7c(c6)C(=O)NC7=O)cc5C4=O)cc3)c2)cc1,N2,10,5,516
CC(C)(C)Oc1ccc(-c2cc(-c3ccccc3)nc(-c3ccc(N4C(=O)c5ccc(-c6ccc7c(c6)C(=O)NC7=O)cc5C4=O)cc3)c2)cc1,N2,10,10,535
CCc1ccccn1,N2,10,10,350
CC(C)(C)Oc1ccc(-c2cc(-c3ccccc3)nc(-c3ccc(-n4c(=O)c5cc6c(=O)[nH]c(=O)c6cc5c4=O)cc3)c2)cc1,N2,10,5,563
CC(C)(C)Oc1ccc(-c2cc(-c3ccccc3)nc(-c3ccc(-n4c(=O)c5cc6c(=O)[nH]c(=O)c6cc5c4=O)cc3)c2)cc1,N2,10,10,585
CC(C)(c1ccc(OCCOCCOc2ccc(C(C)(C)c3ccc(Oc4ccc(C#N)c(C#N)c4)cc3)cc2)cc1)c1ccc(Oc2ccc(C#N)c(C#N)c2)cc1,N2,10,5,410
CC(C)(c1ccc(OC[Si](C)(C)O[Si](C)(C)COc2ccc(C(C)(C)c3ccc(Oc4ccc(C#N)c(C#N)c4)cc3)cc2)cc1)c1ccc(Oc2ccc(C#N)c(C#N)c2)cc1,N2,10,5,420
N#Cc1ccc(Oc2ccc(C(c3ccc(N)cc3)c3ccc(N)cc3)cc2)cc1C#N,air,10,5,410
N#Cc1ccc(Oc2ccc(C(c3ccc(N)cc3)c3ccc(N)cc3)cc2)cc1C#N,air,10,10,515
N#Cc1ccc(Oc2ccc(C(c3ccc(N)cc3)c3ccc(N)cc3)cc2)cc1C#N,N2,10,5,400
N#Cc1ccc(Oc2ccc(C(c3ccc(N)cc3)c3ccc(N)cc3)cc2)cc1C#N,N2,10,10,493
O=c1[nH]c(=O)c2cc3c(=O)n(-c4ccc(Oc5ccc(C6(c7ccc(Oc8cccc(C(F)(F)F)c8)cc7)c7ccccc7-c7ccccc76)cc5)cc4C(F)(F)F)c(=O)c3cc12,N2,20,5,560
O=c1[nH]c(=O)c2cc3c(=O)n(-c4ccc(Oc5ccc(C6(c7ccc(Oc8cccc(C(F)(F)F)c8)cc7)c7ccccc7-c7ccccc76)cc5)cc4C(F)(F)F)c(=O)c3cc12,N2,20,10,590
O=C1NC(=O)C2C1C1C(=O)N(c3ccc(Oc4ccc(C5(c6ccc(Oc7cccc(C(F)(F)F)c7)cc6)c6ccccc6-c6ccccc65)cc4)cc3C(F)(F)F)C(=O)C21,N2,20,5,470
O=C1NC(=O)C2C1C1C(=O)N(c3ccc(Oc4ccc(C5(c6ccc(Oc7cccc(C(F)(F)F)c7)cc6)c6ccccc6-c6ccccc65)cc4)cc3C(F)(F)F)C(=O)C21,N2,20,10,490
N#Cc1ccc(Oc2ccc(C(c3ccc(N)cc3)c3ccc(NC(=O)c4ccc(C(=O)Cl)cc4)cc3)cc2)cc1C#N,air,10,5,400
N#Cc1ccc(Oc2ccc(C(c3ccc(N)cc3)c3ccc(NC(=O)c4ccc(C(=O)Cl)cc4)cc3)cc2)cc1C#N,air,10,10,453
CC(C)(c1ccc(Oc2ccc(N)cc2)cc1)c1ccc(Oc2ccc(NC(=O)c3ccc(C(=O)Nc4ccc(C(c5ccc(N)cc5)c5ccc(Oc6ccc(C#N)c(C#N)c6)cc5)cc4)cc3)cc2)cc1,air,10,5,400
CC(C)(c1ccc(Oc2ccc(N)cc2)cc1)c1ccc(Oc2ccc(NC(=O)c3ccc(C(=O)Nc4ccc(C(c5ccc(N)cc5)c5ccc(Oc6ccc(C#N)c(C#N)c6)cc5)cc4)cc3)cc2)cc1,air,10,10,437
CC(C)(c1ccc(Oc2ccc(N)cc2)cc1)c1ccc(Oc2ccc(NC(=O)c3ccc(C(=O)Cl)cc3)cc2)cc1,air,10,5,413
CC(C)(c1ccc(Oc2ccc(N)cc2)cc1)c1ccc(Oc2ccc(NC(=O)c3ccc(C(=O)Cl)cc3)cc2)cc1,air,10,10,455
O=C(c1ccc(F)cc1)c1ccc(Oc2ccc(Oc3ccc(C(=O)c4ccc(Oc5ccc(C(c6ccc(O)cc6)c6ccccc6C(=O)O)cc5)cc4)cc3)c(-c3cccc(C(F)(F)F)c3)c2)cc1,N2,10,5,274
O=C(c1ccc(F)cc1)c1ccc(Oc2ccc(Oc3ccc(C(=O)c4ccc(Oc5ccc(C(c6ccc(O)cc6)c6ccccc6C(=O)O)cc5)cc4)cc3)c(-c3cccc(C(F)(F)F)c3)c2)cc1,N2,10,10,504
Oc1ccc(-c2ccc(OC3=C(Oc4ccc(-c5ccc(OC6=C(F)C(F)(F)C(F)(F)C6(F)F)cc5)cc4)C(F)(F)C(F)(F)C3(F)F)cc2)cc1,N2,10,5,480
O=C1NC(=O)c2cc(NC(=O)C3CCC(C(=O)Nc4ccc5c(c4)C(=O)N(c4ccc(S(=O)(=O)c6ccccc6)cc4)C5=O)CC3)ccc21,N2,10,5,400
O=C1NC(=O)c2cc(NC(=O)C3CCC(C(=O)Nc4ccc5c(c4)C(=O)N(c4ccc(Oc6ccccc6)cc4)C5=O)CC3)ccc21,N2,10,5,434
O=C1NC(=O)c2cc(NC(=O)C3CCC(C(=O)Nc4ccc5c(c4)C(=O)N(c4ccc(Oc6ccc(Oc7ccccc7C(F)(F)F)cc6)c(C(F)(F)F)c4)C5=O)CC3)ccc21,N2,10,5,432
O=C1NC(=O)c2cc(NC(=O)C3CCC(C(=O)Nc4ccc5c(c4)C(=O)N(C4CCCCC4)C5=O)CC3)ccc21,N2,10,5,424
O=C1NC(=O)c2cc(NC(=O)C3CCC(C(=O)Nc4ccc5c(c4)C(=O)N(c4ccc(-c6ccccc6C(F)(F)F)c(C(F)(F)F)c4)C5=O)CC3)ccc21,N2,10,5,418
CCO[Si](CCCN1COc2ccccc2C1)(OCC)OCC,N2,10,5,312
CCO[Si](CCCN1COc2ccccc2C1)(OCC)OCC,N2,10,20,430
N#Cc1ccc(Oc2cccc(C=Cc3cccc(C=Cc4cccc(Oc5ccc(C#N)c(C#N)c5)c4)n3)c2)cc1C#N,N2,10,5,519
N#Cc1ccc(Oc2cccc(C=Cc3cccc(C=Cc4cccc(Oc5ccc(C#N)c(C#N)c5)c4)n3)c2)cc1C#N,N2,10,10,570
N#Cc1ccc(Oc2cccc(C=Cc3cccc(C=Cc4cccc(Oc5ccc(C#N)c(C#N)c5)c4)n3)c2)cc1C#N,air,10,5,516
N#Cc1ccc(Oc2cccc(C=Cc3cccc(C=Cc4cccc(Oc5ccc(C#N)c(C#N)c5)c4)n3)c2)cc1C#N,air,10,10,555
Oc1ccc(C(c2ccc(OC3=C(F)C(F)(F)C(F)(F)C3(F)F)cc2)(C(F)(F)F)C(F)(F)F)cc1,N2,10,5,483
CC(C)(c1ccc(O)cc1)c1ccc(OC2=C(F)C(F)(F)C(F)(F)C2(F)F)cc1,N2,10,5,432
Oc1ccc(-c2ccc(OC3=C(F)C(F)(F)C(F)(F)C3(F)F)cc2)cc1,N2,10,5,460
Oc1ccc(-c2ccc(OC3=C(Oc4ccc(C(c5ccc(OC6=C(F)C(F)(F)C(F)(F)C6(F)F)cc5)(C(F)(F)F)C(F)(F)F)cc4)C(F)(F)C(F)(F)C3(F)F)cc2)cc1,N2,10,5,310
Oc1ccc(C(c2ccc(OC3=C(Oc4ccc(-c5ccc(OC6=C(F)C(F)(F)C(F)(F)C6(F)F)cc5)cc4)C(F)(F)C(F)(F)C3(F)F)cc2)(C(F)(F)F)C(F)(F)F)cc1,N2,10,5,224
Cc1cc(N)ccc1Oc1ccc(C2(c3ccc(Oc4ccc(NC(=O)c5ccc(C(=O)O)cc5)cc4C)c(-c4ccccc4)c3)c3ccccc3-c3ccccc32)cc1-c1ccccc1,N2,20,10,452
Cc1cc(N)ccc1Oc1ccc(C2(c3ccc(Oc4ccc(NC(=O)c5ccc(C(c6ccc(C(=O)O)cc6)(C(F)(F)F)C(F)(F)F)cc5)cc4C)c(-c4ccccc4)c3)c3ccccc3-c3ccccc32)cc1-c1ccccc1,N2,20,10,462
Cc1cc(N)ccc1Oc1ccc(C2(c3ccc(Oc4ccc(NC(=O)c5ccc(Oc6ccc(C(=O)O)cc6)cc5)cc4C)c(-c4ccccc4)c3)c3ccccc3-c3ccccc32)cc1-c1ccccc1,N2,20,10,460
Nc1ccc(-c2cc(-c3ccc(SC(F)(F)F)cc3)cc(-c3ccc(NC(=O)c4ccc(C(=O)O)cc4)cc3)n2)cc1,N2,10,5,408
Nc1ccc(-c2cc(-c3ccc(SC(F)(F)F)cc3)cc(-c3ccc(NC(=O)c4ccc(C(=O)O)cc4)cc3)n2)cc1,N2,10,10,430
Nc1ccc(-c2cc(-c3ccc(SC(F)(F)F)cc3)cc(-c3ccc(NC(=O)c4ccc(Oc5ccc(C(=O)O)cc5)cc4)cc3)n2)cc1,N2,10,5,435
Nc1ccc(-c2cc(-c3ccc(SC(F)(F)F)cc3)cc(-c3ccc(NC(=O)c4ccc(Oc5ccc(C(=O)O)cc5)cc4)cc3)n2)cc1,N2,10,10,490
Nc1ccc(-c2cc(-c3ccc(SC(F)(F)F)cc3)cc(-c3ccc(NC(=O)c4cccc5c(C(=O)O)cccc45)cc3)n2)cc1,N2,10,5,396
Nc1ccc(-c2cc(-c3ccc(SC(F)(F)F)cc3)cc(-c3ccc(NC(=O)c4cccc5c(C(=O)O)cccc45)cc3)n2)cc1,N2,10,10,443
Cc1cc(C(c2ccccc2)c2cc(C)c(NC(=O)c3ccc(Oc4ccc(C(=O)O)cc4)cc3)c(C)c2)cc(C)c1N,N2,10,10,392
Cc1cc(C(c2ccccc2)c2cc(C)c(NC(=O)c3ccc(Oc4ccc(C(=O)O)cc4)cc3)c(C)c2)cc(C)c1N,air,10,10,410
Cc1cc(C(c2ccccc2)c2cc(C)c(NC(=O)c3cccc(C(=O)O)c3)c(C)c2)cc(C)c1N,N2,10,10,408
Cc1cc(C(c2ccccc2)c2cc(C)c(NC(=O)c3cccc(C(=O)O)c3)c(C)c2)cc(C)c1N,air,10,10,408
Cc1cc(C(c2ccccc2)c2cc(C)c(NC(=O)c3ccc(C(=O)O)cc3)c(C)c2)cc(C)c1N,N2,10,10,410
Cc1cc(C(c2ccccc2)c2cc(C)c(NC(=O)c3ccc(C(=O)O)cc3)c(C)c2)cc(C)c1N,air,10,10,380
O=C(c1ccc(F)cc1)c1ccc(Oc2ccc(C3(c4ccc(O)cc4)c4ccccc4Oc4ccccc43)cc2)cc1,N2,10,5,525
O=C(c1ccc(F)cc1)c1ccc(C(=O)c2ccc(Oc3ccc(C4(c5ccc(O)cc5)c5ccccc5Oc5ccccc54)cc3)cc2)cc1,N2,10,5,534
O=C(c1ccc(F)cc1)c1cccc(C(=O)c2ccc(Oc3ccc(C4(c5ccc(O)cc5)c5ccccc5Oc5ccccc54)cc3)cc2)c1,N2,10,5,542
O=C(c1ccc(F)cc1)c1ccc(-c2ccc(C(=O)c3ccc(Oc4ccc(C5(c6ccc(O)cc6)c6ccccc6Oc6ccccc65)cc4)cc3)cc2)cc1,N2,10,5,555
O=C(c1ccc(F)cc1)c1ccc(Oc2ccc(C(=O)c3ccc(Oc4ccc(C5(c6ccc(O)cc6)c6ccccc6Oc6ccccc65)cc4)cc3)cc2)cc1,N2,10,5,558
CC(C)(c1ccc(Oc2ccc(C#N)c(C#N)c2)cc1)c1ccc(Oc2c(F)c(F)c(-c3c(F)c(F)c(Oc4ccc(C(C)(C)c5ccc(Oc6ccc(C#N)c(C#N)c6)cc5)cc4)c(F)c3F)c(F)c2F)cc1,N2,10,5,501.4
CC(C)(c1ccc(Oc2ccc(C#N)c(C#N)c2)cc1)c1ccc(Oc2c(F)c(F)c(-c3c(F)c(F)c(Oc4ccc(C(C)(C)c5ccc(Oc6ccc(C#N)c(C#N)c6)cc5)cc4)c(F)c3F)c(F)c2F)cc1,N2,10,10,523.6
CC(C)(c1ccc(Oc2ccc(C#N)c(C#N)c2)cc1)c1ccc(Oc2c(F)c(F)c(-c3c(F)c(F)c(Oc4ccc(C(C)(C)c5ccc(Oc6ccc(C#N)c(C#N)c6)cc5)cc4)c(F)c3F)c(F)c2F)cc1,air,10,5,491.8
CC(C)(c1ccc(Oc2ccc(C#N)c(C#N)c2)cc1)c1ccc(Oc2c(F)c(F)c(-c3c(F)c(F)c(Oc4ccc(C(C)(C)c5ccc(Oc6ccc(C#N)c(C#N)c6)cc5)cc4)c(F)c3F)c(F)c2F)cc1,air,10,10,516.4
CC(C)(c1ccc(Oc2ccc(C#Cc3ccc(Oc4ccc(C(C)(C)c5ccc(Oc6ccc(C#N)c(C#N)c6)cc5)cc4)cc3)cc2)cc1)c1ccc(Oc2ccc(C#N)c(C#N)c2)cc1,N2,10,5,495
CC(C)(c1ccc(Oc2ccc(C#Cc3ccc(Oc4ccc(C(C)(C)c5ccc(Oc6ccc(C#N)c(C#N)c6)cc5)cc4)cc3)cc2)cc1)c1ccc(Oc2ccc(C#N)c(C#N)c2)cc1,air,10,5,505
CC(C)(c1ccc(Oc2ccc(OCCCCCCOc3ccc(Oc4ccc(C(C)(C)c5ccc(Oc6ccc(C#N)c(C#N)c6)cc5)cc4)cc3)cc2)cc1)c1ccc(Oc2ccc(C#N)c(C#N)c2)cc1,N2,10,5,430
CC(C)(c1ccc(Oc2ccc(OCCOCCOc3ccc(Oc4ccc(C(C)(C)c5ccc(Oc6ccc(C#N)c(C#N)c6)cc5)cc4)cc3)cc2)cc1)c1ccc(Oc2ccc(C#N)c(C#N)c2)cc1,N2,10,5,410
CC(C)(c1ccc(Oc2ccc(OC[Si](C)(C)O[Si](C)(C)COc3ccc(Oc4ccc(C(C)(C)c5ccc(Oc6ccc(C#N)c(C#N)c6)cc5)cc4)cc3)cc2)cc1)c1ccc(Oc2ccc(C#N)c(C#N)c2)cc1,N2,10,5,420
CCCCc1ccc(F)c(Cc2ccc(F)c(Cc3ccc(F)c(CCCC)c3Oc3ccc(C#N)c(C#N)c3)c2Oc2ccc(C#N)c(C#N)c2)c1O,N2,10,5,452.4
CCCCc1ccc(F)c(Cc2ccc(F)c(Cc3ccc(F)c(CCCC)c3Oc3ccc(C#N)c(C#N)c3)c2Oc2ccc(C#N)c(C#N)c2)c1O,N2,10,10,504.7
CCCCc1ccc(F)c(Cc2ccc(F)c(Cc3ccc(F)c(CCCC)c3Oc3ccc(C#N)c(C#N)c3)c2Oc2ccc(C#N)c(C#N)c2)c1O,air,10,5,443.7
CCCCc1ccc(F)c(Cc2ccc(F)c(Cc3ccc(F)c(CCCC)c3Oc3ccc(C#N)c(C#N)c3)c2Oc2ccc(C#N)c(C#N)c2)c1O,air,10,10,495.7
N#Cc1ccc(Oc2cccc(Oc3cncc(Oc4cccc(Oc5ccc(C#N)c(C#N)c5)c4)n3)c2)cc1C#N,N2,10,5,480
N#Cc1ccc(Oc2cccc(Oc3cncc(Oc4cccc(Oc5ccc(C#N)c(C#N)c5)c4)n3)c2)cc1C#N,N2,10,10,531
N#Cc1ccc(Oc2cccc(Oc3cncc(Oc4cccc(Oc5ccc(C#N)c(C#N)c5)c4)n3)c2)cc1C#N,air,10,5,477
N#Cc1ccc(Oc2cccc(Oc3cncc(Oc4cccc(Oc5ccc(C#N)c(C#N)c5)c4)n3)c2)cc1C#N,air,10,10,519
Nc1ccc(Oc2cccc(Oc3ccc(NC(=O)c4ccc(Oc5ccc(C6(c7ccc(Oc8ccc(C(=O)Cl)cc8)cc7)c7ccccc7Oc7ccccc76)cc5)cc4)cc3)c2)cc1,N2,10,5,559
Nc1ccc(Oc2cccc(Oc3ccc(NC(=O)c4ccc(Oc5ccc(C6(c7ccc(Oc8ccc(C(=O)Cl)cc8)cc7)c7ccccc7Oc7ccccc76)cc5)cc4)cc3)c2)cc1,N2,10,10,565
Nc1ccc(Oc2ccc(Oc3ccc(NC(=O)c4ccc(Oc5ccc(C6(c7ccc(Oc8ccc(C(=O)Cl)cc8)cc7)c7ccccc7Oc7ccccc76)cc5)cc4)cc3)cc2)cc1,N2,10,5,551
Nc1ccc(Oc2ccc(Oc3ccc(NC(=O)c4ccc(Oc5ccc(C6(c7ccc(Oc8ccc(C(=O)Cl)cc8)cc7)c7ccccc7Oc7ccccc76)cc5)cc4)cc3)cc2)cc1,N2,10,10,567
Nc1ccc(Oc2ccc(NC(=O)c3ccc(Oc4ccc(C5(c6ccc(Oc7ccc(C(=O)Cl)cc7)cc6)c6ccccc6Oc6ccccc65)cc4)cc3)cc2)cc1,N2,10,5,556
Nc1ccc(Oc2ccc(NC(=O)c3ccc(Oc4ccc(C5(c6ccc(Oc7ccc(C(=O)Cl)cc7)cc6)c6ccccc6Oc6ccccc65)cc4)cc3)cc2)cc1,N2,10,10,560
Nc1ccc(-c2ccc(NC(=O)c3ccc(Oc4ccc(C5(c6ccc(Oc7ccc(C(=O)Cl)cc7)cc6)c6ccccc6Oc6ccccc65)cc4)cc3)cc2)cc1,N2,10,5,551
Nc1ccc(-c2ccc(NC(=O)c3ccc(Oc4ccc(C5(c6ccc(Oc7ccc(C(=O)Cl)cc7)cc6)c6ccccc6Oc6ccccc65)cc4)cc3)cc2)cc1,N2,10,10,563
Nc1ccc(Cc2ccc(NC(=O)c3ccc(Oc4ccc(C5(c6ccc(Oc7ccc(C(=O)Cl)cc7)cc6)c6ccccc6Oc6ccccc65)cc4)cc3)cc2)cc1,N2,10,5,522
Nc1ccc(Cc2ccc(NC(=O)c3ccc(Oc4ccc(C5(c6ccc(Oc7ccc(C(=O)Cl)cc7)cc6)c6ccccc6Oc6ccccc65)cc4)cc3)cc2)cc1,N2,10,10,535
Nc1cccc(NC(=O)c2ccc(Oc3ccc(C4(c5ccc(Oc6ccc(C(=O)Cl)cc6)cc5)c5ccccc5Oc5ccccc54)cc3)cc2)c1,N2,10,5,545
Nc1cccc(NC(=O)c2ccc(Oc3ccc(C4(c5ccc(Oc6ccc(C(=O)Cl)cc6)cc5)c5ccccc5Oc5ccccc54)cc3)cc2)c1,N2,10,10,568
Nc1ccc(NC(=O)c2ccc(Oc3ccc(C4(c5ccc(Oc6ccc(C(=O)Cl)cc6)cc5)c5ccccc5Oc5ccccc54)cc3)cc2)cc1,N2,10,5,542
Nc1ccc(NC(=O)c2ccc(Oc3ccc(C4(c5ccc(Oc6ccc(C(=O)Cl)cc6)cc5)c5ccccc5Oc5ccccc54)cc3)cc2)cc1,N2,10,10,562
Nc1cccc2c(NC(=O)c3cc(Oc4c(F)c(F)c(C(=O)c5ccccc5)c(F)c4F)cc(C(=O)Cl)c3)cccc12,N2,20,10,493.3
Nc1ccc(-c2ccc(NC(=O)c3cc(Oc4c(F)c(F)c(C(=O)c5ccccc5)c(F)c4F)cc(C(=O)Cl)c3)cc2C(F)(F)F)c(C(F)(F)F)c1,N2,20,10,438.8
Nc1ccc(Oc2ccc(NC(=O)c3cc(Oc4c(F)c(F)c(C(=O)c5ccccc5)c(F)c4F)cc(C(=O)Cl)c3)cc2)cc1,N2,20,10,466.2
Nc1ccc(Oc2cccc(NC(=O)c3cc(Oc4c(F)c(F)c(C(=O)c5ccccc5)c(F)c4F)cc(C(=O)Cl)c3)c2)cc1,N2,20,10,467.4
Nc1ccc(Oc2ccc(C(c3ccc(Oc4ccc(NC(=O)c5cc(Oc6c(F)c(F)c(C(=O)c7ccccc7)c(F)c6F)cc(C(=O)Cl)c5)cc4)cc3)(C(F)(F)F)C(F)(F)F)cc2)cc1,N2,20,10,493.9
Nc1ccc(NC(=O)c2cc(Oc3c(F)c(F)c(C(=O)c4ccccc4)c(F)c3F)cc(C(=O)Cl)c2)cc1,N2,20,10,455.8
O=C(Cl)c1cc(Oc2c(F)c(F)c(C(=O)c3ccccc3)c(F)c2F)cc(C(=O)c2ccc(Oc3ccc(C(=O)c4ccc(C(=O)c5ccc(Oc6ccccc6)cc5)c5ccccc45)cc3)cc2)c1,N2,20,10,457.2
O=C(Cl)c1cc(Oc2c(F)c(F)c(C(=O)c3ccccc3)c(F)c2F)cc(C(=O)c2ccc(Oc3ccc(C(=O)c4cccc(C(=O)c5ccc(Oc6ccccc6)cc5)c4)cc3)cc2)c1,N2,20,10,441.6
O=C(Cl)c1cc(Oc2c(F)c(F)c(C(=O)c3ccccc3)c(F)c2F)cc(C(=O)c2ccc(Oc3ccc(S(=O)(=O)c4ccc(Oc5ccccc5)cc4)cc3)cc2)c1,N2,20,10,406.4
O=C(Cl)c1cc(Oc2c(F)c(F)c(C(=O)c3ccccc3)c(F)c2F)cc(C(=O)c2ccc(Oc3ccc(S(=O)(=O)c4ccc(Oc5cccc6ccccc56)cc4)cc3)c3ccccc23)c1,N2,20,10,443.8
O=C(Cl)c1cc(Oc2c(F)c(F)c(C(=O)c3ccccc3)c(F)c2F)cc(C(=O)c2ccc(Oc3ccccc3)cc2)c1,N2,20,10,435.9
N#Cc1ccc(Oc2ccc(C=Cc3cccc(C=Cc4ccc(Oc5ccc(C#N)c(C#N)c5)cc4)n3)cc2)cc1C#N,N2,10,5,524
N#Cc1ccc(Oc2ccc(C=Cc3cccc(C=Cc4ccc(Oc5ccc(C#N)c(C#N)c5)cc4)n3)cc2)cc1C#N,N2,10,10,576.4
N#Cc1ccc(Oc2ccc(C=Cc3cccc(C=Cc4ccc(Oc5ccc(C#N)c(C#N)c5)cc4)n3)cc2)cc1C#N,air,10,5,505.3
N#Cc1ccc(Oc2ccc(C=Cc3cccc(C=Cc4ccc(Oc5ccc(C#N)c(C#N)c5)cc4)n3)cc2)cc1C#N,air,10,10,549.2
O=C(c1ccc(C(=O)Cl)c(Oc2ccc(C(F)(F)F)cc2)c1)c1ccc2cc(Oc3ccc(S(=O)(=O)c4ccc(Oc5ccc6ccccc6c5)cc4)cc3)ccc2c1,N2,10,5,555
O=C(c1ccc(Oc2ccccc2)cc1)c1ccc(C(=O)c2ccc(Oc3ccc(C(=O)c4ccc(C(=O)Cl)c(Oc5ccc(C(F)(F)F)cc5)c4)cc3)cc2)cc1,N2,10,5,550
O=C(c1ccc(Oc2ccccc2)cc1)c1ccc(Oc2ccc(C(=O)c3ccc(C(=O)Cl)c(Oc4ccc(C(F)(F)F)cc4)c3)cc2)cc1,N2,10,5,546
O=C(c1ccc(Oc2ccc(S(=O)(=O)c3ccc(Oc4ccccc4)cc3)cc2)cc1)c1ccc(C(=O)Cl)c(Oc2ccc(C(F)(F)F)cc2)c1,N2,10,5,548
Cc1cccc(Oc2ccc(C(=O)c3ccc(C(=O)Cl)c(Oc4ccc(C(F)(F)F)cc4)c3)cc2)c1,N2,10,5,480
Cc1ccccc1Oc1ccc(C(=O)c2ccc(C(=O)Cl)c(Oc3ccc(C(F)(F)F)cc3)c2)cc1,N2,10,5,485
O=C(c1ccc(Oc2ccccc2)cc1)c1ccc(C(=O)Cl)c(Oc2ccc(C(F)(F)F)cc2)c1,N2,10,5,545
Nc1ccc(Oc2cccc(Oc3ccc(NC(=O)c4ccc(C(=O)Cl)cc4Oc4ccc(C(F)(F)F)cc4)cc3)c2)cc1,N2,10,5,450
Nc1ccc(Oc2cccc(Oc3ccc(NC(=O)c4ccc(C(=O)Cl)cc4Oc4ccc(C(F)(F)F)cc4)cc3)c2)cc1,N2,10,10,484
Nc1ccc(Oc2ccc(Oc3ccc(NC(=O)c4ccc(C(=O)Cl)cc4Oc4ccc(C(F)(F)F)cc4)cc3)cc2)cc1,N2,10,5,452
Nc1ccc(Oc2ccc(Oc3ccc(NC(=O)c4ccc(C(=O)Cl)cc4Oc4ccc(C(F)(F)F)cc4)cc3)cc2)cc1,N2,10,10,482
Nc1ccc(Oc2ccc(NC(=O)c3ccc(C(=O)Cl)cc3Oc3ccc(C(F)(F)F)cc3)cc2)cc1,N2,10,5,458
Nc1ccc(Oc2ccc(NC(=O)c3ccc(C(=O)Cl)cc3Oc3ccc(C(F)(F)F)cc3)cc2)cc1,N2,10,10,485
Nc1ccc(-c2ccc(NC(=O)c3ccc(C(=O)Cl)cc3Oc3ccc(C(F)(F)F)cc3)cc2)cc1,N2,10,5,462
Nc1ccc(-c2ccc(NC(=O)c3ccc(C(=O)Cl)cc3Oc3ccc(C(F)(F)F)cc3)cc2)cc1,N2,10,10,497
Nc1cccc(NC(=O)c2ccc(C(=O)Cl)cc2Oc2ccc(C(F)(F)F)cc2)c1,N2,10,5,442
Nc1cccc(NC(=O)c2ccc(C(=O)Cl)cc2Oc2ccc(C(F)(F)F)cc2)c1,N2,10,10,481
Nc1ccc(NC(=O)c2ccc(C(=O)Cl)cc2Oc2ccc(C(F)(F)F)cc2)cc1,N2,10,5,443
Nc1ccc(NC(=O)c2ccc(C(=O)Cl)cc2Oc2ccc(C(F)(F)F)cc2)cc1,N2,10,10,480
Nc1ccc(-c2cc(-c3ccc(C(F)(F)F)cc3)cc(-c3ccc(NC(=O)c4cc(Oc5cc(C(F)(F)F)cc(C(F)(F)F)c5)cc(C(=O)Cl)c4)cc3)n2)cc1,N2,10,5,406
Nc1ccc(-c2cc(-c3ccc(C(F)(F)F)cc3)cc(-c3ccc(NC(=O)c4cc(Oc5ccc(C(F)(F)F)cc5)cc(C(=O)Cl)c4)cc3)n2)cc1,N2,10,5,402
Nc1ccc(-c2cc(-c3ccc4ccccc4c3)cc(-c3ccc(NC(=O)c4cc(Oc5cc(C(F)(F)F)cc(C(F)(F)F)c5)cc(C(=O)Cl)c4)cc3)n2)cc1,N2,10,5,429
Nc1ccc(-c2cc(-c3ccc4ccccc4c3)cc(-c3ccc(NC(=O)c4cc(Oc5ccc(C(F)(F)F)cc5)cc(C(=O)Cl)c4)cc3)n2)cc1,N2,10,5,372
Nc1ccc(-c2cc(-c3cccc4ccccc34)cc(-c3ccc(NC(=O)c4cc(Oc5cc(C(F)(F)F)cc(C(F)(F)F)c5)cc(C(=O)Cl)c4)cc3)n2)cc1,N2,10,5,420
Nc1ccc(-c2cc(-c3cccc4ccccc34)cc(-c3ccc(NC(=O)c4cc(Oc5ccc(C(F)(F)F)cc5)cc(C(=O)Cl)c4)cc3)n2)cc1,N2,10,5,395
Nc1ccc(Oc2ccc(C3(c4ccc(Oc5ccc(NC(=O)c6cc(Oc7cc(C(F)(F)F)cc(C(F)(F)F)c7)cc(C(=O)Cl)c6)cc5C(F)(F)F)cc4)c4ccccc4Oc4ccccc43)cc2)c(C(F)(F)F)c1,N2,10,5,436
Nc1ccc(Oc2ccc(C3(c4ccc(Oc5ccc(NC(=O)c6cc(Oc7cc(C(F)(F)F)cc(C(F)(F)F)c7)cc(C(=O)Cl)c6)cc5)cc4)c4ccccc4Oc4ccccc43)cc2)cc1,N2,10,5,456
Nc1ccc(Oc2ccc(C3(c4ccc(Oc5ccc(NC(=O)c6cc(Oc7cc(C(F)(F)F)cc(C(F)(F)F)c7)cc(C(=O)Cl)c6)cc5C(F)(F)F)cc4)c4ccccc4-c4ccccc43)cc2)c(C(F)(F)F)c1,N2,10,5,449
Nc1ccc(Oc2ccc(C3(c4ccc(Oc5ccc(NC(=O)c6cc(Oc7cc(C(F)(F)F)cc(C(F)(F)F)c7)cc(C(=O)Cl)c6)cc5)cc4)c4ccccc4-c4ccccc43)cc2)cc1,N2,10,5,471
Nc1ccc(Oc2ccc(C3(c4ccc(Oc5ccc(NC(=O)c6cc(Oc7ccc(C(F)(F)F)cc7)cc(C(=O)Cl)c6)cc5C(F)(F)F)cc4)c4ccccc4Oc4ccccc43)cc2)c(C(F)(F)F)c1,N2,10,5,407
Nc1ccc(Oc2ccc(C3(c4ccc(Oc5ccc(NC(=O)c6cc(Oc7ccc(C(F)(F)F)cc7)cc(C(=O)Cl)c6)cc5)cc4)c4ccccc4Oc4ccccc43)cc2)cc1,N2,10,5,466
Nc1ccc(Oc2ccc(C3(c4ccc(Oc5ccc(NC(=O)c6cc(Oc7ccc(C(F)(F)F)cc7)cc(C(=O)Cl)c6)cc5C(F)(F)F)cc4)c4ccccc4-c4ccccc43)cc2)c(C(F)(F)F)c1,N2,10,5,436
Nc1ccc(Oc2ccc(C3(c4ccc(Oc5ccc(NC(=O)c6cc(Oc7ccc(C(F)(F)F)cc7)cc(C(=O)Cl)c6)cc5)cc4)c4ccccc4-c4ccccc43)cc2)cc1,N2,10,5,432
COc1cc(/C=N\N=C/c2ccc(OCC3CO3)c(OC)c2)ccc1OCC1CO1,N2,10,5,222
COc1cc(/C=N\N=C/c2ccc(OCC3CO3)c(OC)c2)ccc1OCC1CO1,N2,10,30,294
COc1cc(/C=N\N=C/c2ccc(OCC3CO3)c(OC)c2)ccc1OCC1CO1,air,10,5,220
COc1cc(/C=N\N=C/c2ccc(OCC3CO3)c(OC)c2)ccc1OCC1CO1,air,10,30,305
COc1cc(/C=N\CCC/N=C/c2ccc(OCC3CO3)c(OC)c2)ccc1OCC1CO1,N2,10,5,221
COc1cc(/C=N\CCC/N=C/c2ccc(OCC3CO3)c(OC)c2)ccc1OCC1CO1,N2,10,30,300
COc1cc(/C=N\CCC/N=C/c2ccc(OCC3CO3)c(OC)c2)ccc1OCC1CO1,air,10,5,249
COc1cc(/C=N\CCC/N=C/c2ccc(OCC3CO3)c(OC)c2)ccc1OCC1CO1,air,10,30,317
COc1cc(C=NCCCCCC/N=C/c2ccc(OCC3CO3)c(OC)c2)ccc1OCC1CO1,N2,10,5,218
COc1cc(C=NCCCCCC/N=C/c2ccc(OCC3CO3)c(OC)c2)ccc1OCC1CO1,N2,10,30,305
COc1cc(C=NCCCCCC/N=C/c2ccc(OCC3CO3)c(OC)c2)ccc1OCC1CO1,air,10,5,224
COc1cc(C=NCCCCCC/N=C/c2ccc(OCC3CO3)c(OC)c2)ccc1OCC1CO1,air,10,30,312
COc1cc(C=Nc2ccc(N=Cc3ccc(OCC4CO4)c(OC)c3)cc2)ccc1OCC1CO1,N2,10,5,238
COc1cc(C=Nc2ccc(N=Cc3ccc(OCC4CO4)c(OC)c3)cc2)ccc1OCC1CO1,N2,10,30,307
COc1cc(C=Nc2ccc(N=Cc3ccc(OCC4CO4)c(OC)c3)cc2)ccc1OCC1CO1,air,10,5,241
COc1cc(C=Nc2ccc(N=Cc3ccc(OCC4CO4)c(OC)c3)cc2)ccc1OCC1CO1,air,10,30,337
COc1cc(C=O)ccc1OCC1CO1,N2,10,5,222
COc1cc(C=O)ccc1OCC1CO1,N2,10,30,294
CC(C)(c1ccc(OCC(O)CCC2CO2)cc1)c1ccc(OCC2CO2)cc1,N2,10,5,299
CC(C)(c1ccc(OCC(O)CCC2CO2)cc1)c1ccc(OCC2CO2)cc1,N2,10,30,311
COc1cc(C2OCC3OC(c4ccc(OCC5CO5)c(OC)c4)OCC3O2)ccc1OCC1CO1,N2,20,5,343
COc1cc(C2OCC3OC(c4ccc(OCC5CO5)c(OC)c4)OCC3O2)ccc1OCC1CO1,N2,20,30,384
COc1cc(C2OCC3OC(c4ccc(OCC5CO5)c(OC)c4)OCC3O2)ccc1OCC1CO1,air,20,5,308
COc1cc(C2OCC3OC(c4ccc(OCC5CO5)c(OC)c4)OCC3O2)ccc1OCC1CO1,air,20,30,391
COc1cc(CO)cc(-c2cc(CO)cc(OC)c2OCC2CO2)c1OCC1CO1,N2,10,5,275
COc1cc(CO)cc(-c2cc(CO)cc(OC)c2OCC2CO2)c1OCC1CO1,N2,10,30,334
COc1cc(CO)cc(-c2cc(CO)cc(OC)c2OCC2CO2)c1OCC1CO1,air,10,5,273
COc1cc(CO)cc(-c2cc(CO)cc(OC)c2OCC2CO2)c1OCC1CO1,air,10,30,337
COc1cc(CO)cc(-c2cc(COCC3CO3)cc(OC)c2OCC2CO2)c1OCC1CO1,N2,10,5,296
COc1cc(CO)cc(-c2cc(COCC3CO3)cc(OC)c2OCC2CO2)c1OCC1CO1,N2,10,30,333
COc1cc(CO)cc(-c2cc(COCC3CO3)cc(OC)c2OCC2CO2)c1OCC1CO1,air,10,5,292
COc1cc(CO)cc(-c2cc(COCC3CO3)cc(OC)c2OCC2CO2)c1OCC1CO1,air,10,30,335
COc1cc(COCC2CO2)cc(-c2cc(COCC3CO3)cc(OC)c2OCC2CO2)c1OCC1CO1,N2,10,5,276
COc1cc(COCC2CO2)cc(-c2cc(COCC3CO3)cc(OC)c2OCC2CO2)c1OCC1CO1,N2,10,30,313
COc1cc(COCC2CO2)cc(-c2cc(COCC3CO3)cc(OC)c2OCC2CO2)c1OCC1CO1,air,10,5,275
COc1cc(COCC2CO2)cc(-c2cc(COCC3CO3)cc(OC)c2OCC2CO2)c1OCC1CO1,air,10,30,316
O=C(Cl)c1c(Cl)c(Cl)c(C(=O)c2ccc3cc(Oc4ccc(S(=O)(=O)c5ccc(Oc6ccc7ccccc7c6)cc5)cc4)ccc3c2)c(Cl)c1Cl,N2,10,5,532
Cc1ccccc1Oc1ccc(S(=O)(=O)c2ccc(Oc3ccc(C(=O)c4c(Cl)c(Cl)c(C(=O)Cl)c(Cl)c4Cl)cc3C)cc2)cc1,N2,10,5,483
O=C(Cl)c1c(Cl)c(Cl)c(C(=O)c2ccc(Oc3ccc(S(=O)(=O)c4ccc(Oc5ccccc5)cc4)cc3)cc2)c(Cl)c1Cl,N2,10,5,525
Cc1cccc(C)c1Oc1ccc(C(=O)c2ccc(C(=O)c3ccc(Oc4c(C)cc(C(=O)c5c(Cl)c(Cl)c(C(=O)Cl)c(Cl)c5Cl)cc4C)cc3)cc2)cc1,N2,10,5,454
Cc1ccccc1Oc1ccc(C(=O)c2ccc(C(=O)c3ccc(Oc4ccc(C(=O)c5c(Cl)c(Cl)c(C(=O)Cl)c(Cl)c5Cl)cc4C)cc3)cc2)cc1,N2,10,5,499
O=C(c1ccc(Oc2ccccc2)cc1)c1ccc(C(=O)c2ccc(Oc3ccc(C(=O)c4c(Cl)c(Cl)c(C(=O)Cl)c(Cl)c4Cl)cc3)cc2)cc1,N2,10,5,520
Cc1cccc(C)c1Oc1ccc(C(=O)c2ccc(Oc3c(C)cc(C(=O)c4c(Cl)c(Cl)c(C(=O)Cl)c(Cl)c4Cl)cc3C)cc2)cc1,N2,10,5,451
Cc1cc(Oc2ccccc2)ccc1C(=O)c1c(Cl)c(Cl)c(C(=O)Cl)c(Cl)c1Cl,N2,10,5,486
Cc1cc(C(=O)c2c(Cl)c(Cl)c(C(=O)Cl)c(Cl)c2Cl)ccc1Oc1ccccc1,N2,10,5,488
O=C(Cl)c1c(Cl)c(Cl)c(C(=O)c2ccc(Oc3ccccc3)cc2)c(Cl)c1Cl,N2,10,5,525
FC(F)=C(F)Oc1ccc(C(c2ccc(OC(F)=C(F)F)cc2)(c2ccc(OC(F)=C(F)F)cc2)c2ccc(OC(F)=C(F)F)cc2)cc1,N2,10,5,492
CCCCCCCCC1(CCCCCCCC)c2cc(-c3ccc4c(c3)C(c3ccc(OC(F)=C(F)F)cc3)(c3ccc(OC(F)=C(F)F)cc3)c3ccccc3-4)ccc2-c2ccc(-c3ccc4c(c3)C(c3ccc(OC(F)=C(F)F)cc3)(c3ccc(OC(F)=C(F)F)cc3)c3ccccc3-4)cc21,N2,10,5,431
CCCCCCCCCCCCCCCCCCN1COc2c(cc(C(c3cc4c(c(OC)c3)OCN(CCCCCCCCCCCCCCCCCC)C4)c3cc4c(c(OC)c3)OCN(CCCCCCCCCCCCCCCCCC)C4)cc2OC)C1,N2,10,5,284
CCCCCCCCCCCCCCCCCCN1COc2c(cc(C(c3cc4c(c(OC)c3)OCN(CCCCCCCCCCCCCCCCCC)C4)c3cc4c(c(OC)c3)OCN(CCCCCCCCCCCCCCCCCC)C4)cc2OC)C1,N2,10,10,321
COc1cc(C(c2cc3c(c(OC)c2)OCN(Cc2ccco2)C3)c2cc3c(c(OC)c2)OCN(c2ccco2)C3)cc2c1OCN(Cc1ccco1)C2,N2,10,5,335
COc1cc(C(c2cc3c(c(OC)c2)OCN(Cc2ccco2)C3)c2cc3c(c(OC)c2)OCN(c2ccco2)C3)cc2c1OCN(Cc1ccco1)C2,N2,10,10,364
CC(c1ccc(Oc2ccc(S(=O)(=O)c3ccc(O)cc3)cc2)cc1)(c1ccc(O)c(O)c1)P1(=O)Oc2ccccc2-c2ccccc21,N2,10,5,400
CC(=O)Oc1cc(C(C)(c2ccc(Oc3ccc(S(=O)(=O)c4ccc(O)cc4)cc3)cc2)P2(=O)Oc3ccccc3-c3ccccc32)ccc1O,N2,10,5,413
C=C(C)C(=O)Oc1cc(C(C)(c2ccc(Oc3ccc(S(=O)(=O)c4ccc(O)cc4)cc3)cc2)P2(=O)Oc3ccccc3-c3ccccc32)ccc1O,N2,10,5,425
C=Cc1ccc(COc2cc(C(C)(c3ccc(Oc4ccc(S(=O)(=O)c5ccc(O)cc5)cc4)cc3)P3(=O)Oc4ccccc4-c4ccccc43)ccc2O)cc1,N2,10,5,441
CC(=O)Oc1cc(C(C)(c2ccc(Oc3c(F)c(F)c(-c4c(F)c(F)c(F)c(F)c4F)c(F)c3F)cc2)P2(=O)Oc3ccccc3-c3ccccc32)ccc1O,N2,10,5,403
C=C(C)C(=O)Oc1cc(C(C)(c2ccc(Oc3c(F)c(F)c(-c4c(F)c(F)c(F)c(F)c4F)c(F)c3F)cc2)P2(=O)Oc3ccccc3-c3ccccc32)ccc1O,N2,10,5,415
C=Cc1ccc(COc2cc(C(C)(c3ccc(Oc4c(F)c(F)c(-c5c(F)c(F)c(F)c(F)c5F)c(F)c4F)cc3)P3(=O)Oc4ccccc4-c4ccccc43)ccc2O)cc1,N2,10,5,457
Cc1cccc(C)c1O,N2,10,0,425
Cc1cccc(C)c1O,N2,10,10,445
C/C=C/c1ccc(OCc2cccc(C)c2Oc2cc(C)c(OC)c(C)c2)cc1,N2,10,5,415
Nc1ccc(-c2ccc(NC(=O)c3c(Cl)c(Cl)c(C(=O)Cl)c(Cl)c3Cl)cc2)cc1,N2,10,5,504
Nc1ccc(NC(=O)c2c(Cl)c(Cl)c(C(=O)Cl)c(Cl)c2Cl)cc1,N2,10,5,520
Nc1ccc(Oc2ccc(NC(=O)c3c(Cl)c(Cl)c(C(=O)Cl)c(Cl)c3Cl)cc2)cc1,N2,10,5,473
Nc1ccc(Cc2ccc(NC(=O)c3c(Cl)c(Cl)c(C(=O)Cl)c(Cl)c3Cl)cc2)cc1,N2,10,5,498
Nc1ccc(S(=O)(=O)c2ccc(NC(=O)c3c(Cl)c(Cl)c(C(=O)Cl)c(Cl)c3Cl)cc2)cc1,N2,10,5,500
O=C(Cl)c1c(Cl)c(Cl)c(C(=O)OCCCCCCO)c(Cl)c1Cl,N2,10,5,298
O=C(Cl)c1c(Cl)c(Cl)c(C(=O)Oc2cccc(O)c2)c(Cl)c1Cl,N2,10,5,307
O=C(Cl)c1c(Cl)c(Cl)c(C(=O)Oc2ccc(O)cc2)c(Cl)c1Cl,N2,10,5,374
Oc1ccc(OC2(F)C(F)(F)C(F)(F)C2(F)Oc2ccc(Oc3nc(Cl)nc(-c4ccc5c(c4)CC5)n3)cc2)cc1,N2,10,5,422
COC(=O)c1ccc(C(=O)OCCCCCCO)cc1,N2,10,5,354
COC(=O)c1ccc(C(=O)OCCOc2ccc(C3OCC4(CO3)COC(c3ccc(OCCOC(=O)c5ccc(C(=O)OCCCCCCO)cc5)c(OC)c3)OC4)cc2OC)cc1,N2,10,5,345
COc1cc(COC(=O)C(=O)Cl)ccc1OCCO,N2,10,5,153
COc1cc(COC(=O)C(=O)Cl)ccc1OCCO,N2,10,50,393
COc1cc(COC(=O)CCC(=O)Cl)ccc1OCCO,N2,10,5,214
COc1cc(COC(=O)CCC(=O)Cl)ccc1OCCO,N2,10,50,392
COc1cc(COC(=O)c2ccc(C(=O)Cl)cc2)ccc1OCCO,N2,10,5,257
COc1cc(COC(=O)c2ccc(C(=O)Cl)cc2)ccc1OCCO,N2,10,50,408
COc1cc(COC(=O)c2ccc(C(=O)Cl)o2)ccc1OCCO,N2,10,5,264
COc1cc(COC(=O)c2ccc(C(=O)Cl)o2)ccc1OCCO,N2,10,50,407
COc1cc(COC(=O)c2ccc(C(=O)Cl)cc2)ccc1O,N2,10,5,293
COc1cc(COC(=O)c2ccc(C(=O)Cl)cc2)ccc1O,N2,10,50,460
Cc1cccc(C)c1Oc1ccc(S(=O)(=O)c2ccc(Oc3c(C)cc(C(=O)c4ccc5c(c4)C(=O)N(c4ccc(Oc6ccc(N7C(=O)c8ccc(C(=O)Cl)cc8C7=O)cc6)cc4)C5=O)cc3C)cc2)cc1,air,10,10,443
Cc1ccccc1Oc1ccc(S(=O)(=O)c2ccc(Oc3ccc(C(=O)c4ccc5c(c4)C(=O)N(c4ccc(Oc6ccc(N7C(=O)c8ccc(C(=O)Cl)cc8C7=O)cc6)cc4)C5=O)cc3C)cc2)cc1,air,10,10,462
O=C(Cl)c1ccc2c(c1)C(=O)N(c1ccc(Oc3ccc(N4C(=O)c5ccc(C(=O)c6ccc(Oc7ccc(S(=O)(=O)c8ccc(Oc9ccccc9)cc8)cc7)cc6)cc5C4=O)cc3)cc1)C2=O,air,10,10,501
CC(C)(C)[Si](C)(C)Oc1ccc(C2(c3ccc(Oc4c(F)c(F)c(-c5c(F)c(F)c(F)c(F)c5F)c(F)c4F)cc3)c3cc(-c4ccc5c(c4)CC5)ccc3-c3ccc(-c4ccc5c(c4)CC5)cc32)cc1,N2,10,5,195
CC(C)(C)[Si](C)(C)Oc1ccc(C2(c3ccc(Oc4c(F)c(F)c(-c5c(F)c(F)c(F)c(F)c5F)c(F)c4F)cc3)c3cc(-c4ccc5c(c4)CC5)ccc3-c3ccc(-c4ccc5c(c4)CC5)cc32)cc1,air,10,5,426
Cc1cc(C2(c3ccc(Oc4ccc(NC(=O)c5ccc(-c6ccc(C(=O)Cl)cc6)cc5)cc4)c(C)c3)c3ccccc3C(=O)c3ccccc32)ccc1Oc1ccc(N)cc1,N2,20,5,489
Cc1cc(C2(c3ccc(Oc4ccc(NC(=O)c5ccc(-c6ccc(C(=O)Cl)cc6)cc5)cc4)c(C)c3)c3ccccc3C(=O)c3ccccc32)ccc1Oc1ccc(N)cc1,N2,20,10,497
Cc1cc(C2(c3ccc(Oc4ccc(NC(=O)c5ccc(C(=O)Cl)c6ccccc56)cc4)c(C)c3)c3ccccc3C(=O)c3ccccc32)ccc1Oc1ccc(N)cc1,N2,20,5,446
Cc1cc(C2(c3ccc(Oc4ccc(NC(=O)c5ccc(C(=O)Cl)c6ccccc56)cc4)c(C)c3)c3ccccc3C(=O)c3ccccc32)ccc1Oc1ccc(N)cc1,N2,20,35,750
Cc1cc(C2(c3ccc(Oc4ccc(NC(=O)c5ccc(C(=O)Cl)c6ccccc56)cc4)c(C)c3)c3ccccc3C(=O)c3ccccc32)ccc1Oc1ccc(N)cc1,N2,20,10,477
Cc1cc(C2(c3ccc(Oc4ccc(NC(=O)c5ccc(Oc6cccc(Oc7ccc(C(=O)Cl)cc7)c6)cc5)cc4)c(C)c3)c3ccccc3C(=O)c3ccccc32)ccc1Oc1ccc(N)cc1,N2,20,5,442.5
Cc1cc(C2(c3ccc(Oc4ccc(NC(=O)c5ccc(Oc6cccc(Oc7ccc(C(=O)Cl)cc7)c6)cc5)cc4)c(C)c3)c3ccccc3C(=O)c3ccccc32)ccc1Oc1ccc(N)cc1,N2,20,10,457.5
Cc1cc(C2(c3ccc(Oc4ccc(NC(=O)c5cccc(C(=O)Cl)c5)cc4)c(C)c3)c3ccccc3C(=O)c3ccccc32)ccc1Oc1ccc(N)cc1,N2,20,5,443.5
Cc1cc(C2(c3ccc(Oc4ccc(NC(=O)c5cccc(C(=O)Cl)c5)cc4)c(C)c3)c3ccccc3C(=O)c3ccccc32)ccc1Oc1ccc(N)cc1,N2,20,10,464.5
Cc1cc(C2(c3ccc(Oc4ccc(NC(=O)c5ccc(C(=O)Cl)cc5)cc4)c(C)c3)c3ccccc3C(=O)c3ccccc32)ccc1Oc1ccc(N)cc1,N2,20,5,441.5
Cc1cc(C2(c3ccc(Oc4ccc(NC(=O)c5ccc(C(=O)Cl)cc5)cc4)c(C)c3)c3ccccc3C(=O)c3ccccc32)ccc1Oc1ccc(N)cc1,N2,20,10,457
Nc1ccc(Oc2ccc(C3(c4ccc(Oc5ccc(NC(=O)c6ccc(-c7ccc(C(=O)Cl)cc7)cc6)cc5)cc4)c4ccccc4C(=O)c4ccccc43)cc2)cc1,N2,20,5,477.5
Nc1ccc(Oc2ccc(C3(c4ccc(Oc5ccc(NC(=O)c6ccc(-c7ccc(C(=O)Cl)cc7)cc6)cc5)cc4)c4ccccc4C(=O)c4ccccc43)cc2)cc1,N2,20,10,514
Nc1ccc(Oc2ccc(C3(c4ccc(Oc5ccc(NC(=O)c6ccc(C(=O)Cl)c7ccccc67)cc5)cc4)c4ccccc4C(=O)c4ccccc43)cc2)cc1,N2,20,5,454.5
Nc1ccc(Oc2ccc(C3(c4ccc(Oc5ccc(NC(=O)c6ccc(C(=O)Cl)c7ccccc67)cc5)cc4)c4ccccc4C(=O)c4ccccc43)cc2)cc1,N2,20,30,750
Nc1ccc(Oc2ccc(C3(c4ccc(Oc5ccc(NC(=O)c6ccc(C(=O)Cl)c7ccccc67)cc5)cc4)c4ccccc4C(=O)c4ccccc43)cc2)cc1,N2,20,10,499
Nc1ccc(Oc2ccc(C3(c4ccc(Oc5ccc(NC(=O)c6ccc(Oc7cccc(Oc8ccc(C(=O)Cl)cc8)c7)cc6)cc5)cc4)c4ccccc4C(=O)c4ccccc43)cc2)cc1,N2,20,5,464.5
Nc1ccc(Oc2ccc(C3(c4ccc(Oc5ccc(NC(=O)c6ccc(Oc7cccc(Oc8ccc(C(=O)Cl)cc8)c7)cc6)cc5)cc4)c4ccccc4C(=O)c4ccccc43)cc2)cc1,N2,20,10,493.5
Nc1ccc(Oc2ccc(C3(c4ccc(Oc5ccc(NC(=O)c6cccc(C(=O)Cl)c6)cc5)cc4)c4ccccc4C(=O)c4ccccc43)cc2)cc1,N2,20,5,445.7
Nc1ccc(Oc2ccc(C3(c4ccc(Oc5ccc(NC(=O)c6cccc(C(=O)Cl)c6)cc5)cc4)c4ccccc4C(=O)c4ccccc43)cc2)cc1,N2,20,10,487
Nc1ccc(Oc2ccc(C3(c4ccc(Oc5ccc(NC(=O)c6ccc(C(=O)Cl)cc6)cc5)cc4)c4ccccc4C(=O)c4ccccc43)cc2)cc1,N2,20,5,447.5
Nc1ccc(Oc2ccc(C3(c4ccc(Oc5ccc(NC(=O)c6ccc(C(=O)Cl)cc6)cc5)cc4)c4ccccc4C(=O)c4ccccc43)cc2)cc1,N2,20,40,750
Nc1ccc(Oc2ccc(C3(c4ccc(Oc5ccc(NC(=O)c6ccc(C(=O)Cl)cc6)cc5)cc4)c4ccccc4C(=O)c4ccccc43)cc2)cc1,N2,20,10,478
COc1cc(CO)cc(-c2cc(COC(=O)CCCCCCCCC(=O)O)cc(OC)c2OC)c1OC,N2,10,5,319
Cc1cc(C2(c3ccc(Oc4ccc(N5C(=O)c6ccc(Oc7ccc(Oc8ccc9c(c8)C(=O)NC9=O)cc7)cc6C5=O)cc4)c(C)c3)c3ccccc3C(=O)c3ccccc32)ccc1O,N2,20,5,471
Cc1cc(C2(c3ccc(Oc4ccc(N5C(=O)c6ccc(Oc7ccc(Oc8ccc9c(c8)C(=O)NC9=O)cc7)cc6C5=O)cc4)c(C)c3)c3ccccc3C(=O)c3ccccc32)ccc1O,N2,20,10,520
Cc1cc(C2(c3ccc(Oc4ccc(N5C(=O)c6ccc(C(c7ccc8c(c7)C(=O)NC8=O)(C(F)(F)F)C(F)(F)F)cc6C5=O)cc4)c(C)c3)c3ccccc3C(=O)c3ccccc32)ccc1O,N2,20,5,467
Cc1cc(C2(c3ccc(Oc4ccc(N5C(=O)c6ccc(C(c7ccc8c(c7)C(=O)NC8=O)(C(F)(F)F)C(F)(F)F)cc6C5=O)cc4)c(C)c3)c3ccccc3C(=O)c3ccccc32)ccc1O,N2,20,10,497
Cc1cc(C2(c3ccc(Oc4ccc(N5C(=O)c6ccc(C(=O)c7ccc8c(c7)C(=O)NC8=O)cc6C5=O)cc4)c(C)c3)c3ccccc3C(=O)c3ccccc32)ccc1O,N2,20,5,500
Cc1cc(C2(c3ccc(Oc4ccc(N5C(=O)c6ccc(C(=O)c7ccc8c(c7)C(=O)NC8=O)cc6C5=O)cc4)c(C)c3)c3ccccc3C(=O)c3ccccc32)ccc1O,N2,20,10,543
Cc1cc(C2(c3ccc(Oc4ccc(N5C(=O)c6ccc(Oc7ccc8c(c7)C(=O)NC8=O)cc6C5=O)cc4)c(C)c3)c3ccccc3C(=O)c3ccccc32)ccc1O,N2,20,5,448
Cc1cc(C2(c3ccc(Oc4ccc(N5C(=O)c6ccc(Oc7ccc8c(c7)C(=O)NC8=O)cc6C5=O)cc4)c(C)c3)c3ccccc3C(=O)c3ccccc32)ccc1O,N2,20,10,465
Cc1cc(C2(c3ccc(Oc4ccc(-n5c(=O)c6cc7c(=O)[nH]c(=O)c7cc6c5=O)cc4)c(C)c3)c3ccccc3C(=O)c3ccccc32)ccc1Oc1ccccc1,N2,20,5,456
Cc1cc(C2(c3ccc(Oc4ccc(-n5c(=O)c6cc7c(=O)[nH]c(=O)c7cc6c5=O)cc4)c(C)c3)c3ccccc3C(=O)c3ccccc32)ccc1Oc1ccccc1,N2,20,10,472
O=C1NC(=O)c2cc(Oc3ccc(Oc4ccc5c(c4)C(=O)N(c4ccc(Oc6ccc(C7(c8ccc(O)cc8)c8ccccc8C(=O)c8ccccc87)cc6)cc4)C5=O)cc3)ccc21,N2,20,5,524
O=C1NC(=O)c2cc(Oc3ccc(Oc4ccc5c(c4)C(=O)N(c4ccc(Oc6ccc(C7(c8ccc(O)cc8)c8ccccc8C(=O)c8ccccc87)cc6)cc4)C5=O)cc3)ccc21,N2,20,10,536
O=C1NC(=O)c2cc(C(c3ccc4c(c3)C(=O)N(c3ccc(Oc5ccc(C6(c7ccc(O)cc7)c7ccccc7C(=O)c7ccccc76)cc5)cc3)C4=O)(C(F)(F)F)C(F)(F)F)ccc21,N2,20,5,536
O=C1NC(=O)c2cc(C(c3ccc4c(c3)C(=O)N(c3ccc(Oc5ccc(C6(c7ccc(O)cc7)c7ccccc7C(=O)c7ccccc76)cc5)cc3)C4=O)(C(F)(F)F)C(F)(F)F)ccc21,N2,20,10,555
O=C(c1ccc2c(c1)C(=O)NC2=O)c1ccc2c(c1)C(=O)N(c1ccc(Oc3ccc(C4(c5ccc(O)cc5)c5ccccc5C(=O)c5ccccc54)cc3)cc1)C2=O,N2,20,5,532
O=C(c1ccc2c(c1)C(=O)NC2=O)c1ccc2c(c1)C(=O)N(c1ccc(Oc3ccc(C4(c5ccc(O)cc5)c5ccccc5C(=O)c5ccccc54)cc3)cc1)C2=O,N2,20,10,560
O=C1NC(=O)c2cc(Oc3ccc4c(c3)C(=O)N(c3ccc(Oc5ccc(C6(c7ccc(O)cc7)c7ccccc7C(=O)c7ccccc76)cc5)cc3)C4=O)ccc21,N2,20,5,534
O=C1NC(=O)c2cc(Oc3ccc4c(c3)C(=O)N(c3ccc(Oc5ccc(C6(c7ccc(O)cc7)c7ccccc7C(=O)c7ccccc76)cc5)cc3)C4=O)ccc21,N2,20,10,556
O=C1c2ccccc2C(c2ccc(Oc3ccccc3)cc2)(c2ccc(Oc3ccc(-n4c(=O)c5cc6c(=O)[nH]c(=O)c6cc5c4=O)cc3)cc2)c2ccccc21,N2,20,5,527
O=C1c2ccccc2C(c2ccc(Oc3ccccc3)cc2)(c2ccc(Oc3ccc(-n4c(=O)c5cc6c(=O)[nH]c(=O)c6cc5c4=O)cc3)cc2)c2ccccc21,N2,20,10,544
COc1cc(CO)cc(-c2cc(COC(=O)CCCCCCCCC/C=C/CCCCCCCCCC(=O)O)cc(OC)c2OC)c1OC,N2,10,5,308
COc1cc(CO)cc(-c2cc(COC(=O)CCC(=O)O)cc(OC)c2OC)c1OC,N2,10,5,270
CCCCCC1CCC(CCCCCCCCC(=O)OCc2cc(OC)c(OC)c(-c3cc(CO)cc(OC)c3OC)c2)C(CCCCCCCCCCCC(=O)O)C1CCCCC,N2,10,5,347
COc1cc(CO)cc(-c2cc(COC(=O)c3ccc(C(=O)O)cc3)cc(OC)c2OC)c1OC,N2,10,5,310
COc1cc(CO)cc(-c2cc(COC(=O)c3ccc(C(=O)O)o3)cc(OC)c2OC)c1OC,N2,10,5,342
COc1cc(CO)cc(-c2cc(COC(=O)c3cc(OC)c(OC)c(-c4cc(C(=O)O)cc(OC)c4OC)c3)cc(OC)c2OC)c1OC,N2,10,5,305
COc1cc(CO)cc(-c2cc(CO)cc(OC)c2OC)c1OC,N2,10,5,230
COC(=O)c1cc(OC)c(OC)c(-c2cc(C(=O)OC)cc(OC)c2OC)c1,N2,10,5,215
c1cc(C(c2ccc(OCC3CO3)cc2)c2ccc(OCC3CO3)cc2)ccc1OCC1CO1,N2,20,5,257
c1cc(C(c2ccc(OCC3CO3)cc2)c2ccc(OCC3CO3)cc2)ccc1OCC1CO1,N2,20,80,600
c1cc(C(c2ccc(OCC3CO3)cc2)c2ccc(OCC3CO3)cc2)ccc1OCC1CO1,N2,20,30,341
COc1cc(C(c2ccc(OCC3CO3)cc2)c2ccc(OCC3CO3)c(OC)c2)ccc1OCC1CO1,N2,20,5,206
COc1cc(C(c2ccc(OCC3CO3)cc2)c2ccc(OCC3CO3)c(OC)c2)ccc1OCC1CO1,N2,20,30,321
COc1cc(C(c2ccc(OCC3CO3)cc2)c2ccc(OCC3CO3)cc2)cc(OC)c1OCC1CO1,N2,20,5,218
COc1cc(C(c2ccc(OCC3CO3)cc2)c2ccc(OCC3CO3)cc2)cc(OC)c1OCC1CO1,N2,20,30,324
COc1cc(C(c2ccc(OCC3CO3)c(OC)c2)c2cc(OC)c(OCC3CO3)c(OC)c2)ccc1OCC1CO1,N2,20,5,184
COc1cc(C(c2ccc(OCC3CO3)c(OC)c2)c2cc(OC)c(OCC3CO3)c(OC)c2)ccc1OCC1CO1,N2,20,30,296
O=C(Cl)c1ccc(C(=O)Oc2ccc(C(c3ccc(O)cc3)c3ccc(C(F)(F)F)cc3)cc2)cc1,N2,20,5,409
O=C(Cl)c1ccc(C(=O)Oc2ccc(C(c3ccc(O)cc3)c3ccc(C(F)(F)F)cc3)cc2)cc1,N2,20,10,435
O=C(Cl)c1cccc(C(=O)Oc2ccc(C(c3ccc(O)cc3)c3ccc(C(F)(F)F)cc3)cc2)c1,N2,20,5,376
O=C(Cl)c1cccc(C(=O)Oc2ccc(C(c3ccc(O)cc3)c3ccc(C(F)(F)F)cc3)cc2)c1,N2,20,10,425
O=C(Cl)c1ccc(Oc2ccc(C(=O)Oc3ccc(C(c4ccc(O)cc4)c4ccc(C(F)(F)F)cc4)cc3)cc2)cc1,N2,20,5,386
O=C(Cl)c1ccc(Oc2ccc(C(=O)Oc3ccc(C(c4ccc(O)cc4)c4ccc(C(F)(F)F)cc4)cc3)cc2)cc1,N2,20,10,431
O=C(Cl)c1ccc(Oc2ccc(Oc3ccc(C(=O)Oc4ccc(C(c5ccc(O)cc5)c5ccc(C(F)(F)F)cc5)cc4)cc3)cc2)cc1,N2,20,5,401
O=C(Cl)c1ccc(Oc2ccc(Oc3ccc(C(=O)Oc4ccc(C(c5ccc(O)cc5)c5ccc(C(F)(F)F)cc5)cc4)cc3)cc2)cc1,N2,20,10,450
COc1cc(C(c2ccc(OCC3CO3)c(OC)c2)c2ccc(OCC3CO3)c(OC)c2)ccc1OCC1CO1,N2,10,5,325
CCn1c2ccccc2c2ccccc21,N2,10,5,215.36
CCn1c2ccccc2c2ccccc21,N2,10,10,398
CC(C)c1cccc(C(c2ccc(F)cc2)c2ccc(-n3c(=O)c4cc5c(=O)[nH]c(=O)c5cc4c3=O)c(C(C)C)c2)c1,N2,10,5,454
CC(C)c1cccc(C(c2ccc(F)cc2)c2ccc(-n3c(=O)c4cc5c(=O)[nH]c(=O)c5cc4c3=O)c(C(C)C)c2)c1,N2,10,10,480
CC(C)c1cccc(C(c2ccc(F)cc2)c2ccc(N3C(=O)c4ccc(Oc5ccc6c(c5)C(=O)NC6=O)cc4C3=O)c(C(C)C)c2)c1,N2,10,5,465
CC(C)c1cccc(C(c2ccc(F)cc2)c2ccc(N3C(=O)c4ccc(Oc5ccc6c(c5)C(=O)NC6=O)cc4C3=O)c(C(C)C)c2)c1,N2,10,10,500
CC(C)(c1ccc(Oc2ccc(N3C(=O)c4ccc(C(=O)O)cc4C3=O)cc2C(F)(F)F)cc1)c1ccc(Oc2ccc(N3C(=O)c4ccc(C(=O)Nc5ccc(-c6cc(-c7ccc(C(F)(F)F)cc7)cc(-c7ccc(N)cc7)n6)cc5)cc4C3=O)cc2C(F)(F)F)cc1,N2,20,5,435
CC(C)(c1ccc(Oc2ccc(N3C(=O)c4ccc(C(=O)O)cc4C3=O)cc2C(F)(F)F)cc1)c1ccc(Oc2ccc(N3C(=O)c4ccc(C(=O)Nc5ccc(-c6cc(-c7ccc(C(F)(F)F)cc7)cc(-c7ccc(N)cc7)n6)cc5)cc4C3=O)cc2C(F)(F)F)cc1,N2,20,10,493
Nc1ccc(-c2cc(-c3ccc(C(F)(F)F)cc3)cc(-c3ccc(NC(=O)c4ccc5c(c4)C(=O)N(c4ccc(Oc6ccc(Oc7ccc(N8C(=O)c9ccc(C(=O)O)cc9C8=O)cc7C(F)(F)F)cc6)c(C(F)(F)F)c4)C5=O)cc3)n2)cc1,N2,20,5,423
Nc1ccc(-c2cc(-c3ccc(C(F)(F)F)cc3)cc(-c3ccc(NC(=O)c4ccc5c(c4)C(=O)N(c4ccc(Oc6ccc(Oc7ccc(N8C(=O)c9ccc(C(=O)O)cc9C8=O)cc7C(F)(F)F)cc6)c(C(F)(F)F)c4)C5=O)cc3)n2)cc1,N2,20,10,479
Nc1ccc(-c2cc(-c3ccc(C(F)(F)F)cc3)cc(-c3ccc(NC(=O)c4ccc5c(c4)C(=O)N(c4ccc(Oc6ccc(C(c7ccc(Oc8ccc(N9C(=O)c%10ccc(C(=O)O)cc%10C9=O)cc8C(F)(F)F)cc7)(C(F)(F)F)C(F)(F)F)cc6)c(C(F)(F)F)c4)C5=O)cc3)n2)cc1,N2,20,5,419
Nc1ccc(-c2cc(-c3ccc(C(F)(F)F)cc3)cc(-c3ccc(NC(=O)c4ccc5c(c4)C(=O)N(c4ccc(Oc6ccc(C(c7ccc(Oc8ccc(N9C(=O)c%10ccc(C(=O)O)cc%10C9=O)cc8C(F)(F)F)cc7)(C(F)(F)F)C(F)(F)F)cc6)c(C(F)(F)F)c4)C5=O)cc3)n2)cc1,N2,20,10,465
Nc1ccc(-c2cc(-c3ccc(C(F)(F)F)cc3)cc(-c3ccc(NC(=O)c4ccc5c(c4)C(=O)N(c4ccc(Oc6ccc(-c7ccc(Oc8ccc(N9C(=O)c%10ccc(C(=O)O)cc%10C9=O)cc8C(F)(F)F)cc7)cc6)c(C(F)(F)F)c4)C5=O)cc3)n2)cc1,N2,20,5,447
Nc1ccc(-c2cc(-c3ccc(C(F)(F)F)cc3)cc(-c3ccc(NC(=O)c4ccc5c(c4)C(=O)N(c4ccc(Oc6ccc(-c7ccc(Oc8ccc(N9C(=O)c%10ccc(C(=O)O)cc%10C9=O)cc8C(F)(F)F)cc7)cc6)c(C(F)(F)F)c4)C5=O)cc3)n2)cc1,N2,20,10,501
Nc1ccc(-c2cc(-c3ccc(C(F)(F)F)cc3)cc(-c3ccc(NC(=O)c4ccc5c(c4)C(=O)N(c4ccc(Oc6ccc7ccccc7c6-c6c(Oc7ccc(N8C(=O)c9ccc(C(=O)O)cc9C8=O)cc7C(F)(F)F)ccc7ccccc67)c(C(F)(F)F)c4)C5=O)cc3)n2)cc1,N2,20,5,453
Nc1ccc(-c2cc(-c3ccc(C(F)(F)F)cc3)cc(-c3ccc(NC(=O)c4ccc5c(c4)C(=O)N(c4ccc(Oc6ccc7ccccc7c6-c6c(Oc7ccc(N8C(=O)c9ccc(C(=O)O)cc9C8=O)cc7C(F)(F)F)ccc7ccccc67)c(C(F)(F)F)c4)C5=O)cc3)n2)cc1,N2,20,10,505
C=C(C)C(=O)Oc1ccc(CC)cc1OC,N2,10,5,255
C=C(C)C(=O)Oc1ccccc1OC,N2,10,5,302
C=C(C)C(=O)Oc1ccc(C)cc1OC,N2,10,5,273
C=C(C)C(=O)Oc1ccc(C=O)cc1OC,N2,10,5,264
Nc1ccc(-c2cc(-c3ccc(P(c4ccccc4)c4ccccc4)cc3)cc(-c3ccc(NC(=O)c4ccc(C(=O)Cl)cc4)cc3)n2)cc1,Ar,20,5,494
Nc1ccc(-c2cc(-c3ccc(P(c4ccccc4)c4ccccc4)cc3)cc(-c3ccc(NC(=O)c4ccc(C(=O)Cl)cc4)cc3)n2)cc1,Ar,20,35,750
Nc1ccc(-c2cc(-c3ccc(P(c4ccccc4)c4ccccc4)cc3)cc(-c3ccc(NC(=O)c4ccc(C(=O)Cl)cc4)cc3)n2)cc1,Ar,20,10,530
Nc1ccc(-c2cc(-c3ccc(P(c4ccccc4)c4ccccc4)cc3)cc(-c3ccc(NC(=O)c4ccc(Oc5ccc(C(=O)Cl)cc5)cc4)cc3)n2)cc1,Ar,20,5,458
Nc1ccc(-c2cc(-c3ccc(P(c4ccccc4)c4ccccc4)cc3)cc(-c3ccc(NC(=O)c4ccc(Oc5ccc(C(=O)Cl)cc5)cc4)cc3)n2)cc1,Ar,20,10,482
Nc1ccc(-c2cc(-c3ccc(P(c4ccccc4)c4ccccc4)cc3)cc(-c3ccc(NC(=O)c4ccc(Oc5ccc(Oc6ccc(C(=O)Cl)cc6)cc5)cc4)cc3)n2)cc1,Ar,20,5,497
Nc1ccc(-c2cc(-c3ccc(P(c4ccccc4)c4ccccc4)cc3)cc(-c3ccc(NC(=O)c4ccc(Oc5ccc(Oc6ccc(C(=O)Cl)cc6)cc5)cc4)cc3)n2)cc1,Ar,20,10,554
Nc1ccc(-c2cc(-c3ccc(P(c4ccccc4)c4ccccc4)cc3)cc(-c3ccc(NC(=O)c4cccc(C(=O)Cl)c4)cc3)n2)cc1,Ar,20,5,505
Nc1ccc(-c2cc(-c3ccc(P(c4ccccc4)c4ccccc4)cc3)cc(-c3ccc(NC(=O)c4cccc(C(=O)Cl)c4)cc3)n2)cc1,Ar,20,10,549
O=C1NC(=O)c2cc(Oc3ccc4c(c3)C(=O)N(c3ccc(-c5cc(-c6ccc(P(c7ccccc7)c7ccccc7)cc6)cc(-c6ccccc6)n5)cc3)C4=O)ccc21,Ar,20,5,535
O=C1NC(=O)c2cc(Oc3ccc4c(c3)C(=O)N(c3ccc(-c5cc(-c6ccc(P(c7ccccc7)c7ccccc7)cc6)cc(-c6ccccc6)n5)cc3)C4=O)ccc21,Ar,20,10,556
O=C1NC(=O)c2cc(C(c3ccc4c(c3)C(=O)N(c3ccc(-c5cc(-c6ccc(P(c7ccccc7)c7ccccc7)cc6)cc(-c6ccccc6)n5)cc3)C4=O)(C(F)(F)F)C(F)(F)F)ccc21,Ar,20,5,521
O=C1NC(=O)c2cc(C(c3ccc4c(c3)C(=O)N(c3ccc(-c5cc(-c6ccc(P(c7ccccc7)c7ccccc7)cc6)cc(-c6ccccc6)n5)cc3)C4=O)(C(F)(F)F)C(F)(F)F)ccc21,Ar,20,10,544
O=C1NC(=O)c2cc(-c3ccc4c(c3)C(=O)N(c3ccc(-c5cc(-c6ccc(P(c7ccccc7)c7ccccc7)cc6)cc(-c6ccccc6)n5)cc3)C4=O)ccc21,Ar,20,5,556
O=C1NC(=O)c2cc(-c3ccc4c(c3)C(=O)N(c3ccc(-c5cc(-c6ccc(P(c7ccccc7)c7ccccc7)cc6)cc(-c6ccccc6)n5)cc3)C4=O)ccc21,Ar,20,10,572
O=C(c1ccc2c(c1)C(=O)NC2=O)c1ccc2c(c1)C(=O)N(c1ccc(-c3cc(-c4ccc(P(c5ccccc5)c5ccccc5)cc4)cc(-c4ccccc4)n3)cc1)C2=O,Ar,20,5,517
O=C(c1ccc2c(c1)C(=O)NC2=O)c1ccc2c(c1)C(=O)N(c1ccc(-c3cc(-c4ccc(P(c5ccccc5)c5ccccc5)cc4)cc(-c4ccccc4)n3)cc1)C2=O,Ar,20,10,533
O=C(c1ccc(F)cc1)c1ccc(Oc2ccc(-c3cc(-c4ccc(P(c5ccccc5)c5ccccc5)cc4)cc(-c4ccc(O)cc4)n3)cc2)cc1,Ar,20,5,439
O=C(c1ccc(F)cc1)c1ccc(Oc2ccc(-c3cc(-c4ccc(P(c5ccccc5)c5ccccc5)cc4)cc(-c4ccc(O)cc4)n3)cc2)cc1,Ar,20,10,480
O=C(c1ccc(F)cc1)c1cccc(C(=O)c2ccc(Oc3ccc(-c4cc(-c5ccc(P(c6ccccc6)c6ccccc6)cc5)cc(-c5ccc(O)cc5)n4)cc3)cc2)c1,Ar,20,5,444
O=C(c1ccc(F)cc1)c1cccc(C(=O)c2ccc(Oc3ccc(-c4cc(-c5ccc(P(c6ccccc6)c6ccccc6)cc5)cc(-c5ccc(O)cc5)n4)cc3)cc2)c1,Ar,20,10,493
O=C(c1ccc(F)cc1)c1ccc(-c2ccc(C(=O)c3ccc(Oc4ccc(-c5cc(-c6ccc(P(c7ccccc7)c7ccccc7)cc6)cc(-c6ccc(O)cc6)n5)cc4)cc3)cc2)cc1,Ar,20,5,378
O=C(c1ccc(F)cc1)c1ccc(-c2ccc(C(=O)c3ccc(Oc4ccc(-c5cc(-c6ccc(P(c7ccccc7)c7ccccc7)cc6)cc(-c6ccc(O)cc6)n5)cc4)cc3)cc2)cc1,Ar,20,10,435
O=C(c1ccc(F)cc1)c1ccc(Oc2ccc(C(=O)c3ccc(Oc4ccc(-c5cc(-c6ccc(P(c7ccccc7)c7ccccc7)cc6)cc(-c6ccc(O)cc6)n5)cc4)cc3)cc2)cc1,Ar,20,5,470
O=C(c1ccc(F)cc1)c1ccc(Oc2ccc(C(=O)c3ccc(Oc4ccc(-c5cc(-c6ccc(P(c7ccccc7)c7ccccc7)cc6)cc(-c6ccc(O)cc6)n5)cc4)cc3)cc2)cc1,Ar,20,10,528
Nc1ccc(Oc2ccc(NC(=O)c3ccc(C(=O)Cl)cc3Oc3ccc(C(F)(F)F)cc3)cc2C(F)(F)F)cc1,N2,10,5,405
CC(c1ccccc1)(c1ccc(O)cc1)c1ccc(OC(=O)c2ccc(C(=O)Cl)cc2Oc2ccc(C(F)(F)F)cc2)cc1,N2,10,5,465
CC(C)(c1ccc(O)cc1)c1ccc(OC(=O)c2ccc(C(=O)Cl)cc2Oc2ccc(C(F)(F)F)cc2)cc1,N2,10,5,460
O=C(Cl)c1ccc(C(=O)Oc2ccc(C3(c4ccc(O)cc4)CCCCC3)cc2)c(Oc2ccc(C(F)(F)F)cc2)c1,N2,10,5,473
O=C(Cl)c1ccc(C(=O)Oc2ccc(C3(c4ccc(O)cc4)c4cccc(c4)Oc4ccccc43)cc2)c(Oc2ccc(C(F)(F)F)cc2)c1,N2,10,5,493
O=C(Cl)c1ccc(C(=O)Oc2cccc(O)c2)c(Oc2ccc(C(F)(F)F)cc2)c1,N2,10,5,458
O=C(Cl)c1ccc(C(=O)Oc2ccc(C(c3ccccc3)(c3ccccc3)c3ccc(O)cc3)cc2)c(Oc2ccc(C(F)(F)F)cc2)c1,N2,10,5,488
Nc1ccc(OC(=O)c2ccc(C(=O)Oc3ccc(NC(=O)c4ccc(P(=O)(c5ccccc5)c5ccc(C(=O)Cl)cc5)cc4)cc3)c(Oc3ccc(C(F)(F)F)cc3)c2)cc1,N2,10,5,381
Nc1ccc(OC(=O)c2ccc(C(=O)Oc3ccc(NC(=O)c4cccc(Oc5ccc(S(=O)(=O)c6ccc(Oc7cccc(C(=O)Cl)c7)cc6)cc5)c4)cc3)c(Oc3ccc(C(F)(F)F)cc3)c2)cc1,N2,10,5,378
Nc1ccc(OC(=O)c2ccc(C(=O)Oc3ccc(NC(=O)c4cccc(C(=O)Cl)c4)cc3)c(Oc3ccc(C(F)(F)F)cc3)c2)cc1,N2,10,5,376
Nc1ccc(OC(=O)c2ccc(C(=O)Oc3ccc(NC(=O)c4ccc(Oc5ccccc5Oc5ccc(C(=O)Cl)cc5)cc4)cc3)c(Oc3ccc(C(F)(F)F)cc3)c2)cc1,N2,10,5,378
Nc1ccc(OC(=O)c2ccc(C(=O)Oc3ccc(NC(=O)c4ccc(Oc5cccc(Oc6ccc(C(=O)Cl)cc6)c5)cc4)cc3)c(Oc3ccc(C(F)(F)F)cc3)c2)cc1,N2,10,5,384
Nc1ccc(OC(=O)c2ccc(C(=O)Oc3ccc(NC(=O)c4ccc(Oc5ccc(Oc6ccc(C(=O)Cl)cc6)cc5)cc4)cc3)c(Oc3ccc(C(F)(F)F)cc3)c2)cc1,N2,10,5,382
N#Cc1ccc(OCC2CO2)cc1C#N,N2,10,5,437.3
N#Cc1ccc(OCC2CO2)cc1C#N,N2,10,10,506
N#Cc1ccc(OCC2CO2)cc1C#N,air,10,5,438.5
N#Cc1ccc(OCC2CO2)cc1C#N,air,10,10,503.3
N#Cc1ccc(Oc2ccc(OCC3CO3)cc2)cc1C#N,N2,10,5,414.3
N#Cc1ccc(Oc2ccc(OCC3CO3)cc2)cc1C#N,N2,10,10,480.8
N#Cc1ccc(Oc2ccc(OCC3CO3)cc2)cc1C#N,air,10,5,422.1
N#Cc1ccc(Oc2ccc(OCC3CO3)cc2)cc1C#N,air,10,10,495.8
Nc1ccc(NC(=O)c2ccc(-n3nc(-c4ccc(Oc5ccc(C(=O)O)cc5)c(Cl)c4)c4ccccc4c3=O)cc2)cc1,N2,20,10,481
Nc1ccc(Oc2ccc(NC(=O)c3ccc(-n4nc(-c5ccc(Oc6ccc(C(=O)O)cc6)c(Cl)c5)c5ccccc5c4=O)cc3)cc2)cc1,N2,20,10,479
Nc1ccc(Cc2ccc(NC(=O)c3ccc(-n4nc(-c5ccc(Oc6ccc(C(=O)O)cc6)c(Cl)c5)c5ccccc5c4=O)cc3)cc2)cc1,N2,20,10,489
Nc1ccc(S(=O)(=O)c2ccc(NC(=O)c3ccc(-n4nc(-c5ccc(Oc6ccc(C(=O)O)cc6)c(Cl)c5)c5ccccc5c4=O)cc3)cc2)cc1,N2,20,10,466
OCCN1COc2cc3c(cc2C1)-c1cc2c(cc1C3(c1ccc(N3COc4ccccc4C3)cc1)c1ccc(N3COc4ccccc4C3)cc1)OCN(CCO)C2,N2,10,5,342
OCCN1COc2cc3c(cc2C1)-c1cc2c(cc1C3(c1ccc(N3COc4ccccc4C3)cc1)c1ccc(N3COc4ccccc4C3)cc1)OCN(CCO)C2,N2,10,10,369
N#Cc1ccc(Oc2ccc(Sc3ccc(Oc4cccc(Oc5ccc(Sc6ccc(Oc7ccc(C#N)c(C#N)c7)cc6)cc5)c4C#N)cc3)cc2)cc1C#N,N2,10,5,486.3
N#Cc1ccc(Oc2ccc(Sc3ccc(Oc4cccc(Oc5ccc(Sc6ccc(Oc7ccc(C#N)c(C#N)c7)cc6)cc5)c4C#N)cc3)cc2)cc1C#N,N2,10,10,523.7
N#Cc1ccc(Oc2ccc(Sc3ccc(Oc4cccc(Oc5ccc(Sc6ccc(Oc7ccc(C#N)c(C#N)c7)cc6)cc5)c4C#N)cc3)cc2)cc1C#N,air,10,5,496.3
N#Cc1ccc(Oc2ccc(Sc3ccc(Oc4cccc(Oc5ccc(Sc6ccc(Oc7ccc(C#N)c(C#N)c7)cc6)cc5)c4C#N)cc3)cc2)cc1C#N,air,10,10,546.7
N#Cc1ccc(Oc2cccc(N3COc4ccc(-c5ccc6c(c5)CN(c5cccc(Oc7ccc(C#N)c(C#N)c7)c5)CO6)cc4C3)c2)cc1C#N,N2,20,5,454.22
N#Cc1ccc(Oc2cccc(N3COc4ccc(-c5ccc6c(c5)CN(c5cccc(Oc7ccc(C#N)c(C#N)c7)c5)CO6)cc4C3)c2)cc1C#N,N2,20,10,541.19
N#Cc1ccc(Oc2cccc(N3COc4ccc(-c5ccc6c(c5)CN(c5ccccc5)CO6)cc4C3)c2)cc1C#N,N2,20,5,454.34
N#Cc1ccc(Oc2cccc(N3COc4ccc(-c5ccc6c(c5)CN(c5ccccc5)CO6)cc4C3)c2)cc1C#N,N2,20,10,547.83
c1cc(OP2(Oc3ccc(COCC4CO4)cc3)=NP(Oc3ccc(COCC4CO4)cc3)(Oc3ccc(COCC4CO4)cc3)=NP(Oc3ccc(COCC4CO4)cc3)(Oc3ccc(COCC4CO4)cc3)=N2)ccc1COCC1CO1,N2,20,5,308
c1cc(OP2(Oc3ccc(COCC4CO4)cc3)=NP(Oc3ccc(COCC4CO4)cc3)(Oc3ccc(COCC4CO4)cc3)=NP(Oc3ccc(COCC4CO4)cc3)(Oc3ccc(COCC4CO4)cc3)=N2)ccc1COCC1CO1,N2,20,10,348
c1cc(OP2(Oc3ccc(COCC4CO4)cc3)=NP(Oc3ccc(COCC4CO4)cc3)(Oc3ccc(COCC4CO4)cc3)=NP(Oc3ccc(COCC4CO4)cc3)(Oc3ccc(COCC4CO4)cc3)=N2)ccc1COCC1CO1,air,20,5,292
c1cc(OP2(Oc3ccc(COCC4CO4)cc3)=NP(Oc3ccc(COCC4CO4)cc3)(Oc3ccc(COCC4CO4)cc3)=NP(Oc3ccc(COCC4CO4)cc3)(Oc3ccc(COCC4CO4)cc3)=N2)ccc1COCC1CO1,air,20,10,314
N#Cc1ccc(Oc2cc3ccc2-c2ccc-3cc2)cc1C#N,N2,10,5,489
N#Cc1ccc(Oc2cc3ccc2-c2ccc-3cc2)cc1C#N,N2,10,10,537
N#Cc1ccc(Oc2cc3ccc2-c2ccc-3cc2)cc1C#N,air,10,5,494
N#Cc1ccc(Oc2cc3ccc2-c2ccc-3cc2)cc1C#N,air,10,10,535
C[Si](OCc1cccc(Oc2ccc(C#N)c(C#N)c2)c1)(OCc1cccc(Oc2ccc(C#N)c(C#N)c2)c1)c1ccccc1,Ar,10,5,549
C[Si](OCc1cccc(Oc2ccc(C#N)c(C#N)c2)c1)(OCc1cccc(Oc2ccc(C#N)c(C#N)c2)c1)c1ccccc1,air,10,5,524
Nc1ccc(Oc2cccc(Oc3ccc(N)cc3)c2)cc1,Ar,10,5,523
Nc1ccc(Oc2cccc(Oc3ccc(N)cc3)c2)cc1,air,10,5,504
c1ccc(N2COc3cc4c(cc3C2)-c2cc3c(cc2C4(c2ccc(N4COc5ccccc5C4)cc2)c2ccc(N4COc5ccccc5C4)cc2)OCN(c2ccccc2)C3)cc1,N2,10,5,347
c1ccc(N2COc3cc4c(cc3C2)-c2cc3c(cc2C4(c2ccc(N4COc5ccccc5C4)cc2)c2ccc(N4COc5ccccc5C4)cc2)OCN(c2ccccc2)C3)cc1,N2,10,10,395
CC(C)(C)CC(C)(C)c1ccc2c(c1)CN(c1ccc(C3(c4ccc(N5COc6ccc(C(C)(C)CC(C)(C)C)cc6C5)cc4)c4cc5c(cc4-c4cc6c(cc43)OCN(c3ccccc3)C6)CN(c3ccccc3)CO5)cc1)CO2,N2,10,5,344
CC(C)(C)CC(C)(C)c1ccc2c(c1)CN(c1ccc(C3(c4ccc(N5COc6ccc(C(C)(C)CC(C)(C)C)cc6C5)cc4)c4cc5c(cc4-c4cc6c(cc43)OCN(c3ccccc3)C6)CN(c3ccccc3)CO5)cc1)CO2,N2,10,10,379
CCCCCCCCCc1cccc2c1OCN(c1ccc(C3(c4ccc(N5COc6c(CCCCCCCCC)cccc6C5)cc4)c4cc5c(cc4-c4cc6c(cc43)OCN(c3ccccc3)C6)CN(c3ccccc3)CO5)cc1)C2,N2,10,5,336
CCCCCCCCCc1cccc2c1OCN(c1ccc(C3(c4ccc(N5COc6c(CCCCCCCCC)cccc6C5)cc4)c4cc5c(cc4-c4cc6c(cc43)OCN(c3ccccc3)C6)CN(c3ccccc3)CO5)cc1)C2,N2,10,10,377
Cc1cc(-c2nn(-c3ccc(NC(=O)c4ccc5cc(C(=O)O)ccc5c4)cc3)c(=O)c3ccccc23)ccc1Oc1ccc(N)cc1,N2,10,10,737
Cc1cc(-c2nn(-c3ccc(NC(=O)c4cccc(C(=O)O)c4)cc3)c(=O)c3ccccc23)ccc1Oc1ccc(N)cc1,N2,10,10,686
Cc1cc(-c2nn(-c3ccc(NC(=O)c4ccc(C(=O)O)cc4)cc3)c(=O)c3ccccc23)ccc1Oc1ccc(N)cc1,N2,10,10,679
Nc1ccc(Oc2ccc(-c3ccc(-c4nn(-c5ccc(NC(=O)c6ccc7c(c6)C(=O)N(c6ccc(N8C(=O)c9ccc(C(=O)O)cc9C8=O)cc6)C7=O)cc5)c(=O)c5ccccc45)cc3)cc2)cc1,N2,10,10,710
Nc1ccc(Oc2ccc(-c3ccc(-c4nn(-c5ccc(NC(=O)c6ccc7c(c6)C(=O)N(c6ccc(Cc8ccc(N9C(=O)c%10ccc(C(=O)O)cc%10C9=O)cc8)cc6)C7=O)cc5)c(=O)c5ccccc45)cc3)cc2)cc1,N2,10,10,744
Nc1ccc(Oc2ccc(-c3ccc(-c4nn(-c5ccc(NC(=O)c6ccc7c(c6)C(=O)N(c6ccc(S(=O)(=O)c8ccc(N9C(=O)c%10ccc(C(=O)O)cc%10C9=O)cc8)cc6)C7=O)cc5)c(=O)c5ccccc45)cc3)cc2)cc1,N2,10,10,717
C=CCc1ccc(C[Si](C)(C)c2ccc3c(c2)CC3)c(C[Si](C)(C)c2ccc3c(c2)CC3)c1,N2,10,5,400
C=CCc1ccc(C[Si](C)(C)c2ccc3c(c2)CC3)c(C[Si](C)(C)c2ccc3c(c2)CC3)c1,air,10,5,362
Nc1ccc(Oc2ccc(-c3nn(-c4ccc(NC(=O)c5cccc(C(=O)O)c5)cc4)c(=O)c4ccccc34)cc2-c2ccccc2)cc1,N2,10,10,405.3
Nc1ccc(Oc2ccc(-c3nn(-c4ccc(NC(=O)c5ccc6cc(C(=O)O)ccc6c5)cc4)c(=O)c4ccccc34)cc2-c2ccccc2)cc1,N2,10,10,415.3
Nc1ccc(Oc2ccc(C(c3ccc(Oc4ccc(C5C(=O)c6ccc(-c7ccc8c(c7)C(=O)OC8=O)cc6C5=O)cc4C(F)(F)F)cc3)(c3cccc(C(F)(F)F)c3)C(F)(F)F)cc2)c(C(F)(F)F)c1,N2,20,5,508.8
Nc1ccc(Oc2ccc(C(c3ccc(Oc4ccc(C5C(=O)c6ccc(-c7ccc8c(c7)C(=O)OC8=O)cc6C5=O)cc4C(F)(F)F)cc3)(c3cccc(C(F)(F)F)c3)C(F)(F)F)cc2)c(C(F)(F)F)c1,N2,20,10,529.4
Nc1ccc(Oc2ccc(C(c3ccc(Oc4ccc(C5C(=O)c6ccc(Oc7ccc8c(c7)C(=O)OC8=O)cc6C5=O)cc4C(F)(F)F)cc3)(c3cccc(C(F)(F)F)c3)C(F)(F)F)cc2)c(C(F)(F)F)c1,N2,20,5,513.9
Nc1ccc(Oc2ccc(C(c3ccc(Oc4ccc(C5C(=O)c6ccc(Oc7ccc8c(c7)C(=O)OC8=O)cc6C5=O)cc4C(F)(F)F)cc3)(c3cccc(C(F)(F)F)c3)C(F)(F)F)cc2)c(C(F)(F)F)c1,N2,20,10,534.8
Nc1ccc(Oc2ccc(C(c3ccc(Oc4ccc(C5C(=O)c6ccc(C(c7ccc8c(c7)C(=O)OC8=O)(C(F)(F)F)C(F)(F)F)cc6C5=O)cc4C(F)(F)F)cc3)(c3cccc(C(F)(F)F)c3)C(F)(F)F)cc2)c(C(F)(F)F)c1,N2,20,5,509.8
Nc1ccc(Oc2ccc(C(c3ccc(Oc4ccc(C5C(=O)c6ccc(C(c7ccc8c(c7)C(=O)OC8=O)(C(F)(F)F)C(F)(F)F)cc6C5=O)cc4C(F)(F)F)cc3)(c3cccc(C(F)(F)F)c3)C(F)(F)F)cc2)c(C(F)(F)F)c1,N2,20,10,528.6
Nc1ccc(Oc2ccc(C(c3ccc(Oc4ccc(C5C(=O)c6ccc(-c7ccc8c(c7)C(=O)OC8=O)cc6C5=O)cc4C(F)(F)F)cc3)(c3cc(C(F)(F)F)cc(C(F)(F)F)c3)C(F)(F)F)cc2)c(C(F)(F)F)c1,N2,20,5,506.7
Nc1ccc(Oc2ccc(C(c3ccc(Oc4ccc(C5C(=O)c6ccc(-c7ccc8c(c7)C(=O)OC8=O)cc6C5=O)cc4C(F)(F)F)cc3)(c3cc(C(F)(F)F)cc(C(F)(F)F)c3)C(F)(F)F)cc2)c(C(F)(F)F)c1,N2,20,10,530.5
Nc1ccc(Oc2ccc(C(c3ccc(Oc4ccc(C5C(=O)c6ccc(Oc7ccc8c(c7)C(=O)OC8=O)cc6C5=O)cc4C(F)(F)F)cc3)(c3cc(C(F)(F)F)cc(C(F)(F)F)c3)C(F)(F)F)cc2)c(C(F)(F)F)c1,N2,20,5,507.8
Nc1ccc(Oc2ccc(C(c3ccc(Oc4ccc(C5C(=O)c6ccc(Oc7ccc8c(c7)C(=O)OC8=O)cc6C5=O)cc4C(F)(F)F)cc3)(c3cc(C(F)(F)F)cc(C(F)(F)F)c3)C(F)(F)F)cc2)c(C(F)(F)F)c1,N2,20,10,529
Nc1ccc(Oc2ccc(C(c3ccc(Oc4ccc(C5C(=O)c6ccc(C(c7ccc8c(c7)C(=O)OC8=O)(C(F)(F)F)C(F)(F)F)cc6C5=O)cc4C(F)(F)F)cc3)(c3cc(C(F)(F)F)cc(C(F)(F)F)c3)C(F)(F)F)cc2)c(C(F)(F)F)c1,N2,20,5,504.3
Nc1ccc(Oc2ccc(C(c3ccc(Oc4ccc(C5C(=O)c6ccc(C(c7ccc8c(c7)C(=O)OC8=O)(C(F)(F)F)C(F)(F)F)cc6C5=O)cc4C(F)(F)F)cc3)(c3cc(C(F)(F)F)cc(C(F)(F)F)c3)C(F)(F)F)cc2)c(C(F)(F)F)c1,N2,20,10,521.8
Nc1ccc(OC2CCC(Oc3ccc(NC(=O)c4ccc(C(=O)O)cc4)cc3C(F)(F)F)CC2)c(C(F)(F)F)c1,N2,20,10,330
Nc1ccc(OC2CCC(Oc3ccc(NC(=O)c4ccc(C(=O)O)cc4)cc3C(F)(F)F)CC2)c(C(F)(F)F)c1,air,20,10,308
Nc1ccc(OC2CCC(Oc3ccc(NC(=O)c4cccc(C(=O)O)c4)cc3C(F)(F)F)CC2)c(C(F)(F)F)c1,N2,20,10,345
Nc1ccc(OC2CCC(Oc3ccc(NC(=O)c4cccc(C(=O)O)c4)cc3C(F)(F)F)CC2)c(C(F)(F)F)c1,air,20,10,329
Nc1ccc(OC2CCC(Oc3ccc(NC(=O)c4ccc(Oc5ccc(C(=O)O)cc5)cc4)cc3C(F)(F)F)CC2)c(C(F)(F)F)c1,N2,20,10,356
Nc1ccc(OC2CCC(Oc3ccc(NC(=O)c4ccc(Oc5ccc(C(=O)O)cc5)cc4)cc3C(F)(F)F)CC2)c(C(F)(F)F)c1,air,20,10,335
Nc1ccc(OC2CCC(Oc3ccc(NC(=O)c4ccc(C(c5ccc(C(=O)O)cc5)(C(F)(F)F)C(F)(F)F)cc4)cc3C(F)(F)F)CC2)c(C(F)(F)F)c1,N2,20,10,364
Nc1ccc(OC2CCC(Oc3ccc(NC(=O)c4ccc(C(c5ccc(C(=O)O)cc5)(C(F)(F)F)C(F)(F)F)cc4)cc3C(F)(F)F)CC2)c(C(F)(F)F)c1,air,20,10,350
Nc1ccc(Cc2ccc(NC(=O)c3ccc(-n4nc(-c5ccc(-c6ccc(Oc7ccc(C(=O)O)cc7)cc6)cc5)c5ccccc5c4=O)cc3)cc2)cc1,N2,20,10,512
Nc1ccc(Cc2ccc(NC(=O)c3ccc(-n4nc(-c5ccc(-c6ccc(Oc7ccc(C(=O)O)cc7)cc6)cc5)c5ccccc5c4=O)cc3)cc2)cc1,N2,20,5,487
Nc1ccc(S(=O)(=O)c2ccc(NC(=O)c3ccc(-n4nc(-c5ccc(-c6ccc(Oc7ccc(C(=O)O)cc7)cc6)cc5)c5ccccc5c4=O)cc3)cc2)cc1,N2,20,10,555
Nc1ccc(S(=O)(=O)c2ccc(NC(=O)c3ccc(-n4nc(-c5ccc(-c6ccc(Oc7ccc(C(=O)O)cc7)cc6)cc5)c5ccccc5c4=O)cc3)cc2)cc1,N2,20,5,516
Nc1ccc(Oc2ccc(NC(=O)c3ccc(-n4nc(-c5ccc(-c6ccc(Oc7ccc(C(=O)O)cc7)cc6)cc5)c5ccccc5c4=O)cc3)cc2)cc1,N2,20,10,540
Nc1ccc(Oc2ccc(NC(=O)c3ccc(-n4nc(-c5ccc(-c6ccc(Oc7ccc(C(=O)O)cc7)cc6)cc5)c5ccccc5c4=O)cc3)cc2)cc1,N2,20,5,501
Nc1ccc(NC(=O)c2ccc(-n3nc(-c4ccc(-c5ccc(Oc6ccc(C(=O)O)cc6)cc5)cc4)c4ccccc4c3=O)cc2)cc1,N2,20,10,524
Nc1ccc(NC(=O)c2ccc(-n3nc(-c4ccc(-c5ccc(Oc6ccc(C(=O)O)cc6)cc5)cc4)c4ccccc4c3=O)cc2)cc1,N2,20,5,491
Cc1cc(-c2nn(-c3ccc(C(=O)Nc4ccc(Oc5ccc(N)cc5)cc4)cc3)c(=O)c3ccccc23)ccc1Oc1ccc(C(=O)O)cc1,N2,10,10,483
Cc1cc(-c2nn(-c3ccc(C(=O)Nc4ccc(Cc5ccc(N)cc5)cc4)cc3)c(=O)c3ccccc23)ccc1Oc1ccc(C(=O)O)cc1,N2,10,10,500
Cc1cc(-c2nn(-c3ccc(C(=O)Nc4ccc(Oc5ccc(-c6nn(-c7ccc(N)cc7)c(=O)c7ccccc67)cc5)cc4)cc3)c(=O)c3ccccc23)ccc1Oc1ccc(C(=O)O)cc1,N2,10,10,502
O=C1C=CC(=O)N1c1ccc(Oc2ccc(C3(c4ccc(Oc5ccc(N6C(=O)C=CC6=O)cc5)cc4)c4ccccc4-c4ccccc43)cc2)cc1,N2,20,5,447.2
O=C1C=CC(=O)N1c1ccc(Oc2ccc(C3(c4ccc(Oc5ccc(N6C(=O)C=CC6=O)cc5)cc4)c4ccccc4-c4ccccc43)cc2)cc1,N2,20,10,459.5
Cc1cc(C2(c3ccc(Oc4ccc(N5C(=O)C=CC5=O)cc4)c(C)c3)c3ccccc3-c3ccccc32)ccc1Oc1ccc(N2C(=O)C=CC2=O)cc1,N2,20,5,428.8
Cc1cc(C2(c3ccc(Oc4ccc(N5C(=O)C=CC5=O)cc4)c(C)c3)c3ccccc3-c3ccccc32)ccc1Oc1ccc(N2C(=O)C=CC2=O)cc1,N2,20,10,434.7
Nc1ccc(-n2nc(-c3ccc(Oc4ccc(NC(=O)c5ccc6c(c5)C(=O)N(c5ccc(Oc7ccc(N8C(=O)c9ccc(C(=O)O)cc9C8=O)cc7)cc5)C6=O)cc4)c(-c4ccccc4)c3)c3ccccc3c2=O)cc1,N2,10,10,475
Nc1ccc(-n2nc(-c3ccc(Oc4ccc(NC(=O)c5ccc6c(c5)C(=O)N(c5ccc(S(=O)(=O)c7ccc(N8C(=O)c9ccc(C(=O)O)cc9C8=O)cc7)cc5)C6=O)cc4)c(-c4ccccc4)c3)c3ccccc3c2=O)cc1,N2,10,10,440
Nc1ccc(-n2nc(-c3ccc(Oc4ccc(NC(=O)c5ccc6c(c5)C(=O)N(c5ccc(Cc7ccc(N8C(=O)c9ccc(C(=O)O)cc9C8=O)cc7)cc5)C6=O)cc4)c(-c4ccccc4)c3)c3ccccc3c2=O)cc1,N2,10,10,490
O=C1CC(P2(=O)Oc3ccccc3-c3ccccc32)C(=O)N1c1ccc(O)cc1,N2,10,5,252.9
Nc1ccc(-c2cc(-c3ccc(C(F)(F)F)cc3)cc(-c3ccc(NC(=O)c4ccc(S(=O)(=O)c5ccc(C(=O)Cl)cc5)cc4)cc3)n2)cc1,N2,20,5,445
Nc1ccc(-c2cc(-c3ccc(C(F)(F)F)cc3)cc(-c3ccc(NC(=O)c4ccc(S(=O)(=O)c5ccc(C(=O)Cl)cc5)cc4)cc3)n2)cc1,N2,20,10,516
Nc1ccc(-c2cc(-c3ccc(C(F)(F)F)cc3)cc(-c3ccc(NC(=O)c4ccc(Oc5ccc(S(=O)(=O)c6ccc(Oc7ccc(C(=O)Cl)cc7)cc6)cc5)cc4)cc3)n2)cc1,N2,20,5,435
Nc1ccc(-c2cc(-c3ccc(C(F)(F)F)cc3)cc(-c3ccc(NC(=O)c4ccc(Oc5ccc(S(=O)(=O)c6ccc(Oc7ccc(C(=O)Cl)cc7)cc6)cc5)cc4)cc3)n2)cc1,N2,20,10,502
Nc1ccc(-c2cc(-c3ccc(C(F)(F)F)cc3)cc(-c3ccc(NC(=O)c4cccc(Oc5ccc(S(=O)(=O)c6ccc(Oc7cccc(C(=O)Cl)c7)cc6)cc5)c4)cc3)n2)cc1,N2,20,5,432
Nc1ccc(-c2cc(-c3ccc(C(F)(F)F)cc3)cc(-c3ccc(NC(=O)c4cccc(Oc5ccc(S(=O)(=O)c6ccc(Oc7cccc(C(=O)Cl)c7)cc6)cc5)c4)cc3)n2)cc1,N2,20,10,510
Cc1cc(S(=O)(=O)c2cc(C)c(Oc3ccc(C(=O)Nc4ccc(-c5cc(-c6ccc(C(F)(F)F)cc6)cc(-c6ccc(N)cc6)n5)cc4)cc3)c(C)c2)cc(C)c1Oc1ccc(C(=O)Cl)cc1,N2,20,5,425
Cc1cc(S(=O)(=O)c2cc(C)c(Oc3ccc(C(=O)Nc4ccc(-c5cc(-c6ccc(C(F)(F)F)cc6)cc(-c6ccc(N)cc6)n5)cc4)cc3)c(C)c2)cc(C)c1Oc1ccc(C(=O)Cl)cc1,N2,20,10,485
Nc1ccc(-c2cc(-c3ccc(C(F)(F)F)cc3)cc(-c3ccc(NC(=O)c4ccc(N(c5ccc(C(=O)O)cc5)c5ccc(C(F)(F)F)cc5)cc4)cc3)n2)cc1,N2,10,5,350
Nc1ccc(-c2cc(-c3ccc(C(F)(F)F)cc3)cc(-c3ccc(NC(=O)c4ccc(N(c5ccc(C(=O)O)cc5)c5ccc(C(F)(F)F)cc5)cc4)cc3)n2)cc1,N2,10,10,461
Nc1ccc(-c2cc(-c3ccc(C(F)(F)F)cc3)cc(-c3ccc(NC(=O)c4ccc(C(=O)O)c5ccccc45)cc3)n2)cc1,N2,10,5,396
Nc1ccc(-c2cc(-c3ccc(C(F)(F)F)cc3)cc(-c3ccc(NC(=O)c4ccc(C(=O)O)c5ccccc45)cc3)n2)cc1,N2,10,10,486
Nc1ccc(-c2cc(-c3ccc(C(F)(F)F)cc3)cc(-c3ccc(NC(=O)c4ccc(Oc5ccc(C6(c7ccc(Oc8ccc(C(=O)O)cc8)cc7)c7ccccc7Oc7ccccc76)cc5)cc4)cc3)n2)cc1,N2,10,5,416
Nc1ccc(-c2cc(-c3ccc(C(F)(F)F)cc3)cc(-c3ccc(NC(=O)c4ccc(Oc5ccc(C6(c7ccc(Oc8ccc(C(=O)O)cc8)cc7)c7ccccc7Oc7ccccc76)cc5)cc4)cc3)n2)cc1,N2,10,10,493
Nc1ccc(-c2cc(-c3ccc(C(F)(F)F)cc3)cc(-c3ccc(NC(=O)c4ccc(C(=O)O)c(Oc5ccc(C(F)(F)F)cc5)c4)cc3)n2)cc1,N2,10,5,391
Nc1ccc(-c2cc(-c3ccc(C(F)(F)F)cc3)cc(-c3ccc(NC(=O)c4ccc(C(=O)O)c(Oc5ccc(C(F)(F)F)cc5)c4)cc3)n2)cc1,N2,10,10,444
Nc1ccc(-c2cc(-c3ccc(C(F)(F)F)cc3)cc(-c3ccc(NC(=O)c4ccc(Oc5ccc(C(c6ccccc6)(c6ccccc6)c6ccc(Oc7ccc(C(=O)O)cc7)cc6)cc5)cc4)cc3)n2)cc1,N2,10,5,469
Nc1ccc(-c2cc(-c3ccc(C(F)(F)F)cc3)cc(-c3ccc(NC(=O)c4ccc(Oc5ccc(C(c6ccccc6)(c6ccccc6)c6ccc(Oc7ccc(C(=O)O)cc7)cc6)cc5)cc4)cc3)n2)cc1,N2,10,10,545
Nc1ccc(-c2cc(-c3ccc(C(F)(F)F)cc3)cc(-c3ccc(NC(=O)c4ccc(Oc5ccccc5Oc5ccc(C(=O)O)cc5)cc4)cc3)n2)cc1,N2,10,5,451
Nc1ccc(-c2cc(-c3ccc(C(F)(F)F)cc3)cc(-c3ccc(NC(=O)c4ccc(Oc5ccccc5Oc5ccc(C(=O)O)cc5)cc4)cc3)n2)cc1,N2,10,10,505
Nc1ccc(-c2cc(-c3ccc(C(F)(F)F)cc3)cc(-c3ccc(NC(=O)c4ccc(Oc5ccc(C6(c7ccc(Oc8ccc(C(=O)O)cc8)cc7)CCCCC6)cc5)cc4)cc3)n2)cc1,N2,10,5,448
Nc1ccc(-c2cc(-c3ccc(C(F)(F)F)cc3)cc(-c3ccc(NC(=O)c4ccc(Oc5ccc(C6(c7ccc(Oc8ccc(C(=O)O)cc8)cc7)CCCCC6)cc5)cc4)cc3)n2)cc1,N2,10,10,524
Nc1ccc(-c2cc(-c3ccc(C(F)(F)F)cc3)cc(-c3ccc(NC(=O)c4ccc(Oc5ccc(C(c6ccc(Oc7ccc(C(=O)O)cc7)cc6)(C(F)(F)F)C(F)(F)F)cc5)cc4)cc3)n2)cc1,N2,10,5,448
Nc1ccc(-c2cc(-c3ccc(C(F)(F)F)cc3)cc(-c3ccc(NC(=O)c4ccc(Oc5ccc(C(c6ccc(Oc7ccc(C(=O)O)cc7)cc6)(C(F)(F)F)C(F)(F)F)cc5)cc4)cc3)n2)cc1,N2,10,10,509
Nc1ccc(-c2cc(-c3ccc(C(F)(F)F)cc3)cc(-c3ccc(NC(=O)c4ccc(Oc5ccc(S(=O)(=O)c6ccc(Oc7ccc(C(=O)O)cc7)cc6)cc5)cc4)cc3)n2)cc1,N2,10,5,425
Nc1ccc(-c2cc(-c3ccc(C(F)(F)F)cc3)cc(-c3ccc(NC(=O)c4ccc(Oc5ccc(S(=O)(=O)c6ccc(Oc7ccc(C(=O)O)cc7)cc6)cc5)cc4)cc3)n2)cc1,N2,10,10,502
Nc1ccc(Oc2ccc(-c3cc(-c4ccc(C(F)(F)F)cc4)cc(-c4ccc(Oc5ccc(NC(=O)c6ccc(C(=O)O)c7ccccc67)cc5C(F)(F)F)cc4)n3)cc2)c(C(F)(F)F)c1,N2,10,5,451
Nc1ccc(Oc2ccc(-c3cc(-c4ccc(C(F)(F)F)cc4)cc(-c4ccc(Oc5ccc(NC(=O)c6ccc(C(=O)O)c7ccccc67)cc5C(F)(F)F)cc4)n3)cc2)c(C(F)(F)F)c1,N2,10,10,507
Nc1ccc(Oc2ccc(-c3cc(-c4ccc(C(F)(F)F)cc4)cc(-c4ccc(Oc5ccc(NC(=O)c6ccc(C(=O)O)cc6)cc5C(F)(F)F)cc4)n3)cc2)c(C(F)(F)F)c1,N2,10,5,461
Nc1ccc(Oc2ccc(-c3cc(-c4ccc(C(F)(F)F)cc4)cc(-c4ccc(Oc5ccc(NC(=O)c6ccc(C(=O)O)cc6)cc5C(F)(F)F)cc4)n3)cc2)c(C(F)(F)F)c1,N2,10,10,510
Nc1ccc(Oc2ccc(-c3cc(-c4ccc(C(F)(F)F)cc4)cc(-c4ccc(Oc5ccc(NC(=O)c6ccc(C(=O)O)c(Oc7ccc(C(F)(F)F)cc7)c6)cc5C(F)(F)F)cc4)n3)cc2)c(C(F)(F)F)c1,N2,10,5,380
Nc1ccc(Oc2ccc(-c3cc(-c4ccc(C(F)(F)F)cc4)cc(-c4ccc(Oc5ccc(NC(=O)c6ccc(C(=O)O)c(Oc7ccc(C(F)(F)F)cc7)c6)cc5C(F)(F)F)cc4)n3)cc2)c(C(F)(F)F)c1,N2,10,10,437
Nc1ccc(Oc2ccc(-c3cc(-c4ccc(C(F)(F)F)cc4)cc(-c4ccc(Oc5ccc(NC(=O)c6ccc(Oc7ccc(Oc8ccc(C(=O)O)cc8)cc7)cc6)cc5C(F)(F)F)cc4)n3)cc2)c(C(F)(F)F)c1,N2,10,5,431
Nc1ccc(Oc2ccc(-c3cc(-c4ccc(C(F)(F)F)cc4)cc(-c4ccc(Oc5ccc(NC(=O)c6ccc(Oc7ccc(Oc8ccc(C(=O)O)cc8)cc7)cc6)cc5C(F)(F)F)cc4)n3)cc2)c(C(F)(F)F)c1,N2,10,10,493
Nc1ccc(Oc2ccc(-c3cc(-c4ccc(C(F)(F)F)cc4)cc(-c4ccc(Oc5ccc(NC(=O)c6ccc(Oc7ccc(C(c8ccc(Oc9ccc(C(=O)O)cc9)cc8)(C(F)(F)F)C(F)(F)F)cc7)cc6)cc5C(F)(F)F)cc4)n3)cc2)c(C(F)(F)F)c1,N2,10,5,469
Nc1ccc(Oc2ccc(-c3cc(-c4ccc(C(F)(F)F)cc4)cc(-c4ccc(Oc5ccc(NC(=O)c6ccc(Oc7ccc(C(c8ccc(Oc9ccc(C(=O)O)cc9)cc8)(C(F)(F)F)C(F)(F)F)cc7)cc6)cc5C(F)(F)F)cc4)n3)cc2)c(C(F)(F)F)c1,N2,10,10,510
Nc1ccc(Oc2ccc(-c3cc(-c4ccc(C(F)(F)F)cc4)cc(-c4ccc(Oc5ccc(NC(=O)c6ccc(Oc7ccc(C8(c9ccc(Oc%10ccc(C(=O)O)cc%10)cc9)c9ccccc9Oc9ccccc98)cc7)cc6)cc5C(F)(F)F)cc4)n3)cc2)c(C(F)(F)F)c1,N2,10,5,463
Nc1ccc(Oc2ccc(-c3cc(-c4ccc(C(F)(F)F)cc4)cc(-c4ccc(Oc5ccc(NC(=O)c6ccc(Oc7ccc(C8(c9ccc(Oc%10ccc(C(=O)O)cc%10)cc9)c9ccccc9Oc9ccccc98)cc7)cc6)cc5C(F)(F)F)cc4)n3)cc2)c(C(F)(F)F)c1,N2,10,10,515
Nc1ccc(Oc2ccc(-c3cc(-c4ccc(C(F)(F)F)cc4)cc(-c4ccc(Oc5ccc(NC(=O)c6ccc(Oc7ccc(C(c8ccccc8)(c8ccccc8)c8ccc(Oc9ccc(C(=O)O)cc9)cc8)cc7)cc6)cc5C(F)(F)F)cc4)n3)cc2)c(C(F)(F)F)c1,N2,10,5,470
Nc1ccc(Oc2ccc(-c3cc(-c4ccc(C(F)(F)F)cc4)cc(-c4ccc(Oc5ccc(NC(=O)c6ccc(Oc7ccc(C(c8ccccc8)(c8ccccc8)c8ccc(Oc9ccc(C(=O)O)cc9)cc8)cc7)cc6)cc5C(F)(F)F)cc4)n3)cc2)c(C(F)(F)F)c1,N2,10,10,514
Nc1ccc(Oc2ccc(-c3cc(-c4ccc(C(F)(F)F)cc4)cc(-c4ccc(Oc5ccc(NC(=O)c6ccc(Oc7ccc8ccccc8c7-c7c(Oc8ccc(C(=O)O)cc8)ccc8ccccc78)cc6)cc5C(F)(F)F)cc4)n3)cc2)c(C(F)(F)F)c1,N2,10,5,437
Nc1ccc(Oc2ccc(-c3cc(-c4ccc(C(F)(F)F)cc4)cc(-c4ccc(Oc5ccc(NC(=O)c6ccc(Oc7ccc8ccccc8c7-c7c(Oc8ccc(C(=O)O)cc8)ccc8ccccc78)cc6)cc5C(F)(F)F)cc4)n3)cc2)c(C(F)(F)F)c1,N2,10,10,511
Nc1ccc(NC(=O)c2ccc(-c3nc(-c4ccccc4)nc(-c4ccc(C(=O)O)cc4)n3)cc2)cc1,N2,20,5,495
Nc1ccc(NC(=O)c2ccc(-c3nc(-c4ccccc4)nc(-c4ccc(C(=O)O)cc4)n3)cc2)cc1,N2,20,10,516
Nc1ccc(NC(=O)c2ccc(-c3nc(-c4ccccc4)nc(-c4ccc(C(=O)O)cc4)n3)cc2)cc1,air,20,5,471
Nc1ccc(NC(=O)c2ccc(-c3nc(-c4ccccc4)nc(-c4ccc(C(=O)O)cc4)n3)cc2)cc1,air,20,10,499
Nc1cccc(NC(=O)c2ccc(-c3nc(-c4ccccc4)nc(-c4ccc(C(=O)O)cc4)n3)cc2)c1,N2,20,5,493
Nc1cccc(NC(=O)c2ccc(-c3nc(-c4ccccc4)nc(-c4ccc(C(=O)O)cc4)n3)cc2)c1,N2,20,10,519
Nc1cccc(NC(=O)c2ccc(-c3nc(-c4ccccc4)nc(-c4ccc(C(=O)O)cc4)n3)cc2)c1,air,20,5,479
Nc1cccc(NC(=O)c2ccc(-c3nc(-c4ccccc4)nc(-c4ccc(C(=O)O)cc4)n3)cc2)c1,air,20,10,507
Nc1ccc(Oc2ccc(NC(=O)c3ccc(-c4nc(-c5ccccc5)nc(-c5ccc(C(=O)O)cc5)n4)cc3)cc2)cc1,N2,20,5,501
Nc1ccc(Oc2ccc(NC(=O)c3ccc(-c4nc(-c5ccccc5)nc(-c5ccc(C(=O)O)cc5)n4)cc3)cc2)cc1,N2,20,10,527
Nc1ccc(Oc2ccc(NC(=O)c3ccc(-c4nc(-c5ccccc5)nc(-c5ccc(C(=O)O)cc5)n4)cc3)cc2)cc1,air,20,5,483
Nc1ccc(Oc2ccc(NC(=O)c3ccc(-c4nc(-c5ccccc5)nc(-c5ccc(C(=O)O)cc5)n4)cc3)cc2)cc1,air,20,10,504
Nc1ccc(Cc2ccc(NC(=O)c3ccc(-c4nc(-c5ccccc5)nc(-c5ccc(C(=O)O)cc5)n4)cc3)cc2)cc1,N2,20,5,447
Nc1ccc(Cc2ccc(NC(=O)c3ccc(-c4nc(-c5ccccc5)nc(-c5ccc(C(=O)O)cc5)n4)cc3)cc2)cc1,N2,20,10,518
Nc1ccc(Cc2ccc(NC(=O)c3ccc(-c4nc(-c5ccccc5)nc(-c5ccc(C(=O)O)cc5)n4)cc3)cc2)cc1,air,20,5,425
Nc1ccc(Cc2ccc(NC(=O)c3ccc(-c4nc(-c5ccccc5)nc(-c5ccc(C(=O)O)cc5)n4)cc3)cc2)cc1,air,20,10,462
Nc1ccc(S(=O)(=O)c2ccc(NC(=O)c3ccc(-c4nc(-c5ccccc5)nc(-c5ccc(C(=O)O)cc5)n4)cc3)cc2)cc1,N2,20,5,462
Nc1ccc(S(=O)(=O)c2ccc(NC(=O)c3ccc(-c4nc(-c5ccccc5)nc(-c5ccc(C(=O)O)cc5)n4)cc3)cc2)cc1,N2,20,10,515
Nc1ccc(S(=O)(=O)c2ccc(NC(=O)c3ccc(-c4nc(-c5ccccc5)nc(-c5ccc(C(=O)O)cc5)n4)cc3)cc2)cc1,air,20,5,451
Nc1ccc(S(=O)(=O)c2ccc(NC(=O)c3ccc(-c4nc(-c5ccccc5)nc(-c5ccc(C(=O)O)cc5)n4)cc3)cc2)cc1,air,20,10,488
Nc1ccc(Oc2ccc(C3(c4ccc(Oc5ccc(NC(=O)c6ccc(C(=O)Cl)cc6)cc5C(F)(F)F)cc4)c4ccccc4Oc4ccccc43)cc2)c(C(F)(F)F)c1,N2,10,5,458
Nc1ccc(Oc2ccc(C3(c4ccc(Oc5ccc(NC(=O)c6ccc(C(=O)Cl)cc6)cc5C(F)(F)F)cc4)c4ccccc4Oc4ccccc43)cc2)c(C(F)(F)F)c1,N2,10,10,497
Nc1ccc(Oc2ccc(C3(c4ccc(Oc5ccc(NC(=O)c6ccc(C(=O)Cl)cc6)cc5C(F)(F)F)cc4)c4ccccc4Oc4ccccc43)cc2)c(C(F)(F)F)c1,air,10,5,445
Nc1ccc(Oc2ccc(C3(c4ccc(Oc5ccc(NC(=O)c6ccc(C(=O)Cl)cc6)cc5C(F)(F)F)cc4)c4ccccc4Oc4ccccc43)cc2)c(C(F)(F)F)c1,air,10,10,486
Nc1ccc(Oc2ccc(C3(c4ccc(Oc5ccc(NC(=O)c6cccc(C(=O)Cl)c6)cc5C(F)(F)F)cc4)c4ccccc4Oc4ccccc43)cc2)c(C(F)(F)F)c1,N2,10,5,466
Nc1ccc(Oc2ccc(C3(c4ccc(Oc5ccc(NC(=O)c6cccc(C(=O)Cl)c6)cc5C(F)(F)F)cc4)c4ccccc4Oc4ccccc43)cc2)c(C(F)(F)F)c1,N2,10,10,501
Nc1ccc(Oc2ccc(C3(c4ccc(Oc5ccc(NC(=O)c6cccc(C(=O)Cl)c6)cc5C(F)(F)F)cc4)c4ccccc4Oc4ccccc43)cc2)c(C(F)(F)F)c1,air,10,5,452
Nc1ccc(Oc2ccc(C3(c4ccc(Oc5ccc(NC(=O)c6cccc(C(=O)Cl)c6)cc5C(F)(F)F)cc4)c4ccccc4Oc4ccccc43)cc2)c(C(F)(F)F)c1,air,10,10,476
Nc1ccc(Oc2ccc(C3(c4ccc(Oc5ccc(NC(=O)c6ccc(-c7ccc(C(=O)Cl)cc7)cc6)cc5C(F)(F)F)cc4)c4ccccc4Oc4ccccc43)cc2)c(C(F)(F)F)c1,N2,10,5,500
Nc1ccc(Oc2ccc(C3(c4ccc(Oc5ccc(NC(=O)c6ccc(-c7ccc(C(=O)Cl)cc7)cc6)cc5C(F)(F)F)cc4)c4ccccc4Oc4ccccc43)cc2)c(C(F)(F)F)c1,N2,10,10,510
Nc1ccc(Oc2ccc(C3(c4ccc(Oc5ccc(NC(=O)c6ccc(-c7ccc(C(=O)Cl)cc7)cc6)cc5C(F)(F)F)cc4)c4ccccc4Oc4ccccc43)cc2)c(C(F)(F)F)c1,air,10,5,475
Nc1ccc(Oc2ccc(C3(c4ccc(Oc5ccc(NC(=O)c6ccc(-c7ccc(C(=O)Cl)cc7)cc6)cc5C(F)(F)F)cc4)c4ccccc4Oc4ccccc43)cc2)c(C(F)(F)F)c1,air,10,10,492
Nc1ccc(Oc2ccc(C3(c4ccc(Oc5ccc(NC(=O)c6ccc(Oc7ccc(C8(c9ccc(Oc%10ccc(C(=O)Cl)cc%10)cc9)c9ccccc9Oc9ccccc98)cc7)cc6)cc5C(F)(F)F)cc4)c4ccccc4Oc4ccccc43)cc2)c(C(F)(F)F)c1,N2,10,5,492
Nc1ccc(Oc2ccc(C3(c4ccc(Oc5ccc(NC(=O)c6ccc(Oc7ccc(C8(c9ccc(Oc%10ccc(C(=O)Cl)cc%10)cc9)c9ccccc9Oc9ccccc98)cc7)cc6)cc5C(F)(F)F)cc4)c4ccccc4Oc4ccccc43)cc2)c(C(F)(F)F)c1,N2,10,10,532
Nc1ccc(Oc2ccc(C3(c4ccc(Oc5ccc(NC(=O)c6ccc(Oc7ccc(C8(c9ccc(Oc%10ccc(C(=O)Cl)cc%10)cc9)c9ccccc9Oc9ccccc98)cc7)cc6)cc5C(F)(F)F)cc4)c4ccccc4Oc4ccccc43)cc2)c(C(F)(F)F)c1,air,10,5,463
Nc1ccc(Oc2ccc(C3(c4ccc(Oc5ccc(NC(=O)c6ccc(Oc7ccc(C8(c9ccc(Oc%10ccc(C(=O)Cl)cc%10)cc9)c9ccccc9Oc9ccccc98)cc7)cc6)cc5C(F)(F)F)cc4)c4ccccc4Oc4ccccc43)cc2)c(C(F)(F)F)c1,air,10,10,510
Nc1ccc(Oc2ccc(C3(c4ccc(Oc5ccc(NC(=O)c6ccc(Oc7ccc(Oc8ccc(C(=O)Cl)cc8)cc7)cc6)cc5C(F)(F)F)cc4)c4ccccc4Oc4ccccc43)cc2)c(C(F)(F)F)c1,N2,10,5,492
Nc1ccc(Oc2ccc(C3(c4ccc(Oc5ccc(NC(=O)c6ccc(Oc7ccc(Oc8ccc(C(=O)Cl)cc8)cc7)cc6)cc5C(F)(F)F)cc4)c4ccccc4Oc4ccccc43)cc2)c(C(F)(F)F)c1,N2,10,10,517
Nc1ccc(Oc2ccc(C3(c4ccc(Oc5ccc(NC(=O)c6ccc(Oc7ccc(Oc8ccc(C(=O)Cl)cc8)cc7)cc6)cc5C(F)(F)F)cc4)c4ccccc4Oc4ccccc43)cc2)c(C(F)(F)F)c1,air,10,5,461
Nc1ccc(Oc2ccc(C3(c4ccc(Oc5ccc(NC(=O)c6ccc(Oc7ccc(Oc8ccc(C(=O)Cl)cc8)cc7)cc6)cc5C(F)(F)F)cc4)c4ccccc4Oc4ccccc43)cc2)c(C(F)(F)F)c1,air,10,10,502
Nc1ccc(Oc2ccc(C3(c4ccc(Oc5ccc(NC(=O)c6ccc(Oc7cccc(Oc8ccc(C(=O)Cl)cc8)c7)cc6)cc5C(F)(F)F)cc4)c4ccccc4Oc4ccccc43)cc2)c(C(F)(F)F)c1,N2,10,5,460
Nc1ccc(Oc2ccc(C3(c4ccc(Oc5ccc(NC(=O)c6ccc(Oc7cccc(Oc8ccc(C(=O)Cl)cc8)c7)cc6)cc5C(F)(F)F)cc4)c4ccccc4Oc4ccccc43)cc2)c(C(F)(F)F)c1,N2,10,10,495
Nc1ccc(Oc2ccc(C3(c4ccc(Oc5ccc(NC(=O)c6ccc(Oc7cccc(Oc8ccc(C(=O)Cl)cc8)c7)cc6)cc5C(F)(F)F)cc4)c4ccccc4Oc4ccccc43)cc2)c(C(F)(F)F)c1,air,10,5,445
Nc1ccc(Oc2ccc(C3(c4ccc(Oc5ccc(NC(=O)c6ccc(Oc7cccc(Oc8ccc(C(=O)Cl)cc8)c7)cc6)cc5C(F)(F)F)cc4)c4ccccc4Oc4ccccc43)cc2)c(C(F)(F)F)c1,air,10,10,484
Nc1ccc(Oc2ccc(C3(c4ccc(Oc5ccc(NC(=O)c6ccc(Oc7ccccc7Oc7ccc(C(=O)Cl)cc7)cc6)cc5C(F)(F)F)cc4)c4ccccc4Oc4ccccc43)cc2)c(C(F)(F)F)c1,N2,10,5,463
Nc1ccc(Oc2ccc(C3(c4ccc(Oc5ccc(NC(=O)c6ccc(Oc7ccccc7Oc7ccc(C(=O)Cl)cc7)cc6)cc5C(F)(F)F)cc4)c4ccccc4Oc4ccccc43)cc2)c(C(F)(F)F)c1,N2,10,10,523
Nc1ccc(Oc2ccc(C3(c4ccc(Oc5ccc(NC(=O)c6ccc(Oc7ccccc7Oc7ccc(C(=O)Cl)cc7)cc6)cc5C(F)(F)F)cc4)c4ccccc4Oc4ccccc43)cc2)c(C(F)(F)F)c1,air,10,5,447
Nc1ccc(Oc2ccc(C3(c4ccc(Oc5ccc(NC(=O)c6ccc(Oc7ccccc7Oc7ccc(C(=O)Cl)cc7)cc6)cc5C(F)(F)F)cc4)c4ccccc4Oc4ccccc43)cc2)c(C(F)(F)F)c1,air,10,10,500
Nc1ccc(Oc2ccc(Oc3ccc(NC(=O)c4ccc(Oc5ccc(C6(c7ccc(Oc8ccc(C(=O)Cl)cc8)cc7)c7ccccc7Oc7ccccc76)cc5)cc4)cc3C(F)(F)F)cc2)c(C(F)(F)F)c1,N2,10,5,457
Nc1ccc(Oc2ccc(Oc3ccc(NC(=O)c4ccc(Oc5ccc(C6(c7ccc(Oc8ccc(C(=O)Cl)cc8)cc7)c7ccccc7Oc7ccccc76)cc5)cc4)cc3C(F)(F)F)cc2)c(C(F)(F)F)c1,N2,10,10,484
Nc1ccc(Oc2ccc(Oc3ccc(NC(=O)c4ccc(Oc5ccc(C6(c7ccc(Oc8ccc(C(=O)Cl)cc8)cc7)c7ccccc7Oc7ccccc76)cc5)cc4)cc3C(F)(F)F)cc2)c(C(F)(F)F)c1,air,10,5,398
Nc1ccc(Oc2ccc(Oc3ccc(NC(=O)c4ccc(Oc5ccc(C6(c7ccc(Oc8ccc(C(=O)Cl)cc8)cc7)c7ccccc7Oc7ccccc76)cc5)cc4)cc3C(F)(F)F)cc2)c(C(F)(F)F)c1,air,10,10,438
Nc1ccc(Oc2ccccc2Oc2ccc(NC(=O)c3ccc(Oc4ccc(C5(c6ccc(Oc7ccc(C(=O)Cl)cc7)cc6)c6ccccc6Oc6ccccc65)cc4)cc3)cc2C(F)(F)F)c(C(F)(F)F)c1,N2,10,5,464
Nc1ccc(Oc2ccccc2Oc2ccc(NC(=O)c3ccc(Oc4ccc(C5(c6ccc(Oc7ccc(C(=O)Cl)cc7)cc6)c6ccccc6Oc6ccccc65)cc4)cc3)cc2C(F)(F)F)c(C(F)(F)F)c1,N2,10,10,486
Nc1ccc(Oc2ccccc2Oc2ccc(NC(=O)c3ccc(Oc4ccc(C5(c6ccc(Oc7ccc(C(=O)Cl)cc7)cc6)c6ccccc6Oc6ccccc65)cc4)cc3)cc2C(F)(F)F)c(C(F)(F)F)c1,air,10,5,397
Nc1ccc(Oc2ccccc2Oc2ccc(NC(=O)c3ccc(Oc4ccc(C5(c6ccc(Oc7ccc(C(=O)Cl)cc7)cc6)c6ccccc6Oc6ccccc65)cc4)cc3)cc2C(F)(F)F)c(C(F)(F)F)c1,air,10,10,435
Nc1ccc(Oc2ccc(-c3ccc(Oc4ccc(NC(=O)c5ccc(Oc6ccc(C7(c8ccc(Oc9ccc(C(=O)Cl)cc9)cc8)c8ccccc8Oc8ccccc87)cc6)cc5)cc4C(F)(F)F)cc3)cc2)c(C(F)(F)F)c1,N2,10,5,476
Nc1ccc(Oc2ccc(-c3ccc(Oc4ccc(NC(=O)c5ccc(Oc6ccc(C7(c8ccc(Oc9ccc(C(=O)Cl)cc9)cc8)c8ccccc8Oc8ccccc87)cc6)cc5)cc4C(F)(F)F)cc3)cc2)c(C(F)(F)F)c1,N2,10,10,498
Nc1ccc(Oc2ccc(-c3ccc(Oc4ccc(NC(=O)c5ccc(Oc6ccc(C7(c8ccc(Oc9ccc(C(=O)Cl)cc9)cc8)c8ccccc8Oc8ccccc87)cc6)cc5)cc4C(F)(F)F)cc3)cc2)c(C(F)(F)F)c1,air,10,5,414
Nc1ccc(Oc2ccc(-c3ccc(Oc4ccc(NC(=O)c5ccc(Oc6ccc(C7(c8ccc(Oc9ccc(C(=O)Cl)cc9)cc8)c8ccccc8Oc8ccccc87)cc6)cc5)cc4C(F)(F)F)cc3)cc2)c(C(F)(F)F)c1,air,10,10,450
Nc1ccc(Oc2ccc(S(=O)(=O)c3ccc(Oc4ccc(NC(=O)c5ccc(Oc6ccc(C7(c8ccc(Oc9ccc(C(=O)Cl)cc9)cc8)c8ccccc8Oc8ccccc87)cc6)cc5)cc4C(F)(F)F)cc3)cc2)c(C(F)(F)F)c1,N2,10,5,462
Nc1ccc(Oc2ccc(S(=O)(=O)c3ccc(Oc4ccc(NC(=O)c5ccc(Oc6ccc(C7(c8ccc(Oc9ccc(C(=O)Cl)cc9)cc8)c8ccccc8Oc8ccccc87)cc6)cc5)cc4C(F)(F)F)cc3)cc2)c(C(F)(F)F)c1,N2,10,10,492
Nc1ccc(Oc2ccc(S(=O)(=O)c3ccc(Oc4ccc(NC(=O)c5ccc(Oc6ccc(C7(c8ccc(Oc9ccc(C(=O)Cl)cc9)cc8)c8ccccc8Oc8ccccc87)cc6)cc5)cc4C(F)(F)F)cc3)cc2)c(C(F)(F)F)c1,air,10,5,390
Nc1ccc(Oc2ccc(S(=O)(=O)c3ccc(Oc4ccc(NC(=O)c5ccc(Oc6ccc(C7(c8ccc(Oc9ccc(C(=O)Cl)cc9)cc8)c8ccccc8Oc8ccccc87)cc6)cc5)cc4C(F)(F)F)cc3)cc2)c(C(F)(F)F)c1,air,10,10,410
CC(C)(c1ccc(Oc2ccc(N)cc2C(F)(F)F)cc1)c1ccc(Oc2ccc(NC(=O)c3ccc(Oc4ccc(C5(c6ccc(Oc7ccc(C(=O)Cl)cc7)cc6)c6ccccc6Oc6ccccc65)cc4)cc3)cc2C(F)(F)F)cc1,N2,10,5,476
CC(C)(c1ccc(Oc2ccc(N)cc2C(F)(F)F)cc1)c1ccc(Oc2ccc(NC(=O)c3ccc(Oc4ccc(C5(c6ccc(Oc7ccc(C(=O)Cl)cc7)cc6)c6ccccc6Oc6ccccc65)cc4)cc3)cc2C(F)(F)F)cc1,N2,10,10,517
CC(C)(c1ccc(Oc2ccc(N)cc2C(F)(F)F)cc1)c1ccc(Oc2ccc(NC(=O)c3ccc(Oc4ccc(C5(c6ccc(Oc7ccc(C(=O)Cl)cc7)cc6)c6ccccc6Oc6ccccc65)cc4)cc3)cc2C(F)(F)F)cc1,air,10,5,413
CC(C)(c1ccc(Oc2ccc(N)cc2C(F)(F)F)cc1)c1ccc(Oc2ccc(NC(=O)c3ccc(Oc4ccc(C5(c6ccc(Oc7ccc(C(=O)Cl)cc7)cc6)c6ccccc6Oc6ccccc65)cc4)cc3)cc2C(F)(F)F)cc1,air,10,10,456
Nc1ccc(Oc2ccc(C(c3ccc(Oc4ccc(NC(=O)c5ccc(Oc6ccc(C7(c8ccc(Oc9ccc(C(=O)Cl)cc9)cc8)c8ccccc8Oc8ccccc87)cc6)cc5)cc4C(F)(F)F)cc3)(C(F)(F)F)C(F)(F)F)cc2)c(C(F)(F)F)c1,N2,10,5,480
Nc1ccc(Oc2ccc(C(c3ccc(Oc4ccc(NC(=O)c5ccc(Oc6ccc(C7(c8ccc(Oc9ccc(C(=O)Cl)cc9)cc8)c8ccccc8Oc8ccccc87)cc6)cc5)cc4C(F)(F)F)cc3)(C(F)(F)F)C(F)(F)F)cc2)c(C(F)(F)F)c1,N2,10,10,508
Nc1ccc(Oc2ccc(C(c3ccc(Oc4ccc(NC(=O)c5ccc(Oc6ccc(C7(c8ccc(Oc9ccc(C(=O)Cl)cc9)cc8)c8ccccc8Oc8ccccc87)cc6)cc5)cc4C(F)(F)F)cc3)(C(F)(F)F)C(F)(F)F)cc2)c(C(F)(F)F)c1,air,10,5,421
Nc1ccc(Oc2ccc(C(c3ccc(Oc4ccc(NC(=O)c5ccc(Oc6ccc(C7(c8ccc(Oc9ccc(C(=O)Cl)cc9)cc8)c8ccccc8Oc8ccccc87)cc6)cc5)cc4C(F)(F)F)cc3)(C(F)(F)F)C(F)(F)F)cc2)c(C(F)(F)F)c1,air,10,10,494
N#Cc1cc(Oc2ccc(NCC(O)COc3cccc(OCC4CO4)c3)cc2)ccc1C1=NC(COc2cccc(OCC3CO3)c2)CO1,N2,10,5,506
N#Cc1cc(Oc2ccc(NCC(O)COc3cccc(OCC4CO4)c3)cc2)ccc1C1=NC(COc2cccc(OCC3CO3)c2)CO1,air,10,5,493
OC(COCCOCCOCC1CO1)COCCOCCOCC1CO1,N2,10,10,349
Cc1cc(C2(c3ccc(Oc4ccc(C(=O)Nc5ccc(N)cc5)cc4)c(C)c3)c3ccccc3Oc3ccccc32)ccc1Oc1ccc(C(=O)O)cc1,N2,20,10,373
Cc1cc(C2(c3ccc(Oc4ccc(C(=O)Nc5ccc(N)cc5)cc4)c(C)c3)c3ccccc3Oc3ccccc32)ccc1Oc1ccc(C(=O)O)cc1,N2,20,5,334
Cc1cc(C2(c3ccc(Oc4ccc(C(=O)Nc5cccc(N)c5)cc4)c(C)c3)c3ccccc3Oc3ccccc32)ccc1Oc1ccc(C(=O)O)cc1,N2,20,10,377
Cc1cc(C2(c3ccc(Oc4ccc(C(=O)Nc5cccc(N)c5)cc4)c(C)c3)c3ccccc3Oc3ccccc32)ccc1Oc1ccc(C(=O)O)cc1,N2,20,5,362
Cc1cc(C2(c3ccc(Oc4ccc(C(=O)Nc5ccc(-c6ccc(N)cc6)cc5)cc4)c(C)c3)c3ccccc3Oc3ccccc32)ccc1Oc1ccc(C(=O)O)cc1,N2,20,10,383
Cc1cc(C2(c3ccc(Oc4ccc(C(=O)Nc5ccc(-c6ccc(N)cc6)cc5)cc4)c(C)c3)c3ccccc3Oc3ccccc32)ccc1Oc1ccc(C(=O)O)cc1,N2,20,5,367
Cc1cc(C2(c3ccc(Oc4ccc(C(=O)Nc5ccc(Oc6ccc(N)cc6)cc5)cc4)c(C)c3)c3ccccc3Oc3ccccc32)ccc1Oc1ccc(C(=O)O)cc1,N2,20,10,375
Cc1cc(C2(c3ccc(Oc4ccc(C(=O)Nc5ccc(Oc6ccc(N)cc6)cc5)cc4)c(C)c3)c3ccccc3Oc3ccccc32)ccc1Oc1ccc(C(=O)O)cc1,N2,20,5,360
Nc1ccc(NC(=O)c2ccc(N(c3ccc(C(=O)O)cc3)c3cccc(C(F)(F)F)c3)cc2)cc1,N2,20,5,461
Nc1ccc(NC(=O)c2ccc(N(c3ccc(C(=O)O)cc3)c3cccc(C(F)(F)F)c3)cc2)cc1,N2,20,10,496
Nc1cccc(NC(=O)c2ccc(N(c3ccc(C(=O)O)cc3)c3cccc(C(F)(F)F)c3)cc2)c1,N2,20,5,458
Nc1cccc(NC(=O)c2ccc(N(c3ccc(C(=O)O)cc3)c3cccc(C(F)(F)F)c3)cc2)c1,N2,20,10,489
Nc1ccc(-c2ccc(NC(=O)c3ccc(N(c4ccc(C(=O)O)cc4)c4cccc(C(F)(F)F)c4)cc3)cc2)cc1,N2,20,5,462
Nc1ccc(-c2ccc(NC(=O)c3ccc(N(c4ccc(C(=O)O)cc4)c4cccc(C(F)(F)F)c4)cc3)cc2)cc1,N2,20,10,501
Nc1ccc(Oc2ccc(NC(=O)c3ccc(N(c4ccc(C(=O)O)cc4)c4cccc(C(F)(F)F)c4)cc3)cc2)cc1,N2,20,5,459
Nc1ccc(Oc2ccc(NC(=O)c3ccc(N(c4ccc(C(=O)O)cc4)c4cccc(C(F)(F)F)c4)cc3)cc2)cc1,N2,20,10,504
Nc1ccc(Oc2ccc(Oc3ccc(NC(=O)c4ccc(N(c5ccc(C(=O)O)cc5)c5cccc(C(F)(F)F)c5)cc4)cc3C(F)(F)F)cc2)c(C(F)(F)F)c1,N2,20,5,460
Nc1ccc(Oc2ccc(Oc3ccc(NC(=O)c4ccc(N(c5ccc(C(=O)O)cc5)c5cccc(C(F)(F)F)c5)cc4)cc3C(F)(F)F)cc2)c(C(F)(F)F)c1,N2,20,10,498
Nc1ccc(Oc2ccc(-c3nn(-c4ccc(NC(=O)c5ccc(C(=O)O)cc5)cc4)c(=O)c4ccccc34)c(F)c2)cc1,N2,20,10,486
Nc1ccc(Oc2ccc(-c3nn(-c4ccc(NC(=O)c5cccc(C(=O)O)c5)cc4)c(=O)c4ccccc34)c(F)c2)cc1,N2,20,10,491
Nc1ccc(Oc2ccc(-c3nn(-c4ccc(NC(=O)c5ccc6cc(C(=O)O)ccc6c5)cc4)c(=O)c4ccccc34)c(F)c2)cc1,N2,20,10,493
Nc1ccc(S(=O)(=O)c2ccc(NC(=O)c3ccc(-n4nc(-c5ccc(Oc6ccc(C(=O)O)cc6)cc5)c5ccccc5c4=O)cc3)cc2)cc1,N2,20,5,472
Nc1ccc(S(=O)(=O)c2ccc(NC(=O)c3ccc(-n4nc(-c5ccc(Oc6ccc(C(=O)O)cc6)cc5)c5ccccc5c4=O)cc3)cc2)cc1,N2,20,10,510
Nc1ccc(Cc2ccc(NC(=O)c3ccc(-n4nc(-c5ccc(Oc6ccc(C(=O)O)cc6)cc5)c5ccccc5c4=O)cc3)cc2)cc1,N2,20,5,478
Nc1ccc(Cc2ccc(NC(=O)c3ccc(-n4nc(-c5ccc(Oc6ccc(C(=O)O)cc6)cc5)c5ccccc5c4=O)cc3)cc2)cc1,N2,20,10,507
Nc1ccc(Oc2ccc(NC(=O)c3ccc(-n4nc(-c5ccc(Oc6ccc(C(=O)O)cc6)cc5)c5ccccc5c4=O)cc3)cc2)cc1,N2,20,5,467
Nc1ccc(Oc2ccc(NC(=O)c3ccc(-n4nc(-c5ccc(Oc6ccc(C(=O)O)cc6)cc5)c5ccccc5c4=O)cc3)cc2)cc1,N2,20,10,496
Nc1ccc(NC(=O)c2ccc(-n3nc(-c4ccc(Oc5ccc(C(=O)O)cc5)cc4)c4ccccc4c3=O)cc2)cc1,N2,20,5,474
Nc1ccc(NC(=O)c2ccc(-n3nc(-c4ccc(Oc5ccc(C(=O)O)cc5)cc4)c4ccccc4c3=O)cc2)cc1,N2,20,10,505
CCOC(C)=O,air,10,20,318
CCOC(C)=O,N2,20,10,343
c1ccc2c(c1)CCC2,air,10,5,340
c1ccc2c(c1)CCC2,N2,10,5,357
CCC/C=C\c1ccc(OC)cc1,N2,10,10,369
CCC/C=C\c1ccccc1,N2,10,10,356
CCC/C=C\c1ccc(Cl)cc1,N2,10,10,350
C/C=C/[Si](C)(C)C,air,10,1,280
C/C=C/[Si](C)(C)C,N2,10,1,330
CCCNc1ccc(N)cc1,N2,10,0,220
CCCNc1ccc(N)cc1,N2,10,5,250
CCN1CCCC1=O,air,10,0,408
CCC(=O)O,N2,10,20,313
CCC(=O)O,N2,10,5,227.5
CCC(=O)O,N2,10,50,377.3
CCC(=O)O,N2,10,10,268
CCC(=O)OC,N2,10,10,355
CCCCOC(=O)CC,N2,10,5,309
CCCCOC(=O)CC,N2,10,0,254
CCC(=O)OC(C)(C)C,N2,20,10,233
CC(C)C(=O)O,N2,10,0,199.85
COC(=O)C(C)C,air,15,0,244
COC(=O)C(C)C,air,15,10,270
COC(=O)C(C)C,N2,20,10,353
COC(=O)C(C)C,N2,20,5,297
CCOC(=O)C(C)C,N2,10,10,275
CCOC(=O)C(C)C,N2,10,0,170
CCCOC(=O)C(C)C,N2,10,5,246
CC(C)OC(=O)C(C)C,N2,10,5,217
CCCCOC(=O)C(C)C,N2,10,5,179
CCC(C)OC(=O)C(C)C,N2,10,5,223
CC(C)COC(=O)C(C)C,N2,10,5,166
CC(C)C(=O)OC(C)(C)C,N2,10,0,213
CC(C)C(=O)OC1CCCCC1,N2,10,0,200
CC(C)C(=O)Oc1ccccc1,N2,10,5,244
CC(C)C(=O)OCc1ccccc1,N2,10,0,150
CC(C)C(=O)OCCO,air,15,0,229
CCOC(=O)C(C)Cl,N2,10,10,245
CCC(N)=O,N2,10,5,201
CCC(N)=O,N2,10,10,240
CCC(N)=O,N2,10,50,411
CCC(=O)NC(C)C,N2,10,20,396
CCC(=O)NC(C)C,N2,10,0,350
CCCCC(CC)COC(=O)CC,N2,10,0,358
CCC(=O)OC1CCCCC1,air,10,0,400
CCC(=O)OC1CCCCC1,air,10,25,436
CC(C)C(=O)OC1CC2CCC1(C)C2(C)C,N2,10,0,264
CCC(=O)OC12CC3CC(C)(CC(C)(C3)C1)C2,N2,10,0,285
CCC(=O)OCc1ccccc1,air,10,0,435
CCCCCOC(=O)C(C)C,N2,20,5,285
CC(C)C(=O)OC12CC3CC(CC(C3)C1)C2,N2,10,0,284
CC(C)C(=O)OC12CC3CC(C)(CC(C)(C3)C1)C2,N2,10,0,239
COC(=O)CC(C)C(=O)OC,N2,10,0,258
O=C1CCC(=O)N1c1ccccc1,N2,10,0,176
Cc1ccc(N2C(=O)CCC2=O)cc1,N2,10,0,198
CC(C)C(=O)OCC1CO1,air,20,10,254
CCC(=O)OCc1c(Br)c(Br)c(Br)c(Br)c1Br,air,10,1,322
CCC(=O)OCc1c(Br)c(Br)c(Br)c(Br)c1Br,air,10,10,345
CCCl,air,10,20,265
CCCl,air,10,0,226
CCCl,N2,20,10,304
CC,N2,10,10,451
CC,N2,10,20,488
CC,air,10,10,450
C/C=C\CC,N2,10,10,335
C=CCC,N2,5,1,300
CCCCO,N2,10,0,230
CCCCO,N2,10,10,310
CCCCO,air,5,10,515
COc1cccc(OC)c1O,N2,5,5,350
CC(C)(CCCNC(=O)c1ccccc1)CNC(=O)c1ccc(O)cc1,Ar,1,5,374
CC(C)(CCCNC(=O)c1ccccc1)CNC(=O)c1ccc(O)cc1,air,1,5,316
O=C(Nc1ccccc1)c1cccc(C(=O)Nc2ccc(O)cc2)c1,N2,10,10,314
O=C(Nc1ccccc1)c1cccc(C(=O)Nc2ccc(O)cc2)c1,N2,10,50,795
C[SiH](C)c1ccc(Oc2ccc([Si](C)(C)O[Si](C)(C)O[Si](C)(C)O[Si](C)(C)O)cc2)cc1,N2,15,10,500
C[SiH](C)c1ccc(Oc2ccc([Si](C)(C)O[Si](C)(C)O[Si](C)(C)O)cc2)cc1,N2,15,10,540
O=S(=O)(c1ccccc1)c1ccc(O)cc1,air,10,0,538.65
O=S(=O)(c1ccccc1)c1ccc(O)cc1,air,10,5,561
CC(C)(c1ccccc1)c1ccc(Oc2ccc(S(=O)(=O)c3ccc(O)cc3)cc2)cc1,air,10,5,510
CC(C)(c1ccccc1)c1ccc(Oc2ccc(S(=O)(=O)c3ccc(O)cc3)cc2)cc1,N2,10,0,533
c1ccc(-c2cnc3cc(Oc4ccc5nc(-c6ccccc6)c(-c6ccccc6)nc5c4)ccc3n2)cc1,N2,10,0,484
O=C(c1ccccc1)c1ccc(Oc2ccc(Oc3ccc(O)cc3)cc2)cc1,N2,10,5,524
O=C(c1ccccc1)c1ccc(Oc2ccc(Oc3ccc(O)cc3)cc2)cc1,N2,10,10,540
CC(O)COc1ccc(C(C)(C)c2ccc(O)cc2)cc1,air,10,0,372
CC(O)COc1ccc(C(C)(C)c2ccc(O)cc2)cc1,air,10,5,420
CC(O)COc1ccc(C(C)(C)c2ccc(O)cc2)cc1,N2,10,0,266
CC(O)COc1c(Cl)cc(C(C)(C)c2cc(Cl)c(O)c(Cl)c2)cc1Cl,N2,5,5,481
CC(O)COc1c(Cl)cc(C(C)(C)c2cc(Cl)c(O)c(Cl)c2)cc1Cl,N2,5,10,493
O=COc1cccc(Oc2cccc(O)c2)c1,air,10,10,415
O=COc1cccc(Oc2cccc(O)c2)c1,N2,10,10,405
c1ccc(Oc2ccc(-c3nnco3)cc2)cc1,N2,10,0,500
CCCCCCCCc1nc2ccc(-c3ccc4ncoc4c3)cc2o1,air,3,5,300
CCCCCCCCc1nc2ccc(-c3ccc4ncoc4c3)cc2o1,N2,20,10,460
O=C(c1ccccc1)c1ccc(Oc2ccc(O)cc2)cc1,air,10,0,556
O=C(c1ccccc1)c1ccc(Oc2ccc(O)cc2)cc1,N2,20,5,568
CC(C)(c1ccc(O)cc1)c1ccc(Oc2ccc(C(=O)c3ccccc3)cc2)cc1,N2,10,0,505
CC(C)(c1ccc(O)cc1)c1ccc(Oc2ccc(C(=O)c3ccccc3)cc2)cc1,N2,10,5,521
O=S(=O)(c1ccc(O)cc1)c1ccc(Oc2ccc(-c3ccccc3)cc2)cc1,N2,10,0,518
O=S(=O)(c1ccc(O)cc1)c1ccc(Oc2ccc(-c3ccccc3)cc2)cc1,air,10,10,530
c1ccc(-c2nc3cc4ncoc4cc3o2)cc1,N2,20,10,685
c1ccc(-c2nc3cc4ncoc4cc3o2)cc1,air,20,10,500
CCOCC(=O)O,N2,10,10,268
CCOCCOC(=O)c1ccc(C(=O)O)cc1,N2,10,10,296
COc1cc(/C=N/c2ccccc2)ccc1OC(=O)CCCCC(=O)Oc1ccc(/C=N/c2ccc(O)cc2)cc1OC,air,10,5,200
COc1cc(/C=N/c2ccccc2)ccc1OC(=O)c1cccc(C(=O)Oc2ccc(/C=N/c3ccc(O)cc3)cc2OC)c1,air,10,5,190
COc1cc(/C=N/c2ccccc2)ccc1OC(=O)CCCCCCCCC(=O)Oc1ccc(/C=N/c2ccc(O)cc2)cc1OC,air,10,5,280
c1ccc(Oc2ccc(-c3cc(-c4ccccc4)c4cc(Oc5ccc6nccc(-c7ccccc7)c6c5)ccc4n3)cc2)cc1,air,10,5,525
c1ccc(Oc2ccc(-c3cc(-c4ccccc4)c4cc(Oc5ccc6nccc(-c7ccccc7)c6c5)ccc4n3)cc2)cc1,N2,10,5,630
CCOC(=O)c1cccc(CCCc2cccc(C(=O)OCCO)c2)c1,air,4,5,310
CCOC(=O)c1cccc(CCCc2cccc(C(=O)OCCO)c2)c1,N2,4,5,340
CCOC(=O)c1cccc(C(=O)OCCO)c1,air,4,5,340
CCOC(=O)c1cccc(C(=O)OCCO)c1,N2,4,5,380
CCCCCOc1cc(C(=O)OCC)cc(C(=O)OCCO)c1,air,4,5,370
CCCCCOc1cc(C(=O)OCC)cc(C(=O)OCCO)c1,N2,4,5,380
O=S(=O)(c1ccc(O)cc1)c1ccc(Oc2ccc(C3(c4ccccc4)CCCCC3)cc2)cc1,air,12,10,487
c1ccc(Oc2ccc(-c3ccc(Oc4ccc(-c5cnc6cc(-c7ccc8nccnc8c7)ccc6n5)cc4)cc3)cc2)cc1,air,7,0,560
c1ccc(Oc2ccc(-c3cnc4cc(-c5ccc6nccnc6c5)ccc4n3)cc2)cc1,air,7,0,550
c1ccc(Oc2ccc(Oc3ccc(-c4cnc5cc(-c6ccc7nccnc7c6)ccc5n4)cc3)cc2)cc1,air,7,0,530
c1ccc(Oc2ccc(Oc3ccc(Oc4ccc(-c5cnc6cc(-c7ccc8nccnc8c7)ccc6n5)cc4)cc3)cc2)cc1,air,7,0,520
O=C(O)c1cc(C(=O)O)c(C(=O)Nc2ccc(O)cc2)cc1C(=O)Nc1ccccc1,Ar,3,35,625
CC(C)(c1ccc(O)cc1)c1ccc(Oc2ccc(C(=O)c3ccccc3-c3ccccc3C(=O)c3ccccc3)cc2)cc1,air,10,5,516
CC(C)(c1ccc(O)cc1)c1ccc(Oc2ccc(C(=O)c3ccccc3-c3ccccc3C(=O)c3ccccc3)cc2)cc1,N2,10,5,523
O=C(c1ccccc1)c1ccccc1-c1ccccc1C(=O)c1ccc(Oc2ccc(-c3ccc(O)cc3)cc2)cc1,air,10,5,505
O=C(c1ccccc1)c1ccccc1-c1ccccc1C(=O)c1ccc(Oc2ccc(-c3ccc(O)cc3)cc2)cc1,N2,10,5,500
O=C(c1ccccc1)c1ccccc1-c1ccccc1C(=O)c1ccc(Oc2ccc(O)cc2)cc1,air,10,5,504
O=C(c1ccccc1)c1ccccc1-c1ccccc1C(=O)c1ccc(Oc2ccc(O)cc2)cc1,N2,10,5,493
CC(C)(c1ccccc1)c1ccc(Oc2ccc(C(=O)c3ccccc3)c(-c3cc(O)ccc3C(=O)c3ccccc3)c2)cc1,air,10,5,480
CC(C)(c1ccccc1)c1ccc(Oc2ccc(C(=O)c3ccccc3)c(-c3cc(O)ccc3C(=O)c3ccccc3)c2)cc1,N2,10,5,500
O=C(c1ccccc1)c1ccc(O)cc1-c1cc(Oc2ccc(-c3ccccc3)cc2)ccc1C(=O)c1ccccc1,air,10,5,448
O=C(c1ccccc1)c1ccc(O)cc1-c1cc(Oc2ccc(-c3ccccc3)cc2)ccc1C(=O)c1ccccc1,N2,10,5,473
O=C(c1ccccc1)c1ccccc1-c1cc(Oc2ccc(O)cc2)ccc1C(=O)c1ccccc1,air,10,5,448
O=C(c1ccccc1)c1ccccc1-c1cc(Oc2ccc(O)cc2)ccc1C(=O)c1ccccc1,N2,10,5,462
O=C(c1ccccc1)c1cccc(-c2cccc(C(=O)c3ccc(Oc4ccc(O)cc4)cc3)c2)c1,air,10,10,570
O=C(c1ccccc1)c1cccc(-c2cccc(C(=O)c3ccc(Oc4ccc(O)cc4)cc3)c2)c1,N2,10,10,570
O=C(c1ccccc1)c1ccc(-c2ccc(C(=O)c3ccc(Oc4ccc(O)cc4)cc3)cc2)cc1,air,10,10,510
O=C(c1ccccc1)c1ccc(-c2ccc(C(=O)c3ccc(Oc4ccc(O)cc4)cc3)cc2)cc1,N2,10,10,520
CC(C)(C)c1cc(Oc2ccc(C(=O)c3ccccc3)cc2)ccc1O,air,10,0,406
Cc1cc(Oc2ccc(C(=O)c3ccccc3)cc2)ccc1O,air,10,0,439
CC(C)(c1ccc(Oc2ccc([SH](=O)=O)cc2)cc1)c1ccc(Oc2cccs2)cc1,air,10,5,399.7
CC(C)(c1ccc(Oc2ccc([SH](=O)=O)cc2)cc1)c1ccc(Oc2cccs2)cc1,N2,10,5,393.8
O=S(=O)(c1ccc(Oc2ccc(-c3nc4ccccc4[nH]3)cc2)cc1)c1ccc(Oc2ccc(-c3nc4ccccc4n3-c3ccc(-c4ccccc4)cc3)cc2)cc1,air,5,5,465
O=S(=O)(c1ccc(Oc2ccc(-c3nc4ccccc4[nH]3)cc2)cc1)c1ccc(Oc2ccc(-c3nc4ccccc4n3-c3ccc(-c4ccccc4)cc3)cc2)cc1,N2,5,5,493
O=S(=O)(c1ccc(Oc2ccccc2)cc1)c1ccc(Oc2ccc(-c3nc4ccccc4n3-c3ccc(-n4cnc5ccccc54)cc3)cc2)cc1,air,5,5,469
O=S(=O)(c1ccc(Oc2ccccc2)cc1)c1ccc(Oc2ccc(-c3nc4ccccc4n3-c3ccc(-n4cnc5ccccc54)cc3)cc2)cc1,N2,5,5,467
O=C(c1ccc(Oc2ccc(-c3nc4ccccc4[nH]3)cc2)cc1)c1ccc(Oc2ccc(-c3nc4ccccc4n3-c3ccc(-c4ccccc4)cc3)cc2)cc1,air,5,5,463
O=C(c1ccc(Oc2ccc(-c3nc4ccccc4[nH]3)cc2)cc1)c1ccc(Oc2ccc(-c3nc4ccccc4n3-c3ccc(-c4ccccc4)cc3)cc2)cc1,N2,5,5,484
O=C(c1ccc(Oc2ccccc2)cc1)c1ccc(Oc2ccc(-c3nc4ccccc4n3-c3ccc(-n4cnc5ccccc54)cc3)cc2)cc1,air,5,5,489
O=C(c1ccc(Oc2ccccc2)cc1)c1ccc(Oc2ccc(-c3nc4ccccc4n3-c3ccc(-n4cnc5ccccc54)cc3)cc2)cc1,N2,5,5,522
O=C(c1ccc(Oc2ccc(-c3nc4ccccc4[nH]3)cc2)cc1)c1ccc(C(=O)c2ccc(Oc3ccc(-c4nc5ccccc5n4-c4ccc(-c5ccccc5)cc4)cc3)cc2)cc1,air,5,5,472
O=C(c1ccc(Oc2ccc(-c3nc4ccccc4[nH]3)cc2)cc1)c1ccc(C(=O)c2ccc(Oc3ccc(-c4nc5ccccc5n4-c4ccc(-c5ccccc5)cc4)cc3)cc2)cc1,N2,5,5,510
O=C(c1ccc(Oc2ccccc2)cc1)c1ccc(C(=O)c2ccc(Oc3ccc(-c4nc5ccccc5n4-c4ccc(-n5cnc6ccccc65)cc4)cc3)cc2)cc1,air,5,5,487
O=C(c1ccc(Oc2ccccc2)cc1)c1ccc(C(=O)c2ccc(Oc3ccc(-c4nc5ccccc5n4-c4ccc(-n5cnc6ccccc65)cc4)cc3)cc2)cc1,N2,5,5,513
O=C(c1ccc(Oc2ccc(-c3nc4ccccc4[nH]3)cc2)cc1)c1cccc(C(=O)c2ccc(Oc3ccc(-c4nc5ccccc5n4-c4ccc(-c5ccccc5)cc4)cc3)cc2)c1,air,5,5,468
O=C(c1ccc(Oc2ccc(-c3nc4ccccc4[nH]3)cc2)cc1)c1cccc(C(=O)c2ccc(Oc3ccc(-c4nc5ccccc5n4-c4ccc(-c5ccccc5)cc4)cc3)cc2)c1,N2,5,5,515
O=C(c1ccc(Oc2ccccc2)cc1)c1cccc(C(=O)c2ccc(Oc3ccc(-c4nc5ccccc5n4-c4ccc(-n5cnc6ccccc65)cc4)cc3)cc2)c1,air,5,5,506
O=C(c1ccc(Oc2ccccc2)cc1)c1cccc(C(=O)c2ccc(Oc3ccc(-c4nc5ccccc5n4-c4ccc(-n5cnc6ccccc65)cc4)cc3)cc2)c1,N2,5,5,512
O=C(c1ccc(Oc2ccc(C(=O)c3ccc(Oc4ccc(-c5nc6ccccc6n5-c5ccc(-c6ccccc6)cc5)cc4)cc3)cc2)cc1)c1ccc(Oc2ccc(-c3nc4ccccc4[nH]3)cc2)cc1,air,5,5,490
O=C(c1ccc(Oc2ccc(C(=O)c3ccc(Oc4ccc(-c5nc6ccccc6n5-c5ccc(-c6ccccc6)cc5)cc4)cc3)cc2)cc1)c1ccc(Oc2ccc(-c3nc4ccccc4[nH]3)cc2)cc1,N2,5,5,502
O=C(c1ccc(Oc2ccccc2)cc1)c1ccc(Oc2ccc(C(=O)c3ccc(Oc4ccc(-c5nc6ccccc6n5-c5ccc(-n6cnc7ccccc76)cc5)cc4)cc3)cc2)cc1,air,5,5,522
O=C(c1ccc(Oc2ccccc2)cc1)c1ccc(Oc2ccc(C(=O)c3ccc(Oc4ccc(-c5nc6ccccc6n5-c5ccc(-n6cnc7ccccc76)cc5)cc4)cc3)cc2)cc1,N2,5,5,514
O=C1NC(=O)c2cc(Oc3cccc4c(Oc5ccc6c(c5)C(=O)N(c5ccc(Oc7ccccc7)cc5)C6=O)cccc34)ccc21,air,10,0,390
O=C1NC(=O)c2cc(Oc3cc4ccccc4cc3Oc3ccc4c(c3)C(=O)N(c3ccc(Oc5ccccc5)cc3)C4=O)ccc21,air,20,10,560
O=C1NC(=O)c2cc(Oc3cc4ccccc4cc3Oc3ccc4c(c3)C(=O)N(c3ccc(Oc5ccccc5)cc3)C4=O)ccc21,N2,20,10,556
O=C1NC(=O)c2cc(Oc3ccc4ccc(Oc5ccc6c(c5)C(=O)N(c5ccc(Oc7ccccc7)cc5)C6=O)cc4c3)ccc21,air,10,0,560
CC(C)(c1ccccc1)c1ccc(N2C(=O)c3ccc(Oc4cccc5c(Oc6ccc7c(c6)C(=O)NC7=O)cccc45)cc3C2=O)cc1,air,10,0,473
CC(C)(c1ccccc1)c1ccc(N2C(=O)c3ccc(Oc4cccc5c(Oc6ccc7c(c6)C(=O)NC7=O)cccc45)cc3C2=O)cc1,air,10,10,580
O=C1NC(=O)c2cc(Oc3cc4ccccc4cc3Oc3ccc4c(c3)C(=O)N(c3ccc(Oc5ccc(Oc6ccccc6)cc5)cc3)C4=O)ccc21,N2,20,10,560
O=C1NC(=O)c2cc(Oc3cc4ccccc4cc3Oc3ccc4c(c3)C(=O)N(c3ccc(Oc5ccc(Oc6ccccc6)cc5)cc3)C4=O)ccc21,air,20,10,570
O=C1NC(=O)c2cc(Oc3cc4ccccc4cc3Oc3ccc4c(c3)C(=O)N(c3ccc(Oc5ccc(-c6ccc(Oc7ccccc7)cc6)cc5)cc3)C4=O)ccc21,N2,20,10,563
O=C1NC(=O)c2cc(Oc3cc4ccccc4cc3Oc3ccc4c(c3)C(=O)N(c3ccc(Oc5ccc(-c6ccc(Oc7ccccc7)cc6)cc5)cc3)C4=O)ccc21,air,20,10,569
O=C(Nc1cccc(O)c1)c1ccc(C(=O)c2cccc(C(=O)Nc3ccccc3)c2)cc1,N2,10,5,430
O=C(/C=C/c1ccc(/C=C/C(=O)Nc2ccc(O)cc2)cc1)Nc1ccccc1,N2,20,10,508
O=C(/C=C/c1ccc(/C=C/C(=O)Nc2ccc(O)cc2)cc1)Nc1ccccc1,air,20,10,415
O=C(Nc1ccccc1)c1ccc(Oc2ccc(Oc3ccc(C(=O)Nc4ccc(Oc5ccc(O)cc5)cc4)cc3)cc2)cc1,N2,20,10,501
O=C(Nc1ccccc1)c1ccc(Oc2ccc(Oc3ccc(C(=O)Nc4ccc(Oc5ccc(O)cc5)cc4)cc3)cc2)cc1,air,20,10,479
O=c1[nH]c(=O)c2cc3c(=O)n(-c4cccc(Oc5ccc(-c6ccc(Oc7ccccc7)cc6)cc5)c4)c(=O)c3cc12,N2,20,5,570
O=C(Nc1ccc(Cc2ccc(NC(=O)c3ccc(Oc4ccc(C(=O)c5ccc(S(=O)(=O)c6ccc(C(=O)c7ccccc7)cc6)cc5)cc4)cc3)cc2)cc1)c1ccc(O)cc1,N2,10,10,470
O=C(Nc1ccc(Cc2ccc(NC(=O)c3ccc(Oc4ccc(C(=O)c5ccc(S(=O)(=O)c6ccc(C(=O)c7ccccc7)cc6)cc5)cc4)cc3)cc2)cc1)c1ccc(O)cc1,air,10,10,462
O=C(Nc1ccc(S(=O)(=O)c2ccc(NC(=O)c3ccc(Oc4ccc(C(=O)c5ccc(S(=O)(=O)c6ccc(C(=O)c7ccccc7)cc6)cc5)cc4)cc3)cc2)cc1)c1ccc(O)cc1,N2,10,10,495
O=C(Nc1ccc(S(=O)(=O)c2ccc(NC(=O)c3ccc(Oc4ccc(C(=O)c5ccc(S(=O)(=O)c6ccc(C(=O)c7ccccc7)cc6)cc5)cc4)cc3)cc2)cc1)c1ccc(O)cc1,air,10,10,480
Cc1c(C)c(NC(=O)c2ccc(C(=O)Nc3ccccc3)cc2)c(C)c(C)c1O,N2,10,10,499
Cc1c(C)c(NC(=O)c2ccc(C(=O)Nc3ccccc3)cc2)c(C)c(C)c1O,air,10,10,452
Cc1c(C)c(Oc2ccc(NC(=O)c3ccc(C(=O)Nc4ccccc4)cc3)cc2)c(C)c(C)c1O,N2,10,10,492
Cc1c(C)c(Oc2ccc(NC(=O)c3ccc(C(=O)Nc4ccccc4)cc3)cc2)c(C)c(C)c1O,air,10,10,440
O=C(Nc1ccc(Cc2ccc(NC(=O)c3ccc(Oc4ccc(O)cc4)cc3)cc2)cc1)c1ccccc1,N2,20,10,453
O=C(Nc1ccc(Cc2ccc(NC(=O)c3ccc(Oc4ccc(O)cc4)cc3)cc2)cc1)c1ccccc1,air,20,10,470
O=C(Nc1ccc(Oc2ccc(S(=O)(=O)c3ccc(Oc4ccc(NC(=O)c5ccc(Oc6ccc(O)cc6)cc5)cc4)cc3)cc2)cc1)c1ccccc1,N2,20,10,495
O=C(Nc1ccc(Oc2ccc(S(=O)(=O)c3ccc(Oc4ccc(NC(=O)c5ccc(Oc6ccc(O)cc6)cc5)cc4)cc3)cc2)cc1)c1ccccc1,air,20,10,494
Cc1cc(Oc2ccc(C(=O)Nc3ccccc3)cc2)ccc1Oc1ccc(C(=O)Nc2ccc(Oc3ccc(O)cc3)cc2)cc1,N2,20,10,458
Cc1cc(Oc2ccc(C(=O)Nc3ccccc3)cc2)ccc1Oc1ccc(C(=O)Nc2ccc(Oc3ccc(O)cc3)cc2)cc1,air,20,10,473
Cc1cc(Oc2ccc(C(=O)Nc3ccc(Oc4ccc(-c5ccc(Oc6ccc(NC(=O)c7ccccc7)cc6)cc5)cc4)cc3)cc2)ccc1O,N2,20,10,468
Cc1cc(Oc2ccc(C(=O)Nc3ccc(Oc4ccc(-c5ccc(Oc6ccc(NC(=O)c7ccccc7)cc6)cc5)cc4)cc3)cc2)ccc1O,air,20,10,478
Cc1cc(Oc2ccc(C(=O)Nc3ccc(Oc4ccc(S(=O)(=O)c5ccc(Oc6ccc(NC(=O)c7ccccc7)cc6)cc5)cc4)cc3)cc2)ccc1O,N2,20,10,472
Cc1cc(Oc2ccc(C(=O)Nc3ccc(Oc4ccc(S(=O)(=O)c5ccc(Oc6ccc(NC(=O)c7ccccc7)cc6)cc5)cc4)cc3)cc2)ccc1O,air,20,10,468
O=C(Nc1ccc(Oc2ccc(NC(=O)c3ccc(Oc4ccc(O)c(-c5ccccc5)c4)cc3)cc2)cc1)c1ccccc1,N2,20,10,513
O=C(Nc1ccc(Oc2ccc(NC(=O)c3ccc(Oc4ccc(O)c(-c5ccccc5)c4)cc3)cc2)cc1)c1ccccc1,air,20,10,501
O=C(Nc1ccc(Cc2ccc(NC(=O)c3ccc(Oc4ccc(O)c(-c5ccccc5)c4)cc3)cc2)cc1)c1ccccc1,N2,20,10,509
O=C(Nc1ccc(Cc2ccc(NC(=O)c3ccc(Oc4ccc(O)c(-c5ccccc5)c4)cc3)cc2)cc1)c1ccccc1,air,20,10,518
O=C(Nc1ccccc1)c1ccc(Oc2ccc(Oc3ccc(C(=O)Nc4ccc(Oc5ccc(O)cc5)cc4)cc3)c(-c3ccccc3)c2)cc1,N2,20,10,522
O=C(Nc1ccccc1)c1ccc(Oc2ccc(Oc3ccc(C(=O)Nc4ccc(Oc5ccc(O)cc5)cc4)cc3)c(-c3ccccc3)c2)cc1,air,20,10,500
O=C(Nc1ccc(Oc2ccc(-c3ccc(Oc4ccc(NC(=O)c5ccc(Oc6ccc(O)c(-c7ccccc7)c6)cc5)cc4)cc3)cc2)cc1)c1ccccc1,N2,20,10,517
O=C(Nc1ccc(Oc2ccc(-c3ccc(Oc4ccc(NC(=O)c5ccc(Oc6ccc(O)c(-c7ccccc7)c6)cc5)cc4)cc3)cc2)cc1)c1ccccc1,air,20,10,502
O=C(Nc1ccc(Oc2ccc(S(=O)(=O)c3ccc(Oc4ccc(NC(=O)c5ccc(Oc6ccc(O)c(-c7ccccc7)c6)cc5)cc4)cc3)cc2)cc1)c1ccccc1,N2,20,10,535
O=C(Nc1ccc(Oc2ccc(S(=O)(=O)c3ccc(Oc4ccc(NC(=O)c5ccc(Oc6ccc(O)c(-c7ccccc7)c6)cc5)cc4)cc3)cc2)cc1)c1ccccc1,air,20,10,528
O=S(=O)(c1ccc(O)cc1)c1ccc(Oc2ccc(C3(c4ccccc4)c4ccccc4-c4ccccc43)cc2)cc1,N2,10,0,576
O=C1NC(=O)c2cc(Oc3ccc4cc(Oc5ccc6c(c5)C(=O)N(c5ccc(Oc7ccccc7)cc5)C6=O)ccc4c3)ccc21,air,10,0,547
CC(C)(c1ccc(O)cc1)c1ccc(C(C)(C)c2ccc(Oc3ccc(C(=O)Nc4ccc(NC(=O)c5ccccc5)cc4)cc3)cc2)cc1,N2,20,10,492
CC(C)(c1ccc(O)cc1)c1ccc(C(C)(C)c2ccc(Oc3ccc(C(=O)Nc4ccc(NC(=O)c5ccccc5)cc4)cc3)cc2)cc1,air,20,10,492
CC(C)(c1ccc(O)cc1)c1ccc(C(C)(C)c2ccc(Oc3ccc(C(=O)Nc4cccc(NC(=O)c5ccccc5)c4)cc3)cc2)cc1,N2,20,10,497
CC(C)(c1ccc(O)cc1)c1ccc(C(C)(C)c2ccc(Oc3ccc(C(=O)Nc4cccc(NC(=O)c5ccccc5)c4)cc3)cc2)cc1,air,20,10,489
CC(C)(c1ccc(Oc2ccc(C(=O)Nc3ccccc3)cc2)cc1)c1ccc(C(C)(C)c2ccc(Oc3ccc(C(=O)Nc4ccc(O)cc4)cc3)cc2)cc1,N2,20,10,516
CC(C)(c1ccc(Oc2ccc(C(=O)Nc3ccccc3)cc2)cc1)c1ccc(C(C)(C)c2ccc(Oc3ccc(C(=O)Nc4ccc(O)cc4)cc3)cc2)cc1,air,20,10,520
CC(C)(c1ccc(Oc2ccc(C(=O)Nc3ccccc3)cc2)cc1)c1ccc(C(C)(C)c2ccc(Oc3ccc(C(=O)Nc4cccc(O)c4)cc3)cc2)cc1,N2,20,10,498
CC(C)(c1ccc(Oc2ccc(C(=O)Nc3ccccc3)cc2)cc1)c1ccc(C(C)(C)c2ccc(Oc3ccc(C(=O)Nc4cccc(O)c4)cc3)cc2)cc1,air,20,10,513
CC(C)(c1ccc(O)cc1)c1ccc(C(C)(C)c2ccc(Oc3ccc(C(=O)Nc4ccc(Cc5ccc(NC(=O)c6ccccc6)cc5)cc4)cc3)cc2)cc1,N2,20,10,491
CC(C)(c1ccc(O)cc1)c1ccc(C(C)(C)c2ccc(Oc3ccc(C(=O)Nc4ccc(Cc5ccc(NC(=O)c6ccccc6)cc5)cc4)cc3)cc2)cc1,air,20,10,506
CC(C)(c1ccc(Oc2ccc(C(=O)Nc3ccccc3)cc2)cc1)c1ccc(C(C)(C)c2ccc(Oc3ccc(C(=O)Nc4ccc(Oc5ccc(O)cc5)cc4)cc3)cc2)cc1,N2,20,10,519
CC(C)(c1ccc(Oc2ccc(C(=O)Nc3ccccc3)cc2)cc1)c1ccc(C(C)(C)c2ccc(Oc3ccc(C(=O)Nc4ccc(Oc5ccc(O)cc5)cc4)cc3)cc2)cc1,air,20,10,523
CC(C)(c1ccccc1)c1ccc(Oc2ccc(NC(=O)c3ccc(Oc4ccc(C(C)(C)c5ccc(C(C)(C)c6ccc(Oc7ccc(C(=O)Nc8ccc(O)cc8)cc7)cc6)cc5)cc4)cc3)cc2)cc1,N2,20,10,510
CC(C)(c1ccccc1)c1ccc(Oc2ccc(NC(=O)c3ccc(Oc4ccc(C(C)(C)c5ccc(C(C)(C)c6ccc(Oc7ccc(C(=O)Nc8ccc(O)cc8)cc7)cc6)cc5)cc4)cc3)cc2)cc1,air,20,10,516
CC(C)(c1ccc(Oc2ccc(C(=O)Nc3ccc(O)cc3)cc2)cc1)c1ccc(C(C)(C)c2ccc(Oc3ccc(C(=O)Nc4ccc(Oc5ccc(-c6ccccc6)cc5)cc4)cc3)cc2)cc1,N2,20,10,521
CC(C)(c1ccc(Oc2ccc(C(=O)Nc3ccc(O)cc3)cc2)cc1)c1ccc(C(C)(C)c2ccc(Oc3ccc(C(=O)Nc4ccc(Oc5ccc(-c6ccccc6)cc5)cc4)cc3)cc2)cc1,air,20,10,530
CC(C)(c1ccc(Oc2ccc(C(=O)Nc3ccccc3)cc2)cc1)c1ccc(C(C)(C)c2ccc(Oc3ccc(C(=O)Nc4ccc(Oc5ccc(S(=O)(=O)c6ccc(O)cc6)cc5)cc4)cc3)cc2)cc1,N2,20,10,506
CC(C)(c1ccc(Oc2ccc(C(=O)Nc3ccccc3)cc2)cc1)c1ccc(C(C)(C)c2ccc(Oc3ccc(C(=O)Nc4ccc(Oc5ccc(S(=O)(=O)c6ccc(O)cc6)cc5)cc4)cc3)cc2)cc1,air,20,10,504
CC(C)(c1ccc(O)cc1)c1cccc(C(C)(C)c2ccc(Oc3ccc(C(=O)Nc4ccc(NC(=O)c5ccccc5)cc4)cc3)cc2)c1,N2,20,10,516
CC(C)(c1ccc(O)cc1)c1cccc(C(C)(C)c2ccc(Oc3ccc(C(=O)Nc4ccc(NC(=O)c5ccccc5)cc4)cc3)cc2)c1,air,20,10,516
CC(C)(c1ccc(O)cc1)c1cccc(C(C)(C)c2ccc(Oc3ccc(C(=O)Nc4cccc(NC(=O)c5ccccc5)c4)cc3)cc2)c1,N2,20,10,501
CC(C)(c1ccc(O)cc1)c1cccc(C(C)(C)c2ccc(Oc3ccc(C(=O)Nc4cccc(NC(=O)c5ccccc5)c4)cc3)cc2)c1,air,20,10,515
CC(C)(c1ccc(Oc2ccc(C(=O)Nc3ccccc3)cc2)cc1)c1cccc(C(C)(C)c2ccc(Oc3ccc(C(=O)Nc4ccc(O)cc4)cc3)cc2)c1,N2,20,10,504
CC(C)(c1ccc(Oc2ccc(C(=O)Nc3ccccc3)cc2)cc1)c1cccc(C(C)(C)c2ccc(Oc3ccc(C(=O)Nc4ccc(O)cc4)cc3)cc2)c1,air,20,10,499
CC(C)(c1ccc(Oc2ccc(C(=O)Nc3ccccc3)cc2)cc1)c1cccc(C(C)(C)c2ccc(Oc3ccc(C(=O)Nc4cccc(O)c4)cc3)cc2)c1,N2,20,10,506
CC(C)(c1ccc(Oc2ccc(C(=O)Nc3ccccc3)cc2)cc1)c1cccc(C(C)(C)c2ccc(Oc3ccc(C(=O)Nc4cccc(O)c4)cc3)cc2)c1,air,20,10,517
CC(C)(c1ccc(O)cc1)c1cccc(C(C)(C)c2ccc(Oc3ccc(C(=O)Nc4ccc(Cc5ccc(NC(=O)c6ccccc6)cc5)cc4)cc3)cc2)c1,N2,20,10,504
CC(C)(c1ccc(O)cc1)c1cccc(C(C)(C)c2ccc(Oc3ccc(C(=O)Nc4ccc(Cc5ccc(NC(=O)c6ccccc6)cc5)cc4)cc3)cc2)c1,air,20,10,508
CC(C)(c1ccc(Oc2ccc(C(=O)Nc3ccccc3)cc2)cc1)c1cccc(C(C)(C)c2ccc(Oc3ccc(C(=O)Nc4ccc(Oc5ccc(O)cc5)cc4)cc3)cc2)c1,N2,20,10,509
CC(C)(c1ccc(Oc2ccc(C(=O)Nc3ccccc3)cc2)cc1)c1cccc(C(C)(C)c2ccc(Oc3ccc(C(=O)Nc4ccc(Oc5ccc(O)cc5)cc4)cc3)cc2)c1,air,20,10,509
CC(C)(c1ccccc1)c1ccc(Oc2ccc(NC(=O)c3ccc(Oc4ccc(C(C)(C)c5cccc(C(C)(C)c6ccc(Oc7ccc(C(=O)Nc8ccc(O)cc8)cc7)cc6)c5)cc4)cc3)cc2)cc1,N2,20,10,514
CC(C)(c1ccccc1)c1ccc(Oc2ccc(NC(=O)c3ccc(Oc4ccc(C(C)(C)c5cccc(C(C)(C)c6ccc(Oc7ccc(C(=O)Nc8ccc(O)cc8)cc7)cc6)c5)cc4)cc3)cc2)cc1,air,20,10,520
CC(C)(c1ccc(Oc2ccc(C(=O)Nc3ccc(O)cc3)cc2)cc1)c1cccc(C(C)(C)c2ccc(Oc3ccc(C(=O)Nc4ccc(Oc5ccc(-c6ccccc6)cc5)cc4)cc3)cc2)c1,N2,20,10,525
CC(C)(c1ccc(Oc2ccc(C(=O)Nc3ccc(O)cc3)cc2)cc1)c1cccc(C(C)(C)c2ccc(Oc3ccc(C(=O)Nc4ccc(Oc5ccc(-c6ccccc6)cc5)cc4)cc3)cc2)c1,air,20,10,537
CC(C)(c1ccc(Oc2ccc(C(=O)Nc3ccccc3)cc2)cc1)c1cccc(C(C)(C)c2ccc(Oc3ccc(C(=O)Nc4ccc(Oc5ccc(S(=O)(=O)c6ccc(O)cc6)cc5)cc4)cc3)cc2)c1,N2,20,10,514
CC(C)(c1ccc(Oc2ccc(C(=O)Nc3ccccc3)cc2)cc1)c1cccc(C(C)(C)c2ccc(Oc3ccc(C(=O)Nc4ccc(Oc5ccc(S(=O)(=O)c6ccc(O)cc6)cc5)cc4)cc3)cc2)c1,air,20,10,495
CC(C)(c1ccccc1)c1ccc(Oc2ccc(NC(=O)c3cccc(C(=O)Nc4ccc(O)cc4)c3)cc2)cc1,N2,10,10,500
CC(C)(c1ccccc1)c1ccc(Oc2ccc(NC(=O)c3ccc(S(=O)(=O)c4ccc(C(=O)Nc5ccc(O)cc5)cc4)cc3)cc2)cc1,N2,10,10,489
CC(C)(c1ccccc1)c1ccc(Oc2ccc(NC(=O)c3cc(N)cc(C(=O)Nc4ccc(O)cc4)c3)cc2)cc1,N2,10,10,502
CC(C)(c1ccccc1)c1ccc(Oc2ccc(NC(=O)c3ccc(C(=O)Nc4ccc(O)cc4)cc3)cc2)cc1,N2,10,10,500
O=C(Nc1ccccc1)c1ccc(P(=O)(c2ccccc2)c2ccc(C(=O)Nc3ccc(O)cc3)cc2)cc1,air,10,5,430
O=C(Nc1ccccc1)c1ccc(P(=O)(c2ccccc2)c2ccc(C(=O)Nc3ccc(O)cc3)cc2)cc1,N2,10,5,435
O=C(Nc1cccc(O)c1)c1ccc(P(=O)(c2ccccc2)c2ccc(C(=O)Nc3cccc(Oc4ccc(P(=O)(c5ccccc5)c5ccccc5)cc4)c3)cc2)cc1,air,10,5,445
O=C(Nc1cccc(O)c1)c1ccc(P(=O)(c2ccccc2)c2ccc(C(=O)Nc3cccc(Oc4ccc(P(=O)(c5ccccc5)c5ccccc5)cc4)c3)cc2)cc1,N2,10,5,450
O=C(Nc1ccc(O)cc1)c1ccc(P(=O)(c2ccccc2)c2ccc(C(=O)Nc3ccc(Oc4ccc(P(=O)(c5ccccc5)c5ccccc5)cc4)cc3)cc2)cc1,air,10,5,435
O=C(Nc1ccc(O)cc1)c1ccc(P(=O)(c2ccccc2)c2ccc(C(=O)Nc3ccc(Oc4ccc(P(=O)(c5ccccc5)c5ccccc5)cc4)cc3)cc2)cc1,N2,10,5,440
O=C1c2ccccc2C(=O)N1c1ccc(N2C(=O)c3ccc(-c4c(-c5ccccc5)c(-c5ccccc5)c(-c5ccc(Oc6ccc(-c7c(-c8ccccc8)c(-c8ccccc8)cc(-c8ccccc8)c7-c7ccccc7)cc6)cc5)c(-c5ccccc5)c4-c4ccccc4)cc3C2=O)cc1,air,5,10,572
O=C1c2ccccc2C(=O)N1c1ccc(Oc2ccc(N3C(=O)c4ccc(-c5c(-c6ccccc6)c(-c6ccccc6)c(-c6ccc(Oc7ccc(-c8c(-c9ccccc9)c(-c9ccccc9)cc(-c9ccccc9)c8-c8ccccc8)cc7)cc6)c(-c6ccccc6)c5-c5ccccc5)cc4C3=O)cc2)cc1,air,5,10,568
O=C1c2ccccc2C(=O)N1c1cccc(Oc2ccc(N3C(=O)c4ccc(-c5c(-c6ccccc6)c(-c6ccccc6)c(-c6ccc(Oc7ccc(-c8c(-c9ccccc9)c(-c9ccccc9)cc(-c9ccccc9)c8-c8ccccc8)cc7)cc6)c(-c6ccccc6)c5-c5ccccc5)cc4C3=O)cc2)c1,air,5,10,567
O=C1c2ccccc2C(=O)N1c1ccc(Oc2ccc(N3C(=O)c4ccc(-c5c(-c6ccccc6)c(-c6ccccc6)c(-c6ccc(Sc7ccc(-c8c(-c9ccccc9)c(-c9ccccc9)cc(-c9ccccc9)c8-c8ccccc8)cc7)cc6)c(-c6ccccc6)c5-c5ccccc5)cc4C3=O)cc2)cc1,air,5,10,557
O=C1c2ccccc2C(=O)N1c1cccc(Oc2ccc(N3C(=O)c4ccc(-c5c(-c6ccccc6)c(-c6ccccc6)c(-c6ccc(Sc7ccc(-c8c(-c9ccccc9)c(-c9ccccc9)cc(-c9ccccc9)c8-c8ccccc8)cc7)cc6)c(-c6ccccc6)c5-c5ccccc5)cc4C3=O)cc2)c1,air,5,10,563
CC(C)(c1ccccc1)c1ccc(Oc2ccc(C(=O)/C=C/c3ccc(O)cc3)cc2)cc1,N2,10,0,352
Cc1cccc(C(C)(C)c2ccc(Oc3ccc(C(=O)/C=C/c4ccc(O)cc4)cc3)c(C)c2)c1,N2,10,0,350
CC(c1ccccc1)(c1ccccc1)c1ccc(Oc2ccc(C(=O)/C=C/c3ccc(O)cc3)cc2)cc1,N2,10,0,340
O=C(/C=C/c1ccc(Oc2ccc(C3(c4ccc(O)cc4)c4ccccc4-c4ccccc43)cc2)cc1)c1ccccc1,N2,10,0,330
COc1ccc(OC)c(O)c1,N2,2,5,245
Cc1ccc(Oc2ccc(C(=O)c3ccc(-c4ccc(C(=O)c5ccc(Oc6ccccc6)cc5)cc4)cc3)cc2)cc1,Ar,10,0,440
CC(O)CN,N2,10,0,189.9
Sc1ccccc1,N2,20,5,484
Sc1ccccc1,N2,20,0,420
CCCCCCCCc1nc2ccc(-c3ccc4ncsc4c3)cc2s1,air,3,5,300
c1ccc(-c2nc3cc4scnc4cc3s2)cc1,N2,10,0,450
Sc1cccc(Sc2ccc(Sc3ccccc3)cc2)c1,N2,20,5,495
O=C1c2ccccc2C(=O)N1c1ccc(N2C(=O)c3ccc(-c4c(-c5ccccc5)c(-c5ccccc5)c(-c5ccc(Sc6ccc(-c7c(-c8ccccc8)c(-c8ccccc8)cc(-c8ccccc8)c7-c7ccccc7)cc6)cc5)c(-c5ccccc5)c4-c4ccccc4)cc3C2=O)cc1,air,5,10,563
CO/C=C(/OC)c1cccs1,air,10,1,150
CCCCOC(=O)CCC(=O)O,air,10,5,354
CCOC(=O)CCCCC(=O)O,N2,10,0,250
CCCOC(=O)CCCCC(=O)O,N2,10,0,250
CCOC(=O)c1cccc(C(=O)O)c1,N2,10,10,409
CCCCOC(=O)c1ccc(C(=O)O)cc1,N2,10,10,400
CC(C)(c1ccc(O)cc1)c1ccc(OC(=O)c2ccc(C=O)cc2)cc1,N2,5,10,477
CC(C)(c1ccc(O)cc1)c1ccc(OC(=O)c2ccc(C=O)cc2)cc1,N2,5,30,509
CC(C)(c1ccc(O)cc1)c1ccc(OC(=O)c2ccc(C=O)cc2)cc1,air,5,10,419
CC(C)(c1ccc(O)cc1)c1ccc(OC(=O)c2ccc(C=O)cc2)cc1,air,5,30,456
CC(C)(c1ccc(O)cc1)c1ccc(OC(=O)c2cccc(C=O)c2)cc1,N2,10,10,465
CCOC(=O)c1ccc2cc(C(=O)O)ccc2c1,N2,20,5,421
CCCCOC(=O)CCCCC(=O)O,N2,10,0,250
O=Cc1cccc(C(=O)Oc2ccc(C3(c4ccc(O)cc4)c4ccccc4-c4ccccc43)cc2)c1,N2,10,0,483.5
CCCCC(=O)O,air,10,10,310
C=CCc1ccc(Oc2ccc(C#N)c(C#N)c2)c(OC)c1,N2,10,5,439
C=CCc1ccc(Oc2ccc(C#N)c(C#N)c2)c(OC)c1,N2,10,10,463
N#Cc1ccc(Oc2ccc(N)cc2)cc1C#N,N2,10,5,465
N#Cc1ccc(Oc2ccc(N)cc2)cc1C#N,N2,10,10,527
CC(C)(c1ccc(Oc2ccc(S(=O)(=O)c3ccc(Oc4ccc(C(C)(C)c5ccc(Oc6ccc(C#N)c(C#N)c6)cc5)cc4)cc3)cc2)cc1)c1ccc(Oc2ccc(C#N)c(C#N)c2)cc1,N2,10,5,515
CC(C)(c1ccc(Oc2ccc(S(=O)(=O)c3ccc(Oc4ccc(C(C)(C)c5ccc(Oc6ccc(C#N)c(C#N)c6)cc5)cc4)cc3)cc2)cc1)c1ccc(Oc2ccc(C#N)c(C#N)c2)cc1,air,10,5,515
CC(C)(c1ccc(Oc2ccc(C#N)c(C#N)c2)cc1)c1ccc(Oc2ccc(C#N)c(C#N)c2)cc1,N2,20,5,528.7
CC(C)(c1ccc(Oc2ccc(C#N)c(C#N)c2)cc1)c1ccc(Oc2ccc(C#N)c(C#N)c2)cc1,air,20,5,543.2
N#Cc1ccc(Cc2cccc(Cc3ccc(C#N)c(C#N)c3)c2)cc1C#N,N2,10,1,475.1
N#Cc1ccc(Cc2cccc(Cc3ccc(C#N)c(C#N)c3)c2)cc1C#N,N2,10,5,517.7
N#Cc1ccc(Cc2cccc(Cc3ccc(C#N)c(C#N)c3)c2)cc1C#N,N2,10,10,542.9
N#Cc1ccc(Cc2cccc(Cc3ccc(C#N)c(C#N)c3)c2)cc1C#N,air,10,1,460.7
N#Cc1ccc(Cc2cccc(Cc3ccc(C#N)c(C#N)c3)c2)cc1C#N,air,10,5,513.1
N#Cc1ccc(Cc2cccc(Cc3ccc(C#N)c(C#N)c3)c2)cc1C#N,air,10,10,536.5
CC(C)(c1ccc(Oc2ccc(P(=O)(c3ccccc3)c3ccc(Oc4ccc(C(C)(C)c5cccc(Oc6ccc(C#N)c(C#N)c6)c5)cc4)cc3)cc2)cc1)c1ccc(Oc2ccc(C#N)c(C#N)c2)cc1,air,10,5,495
CC(C)(c1ccc(Oc2ccc(P(=O)(c3ccccc3)c3ccc(Oc4ccc(C(C)(C)c5cccc(Oc6ccc(C#N)c(C#N)c6)c5)cc4)cc3)cc2)cc1)c1ccc(Oc2ccc(C#N)c(C#N)c2)cc1,air,10,1,325
N#Cc1ccc(N2COc3ccccc3C2)cc1C#N,N2,10,5,441
N#Cc1ccc(N2COc3ccccc3C2)cc1C#N,N2,10,10,523
N#Cc1ccc(Oc2cccc(OP(=O)(Oc3ccccc3)Oc3cccc(Oc4ccc(C#N)c(C#N)c4)c3)c2)cc1C#N,N2,10,5,505
N#Cc1ccc(Oc2ccc(-c3ccc(Oc4cccc(Oc5ccc(-c6ccc(Oc7cccc(Oc8ccc(-c9ccc(Oc%10ccc(C#N)c(C#N)c%10)cc9)cc8)c7C#N)cc6)cc5)c4C#N)cc3)cc2)cc1C#N,N2,20,5,565.6
N#Cc1ccc(Oc2ccc(-c3ccc(Oc4cccc(Oc5ccc(-c6ccc(Oc7cccc(Oc8ccc(-c9ccc(Oc%10ccc(C#N)c(C#N)c%10)cc9)cc8)c7C#N)cc6)cc5)c4C#N)cc3)cc2)cc1C#N,air,20,5,570.1
N#Cc1ccc(Oc2ccc(C(=O)O)cc2)cc1C#N,N2,10,5,451.8
N#Cc1ccc(Oc2ccc(C(=O)O)cc2)cc1C#N,air,10,5,423.3
N#Cc1ccc(Oc2ccc(-c3nn(-c4ccc(C#N)c(C#N)c4)c(=O)c4ccccc34)cc2)cc1C#N,N2,20,5,514
N#Cc1ccc(Oc2ccc(-c3nn(-c4ccc(C#N)c(C#N)c4)c(=O)c4ccccc34)cc2)cc1C#N,N2,20,10,561
N#Cc1ccc(Oc2ccc(-c3nn(-c4ccc(C#N)c(C#N)c4)c(=O)c4ccccc34)cc2)cc1C#N,air,20,5,522
N#Cc1ccc(Oc2ccc(-c3nn(-c4ccc(C#N)c(C#N)c4)c(=O)c4ccccc34)cc2)cc1C#N,air,20,10,571
N#Cc1ccc([N+](=O)[O-])cc1C#N,N2,10,5,520
